# -*- coding: utf-8 -*-

# Resource object code
#
# Created by: The Resource Compiler for PyQt5 (Qt v5.15.2)
#
# WARNING! All changes made in this file will be lost!

from PyQt5 import QtCore

qt_resource_data = b"\
\x00\x00\x07\xb2\
\x89\
\x50\x4e\x47\x0d\x0a\x1a\x0a\x00\x00\x00\x0d\x49\x48\x44\x52\x00\
\x00\x00\x10\x00\x00\x00\x10\x08\x06\x00\x00\x00\x1f\xf3\xff\x61\
\x00\x00\x00\x09\x70\x48\x59\x73\x00\x00\x0b\x13\x00\x00\x0b\x13\
\x01\x00\x9a\x9c\x18\x00\x00\x05\xf1\x69\x54\x58\x74\x58\x4d\x4c\
\x3a\x63\x6f\x6d\x2e\x61\x64\x6f\x62\x65\x2e\x78\x6d\x70\x00\x00\
\x00\x00\x00\x3c\x3f\x78\x70\x61\x63\x6b\x65\x74\x20\x62\x65\x67\
\x69\x6e\x3d\x22\xef\xbb\xbf\x22\x20\x69\x64\x3d\x22\x57\x35\x4d\
\x30\x4d\x70\x43\x65\x68\x69\x48\x7a\x72\x65\x53\x7a\x4e\x54\x63\
\x7a\x6b\x63\x39\x64\x22\x3f\x3e\x20\x3c\x78\x3a\x78\x6d\x70\x6d\
\x65\x74\x61\x20\x78\x6d\x6c\x6e\x73\x3a\x78\x3d\x22\x61\x64\x6f\
\x62\x65\x3a\x6e\x73\x3a\x6d\x65\x74\x61\x2f\x22\x20\x78\x3a\x78\
\x6d\x70\x74\x6b\x3d\x22\x41\x64\x6f\x62\x65\x20\x58\x4d\x50\x20\
\x43\x6f\x72\x65\x20\x35\x2e\x36\x2d\x63\x31\x34\x38\x20\x37\x39\
\x2e\x31\x36\x34\x30\x33\x36\x2c\x20\x32\x30\x31\x39\x2f\x30\x38\
\x2f\x31\x33\x2d\x30\x31\x3a\x30\x36\x3a\x35\x37\x20\x20\x20\x20\
\x20\x20\x20\x20\x22\x3e\x20\x3c\x72\x64\x66\x3a\x52\x44\x46\x20\
\x78\x6d\x6c\x6e\x73\x3a\x72\x64\x66\x3d\x22\x68\x74\x74\x70\x3a\
\x2f\x2f\x77\x77\x77\x2e\x77\x33\x2e\x6f\x72\x67\x2f\x31\x39\x39\
\x39\x2f\x30\x32\x2f\x32\x32\x2d\x72\x64\x66\x2d\x73\x79\x6e\x74\
\x61\x78\x2d\x6e\x73\x23\x22\x3e\x20\x3c\x72\x64\x66\x3a\x44\x65\
\x73\x63\x72\x69\x70\x74\x69\x6f\x6e\x20\x72\x64\x66\x3a\x61\x62\
\x6f\x75\x74\x3d\x22\x22\x20\x78\x6d\x6c\x6e\x73\x3a\x78\x6d\x70\
\x3d\x22\x68\x74\x74\x70\x3a\x2f\x2f\x6e\x73\x2e\x61\x64\x6f\x62\
\x65\x2e\x63\x6f\x6d\x2f\x78\x61\x70\x2f\x31\x2e\x30\x2f\x22\x20\
\x78\x6d\x6c\x6e\x73\x3a\x64\x63\x3d\x22\x68\x74\x74\x70\x3a\x2f\
\x2f\x70\x75\x72\x6c\x2e\x6f\x72\x67\x2f\x64\x63\x2f\x65\x6c\x65\
\x6d\x65\x6e\x74\x73\x2f\x31\x2e\x31\x2f\x22\x20\x78\x6d\x6c\x6e\
\x73\x3a\x70\x68\x6f\x74\x6f\x73\x68\x6f\x70\x3d\x22\x68\x74\x74\
\x70\x3a\x2f\x2f\x6e\x73\x2e\x61\x64\x6f\x62\x65\x2e\x63\x6f\x6d\
\x2f\x70\x68\x6f\x74\x6f\x73\x68\x6f\x70\x2f\x31\x2e\x30\x2f\x22\
\x20\x78\x6d\x6c\x6e\x73\x3a\x78\x6d\x70\x4d\x4d\x3d\x22\x68\x74\
\x74\x70\x3a\x2f\x2f\x6e\x73\x2e\x61\x64\x6f\x62\x65\x2e\x63\x6f\
\x6d\x2f\x78\x61\x70\x2f\x31\x2e\x30\x2f\x6d\x6d\x2f\x22\x20\x78\
\x6d\x6c\x6e\x73\x3a\x73\x74\x45\x76\x74\x3d\x22\x68\x74\x74\x70\
\x3a\x2f\x2f\x6e\x73\x2e\x61\x64\x6f\x62\x65\x2e\x63\x6f\x6d\x2f\
\x78\x61\x70\x2f\x31\x2e\x30\x2f\x73\x54\x79\x70\x65\x2f\x52\x65\
\x73\x6f\x75\x72\x63\x65\x45\x76\x65\x6e\x74\x23\x22\x20\x78\x6d\
\x70\x3a\x43\x72\x65\x61\x74\x6f\x72\x54\x6f\x6f\x6c\x3d\x22\x41\
\x64\x6f\x62\x65\x20\x50\x68\x6f\x74\x6f\x73\x68\x6f\x70\x20\x32\
\x31\x2e\x30\x20\x28\x57\x69\x6e\x64\x6f\x77\x73\x29\x22\x20\x78\
\x6d\x70\x3a\x43\x72\x65\x61\x74\x65\x44\x61\x74\x65\x3d\x22\x32\
\x30\x32\x30\x2d\x30\x33\x2d\x30\x33\x54\x30\x39\x3a\x35\x30\x3a\
\x34\x31\x2d\x30\x33\x3a\x30\x30\x22\x20\x78\x6d\x70\x3a\x4d\x6f\
\x64\x69\x66\x79\x44\x61\x74\x65\x3d\x22\x32\x30\x32\x30\x2d\x30\
\x35\x2d\x30\x32\x54\x31\x37\x3a\x35\x39\x3a\x33\x36\x2d\x30\x33\
\x3a\x30\x30\x22\x20\x78\x6d\x70\x3a\x4d\x65\x74\x61\x64\x61\x74\
\x61\x44\x61\x74\x65\x3d\x22\x32\x30\x32\x30\x2d\x30\x35\x2d\x30\
\x32\x54\x31\x37\x3a\x35\x39\x3a\x33\x36\x2d\x30\x33\x3a\x30\x30\
\x22\x20\x64\x63\x3a\x66\x6f\x72\x6d\x61\x74\x3d\x22\x69\x6d\x61\
\x67\x65\x2f\x70\x6e\x67\x22\x20\x70\x68\x6f\x74\x6f\x73\x68\x6f\
\x70\x3a\x43\x6f\x6c\x6f\x72\x4d\x6f\x64\x65\x3d\x22\x33\x22\x20\
\x70\x68\x6f\x74\x6f\x73\x68\x6f\x70\x3a\x49\x43\x43\x50\x72\x6f\
\x66\x69\x6c\x65\x3d\x22\x73\x52\x47\x42\x20\x49\x45\x43\x36\x31\
\x39\x36\x36\x2d\x32\x2e\x31\x22\x20\x78\x6d\x70\x4d\x4d\x3a\x49\
\x6e\x73\x74\x61\x6e\x63\x65\x49\x44\x3d\x22\x78\x6d\x70\x2e\x69\
\x69\x64\x3a\x33\x61\x66\x34\x61\x36\x35\x35\x2d\x35\x61\x61\x34\
\x2d\x35\x37\x34\x36\x2d\x39\x34\x33\x37\x2d\x62\x33\x61\x37\x37\
\x64\x33\x38\x63\x32\x36\x64\x22\x20\x78\x6d\x70\x4d\x4d\x3a\x44\
\x6f\x63\x75\x6d\x65\x6e\x74\x49\x44\x3d\x22\x61\x64\x6f\x62\x65\
\x3a\x64\x6f\x63\x69\x64\x3a\x70\x68\x6f\x74\x6f\x73\x68\x6f\x70\
\x3a\x35\x30\x34\x66\x35\x65\x36\x61\x2d\x65\x39\x34\x31\x2d\x62\
\x61\x34\x61\x2d\x61\x38\x37\x35\x2d\x33\x62\x63\x36\x33\x39\x32\
\x34\x64\x66\x32\x62\x22\x20\x78\x6d\x70\x4d\x4d\x3a\x4f\x72\x69\
\x67\x69\x6e\x61\x6c\x44\x6f\x63\x75\x6d\x65\x6e\x74\x49\x44\x3d\
\x22\x78\x6d\x70\x2e\x64\x69\x64\x3a\x39\x33\x35\x35\x32\x33\x63\
\x62\x2d\x30\x35\x65\x63\x2d\x66\x35\x34\x63\x2d\x38\x61\x33\x63\
\x2d\x35\x64\x63\x61\x65\x65\x66\x65\x66\x61\x36\x62\x22\x3e\x20\
\x3c\x78\x6d\x70\x4d\x4d\x3a\x48\x69\x73\x74\x6f\x72\x79\x3e\x20\
\x3c\x72\x64\x66\x3a\x53\x65\x71\x3e\x20\x3c\x72\x64\x66\x3a\x6c\
\x69\x20\x73\x74\x45\x76\x74\x3a\x61\x63\x74\x69\x6f\x6e\x3d\x22\
\x63\x72\x65\x61\x74\x65\x64\x22\x20\x73\x74\x45\x76\x74\x3a\x69\
\x6e\x73\x74\x61\x6e\x63\x65\x49\x44\x3d\x22\x78\x6d\x70\x2e\x69\
\x69\x64\x3a\x39\x33\x35\x35\x32\x33\x63\x62\x2d\x30\x35\x65\x63\
\x2d\x66\x35\x34\x63\x2d\x38\x61\x33\x63\x2d\x35\x64\x63\x61\x65\
\x65\x66\x65\x66\x61\x36\x62\x22\x20\x73\x74\x45\x76\x74\x3a\x77\
\x68\x65\x6e\x3d\x22\x32\x30\x32\x30\x2d\x30\x33\x2d\x30\x33\x54\
\x30\x39\x3a\x35\x30\x3a\x34\x31\x2d\x30\x33\x3a\x30\x30\x22\x20\
\x73\x74\x45\x76\x74\x3a\x73\x6f\x66\x74\x77\x61\x72\x65\x41\x67\
\x65\x6e\x74\x3d\x22\x41\x64\x6f\x62\x65\x20\x50\x68\x6f\x74\x6f\
\x73\x68\x6f\x70\x20\x32\x31\x2e\x30\x20\x28\x57\x69\x6e\x64\x6f\
\x77\x73\x29\x22\x2f\x3e\x20\x3c\x72\x64\x66\x3a\x6c\x69\x20\x73\
\x74\x45\x76\x74\x3a\x61\x63\x74\x69\x6f\x6e\x3d\x22\x73\x61\x76\
\x65\x64\x22\x20\x73\x74\x45\x76\x74\x3a\x69\x6e\x73\x74\x61\x6e\
\x63\x65\x49\x44\x3d\x22\x78\x6d\x70\x2e\x69\x69\x64\x3a\x33\x61\
\x66\x34\x61\x36\x35\x35\x2d\x35\x61\x61\x34\x2d\x35\x37\x34\x36\
\x2d\x39\x34\x33\x37\x2d\x62\x33\x61\x37\x37\x64\x33\x38\x63\x32\
\x36\x64\x22\x20\x73\x74\x45\x76\x74\x3a\x77\x68\x65\x6e\x3d\x22\
\x32\x30\x32\x30\x2d\x30\x35\x2d\x30\x32\x54\x31\x37\x3a\x35\x39\
\x3a\x33\x36\x2d\x30\x33\x3a\x30\x30\x22\x20\x73\x74\x45\x76\x74\
\x3a\x73\x6f\x66\x74\x77\x61\x72\x65\x41\x67\x65\x6e\x74\x3d\x22\
\x41\x64\x6f\x62\x65\x20\x50\x68\x6f\x74\x6f\x73\x68\x6f\x70\x20\
\x32\x31\x2e\x30\x20\x28\x57\x69\x6e\x64\x6f\x77\x73\x29\x22\x20\
\x73\x74\x45\x76\x74\x3a\x63\x68\x61\x6e\x67\x65\x64\x3d\x22\x2f\
\x22\x2f\x3e\x20\x3c\x2f\x72\x64\x66\x3a\x53\x65\x71\x3e\x20\x3c\
\x2f\x78\x6d\x70\x4d\x4d\x3a\x48\x69\x73\x74\x6f\x72\x79\x3e\x20\
\x3c\x2f\x72\x64\x66\x3a\x44\x65\x73\x63\x72\x69\x70\x74\x69\x6f\
\x6e\x3e\x20\x3c\x2f\x72\x64\x66\x3a\x52\x44\x46\x3e\x20\x3c\x2f\
\x78\x3a\x78\x6d\x70\x6d\x65\x74\x61\x3e\x20\x3c\x3f\x78\x70\x61\
\x63\x6b\x65\x74\x20\x65\x6e\x64\x3d\x22\x72\x22\x3f\x3e\xe4\xec\
\x9a\xc2\x00\x00\x01\x67\x49\x44\x41\x54\x38\x11\x05\xc1\xbd\x8b\
\xcf\x01\x00\xc0\xe1\xcf\xf7\x1c\x83\xcb\x7b\x0c\xfc\x03\x5e\x27\
\x26\x59\x94\xc1\xa6\x13\x29\xdd\x4a\x37\xd8\x0c\x42\x8a\x28\x25\
\x65\xe0\x6e\x20\xa5\xc4\xc0\xdd\xc9\xa2\x64\xa6\xe4\x4e\xf8\x91\
\xab\x5b\x30\x3c\xd8\xfc\x09\x9e\x27\x84\x30\x60\x40\xd8\x80\x59\
\xbc\xc4\x3d\xac\x47\x18\x30\x20\x84\x42\x08\x61\x15\xc2\x51\xfc\
\xc1\x19\xfc\xc5\x11\x84\x55\x08\x21\x14\xc2\x04\xb6\x22\x4c\xe1\
\x37\x6e\x22\xdc\x02\x9c\x46\xd8\x86\xb5\x08\x85\xf0\x08\x3f\xb1\
\x84\x11\x4e\x63\x02\x61\x02\x53\xf8\x8a\x25\xfc\xc2\x43\x84\x21\
\x9c\xc2\x27\x1c\xc4\x79\x6c\x45\x08\xab\x11\xc2\x36\x9c\xc7\x41\
\x7c\xc6\x09\x14\x2e\xe1\x07\x36\x21\x84\x7d\x78\x83\x11\x5e\x63\
\x0f\x42\xd8\x82\x9f\xb8\x80\x42\x78\x86\x79\x84\xf5\xf8\x88\xbb\
\xd8\x8b\x59\x2c\x62\x02\xe1\x05\x9e\x22\x0c\x21\xdc\xc0\x0c\xc2\
\x49\x7c\x40\x08\x61\x11\x93\x08\xb3\xb8\x8a\x30\x16\xc2\x35\x3c\
\x46\x38\x8c\x65\xac\x43\xd8\x88\x65\x1c\x42\x78\x82\x2b\x08\x63\
\x61\x07\x16\x71\x1b\x21\x3c\xc6\x08\xd7\x31\xc2\x7d\x84\x70\x07\
\xef\xb1\x1d\x85\xdb\xf8\x86\x10\xc2\x6a\x9c\xc3\x03\x4c\x63\x40\
\x08\xe1\x3b\x6e\xa1\xb0\x1b\x23\xcc\xe0\x1d\x8e\x21\x84\x10\xc2\
\x24\xde\x62\x06\x5f\xb0\x13\x85\x30\x8d\x39\x5c\xc6\x0a\xe6\xb1\
\x1f\xe1\x00\x16\xb0\x82\xcb\x98\xc3\x59\x84\xb1\x10\x42\x08\x9b\
\xf1\x1a\xcf\x11\x16\xf0\x0a\x1b\x11\x42\x08\x85\x30\x60\xc0\x1a\
\x84\x3d\xf8\x87\x79\xfc\xc3\x2e\x84\x35\x18\x30\x20\x14\x42\x08\
\x21\x8c\xe3\x38\x2e\x62\x12\xe3\x08\x21\x84\xd0\x7f\x0e\x0a\xf7\
\x28\x5a\x0b\xf5\xbb\x00\x00\x00\x00\x49\x45\x4e\x44\xae\x42\x60\
\x82\
\x00\x00\x01\x42\
\x89\
\x50\x4e\x47\x0d\x0a\x1a\x0a\x00\x00\x00\x0d\x49\x48\x44\x52\x00\
\x00\x00\x14\x00\x00\x00\x14\x08\x06\x00\x00\x00\x8d\x89\x1d\x0d\
\x00\x00\x00\x09\x70\x48\x59\x73\x00\x00\x01\x90\x00\x00\x01\x90\
\x01\x21\xf7\xeb\x7e\x00\x00\x00\x19\x74\x45\x58\x74\x53\x6f\x66\
\x74\x77\x61\x72\x65\x00\x77\x77\x77\x2e\x69\x6e\x6b\x73\x63\x61\
\x70\x65\x2e\x6f\x72\x67\x9b\xee\x3c\x1a\x00\x00\x00\xcf\x49\x44\
\x41\x54\x38\x8d\xed\x92\x3f\x4e\x02\x41\x18\x47\xdf\x67\x08\xd8\
\x4a\x2c\x39\x83\xb1\x30\xb1\x5b\xb8\x00\x37\xa0\xe0\x20\x1c\x83\
\xc4\x73\x78\x05\x7a\x8d\x9e\x81\x82\x0e\xa8\xe4\x4f\x42\x1e\x85\
\x6c\xb2\x31\x33\xec\x06\xb5\xe3\x25\xd3\xcc\x6f\xe7\xcd\x6f\xf3\
\x0d\x5c\xf9\x57\xd4\x81\x3a\x37\xcd\x4a\x1d\xff\x3c\x13\x35\xc2\
\x19\xf0\x09\xbc\x26\xe2\x07\x60\x12\x11\xdd\xea\x66\x2b\x23\x7a\
\x04\xee\x81\x1e\xf0\x51\x89\xbe\x80\xb7\x88\xd8\xa9\x7b\xe0\xee\
\x5c\xa1\x52\xf6\x92\xf9\xc5\x92\x77\xb5\xa3\x16\xaa\x4d\x84\x5b\
\xb5\x9f\xc9\x42\x3d\xa8\xcf\x39\xe1\x4d\xe2\x5c\x07\x48\xde\x1c\
\x11\xe5\xfe\x6d\xae\x50\x4a\xf8\x2b\x92\x43\x69\xc0\x90\xef\x32\
\xf3\xbf\x14\x2e\x80\x51\xed\x97\xa7\x49\x16\x67\xf2\x43\x6e\x68\
\x90\x6e\xb8\x06\x9e\xd4\x76\x22\x8b\xd3\x5a\xd5\x36\xab\x34\x18\
\xab\xcb\xcc\x1b\xdc\xa8\xd3\xc6\xb2\x2b\x17\x71\x04\x10\x2f\xb4\
\x7e\xc9\x0a\x4a\xbb\x00\x00\x00\x00\x49\x45\x4e\x44\xae\x42\x60\
\x82\
\x00\x00\x01\x82\
\x89\
\x50\x4e\x47\x0d\x0a\x1a\x0a\x00\x00\x00\x0d\x49\x48\x44\x52\x00\
\x00\x00\x14\x00\x00\x00\x14\x08\x06\x00\x00\x00\x8d\x89\x1d\x0d\
\x00\x00\x00\x09\x70\x48\x59\x73\x00\x00\x01\x90\x00\x00\x01\x90\
\x01\x21\xf7\xeb\x7e\x00\x00\x00\x19\x74\x45\x58\x74\x53\x6f\x66\
\x74\x77\x61\x72\x65\x00\x77\x77\x77\x2e\x69\x6e\x6b\x73\x63\x61\
\x70\x65\x2e\x6f\x72\x67\x9b\xee\x3c\x1a\x00\x00\x01\x0f\x49\x44\
\x41\x54\x38\x8d\xd5\x93\xbf\x6d\xc2\x50\x10\x87\xcf\xc8\x45\x06\
\x00\xa4\xcc\x40\x0f\x03\x20\x21\x06\x48\x68\xb3\x00\x4b\xd0\x00\
\x0d\x42\xac\x40\x09\x95\x89\x22\xb1\x04\x08\x29\x19\x21\x31\x4b\
\x80\xbf\x14\x7e\x86\xe3\xe9\xfc\x07\x3a\x7e\xd5\x7b\x77\xe7\xef\
\xee\x67\x9f\x45\x9e\x5e\xc0\x10\xd8\x03\x07\xa0\xf7\x28\xa4\xa3\
\xce\x1b\xae\x9a\xb8\x58\x08\x0c\xaa\xc2\x16\x40\x02\xac\x81\x4f\
\x6e\x95\x00\x5b\xe0\xc7\xdd\xe7\x65\xb0\x01\xf7\x29\x01\xda\x45\
\xc0\x50\x75\xaf\xa2\x95\xcf\x08\xf5\x25\x08\x82\x13\xf0\x2b\x22\
\x2d\x15\x8e\x45\x64\xe9\xce\x1f\x22\xf2\xaa\x72\x2f\x45\xd3\xf5\
\x81\x89\xb3\x91\xe9\x0f\xa8\xab\x9a\x06\x10\x7b\x53\x46\xc0\xd0\
\x02\x1e\x0c\x4b\x63\xa3\x6e\x6a\xd4\xed\xb2\x7c\x4d\xd5\x9e\x8d\
\xc1\x83\x87\x63\xa4\x0b\x1c\x79\x9d\x63\xa0\xa1\x6a\x9a\xc0\x51\
\xe5\xcf\xc0\x08\xe8\x1a\x4d\x2e\x0f\xf9\xbb\x17\x3b\x9b\x53\x0f\
\x06\xf0\x95\x0b\x52\xc0\xb5\xf1\x8e\xf2\xf4\x0d\x84\x45\xb0\x0e\
\xb7\x5f\xb9\x8a\xde\xca\x26\x9c\xab\xee\x5b\xa3\x41\xe4\x5c\x24\
\xc0\xac\xd4\xb2\x83\xbe\x67\x56\x48\x77\xf3\x02\x53\x35\xf9\xbf\
\x5c\x09\xbc\x47\xba\xa3\x3b\xac\x05\x7e\x3a\xfd\x03\x1b\x2c\x47\
\x12\x01\x49\x5f\xcd\x00\x00\x00\x00\x49\x45\x4e\x44\xae\x42\x60\
\x82\
\x00\x00\x07\x1d\
\x89\
\x50\x4e\x47\x0d\x0a\x1a\x0a\x00\x00\x00\x0d\x49\x48\x44\x52\x00\
\x00\x00\x10\x00\x00\x00\x10\x08\x06\x00\x00\x00\x1f\xf3\xff\x61\
\x00\x00\x00\x09\x70\x48\x59\x73\x00\x00\x0b\x13\x00\x00\x0b\x13\
\x01\x00\x9a\x9c\x18\x00\x00\x05\xf1\x69\x54\x58\x74\x58\x4d\x4c\
\x3a\x63\x6f\x6d\x2e\x61\x64\x6f\x62\x65\x2e\x78\x6d\x70\x00\x00\
\x00\x00\x00\x3c\x3f\x78\x70\x61\x63\x6b\x65\x74\x20\x62\x65\x67\
\x69\x6e\x3d\x22\xef\xbb\xbf\x22\x20\x69\x64\x3d\x22\x57\x35\x4d\
\x30\x4d\x70\x43\x65\x68\x69\x48\x7a\x72\x65\x53\x7a\x4e\x54\x63\
\x7a\x6b\x63\x39\x64\x22\x3f\x3e\x20\x3c\x78\x3a\x78\x6d\x70\x6d\
\x65\x74\x61\x20\x78\x6d\x6c\x6e\x73\x3a\x78\x3d\x22\x61\x64\x6f\
\x62\x65\x3a\x6e\x73\x3a\x6d\x65\x74\x61\x2f\x22\x20\x78\x3a\x78\
\x6d\x70\x74\x6b\x3d\x22\x41\x64\x6f\x62\x65\x20\x58\x4d\x50\x20\
\x43\x6f\x72\x65\x20\x35\x2e\x36\x2d\x63\x31\x34\x38\x20\x37\x39\
\x2e\x31\x36\x34\x30\x33\x36\x2c\x20\x32\x30\x31\x39\x2f\x30\x38\
\x2f\x31\x33\x2d\x30\x31\x3a\x30\x36\x3a\x35\x37\x20\x20\x20\x20\
\x20\x20\x20\x20\x22\x3e\x20\x3c\x72\x64\x66\x3a\x52\x44\x46\x20\
\x78\x6d\x6c\x6e\x73\x3a\x72\x64\x66\x3d\x22\x68\x74\x74\x70\x3a\
\x2f\x2f\x77\x77\x77\x2e\x77\x33\x2e\x6f\x72\x67\x2f\x31\x39\x39\
\x39\x2f\x30\x32\x2f\x32\x32\x2d\x72\x64\x66\x2d\x73\x79\x6e\x74\
\x61\x78\x2d\x6e\x73\x23\x22\x3e\x20\x3c\x72\x64\x66\x3a\x44\x65\
\x73\x63\x72\x69\x70\x74\x69\x6f\x6e\x20\x72\x64\x66\x3a\x61\x62\
\x6f\x75\x74\x3d\x22\x22\x20\x78\x6d\x6c\x6e\x73\x3a\x78\x6d\x70\
\x3d\x22\x68\x74\x74\x70\x3a\x2f\x2f\x6e\x73\x2e\x61\x64\x6f\x62\
\x65\x2e\x63\x6f\x6d\x2f\x78\x61\x70\x2f\x31\x2e\x30\x2f\x22\x20\
\x78\x6d\x6c\x6e\x73\x3a\x64\x63\x3d\x22\x68\x74\x74\x70\x3a\x2f\
\x2f\x70\x75\x72\x6c\x2e\x6f\x72\x67\x2f\x64\x63\x2f\x65\x6c\x65\
\x6d\x65\x6e\x74\x73\x2f\x31\x2e\x31\x2f\x22\x20\x78\x6d\x6c\x6e\
\x73\x3a\x70\x68\x6f\x74\x6f\x73\x68\x6f\x70\x3d\x22\x68\x74\x74\
\x70\x3a\x2f\x2f\x6e\x73\x2e\x61\x64\x6f\x62\x65\x2e\x63\x6f\x6d\
\x2f\x70\x68\x6f\x74\x6f\x73\x68\x6f\x70\x2f\x31\x2e\x30\x2f\x22\
\x20\x78\x6d\x6c\x6e\x73\x3a\x78\x6d\x70\x4d\x4d\x3d\x22\x68\x74\
\x74\x70\x3a\x2f\x2f\x6e\x73\x2e\x61\x64\x6f\x62\x65\x2e\x63\x6f\
\x6d\x2f\x78\x61\x70\x2f\x31\x2e\x30\x2f\x6d\x6d\x2f\x22\x20\x78\
\x6d\x6c\x6e\x73\x3a\x73\x74\x45\x76\x74\x3d\x22\x68\x74\x74\x70\
\x3a\x2f\x2f\x6e\x73\x2e\x61\x64\x6f\x62\x65\x2e\x63\x6f\x6d\x2f\
\x78\x61\x70\x2f\x31\x2e\x30\x2f\x73\x54\x79\x70\x65\x2f\x52\x65\
\x73\x6f\x75\x72\x63\x65\x45\x76\x65\x6e\x74\x23\x22\x20\x78\x6d\
\x70\x3a\x43\x72\x65\x61\x74\x6f\x72\x54\x6f\x6f\x6c\x3d\x22\x41\
\x64\x6f\x62\x65\x20\x50\x68\x6f\x74\x6f\x73\x68\x6f\x70\x20\x32\
\x31\x2e\x30\x20\x28\x57\x69\x6e\x64\x6f\x77\x73\x29\x22\x20\x78\
\x6d\x70\x3a\x43\x72\x65\x61\x74\x65\x44\x61\x74\x65\x3d\x22\x32\
\x30\x32\x30\x2d\x30\x33\x2d\x30\x33\x54\x30\x39\x3a\x35\x30\x3a\
\x33\x39\x2d\x30\x33\x3a\x30\x30\x22\x20\x78\x6d\x70\x3a\x4d\x6f\
\x64\x69\x66\x79\x44\x61\x74\x65\x3d\x22\x32\x30\x32\x30\x2d\x30\
\x35\x2d\x30\x37\x54\x31\x39\x3a\x30\x30\x3a\x35\x39\x2d\x30\x33\
\x3a\x30\x30\x22\x20\x78\x6d\x70\x3a\x4d\x65\x74\x61\x64\x61\x74\
\x61\x44\x61\x74\x65\x3d\x22\x32\x30\x32\x30\x2d\x30\x35\x2d\x30\
\x37\x54\x31\x39\x3a\x30\x30\x3a\x35\x39\x2d\x30\x33\x3a\x30\x30\
\x22\x20\x64\x63\x3a\x66\x6f\x72\x6d\x61\x74\x3d\x22\x69\x6d\x61\
\x67\x65\x2f\x70\x6e\x67\x22\x20\x70\x68\x6f\x74\x6f\x73\x68\x6f\
\x70\x3a\x43\x6f\x6c\x6f\x72\x4d\x6f\x64\x65\x3d\x22\x33\x22\x20\
\x70\x68\x6f\x74\x6f\x73\x68\x6f\x70\x3a\x49\x43\x43\x50\x72\x6f\
\x66\x69\x6c\x65\x3d\x22\x73\x52\x47\x42\x20\x49\x45\x43\x36\x31\
\x39\x36\x36\x2d\x32\x2e\x31\x22\x20\x78\x6d\x70\x4d\x4d\x3a\x49\
\x6e\x73\x74\x61\x6e\x63\x65\x49\x44\x3d\x22\x78\x6d\x70\x2e\x69\
\x69\x64\x3a\x36\x32\x39\x63\x36\x66\x39\x37\x2d\x65\x66\x65\x66\
\x2d\x30\x37\x34\x33\x2d\x62\x66\x37\x38\x2d\x66\x61\x66\x30\x30\
\x31\x31\x36\x31\x39\x31\x33\x22\x20\x78\x6d\x70\x4d\x4d\x3a\x44\
\x6f\x63\x75\x6d\x65\x6e\x74\x49\x44\x3d\x22\x61\x64\x6f\x62\x65\
\x3a\x64\x6f\x63\x69\x64\x3a\x70\x68\x6f\x74\x6f\x73\x68\x6f\x70\
\x3a\x33\x33\x33\x63\x37\x38\x31\x39\x2d\x61\x64\x39\x30\x2d\x39\
\x38\x34\x36\x2d\x39\x31\x64\x65\x2d\x63\x61\x62\x36\x61\x62\x66\
\x32\x65\x62\x61\x62\x22\x20\x78\x6d\x70\x4d\x4d\x3a\x4f\x72\x69\
\x67\x69\x6e\x61\x6c\x44\x6f\x63\x75\x6d\x65\x6e\x74\x49\x44\x3d\
\x22\x78\x6d\x70\x2e\x64\x69\x64\x3a\x61\x33\x38\x38\x32\x39\x37\
\x33\x2d\x31\x65\x31\x64\x2d\x61\x30\x34\x35\x2d\x38\x38\x63\x37\
\x2d\x35\x65\x37\x35\x35\x37\x30\x38\x66\x64\x36\x34\x22\x3e\x20\
\x3c\x78\x6d\x70\x4d\x4d\x3a\x48\x69\x73\x74\x6f\x72\x79\x3e\x20\
\x3c\x72\x64\x66\x3a\x53\x65\x71\x3e\x20\x3c\x72\x64\x66\x3a\x6c\
\x69\x20\x73\x74\x45\x76\x74\x3a\x61\x63\x74\x69\x6f\x6e\x3d\x22\
\x63\x72\x65\x61\x74\x65\x64\x22\x20\x73\x74\x45\x76\x74\x3a\x69\
\x6e\x73\x74\x61\x6e\x63\x65\x49\x44\x3d\x22\x78\x6d\x70\x2e\x69\
\x69\x64\x3a\x61\x33\x38\x38\x32\x39\x37\x33\x2d\x31\x65\x31\x64\
\x2d\x61\x30\x34\x35\x2d\x38\x38\x63\x37\x2d\x35\x65\x37\x35\x35\
\x37\x30\x38\x66\x64\x36\x34\x22\x20\x73\x74\x45\x76\x74\x3a\x77\
\x68\x65\x6e\x3d\x22\x32\x30\x32\x30\x2d\x30\x33\x2d\x30\x33\x54\
\x30\x39\x3a\x35\x30\x3a\x33\x39\x2d\x30\x33\x3a\x30\x30\x22\x20\
\x73\x74\x45\x76\x74\x3a\x73\x6f\x66\x74\x77\x61\x72\x65\x41\x67\
\x65\x6e\x74\x3d\x22\x41\x64\x6f\x62\x65\x20\x50\x68\x6f\x74\x6f\
\x73\x68\x6f\x70\x20\x32\x31\x2e\x30\x20\x28\x57\x69\x6e\x64\x6f\
\x77\x73\x29\x22\x2f\x3e\x20\x3c\x72\x64\x66\x3a\x6c\x69\x20\x73\
\x74\x45\x76\x74\x3a\x61\x63\x74\x69\x6f\x6e\x3d\x22\x73\x61\x76\
\x65\x64\x22\x20\x73\x74\x45\x76\x74\x3a\x69\x6e\x73\x74\x61\x6e\
\x63\x65\x49\x44\x3d\x22\x78\x6d\x70\x2e\x69\x69\x64\x3a\x36\x32\
\x39\x63\x36\x66\x39\x37\x2d\x65\x66\x65\x66\x2d\x30\x37\x34\x33\
\x2d\x62\x66\x37\x38\x2d\x66\x61\x66\x30\x30\x31\x31\x36\x31\x39\
\x31\x33\x22\x20\x73\x74\x45\x76\x74\x3a\x77\x68\x65\x6e\x3d\x22\
\x32\x30\x32\x30\x2d\x30\x35\x2d\x30\x37\x54\x31\x39\x3a\x30\x30\
\x3a\x35\x39\x2d\x30\x33\x3a\x30\x30\x22\x20\x73\x74\x45\x76\x74\
\x3a\x73\x6f\x66\x74\x77\x61\x72\x65\x41\x67\x65\x6e\x74\x3d\x22\
\x41\x64\x6f\x62\x65\x20\x50\x68\x6f\x74\x6f\x73\x68\x6f\x70\x20\
\x32\x31\x2e\x30\x20\x28\x57\x69\x6e\x64\x6f\x77\x73\x29\x22\x20\
\x73\x74\x45\x76\x74\x3a\x63\x68\x61\x6e\x67\x65\x64\x3d\x22\x2f\
\x22\x2f\x3e\x20\x3c\x2f\x72\x64\x66\x3a\x53\x65\x71\x3e\x20\x3c\
\x2f\x78\x6d\x70\x4d\x4d\x3a\x48\x69\x73\x74\x6f\x72\x79\x3e\x20\
\x3c\x2f\x72\x64\x66\x3a\x44\x65\x73\x63\x72\x69\x70\x74\x69\x6f\
\x6e\x3e\x20\x3c\x2f\x72\x64\x66\x3a\x52\x44\x46\x3e\x20\x3c\x2f\
\x78\x3a\x78\x6d\x70\x6d\x65\x74\x61\x3e\x20\x3c\x3f\x78\x70\x61\
\x63\x6b\x65\x74\x20\x65\x6e\x64\x3d\x22\x72\x22\x3f\x3e\xac\x72\
\xe7\xb6\x00\x00\x00\xd2\x49\x44\x41\x54\x38\x8d\xc5\xd3\x31\x4a\
\x04\x31\x14\x87\xf1\x5f\x66\x23\x2e\x82\xde\xc4\x52\x0f\xb0\xae\
\x27\xf0\x06\xb6\x36\xde\x44\xef\x60\x63\xad\x9d\x60\x2b\x58\x8f\
\xe0\x5e\xc0\xca\xc6\x7e\xdd\x89\x85\x09\x86\x61\x06\x65\xa7\x30\
\x4d\xf8\x93\x7c\x5f\xde\x7b\x90\x90\x52\x32\x65\x35\x93\x68\xc4\
\xb6\x6d\x1b\x74\x53\x2a\xe8\x30\xdb\x82\x0d\x45\x00\x9b\x2d\x04\
\xa9\x16\xec\xe3\xf8\x8f\xe0\x41\x7d\xb7\x08\xe6\xb8\xc1\xe5\x2f\
\x70\xc0\x2d\x2e\x4a\x8e\x59\xf2\x8e\x33\x3c\xe4\x83\xeb\x0a\xda\
\xc1\x3a\xc3\xf7\x39\x9f\x97\x36\xa2\x9f\x21\xbe\xe0\x04\x8f\x3d\
\xc9\x3a\xef\x77\xd8\xc5\x69\x55\x4d\x8a\x39\x6c\x10\xf1\x5a\x49\
\x02\xae\xaa\x97\xe7\x58\x56\xad\x77\x32\x54\xd6\xe7\x80\xa4\xc1\
\x11\xf6\xb0\xe8\xc3\x7d\x41\x5f\xb2\xc0\x13\x9e\xc7\xe0\x21\x41\
\x91\xcc\xb0\xc2\x21\x3e\xc6\xe0\x31\x01\xdf\x33\x69\xf0\x96\x73\
\x18\x82\x21\xfc\xfb\x6f\xfc\x02\x64\x06\x30\xdc\x02\x2a\xb0\x83\
\x00\x00\x00\x00\x49\x45\x4e\x44\xae\x42\x60\x82\
\x00\x00\x07\x87\
\x89\
\x50\x4e\x47\x0d\x0a\x1a\x0a\x00\x00\x00\x0d\x49\x48\x44\x52\x00\
\x00\x00\x10\x00\x00\x00\x10\x08\x06\x00\x00\x00\x1f\xf3\xff\x61\
\x00\x00\x00\x09\x70\x48\x59\x73\x00\x00\x0b\x13\x00\x00\x0b\x13\
\x01\x00\x9a\x9c\x18\x00\x00\x05\xf1\x69\x54\x58\x74\x58\x4d\x4c\
\x3a\x63\x6f\x6d\x2e\x61\x64\x6f\x62\x65\x2e\x78\x6d\x70\x00\x00\
\x00\x00\x00\x3c\x3f\x78\x70\x61\x63\x6b\x65\x74\x20\x62\x65\x67\
\x69\x6e\x3d\x22\xef\xbb\xbf\x22\x20\x69\x64\x3d\x22\x57\x35\x4d\
\x30\x4d\x70\x43\x65\x68\x69\x48\x7a\x72\x65\x53\x7a\x4e\x54\x63\
\x7a\x6b\x63\x39\x64\x22\x3f\x3e\x20\x3c\x78\x3a\x78\x6d\x70\x6d\
\x65\x74\x61\x20\x78\x6d\x6c\x6e\x73\x3a\x78\x3d\x22\x61\x64\x6f\
\x62\x65\x3a\x6e\x73\x3a\x6d\x65\x74\x61\x2f\x22\x20\x78\x3a\x78\
\x6d\x70\x74\x6b\x3d\x22\x41\x64\x6f\x62\x65\x20\x58\x4d\x50\x20\
\x43\x6f\x72\x65\x20\x35\x2e\x36\x2d\x63\x31\x34\x38\x20\x37\x39\
\x2e\x31\x36\x34\x30\x33\x36\x2c\x20\x32\x30\x31\x39\x2f\x30\x38\
\x2f\x31\x33\x2d\x30\x31\x3a\x30\x36\x3a\x35\x37\x20\x20\x20\x20\
\x20\x20\x20\x20\x22\x3e\x20\x3c\x72\x64\x66\x3a\x52\x44\x46\x20\
\x78\x6d\x6c\x6e\x73\x3a\x72\x64\x66\x3d\x22\x68\x74\x74\x70\x3a\
\x2f\x2f\x77\x77\x77\x2e\x77\x33\x2e\x6f\x72\x67\x2f\x31\x39\x39\
\x39\x2f\x30\x32\x2f\x32\x32\x2d\x72\x64\x66\x2d\x73\x79\x6e\x74\
\x61\x78\x2d\x6e\x73\x23\x22\x3e\x20\x3c\x72\x64\x66\x3a\x44\x65\
\x73\x63\x72\x69\x70\x74\x69\x6f\x6e\x20\x72\x64\x66\x3a\x61\x62\
\x6f\x75\x74\x3d\x22\x22\x20\x78\x6d\x6c\x6e\x73\x3a\x78\x6d\x70\
\x3d\x22\x68\x74\x74\x70\x3a\x2f\x2f\x6e\x73\x2e\x61\x64\x6f\x62\
\x65\x2e\x63\x6f\x6d\x2f\x78\x61\x70\x2f\x31\x2e\x30\x2f\x22\x20\
\x78\x6d\x6c\x6e\x73\x3a\x64\x63\x3d\x22\x68\x74\x74\x70\x3a\x2f\
\x2f\x70\x75\x72\x6c\x2e\x6f\x72\x67\x2f\x64\x63\x2f\x65\x6c\x65\
\x6d\x65\x6e\x74\x73\x2f\x31\x2e\x31\x2f\x22\x20\x78\x6d\x6c\x6e\
\x73\x3a\x70\x68\x6f\x74\x6f\x73\x68\x6f\x70\x3d\x22\x68\x74\x74\
\x70\x3a\x2f\x2f\x6e\x73\x2e\x61\x64\x6f\x62\x65\x2e\x63\x6f\x6d\
\x2f\x70\x68\x6f\x74\x6f\x73\x68\x6f\x70\x2f\x31\x2e\x30\x2f\x22\
\x20\x78\x6d\x6c\x6e\x73\x3a\x78\x6d\x70\x4d\x4d\x3d\x22\x68\x74\
\x74\x70\x3a\x2f\x2f\x6e\x73\x2e\x61\x64\x6f\x62\x65\x2e\x63\x6f\
\x6d\x2f\x78\x61\x70\x2f\x31\x2e\x30\x2f\x6d\x6d\x2f\x22\x20\x78\
\x6d\x6c\x6e\x73\x3a\x73\x74\x45\x76\x74\x3d\x22\x68\x74\x74\x70\
\x3a\x2f\x2f\x6e\x73\x2e\x61\x64\x6f\x62\x65\x2e\x63\x6f\x6d\x2f\
\x78\x61\x70\x2f\x31\x2e\x30\x2f\x73\x54\x79\x70\x65\x2f\x52\x65\
\x73\x6f\x75\x72\x63\x65\x45\x76\x65\x6e\x74\x23\x22\x20\x78\x6d\
\x70\x3a\x43\x72\x65\x61\x74\x6f\x72\x54\x6f\x6f\x6c\x3d\x22\x41\
\x64\x6f\x62\x65\x20\x50\x68\x6f\x74\x6f\x73\x68\x6f\x70\x20\x32\
\x31\x2e\x30\x20\x28\x57\x69\x6e\x64\x6f\x77\x73\x29\x22\x20\x78\
\x6d\x70\x3a\x43\x72\x65\x61\x74\x65\x44\x61\x74\x65\x3d\x22\x32\
\x30\x32\x30\x2d\x30\x33\x2d\x30\x33\x54\x30\x39\x3a\x35\x30\x3a\
\x34\x31\x2d\x30\x33\x3a\x30\x30\x22\x20\x78\x6d\x70\x3a\x4d\x6f\
\x64\x69\x66\x79\x44\x61\x74\x65\x3d\x22\x32\x30\x32\x30\x2d\x30\
\x35\x2d\x30\x32\x54\x31\x37\x3a\x35\x39\x3a\x32\x39\x2d\x30\x33\
\x3a\x30\x30\x22\x20\x78\x6d\x70\x3a\x4d\x65\x74\x61\x64\x61\x74\
\x61\x44\x61\x74\x65\x3d\x22\x32\x30\x32\x30\x2d\x30\x35\x2d\x30\
\x32\x54\x31\x37\x3a\x35\x39\x3a\x32\x39\x2d\x30\x33\x3a\x30\x30\
\x22\x20\x64\x63\x3a\x66\x6f\x72\x6d\x61\x74\x3d\x22\x69\x6d\x61\
\x67\x65\x2f\x70\x6e\x67\x22\x20\x70\x68\x6f\x74\x6f\x73\x68\x6f\
\x70\x3a\x43\x6f\x6c\x6f\x72\x4d\x6f\x64\x65\x3d\x22\x33\x22\x20\
\x70\x68\x6f\x74\x6f\x73\x68\x6f\x70\x3a\x49\x43\x43\x50\x72\x6f\
\x66\x69\x6c\x65\x3d\x22\x73\x52\x47\x42\x20\x49\x45\x43\x36\x31\
\x39\x36\x36\x2d\x32\x2e\x31\x22\x20\x78\x6d\x70\x4d\x4d\x3a\x49\
\x6e\x73\x74\x61\x6e\x63\x65\x49\x44\x3d\x22\x78\x6d\x70\x2e\x69\
\x69\x64\x3a\x63\x37\x64\x66\x35\x63\x33\x39\x2d\x63\x66\x35\x66\
\x2d\x30\x64\x34\x63\x2d\x62\x35\x33\x38\x2d\x32\x63\x37\x32\x65\
\x39\x64\x30\x63\x38\x37\x38\x22\x20\x78\x6d\x70\x4d\x4d\x3a\x44\
\x6f\x63\x75\x6d\x65\x6e\x74\x49\x44\x3d\x22\x61\x64\x6f\x62\x65\
\x3a\x64\x6f\x63\x69\x64\x3a\x70\x68\x6f\x74\x6f\x73\x68\x6f\x70\
\x3a\x33\x38\x39\x38\x31\x36\x64\x36\x2d\x30\x38\x39\x38\x2d\x65\
\x34\x34\x34\x2d\x38\x61\x33\x33\x2d\x39\x35\x35\x31\x30\x66\x37\
\x38\x30\x33\x65\x66\x22\x20\x78\x6d\x70\x4d\x4d\x3a\x4f\x72\x69\
\x67\x69\x6e\x61\x6c\x44\x6f\x63\x75\x6d\x65\x6e\x74\x49\x44\x3d\
\x22\x78\x6d\x70\x2e\x64\x69\x64\x3a\x32\x32\x34\x62\x32\x61\x31\
\x62\x2d\x63\x35\x37\x37\x2d\x61\x36\x34\x65\x2d\x61\x32\x32\x30\
\x2d\x37\x31\x35\x33\x32\x66\x34\x34\x31\x33\x63\x38\x22\x3e\x20\
\x3c\x78\x6d\x70\x4d\x4d\x3a\x48\x69\x73\x74\x6f\x72\x79\x3e\x20\
\x3c\x72\x64\x66\x3a\x53\x65\x71\x3e\x20\x3c\x72\x64\x66\x3a\x6c\
\x69\x20\x73\x74\x45\x76\x74\x3a\x61\x63\x74\x69\x6f\x6e\x3d\x22\
\x63\x72\x65\x61\x74\x65\x64\x22\x20\x73\x74\x45\x76\x74\x3a\x69\
\x6e\x73\x74\x61\x6e\x63\x65\x49\x44\x3d\x22\x78\x6d\x70\x2e\x69\
\x69\x64\x3a\x32\x32\x34\x62\x32\x61\x31\x62\x2d\x63\x35\x37\x37\
\x2d\x61\x36\x34\x65\x2d\x61\x32\x32\x30\x2d\x37\x31\x35\x33\x32\
\x66\x34\x34\x31\x33\x63\x38\x22\x20\x73\x74\x45\x76\x74\x3a\x77\
\x68\x65\x6e\x3d\x22\x32\x30\x32\x30\x2d\x30\x33\x2d\x30\x33\x54\
\x30\x39\x3a\x35\x30\x3a\x34\x31\x2d\x30\x33\x3a\x30\x30\x22\x20\
\x73\x74\x45\x76\x74\x3a\x73\x6f\x66\x74\x77\x61\x72\x65\x41\x67\
\x65\x6e\x74\x3d\x22\x41\x64\x6f\x62\x65\x20\x50\x68\x6f\x74\x6f\
\x73\x68\x6f\x70\x20\x32\x31\x2e\x30\x20\x28\x57\x69\x6e\x64\x6f\
\x77\x73\x29\x22\x2f\x3e\x20\x3c\x72\x64\x66\x3a\x6c\x69\x20\x73\
\x74\x45\x76\x74\x3a\x61\x63\x74\x69\x6f\x6e\x3d\x22\x73\x61\x76\
\x65\x64\x22\x20\x73\x74\x45\x76\x74\x3a\x69\x6e\x73\x74\x61\x6e\
\x63\x65\x49\x44\x3d\x22\x78\x6d\x70\x2e\x69\x69\x64\x3a\x63\x37\
\x64\x66\x35\x63\x33\x39\x2d\x63\x66\x35\x66\x2d\x30\x64\x34\x63\
\x2d\x62\x35\x33\x38\x2d\x32\x63\x37\x32\x65\x39\x64\x30\x63\x38\
\x37\x38\x22\x20\x73\x74\x45\x76\x74\x3a\x77\x68\x65\x6e\x3d\x22\
\x32\x30\x32\x30\x2d\x30\x35\x2d\x30\x32\x54\x31\x37\x3a\x35\x39\
\x3a\x32\x39\x2d\x30\x33\x3a\x30\x30\x22\x20\x73\x74\x45\x76\x74\
\x3a\x73\x6f\x66\x74\x77\x61\x72\x65\x41\x67\x65\x6e\x74\x3d\x22\
\x41\x64\x6f\x62\x65\x20\x50\x68\x6f\x74\x6f\x73\x68\x6f\x70\x20\
\x32\x31\x2e\x30\x20\x28\x57\x69\x6e\x64\x6f\x77\x73\x29\x22\x20\
\x73\x74\x45\x76\x74\x3a\x63\x68\x61\x6e\x67\x65\x64\x3d\x22\x2f\
\x22\x2f\x3e\x20\x3c\x2f\x72\x64\x66\x3a\x53\x65\x71\x3e\x20\x3c\
\x2f\x78\x6d\x70\x4d\x4d\x3a\x48\x69\x73\x74\x6f\x72\x79\x3e\x20\
\x3c\x2f\x72\x64\x66\x3a\x44\x65\x73\x63\x72\x69\x70\x74\x69\x6f\
\x6e\x3e\x20\x3c\x2f\x72\x64\x66\x3a\x52\x44\x46\x3e\x20\x3c\x2f\
\x78\x3a\x78\x6d\x70\x6d\x65\x74\x61\x3e\x20\x3c\x3f\x78\x70\x61\
\x63\x6b\x65\x74\x20\x65\x6e\x64\x3d\x22\x72\x22\x3f\x3e\x98\xfd\
\xba\x6d\x00\x00\x01\x3c\x49\x44\x41\x54\x38\xcb\x7d\xd3\x3b\x4b\
\x03\x41\x14\x86\xe1\xc4\xcb\xa2\x16\x22\xd6\x9a\xc6\xa4\xb0\x0b\
\x58\x79\x29\x2c\x14\x2c\x6d\xc5\x22\x1a\xc1\x10\x22\x5a\x28\xd8\
\x59\x8a\x22\x68\xe7\x0f\x50\x10\x44\xf0\x12\x2c\x84\x44\xd0\x26\
\xa8\x85\x78\x6b\x04\x3b\x61\xf5\x67\xf8\x6e\x3c\x0b\x9f\xc3\xac\
\x0b\x0f\x3b\x33\x3b\x73\x76\xe7\xec\x99\x54\x18\x86\x29\x8f\x56\
\xbb\x2f\x63\xdc\xda\x6d\xbe\xb9\xee\x40\xda\xe9\x5f\x63\x45\xfa\
\x2d\xff\x05\xd0\x87\x13\xe8\xc2\x09\x8a\xe8\xc3\x90\xef\x45\xee\
\xe2\x7e\xdc\xa0\x81\x6e\x9c\x62\x0e\xa3\xf8\xc2\xb6\x1b\x44\x17\
\x67\xf0\x81\x3d\xd9\x6f\x15\x65\x6b\xe7\x70\x87\xa3\xa4\x2d\xd4\
\xb0\xeb\xec\xf1\x02\x25\xe9\x47\x81\x9f\x2c\xb9\xcd\x97\xeb\x9e\
\xdf\xd0\xee\x64\xfc\x0c\x8b\xd6\xee\xb4\xfb\x14\x5e\x10\xe8\x17\
\xec\x63\x47\x16\xc7\x49\xba\xc2\x92\x67\xfc\x1e\x93\x1a\x20\xca\
\x76\xc5\x33\x71\x0b\xd3\x52\x1b\xf1\xf8\x25\xe6\x35\xc0\x31\x56\
\x3d\x05\x13\x48\x51\xe9\xef\x8b\xf2\x35\xab\x01\x36\x70\xe0\x54\
\x61\x52\x91\xf5\xe0\x19\x79\x0d\x30\x80\x4f\x64\x9d\xaf\x48\x8b\
\xc0\xc6\xd6\x71\x1b\x3f\xd7\x3a\xd8\xc4\x43\x52\xcd\x9b\xb1\xf0\
\xf7\x1a\xd6\x00\xea\x10\xaf\x96\xe1\x0e\x19\xef\xc5\x1a\xbe\x51\
\xd0\xea\xf5\x1d\xa2\x8a\x05\x79\xc4\xb9\xfd\xca\x77\xd4\xad\xa4\
\xff\x9c\x9b\xa4\x93\x18\x15\xcd\x08\x16\x30\x83\x41\xcf\x51\x6f\
\xfa\x01\xbb\xaf\xdf\x63\x76\x1f\x39\x0f\x00\x00\x00\x00\x49\x45\
\x4e\x44\xae\x42\x60\x82\
\x00\x00\x07\x60\
\x89\
\x50\x4e\x47\x0d\x0a\x1a\x0a\x00\x00\x00\x0d\x49\x48\x44\x52\x00\
\x00\x00\x10\x00\x00\x00\x10\x08\x06\x00\x00\x00\x1f\xf3\xff\x61\
\x00\x00\x00\x09\x70\x48\x59\x73\x00\x00\x0b\x13\x00\x00\x0b\x13\
\x01\x00\x9a\x9c\x18\x00\x00\x05\xf1\x69\x54\x58\x74\x58\x4d\x4c\
\x3a\x63\x6f\x6d\x2e\x61\x64\x6f\x62\x65\x2e\x78\x6d\x70\x00\x00\
\x00\x00\x00\x3c\x3f\x78\x70\x61\x63\x6b\x65\x74\x20\x62\x65\x67\
\x69\x6e\x3d\x22\xef\xbb\xbf\x22\x20\x69\x64\x3d\x22\x57\x35\x4d\
\x30\x4d\x70\x43\x65\x68\x69\x48\x7a\x72\x65\x53\x7a\x4e\x54\x63\
\x7a\x6b\x63\x39\x64\x22\x3f\x3e\x20\x3c\x78\x3a\x78\x6d\x70\x6d\
\x65\x74\x61\x20\x78\x6d\x6c\x6e\x73\x3a\x78\x3d\x22\x61\x64\x6f\
\x62\x65\x3a\x6e\x73\x3a\x6d\x65\x74\x61\x2f\x22\x20\x78\x3a\x78\
\x6d\x70\x74\x6b\x3d\x22\x41\x64\x6f\x62\x65\x20\x58\x4d\x50\x20\
\x43\x6f\x72\x65\x20\x35\x2e\x36\x2d\x63\x31\x34\x38\x20\x37\x39\
\x2e\x31\x36\x34\x30\x33\x36\x2c\x20\x32\x30\x31\x39\x2f\x30\x38\
\x2f\x31\x33\x2d\x30\x31\x3a\x30\x36\x3a\x35\x37\x20\x20\x20\x20\
\x20\x20\x20\x20\x22\x3e\x20\x3c\x72\x64\x66\x3a\x52\x44\x46\x20\
\x78\x6d\x6c\x6e\x73\x3a\x72\x64\x66\x3d\x22\x68\x74\x74\x70\x3a\
\x2f\x2f\x77\x77\x77\x2e\x77\x33\x2e\x6f\x72\x67\x2f\x31\x39\x39\
\x39\x2f\x30\x32\x2f\x32\x32\x2d\x72\x64\x66\x2d\x73\x79\x6e\x74\
\x61\x78\x2d\x6e\x73\x23\x22\x3e\x20\x3c\x72\x64\x66\x3a\x44\x65\
\x73\x63\x72\x69\x70\x74\x69\x6f\x6e\x20\x72\x64\x66\x3a\x61\x62\
\x6f\x75\x74\x3d\x22\x22\x20\x78\x6d\x6c\x6e\x73\x3a\x78\x6d\x70\
\x3d\x22\x68\x74\x74\x70\x3a\x2f\x2f\x6e\x73\x2e\x61\x64\x6f\x62\
\x65\x2e\x63\x6f\x6d\x2f\x78\x61\x70\x2f\x31\x2e\x30\x2f\x22\x20\
\x78\x6d\x6c\x6e\x73\x3a\x64\x63\x3d\x22\x68\x74\x74\x70\x3a\x2f\
\x2f\x70\x75\x72\x6c\x2e\x6f\x72\x67\x2f\x64\x63\x2f\x65\x6c\x65\
\x6d\x65\x6e\x74\x73\x2f\x31\x2e\x31\x2f\x22\x20\x78\x6d\x6c\x6e\
\x73\x3a\x70\x68\x6f\x74\x6f\x73\x68\x6f\x70\x3d\x22\x68\x74\x74\
\x70\x3a\x2f\x2f\x6e\x73\x2e\x61\x64\x6f\x62\x65\x2e\x63\x6f\x6d\
\x2f\x70\x68\x6f\x74\x6f\x73\x68\x6f\x70\x2f\x31\x2e\x30\x2f\x22\
\x20\x78\x6d\x6c\x6e\x73\x3a\x78\x6d\x70\x4d\x4d\x3d\x22\x68\x74\
\x74\x70\x3a\x2f\x2f\x6e\x73\x2e\x61\x64\x6f\x62\x65\x2e\x63\x6f\
\x6d\x2f\x78\x61\x70\x2f\x31\x2e\x30\x2f\x6d\x6d\x2f\x22\x20\x78\
\x6d\x6c\x6e\x73\x3a\x73\x74\x45\x76\x74\x3d\x22\x68\x74\x74\x70\
\x3a\x2f\x2f\x6e\x73\x2e\x61\x64\x6f\x62\x65\x2e\x63\x6f\x6d\x2f\
\x78\x61\x70\x2f\x31\x2e\x30\x2f\x73\x54\x79\x70\x65\x2f\x52\x65\
\x73\x6f\x75\x72\x63\x65\x45\x76\x65\x6e\x74\x23\x22\x20\x78\x6d\
\x70\x3a\x43\x72\x65\x61\x74\x6f\x72\x54\x6f\x6f\x6c\x3d\x22\x41\
\x64\x6f\x62\x65\x20\x50\x68\x6f\x74\x6f\x73\x68\x6f\x70\x20\x32\
\x31\x2e\x30\x20\x28\x57\x69\x6e\x64\x6f\x77\x73\x29\x22\x20\x78\
\x6d\x70\x3a\x43\x72\x65\x61\x74\x65\x44\x61\x74\x65\x3d\x22\x32\
\x30\x32\x30\x2d\x30\x33\x2d\x30\x33\x54\x30\x39\x3a\x35\x30\x3a\
\x34\x32\x2d\x30\x33\x3a\x30\x30\x22\x20\x78\x6d\x70\x3a\x4d\x6f\
\x64\x69\x66\x79\x44\x61\x74\x65\x3d\x22\x32\x30\x32\x30\x2d\x30\
\x35\x2d\x30\x32\x54\x31\x37\x3a\x35\x39\x3a\x35\x34\x2d\x30\x33\
\x3a\x30\x30\x22\x20\x78\x6d\x70\x3a\x4d\x65\x74\x61\x64\x61\x74\
\x61\x44\x61\x74\x65\x3d\x22\x32\x30\x32\x30\x2d\x30\x35\x2d\x30\
\x32\x54\x31\x37\x3a\x35\x39\x3a\x35\x34\x2d\x30\x33\x3a\x30\x30\
\x22\x20\x64\x63\x3a\x66\x6f\x72\x6d\x61\x74\x3d\x22\x69\x6d\x61\
\x67\x65\x2f\x70\x6e\x67\x22\x20\x70\x68\x6f\x74\x6f\x73\x68\x6f\
\x70\x3a\x43\x6f\x6c\x6f\x72\x4d\x6f\x64\x65\x3d\x22\x33\x22\x20\
\x70\x68\x6f\x74\x6f\x73\x68\x6f\x70\x3a\x49\x43\x43\x50\x72\x6f\
\x66\x69\x6c\x65\x3d\x22\x73\x52\x47\x42\x20\x49\x45\x43\x36\x31\
\x39\x36\x36\x2d\x32\x2e\x31\x22\x20\x78\x6d\x70\x4d\x4d\x3a\x49\
\x6e\x73\x74\x61\x6e\x63\x65\x49\x44\x3d\x22\x78\x6d\x70\x2e\x69\
\x69\x64\x3a\x39\x31\x38\x37\x38\x31\x30\x32\x2d\x39\x65\x36\x61\
\x2d\x64\x32\x34\x38\x2d\x39\x31\x31\x61\x2d\x35\x38\x37\x39\x61\
\x39\x39\x34\x39\x30\x31\x30\x22\x20\x78\x6d\x70\x4d\x4d\x3a\x44\
\x6f\x63\x75\x6d\x65\x6e\x74\x49\x44\x3d\x22\x61\x64\x6f\x62\x65\
\x3a\x64\x6f\x63\x69\x64\x3a\x70\x68\x6f\x74\x6f\x73\x68\x6f\x70\
\x3a\x32\x30\x38\x36\x30\x36\x65\x38\x2d\x34\x39\x63\x35\x2d\x36\
\x64\x34\x30\x2d\x38\x63\x35\x34\x2d\x39\x61\x33\x36\x36\x63\x61\
\x63\x63\x37\x62\x36\x22\x20\x78\x6d\x70\x4d\x4d\x3a\x4f\x72\x69\
\x67\x69\x6e\x61\x6c\x44\x6f\x63\x75\x6d\x65\x6e\x74\x49\x44\x3d\
\x22\x78\x6d\x70\x2e\x64\x69\x64\x3a\x38\x33\x39\x64\x33\x35\x63\
\x37\x2d\x39\x33\x35\x31\x2d\x64\x63\x34\x62\x2d\x39\x62\x38\x32\
\x2d\x63\x34\x62\x37\x63\x33\x33\x66\x33\x30\x66\x37\x22\x3e\x20\
\x3c\x78\x6d\x70\x4d\x4d\x3a\x48\x69\x73\x74\x6f\x72\x79\x3e\x20\
\x3c\x72\x64\x66\x3a\x53\x65\x71\x3e\x20\x3c\x72\x64\x66\x3a\x6c\
\x69\x20\x73\x74\x45\x76\x74\x3a\x61\x63\x74\x69\x6f\x6e\x3d\x22\
\x63\x72\x65\x61\x74\x65\x64\x22\x20\x73\x74\x45\x76\x74\x3a\x69\
\x6e\x73\x74\x61\x6e\x63\x65\x49\x44\x3d\x22\x78\x6d\x70\x2e\x69\
\x69\x64\x3a\x38\x33\x39\x64\x33\x35\x63\x37\x2d\x39\x33\x35\x31\
\x2d\x64\x63\x34\x62\x2d\x39\x62\x38\x32\x2d\x63\x34\x62\x37\x63\
\x33\x33\x66\x33\x30\x66\x37\x22\x20\x73\x74\x45\x76\x74\x3a\x77\
\x68\x65\x6e\x3d\x22\x32\x30\x32\x30\x2d\x30\x33\x2d\x30\x33\x54\
\x30\x39\x3a\x35\x30\x3a\x34\x32\x2d\x30\x33\x3a\x30\x30\x22\x20\
\x73\x74\x45\x76\x74\x3a\x73\x6f\x66\x74\x77\x61\x72\x65\x41\x67\
\x65\x6e\x74\x3d\x22\x41\x64\x6f\x62\x65\x20\x50\x68\x6f\x74\x6f\
\x73\x68\x6f\x70\x20\x32\x31\x2e\x30\x20\x28\x57\x69\x6e\x64\x6f\
\x77\x73\x29\x22\x2f\x3e\x20\x3c\x72\x64\x66\x3a\x6c\x69\x20\x73\
\x74\x45\x76\x74\x3a\x61\x63\x74\x69\x6f\x6e\x3d\x22\x73\x61\x76\
\x65\x64\x22\x20\x73\x74\x45\x76\x74\x3a\x69\x6e\x73\x74\x61\x6e\
\x63\x65\x49\x44\x3d\x22\x78\x6d\x70\x2e\x69\x69\x64\x3a\x39\x31\
\x38\x37\x38\x31\x30\x32\x2d\x39\x65\x36\x61\x2d\x64\x32\x34\x38\
\x2d\x39\x31\x31\x61\x2d\x35\x38\x37\x39\x61\x39\x39\x34\x39\x30\
\x31\x30\x22\x20\x73\x74\x45\x76\x74\x3a\x77\x68\x65\x6e\x3d\x22\
\x32\x30\x32\x30\x2d\x30\x35\x2d\x30\x32\x54\x31\x37\x3a\x35\x39\
\x3a\x35\x34\x2d\x30\x33\x3a\x30\x30\x22\x20\x73\x74\x45\x76\x74\
\x3a\x73\x6f\x66\x74\x77\x61\x72\x65\x41\x67\x65\x6e\x74\x3d\x22\
\x41\x64\x6f\x62\x65\x20\x50\x68\x6f\x74\x6f\x73\x68\x6f\x70\x20\
\x32\x31\x2e\x30\x20\x28\x57\x69\x6e\x64\x6f\x77\x73\x29\x22\x20\
\x73\x74\x45\x76\x74\x3a\x63\x68\x61\x6e\x67\x65\x64\x3d\x22\x2f\
\x22\x2f\x3e\x20\x3c\x2f\x72\x64\x66\x3a\x53\x65\x71\x3e\x20\x3c\
\x2f\x78\x6d\x70\x4d\x4d\x3a\x48\x69\x73\x74\x6f\x72\x79\x3e\x20\
\x3c\x2f\x72\x64\x66\x3a\x44\x65\x73\x63\x72\x69\x70\x74\x69\x6f\
\x6e\x3e\x20\x3c\x2f\x72\x64\x66\x3a\x52\x44\x46\x3e\x20\x3c\x2f\
\x78\x3a\x78\x6d\x70\x6d\x65\x74\x61\x3e\x20\x3c\x3f\x78\x70\x61\
\x63\x6b\x65\x74\x20\x65\x6e\x64\x3d\x22\x72\x22\x3f\x3e\xa5\x97\
\xb3\xae\x00\x00\x01\x15\x49\x44\x41\x54\x38\x11\x63\x78\xf6\xec\
\x19\x03\x0e\x1c\x00\xc4\x0b\x80\x78\x09\x10\x27\xe3\x52\x87\x2e\
\xc0\x08\xa5\xeb\x81\xf8\x29\x10\xd7\x02\x71\x21\x10\xdf\x04\xe2\
\x45\x84\x0c\x60\x82\xd2\xa6\x40\xfc\x00\x88\x55\x91\xe4\x38\xa0\
\x86\x84\xa2\xa9\x45\x31\x80\x05\x4a\x97\x00\xf1\x4a\x28\x9b\x15\
\x88\xd9\xa1\x6c\x90\x6b\xe6\x13\x63\x40\x05\x92\x73\x19\xf1\x88\
\xe3\x35\x60\x21\x16\x03\xca\x89\x35\xa0\x14\x88\xd7\x43\xd9\xcc\
\x48\xe2\x4d\xd0\x58\xc1\xe9\x05\x98\xa0\x31\x10\xdf\x06\x62\x59\
\x24\x39\x90\x41\x17\x09\x05\x22\x2c\xd0\x40\xf4\x34\xb4\x68\x03\
\x05\xe0\x0e\x24\xe7\x33\xe2\x32\x00\x84\xb5\x80\xf8\x2c\x10\x6f\
\x85\x46\x1f\x48\x6c\x0e\x10\xdf\x05\x62\x47\xf4\x34\x83\xae\x19\
\x94\x68\x9e\x40\x6d\x64\x42\x0b\xb0\xb8\x67\x10\x30\x19\xdd\x05\
\xcc\x50\x4e\x02\x34\xf5\xe9\x61\x49\x99\x30\x5a\x0c\x88\xcf\x01\
\x71\x07\x2c\x2c\x90\x03\x64\x35\x10\x17\x41\xd9\x6c\x68\x9a\x19\
\x91\x12\x94\x17\xd4\x10\xb0\x1c\xb2\xe9\x20\x03\x62\xf1\x64\x2e\
\x18\xb6\x03\xe2\x13\xd8\x0c\x58\x05\x8d\x3e\x50\xee\x5b\x83\x05\
\xaf\x05\xe2\x65\x40\x7c\x06\x88\xaf\x23\x1b\x80\x6c\x72\x09\xd4\
\x1b\x20\x5c\x8c\x86\x91\xc5\x83\x61\xfa\x00\x82\x8d\xe4\x1f\xbd\
\x59\xa6\x92\x00\x00\x00\x00\x49\x45\x4e\x44\xae\x42\x60\x82\
\x00\x00\x07\x29\
\x89\
\x50\x4e\x47\x0d\x0a\x1a\x0a\x00\x00\x00\x0d\x49\x48\x44\x52\x00\
\x00\x00\x10\x00\x00\x00\x10\x08\x06\x00\x00\x00\x1f\xf3\xff\x61\
\x00\x00\x00\x09\x70\x48\x59\x73\x00\x00\x0b\x13\x00\x00\x0b\x13\
\x01\x00\x9a\x9c\x18\x00\x00\x05\xf1\x69\x54\x58\x74\x58\x4d\x4c\
\x3a\x63\x6f\x6d\x2e\x61\x64\x6f\x62\x65\x2e\x78\x6d\x70\x00\x00\
\x00\x00\x00\x3c\x3f\x78\x70\x61\x63\x6b\x65\x74\x20\x62\x65\x67\
\x69\x6e\x3d\x22\xef\xbb\xbf\x22\x20\x69\x64\x3d\x22\x57\x35\x4d\
\x30\x4d\x70\x43\x65\x68\x69\x48\x7a\x72\x65\x53\x7a\x4e\x54\x63\
\x7a\x6b\x63\x39\x64\x22\x3f\x3e\x20\x3c\x78\x3a\x78\x6d\x70\x6d\
\x65\x74\x61\x20\x78\x6d\x6c\x6e\x73\x3a\x78\x3d\x22\x61\x64\x6f\
\x62\x65\x3a\x6e\x73\x3a\x6d\x65\x74\x61\x2f\x22\x20\x78\x3a\x78\
\x6d\x70\x74\x6b\x3d\x22\x41\x64\x6f\x62\x65\x20\x58\x4d\x50\x20\
\x43\x6f\x72\x65\x20\x35\x2e\x36\x2d\x63\x31\x34\x38\x20\x37\x39\
\x2e\x31\x36\x34\x30\x33\x36\x2c\x20\x32\x30\x31\x39\x2f\x30\x38\
\x2f\x31\x33\x2d\x30\x31\x3a\x30\x36\x3a\x35\x37\x20\x20\x20\x20\
\x20\x20\x20\x20\x22\x3e\x20\x3c\x72\x64\x66\x3a\x52\x44\x46\x20\
\x78\x6d\x6c\x6e\x73\x3a\x72\x64\x66\x3d\x22\x68\x74\x74\x70\x3a\
\x2f\x2f\x77\x77\x77\x2e\x77\x33\x2e\x6f\x72\x67\x2f\x31\x39\x39\
\x39\x2f\x30\x32\x2f\x32\x32\x2d\x72\x64\x66\x2d\x73\x79\x6e\x74\
\x61\x78\x2d\x6e\x73\x23\x22\x3e\x20\x3c\x72\x64\x66\x3a\x44\x65\
\x73\x63\x72\x69\x70\x74\x69\x6f\x6e\x20\x72\x64\x66\x3a\x61\x62\
\x6f\x75\x74\x3d\x22\x22\x20\x78\x6d\x6c\x6e\x73\x3a\x78\x6d\x70\
\x3d\x22\x68\x74\x74\x70\x3a\x2f\x2f\x6e\x73\x2e\x61\x64\x6f\x62\
\x65\x2e\x63\x6f\x6d\x2f\x78\x61\x70\x2f\x31\x2e\x30\x2f\x22\x20\
\x78\x6d\x6c\x6e\x73\x3a\x64\x63\x3d\x22\x68\x74\x74\x70\x3a\x2f\
\x2f\x70\x75\x72\x6c\x2e\x6f\x72\x67\x2f\x64\x63\x2f\x65\x6c\x65\
\x6d\x65\x6e\x74\x73\x2f\x31\x2e\x31\x2f\x22\x20\x78\x6d\x6c\x6e\
\x73\x3a\x70\x68\x6f\x74\x6f\x73\x68\x6f\x70\x3d\x22\x68\x74\x74\
\x70\x3a\x2f\x2f\x6e\x73\x2e\x61\x64\x6f\x62\x65\x2e\x63\x6f\x6d\
\x2f\x70\x68\x6f\x74\x6f\x73\x68\x6f\x70\x2f\x31\x2e\x30\x2f\x22\
\x20\x78\x6d\x6c\x6e\x73\x3a\x78\x6d\x70\x4d\x4d\x3d\x22\x68\x74\
\x74\x70\x3a\x2f\x2f\x6e\x73\x2e\x61\x64\x6f\x62\x65\x2e\x63\x6f\
\x6d\x2f\x78\x61\x70\x2f\x31\x2e\x30\x2f\x6d\x6d\x2f\x22\x20\x78\
\x6d\x6c\x6e\x73\x3a\x73\x74\x45\x76\x74\x3d\x22\x68\x74\x74\x70\
\x3a\x2f\x2f\x6e\x73\x2e\x61\x64\x6f\x62\x65\x2e\x63\x6f\x6d\x2f\
\x78\x61\x70\x2f\x31\x2e\x30\x2f\x73\x54\x79\x70\x65\x2f\x52\x65\
\x73\x6f\x75\x72\x63\x65\x45\x76\x65\x6e\x74\x23\x22\x20\x78\x6d\
\x70\x3a\x43\x72\x65\x61\x74\x6f\x72\x54\x6f\x6f\x6c\x3d\x22\x41\
\x64\x6f\x62\x65\x20\x50\x68\x6f\x74\x6f\x73\x68\x6f\x70\x20\x32\
\x31\x2e\x30\x20\x28\x57\x69\x6e\x64\x6f\x77\x73\x29\x22\x20\x78\
\x6d\x70\x3a\x43\x72\x65\x61\x74\x65\x44\x61\x74\x65\x3d\x22\x32\
\x30\x32\x30\x2d\x30\x33\x2d\x30\x33\x54\x30\x39\x3a\x35\x30\x3a\
\x33\x39\x2d\x30\x33\x3a\x30\x30\x22\x20\x78\x6d\x70\x3a\x4d\x6f\
\x64\x69\x66\x79\x44\x61\x74\x65\x3d\x22\x32\x30\x32\x30\x2d\x30\
\x35\x2d\x30\x32\x54\x31\x37\x3a\x35\x38\x3a\x33\x34\x2d\x30\x33\
\x3a\x30\x30\x22\x20\x78\x6d\x70\x3a\x4d\x65\x74\x61\x64\x61\x74\
\x61\x44\x61\x74\x65\x3d\x22\x32\x30\x32\x30\x2d\x30\x35\x2d\x30\
\x32\x54\x31\x37\x3a\x35\x38\x3a\x33\x34\x2d\x30\x33\x3a\x30\x30\
\x22\x20\x64\x63\x3a\x66\x6f\x72\x6d\x61\x74\x3d\x22\x69\x6d\x61\
\x67\x65\x2f\x70\x6e\x67\x22\x20\x70\x68\x6f\x74\x6f\x73\x68\x6f\
\x70\x3a\x43\x6f\x6c\x6f\x72\x4d\x6f\x64\x65\x3d\x22\x33\x22\x20\
\x70\x68\x6f\x74\x6f\x73\x68\x6f\x70\x3a\x49\x43\x43\x50\x72\x6f\
\x66\x69\x6c\x65\x3d\x22\x73\x52\x47\x42\x20\x49\x45\x43\x36\x31\
\x39\x36\x36\x2d\x32\x2e\x31\x22\x20\x78\x6d\x70\x4d\x4d\x3a\x49\
\x6e\x73\x74\x61\x6e\x63\x65\x49\x44\x3d\x22\x78\x6d\x70\x2e\x69\
\x69\x64\x3a\x65\x38\x33\x36\x38\x32\x63\x38\x2d\x65\x62\x62\x61\
\x2d\x36\x30\x34\x65\x2d\x61\x65\x34\x36\x2d\x38\x66\x34\x62\x35\
\x31\x36\x31\x61\x36\x36\x32\x22\x20\x78\x6d\x70\x4d\x4d\x3a\x44\
\x6f\x63\x75\x6d\x65\x6e\x74\x49\x44\x3d\x22\x61\x64\x6f\x62\x65\
\x3a\x64\x6f\x63\x69\x64\x3a\x70\x68\x6f\x74\x6f\x73\x68\x6f\x70\
\x3a\x66\x66\x34\x66\x62\x66\x61\x33\x2d\x36\x33\x65\x34\x2d\x30\
\x37\x34\x63\x2d\x39\x64\x32\x66\x2d\x61\x64\x33\x32\x64\x64\x38\
\x30\x64\x32\x33\x32\x22\x20\x78\x6d\x70\x4d\x4d\x3a\x4f\x72\x69\
\x67\x69\x6e\x61\x6c\x44\x6f\x63\x75\x6d\x65\x6e\x74\x49\x44\x3d\
\x22\x78\x6d\x70\x2e\x64\x69\x64\x3a\x38\x66\x37\x37\x34\x39\x30\
\x37\x2d\x66\x62\x66\x62\x2d\x34\x66\x34\x65\x2d\x62\x38\x31\x35\
\x2d\x65\x63\x36\x63\x34\x35\x31\x32\x35\x63\x31\x64\x22\x3e\x20\
\x3c\x78\x6d\x70\x4d\x4d\x3a\x48\x69\x73\x74\x6f\x72\x79\x3e\x20\
\x3c\x72\x64\x66\x3a\x53\x65\x71\x3e\x20\x3c\x72\x64\x66\x3a\x6c\
\x69\x20\x73\x74\x45\x76\x74\x3a\x61\x63\x74\x69\x6f\x6e\x3d\x22\
\x63\x72\x65\x61\x74\x65\x64\x22\x20\x73\x74\x45\x76\x74\x3a\x69\
\x6e\x73\x74\x61\x6e\x63\x65\x49\x44\x3d\x22\x78\x6d\x70\x2e\x69\
\x69\x64\x3a\x38\x66\x37\x37\x34\x39\x30\x37\x2d\x66\x62\x66\x62\
\x2d\x34\x66\x34\x65\x2d\x62\x38\x31\x35\x2d\x65\x63\x36\x63\x34\
\x35\x31\x32\x35\x63\x31\x64\x22\x20\x73\x74\x45\x76\x74\x3a\x77\
\x68\x65\x6e\x3d\x22\x32\x30\x32\x30\x2d\x30\x33\x2d\x30\x33\x54\
\x30\x39\x3a\x35\x30\x3a\x33\x39\x2d\x30\x33\x3a\x30\x30\x22\x20\
\x73\x74\x45\x76\x74\x3a\x73\x6f\x66\x74\x77\x61\x72\x65\x41\x67\
\x65\x6e\x74\x3d\x22\x41\x64\x6f\x62\x65\x20\x50\x68\x6f\x74\x6f\
\x73\x68\x6f\x70\x20\x32\x31\x2e\x30\x20\x28\x57\x69\x6e\x64\x6f\
\x77\x73\x29\x22\x2f\x3e\x20\x3c\x72\x64\x66\x3a\x6c\x69\x20\x73\
\x74\x45\x76\x74\x3a\x61\x63\x74\x69\x6f\x6e\x3d\x22\x73\x61\x76\
\x65\x64\x22\x20\x73\x74\x45\x76\x74\x3a\x69\x6e\x73\x74\x61\x6e\
\x63\x65\x49\x44\x3d\x22\x78\x6d\x70\x2e\x69\x69\x64\x3a\x65\x38\
\x33\x36\x38\x32\x63\x38\x2d\x65\x62\x62\x61\x2d\x36\x30\x34\x65\
\x2d\x61\x65\x34\x36\x2d\x38\x66\x34\x62\x35\x31\x36\x31\x61\x36\
\x36\x32\x22\x20\x73\x74\x45\x76\x74\x3a\x77\x68\x65\x6e\x3d\x22\
\x32\x30\x32\x30\x2d\x30\x35\x2d\x30\x32\x54\x31\x37\x3a\x35\x38\
\x3a\x33\x34\x2d\x30\x33\x3a\x30\x30\x22\x20\x73\x74\x45\x76\x74\
\x3a\x73\x6f\x66\x74\x77\x61\x72\x65\x41\x67\x65\x6e\x74\x3d\x22\
\x41\x64\x6f\x62\x65\x20\x50\x68\x6f\x74\x6f\x73\x68\x6f\x70\x20\
\x32\x31\x2e\x30\x20\x28\x57\x69\x6e\x64\x6f\x77\x73\x29\x22\x20\
\x73\x74\x45\x76\x74\x3a\x63\x68\x61\x6e\x67\x65\x64\x3d\x22\x2f\
\x22\x2f\x3e\x20\x3c\x2f\x72\x64\x66\x3a\x53\x65\x71\x3e\x20\x3c\
\x2f\x78\x6d\x70\x4d\x4d\x3a\x48\x69\x73\x74\x6f\x72\x79\x3e\x20\
\x3c\x2f\x72\x64\x66\x3a\x44\x65\x73\x63\x72\x69\x70\x74\x69\x6f\
\x6e\x3e\x20\x3c\x2f\x72\x64\x66\x3a\x52\x44\x46\x3e\x20\x3c\x2f\
\x78\x3a\x78\x6d\x70\x6d\x65\x74\x61\x3e\x20\x3c\x3f\x78\x70\x61\
\x63\x6b\x65\x74\x20\x65\x6e\x64\x3d\x22\x72\x22\x3f\x3e\x23\x77\
\xc3\xd0\x00\x00\x00\xde\x49\x44\x41\x54\x38\x8d\xd5\xd1\xbd\x4a\
\x43\x41\x10\x05\xe0\xbd\x31\x08\x12\x8c\x85\xbd\xa5\x9d\x45\xd4\
\x3e\x5d\x1a\x0b\x4b\x1f\x40\x13\x51\x7c\x14\xbb\xe0\x33\x48\x14\
\x7f\x10\x6c\xb4\xb0\x56\x11\x09\x76\xda\x7f\xaf\xa1\xcd\x08\xcb\
\x7a\xb9\x42\xac\x2c\x0e\x33\x7b\x66\x39\x73\x66\x26\xe1\x10\xb7\
\x38\xc5\x59\x81\x0b\x9c\x63\x52\xf0\x13\x5c\xa1\x9f\xd0\xc7\x11\
\xf6\x30\xc2\x30\xe2\x08\x3b\xd8\xc5\x7e\xc1\x0f\x71\x80\xd5\x84\
\x26\x6c\xfd\x52\x4f\x09\x15\x5a\x11\xe7\x22\x4f\x38\xc6\x27\x6e\
\x32\xae\x9d\xfd\x6f\x7d\x0b\xd4\x61\x8c\x0f\x4c\xf1\x8e\xeb\x4c\
\xa4\x2a\x1d\x94\x38\xc1\x1b\x56\xf0\x80\x1e\x2e\x71\x87\x6e\xdd\
\x08\xb9\xea\x00\x2f\x58\x8a\x8e\xaf\x58\x8b\xda\x7d\x2c\x3b\x65\
\x6e\x7e\x38\xe8\x60\x21\xf2\x45\x3c\x61\x33\xde\xf3\xc1\xd5\x3a\
\xa8\x43\x07\xcf\x31\x42\xe3\x15\x4a\x54\x85\xc0\x7a\x69\x7b\x56\
\x07\xd5\xff\x14\x78\xfc\xab\xc0\x14\x1b\xb3\x2e\xb1\x8d\x6d\x2c\
\x37\x9d\xf1\x0b\x29\xff\xd8\x86\xbb\x4d\xde\x44\x00\x00\x00\x00\
\x49\x45\x4e\x44\xae\x42\x60\x82\
\x00\x00\x00\xf8\
\x89\
\x50\x4e\x47\x0d\x0a\x1a\x0a\x00\x00\x00\x0d\x49\x48\x44\x52\x00\
\x00\x00\x14\x00\x00\x00\x14\x08\x06\x00\x00\x00\x8d\x89\x1d\x0d\
\x00\x00\x00\x09\x70\x48\x59\x73\x00\x00\x01\x90\x00\x00\x01\x90\
\x01\x21\xf7\xeb\x7e\x00\x00\x00\x19\x74\x45\x58\x74\x53\x6f\x66\
\x74\x77\x61\x72\x65\x00\x77\x77\x77\x2e\x69\x6e\x6b\x73\x63\x61\
\x70\x65\x2e\x6f\x72\x67\x9b\xee\x3c\x1a\x00\x00\x00\x85\x49\x44\
\x41\x54\x38\x8d\xe5\xd2\x4f\x0a\x81\x01\x10\x87\xe1\x67\xa4\xfc\
\x3f\x87\x10\x5b\xf7\x5f\xb1\xb0\x96\x72\x00\x3b\x85\xb0\x1c\x0b\
\x9c\x60\x3e\x45\xde\x03\x3c\xfd\x6a\x86\x6f\x2f\x32\x33\x30\x43\
\xa7\x68\xdd\x23\x62\xdb\xc6\x12\xab\xf2\x34\x64\xe6\xa2\x8d\x23\
\x0e\xe8\x16\xbd\x1b\x4e\xe5\x55\xbf\x57\x40\x66\x4e\xd1\x2b\x5a\
\xd7\x88\xd8\x45\x66\x2e\xb1\x2e\x4f\x7b\x36\x6f\x79\x5e\xe6\xd2\
\x00\xd6\x94\xf3\xf7\x45\x66\x4e\xb0\x41\xbf\x68\x5d\xb0\x68\x61\
\xd4\x00\xe6\xe5\x0c\xde\x8f\x3d\xc6\xb0\x08\x9e\x23\x62\x5f\x9e\
\xf5\xf1\x1e\x1e\xe8\x24\x3c\xae\xc1\x8d\xb7\x00\x00\x00\x00\x49\
\x45\x4e\x44\xae\x42\x60\x82\
\x00\x00\x07\x76\
\x89\
\x50\x4e\x47\x0d\x0a\x1a\x0a\x00\x00\x00\x0d\x49\x48\x44\x52\x00\
\x00\x00\x10\x00\x00\x00\x10\x08\x06\x00\x00\x00\x1f\xf3\xff\x61\
\x00\x00\x00\x09\x70\x48\x59\x73\x00\x00\x0b\x13\x00\x00\x0b\x13\
\x01\x00\x9a\x9c\x18\x00\x00\x05\xf1\x69\x54\x58\x74\x58\x4d\x4c\
\x3a\x63\x6f\x6d\x2e\x61\x64\x6f\x62\x65\x2e\x78\x6d\x70\x00\x00\
\x00\x00\x00\x3c\x3f\x78\x70\x61\x63\x6b\x65\x74\x20\x62\x65\x67\
\x69\x6e\x3d\x22\xef\xbb\xbf\x22\x20\x69\x64\x3d\x22\x57\x35\x4d\
\x30\x4d\x70\x43\x65\x68\x69\x48\x7a\x72\x65\x53\x7a\x4e\x54\x63\
\x7a\x6b\x63\x39\x64\x22\x3f\x3e\x20\x3c\x78\x3a\x78\x6d\x70\x6d\
\x65\x74\x61\x20\x78\x6d\x6c\x6e\x73\x3a\x78\x3d\x22\x61\x64\x6f\
\x62\x65\x3a\x6e\x73\x3a\x6d\x65\x74\x61\x2f\x22\x20\x78\x3a\x78\
\x6d\x70\x74\x6b\x3d\x22\x41\x64\x6f\x62\x65\x20\x58\x4d\x50\x20\
\x43\x6f\x72\x65\x20\x35\x2e\x36\x2d\x63\x31\x34\x38\x20\x37\x39\
\x2e\x31\x36\x34\x30\x33\x36\x2c\x20\x32\x30\x31\x39\x2f\x30\x38\
\x2f\x31\x33\x2d\x30\x31\x3a\x30\x36\x3a\x35\x37\x20\x20\x20\x20\
\x20\x20\x20\x20\x22\x3e\x20\x3c\x72\x64\x66\x3a\x52\x44\x46\x20\
\x78\x6d\x6c\x6e\x73\x3a\x72\x64\x66\x3d\x22\x68\x74\x74\x70\x3a\
\x2f\x2f\x77\x77\x77\x2e\x77\x33\x2e\x6f\x72\x67\x2f\x31\x39\x39\
\x39\x2f\x30\x32\x2f\x32\x32\x2d\x72\x64\x66\x2d\x73\x79\x6e\x74\
\x61\x78\x2d\x6e\x73\x23\x22\x3e\x20\x3c\x72\x64\x66\x3a\x44\x65\
\x73\x63\x72\x69\x70\x74\x69\x6f\x6e\x20\x72\x64\x66\x3a\x61\x62\
\x6f\x75\x74\x3d\x22\x22\x20\x78\x6d\x6c\x6e\x73\x3a\x78\x6d\x70\
\x3d\x22\x68\x74\x74\x70\x3a\x2f\x2f\x6e\x73\x2e\x61\x64\x6f\x62\
\x65\x2e\x63\x6f\x6d\x2f\x78\x61\x70\x2f\x31\x2e\x30\x2f\x22\x20\
\x78\x6d\x6c\x6e\x73\x3a\x64\x63\x3d\x22\x68\x74\x74\x70\x3a\x2f\
\x2f\x70\x75\x72\x6c\x2e\x6f\x72\x67\x2f\x64\x63\x2f\x65\x6c\x65\
\x6d\x65\x6e\x74\x73\x2f\x31\x2e\x31\x2f\x22\x20\x78\x6d\x6c\x6e\
\x73\x3a\x70\x68\x6f\x74\x6f\x73\x68\x6f\x70\x3d\x22\x68\x74\x74\
\x70\x3a\x2f\x2f\x6e\x73\x2e\x61\x64\x6f\x62\x65\x2e\x63\x6f\x6d\
\x2f\x70\x68\x6f\x74\x6f\x73\x68\x6f\x70\x2f\x31\x2e\x30\x2f\x22\
\x20\x78\x6d\x6c\x6e\x73\x3a\x78\x6d\x70\x4d\x4d\x3d\x22\x68\x74\
\x74\x70\x3a\x2f\x2f\x6e\x73\x2e\x61\x64\x6f\x62\x65\x2e\x63\x6f\
\x6d\x2f\x78\x61\x70\x2f\x31\x2e\x30\x2f\x6d\x6d\x2f\x22\x20\x78\
\x6d\x6c\x6e\x73\x3a\x73\x74\x45\x76\x74\x3d\x22\x68\x74\x74\x70\
\x3a\x2f\x2f\x6e\x73\x2e\x61\x64\x6f\x62\x65\x2e\x63\x6f\x6d\x2f\
\x78\x61\x70\x2f\x31\x2e\x30\x2f\x73\x54\x79\x70\x65\x2f\x52\x65\
\x73\x6f\x75\x72\x63\x65\x45\x76\x65\x6e\x74\x23\x22\x20\x78\x6d\
\x70\x3a\x43\x72\x65\x61\x74\x6f\x72\x54\x6f\x6f\x6c\x3d\x22\x41\
\x64\x6f\x62\x65\x20\x50\x68\x6f\x74\x6f\x73\x68\x6f\x70\x20\x32\
\x31\x2e\x30\x20\x28\x57\x69\x6e\x64\x6f\x77\x73\x29\x22\x20\x78\
\x6d\x70\x3a\x43\x72\x65\x61\x74\x65\x44\x61\x74\x65\x3d\x22\x32\
\x30\x32\x30\x2d\x30\x33\x2d\x30\x33\x54\x30\x39\x3a\x35\x30\x3a\
\x34\x30\x2d\x30\x33\x3a\x30\x30\x22\x20\x78\x6d\x70\x3a\x4d\x6f\
\x64\x69\x66\x79\x44\x61\x74\x65\x3d\x22\x32\x30\x32\x30\x2d\x30\
\x35\x2d\x30\x32\x54\x31\x37\x3a\x35\x38\x3a\x35\x39\x2d\x30\x33\
\x3a\x30\x30\x22\x20\x78\x6d\x70\x3a\x4d\x65\x74\x61\x64\x61\x74\
\x61\x44\x61\x74\x65\x3d\x22\x32\x30\x32\x30\x2d\x30\x35\x2d\x30\
\x32\x54\x31\x37\x3a\x35\x38\x3a\x35\x39\x2d\x30\x33\x3a\x30\x30\
\x22\x20\x64\x63\x3a\x66\x6f\x72\x6d\x61\x74\x3d\x22\x69\x6d\x61\
\x67\x65\x2f\x70\x6e\x67\x22\x20\x70\x68\x6f\x74\x6f\x73\x68\x6f\
\x70\x3a\x43\x6f\x6c\x6f\x72\x4d\x6f\x64\x65\x3d\x22\x33\x22\x20\
\x70\x68\x6f\x74\x6f\x73\x68\x6f\x70\x3a\x49\x43\x43\x50\x72\x6f\
\x66\x69\x6c\x65\x3d\x22\x73\x52\x47\x42\x20\x49\x45\x43\x36\x31\
\x39\x36\x36\x2d\x32\x2e\x31\x22\x20\x78\x6d\x70\x4d\x4d\x3a\x49\
\x6e\x73\x74\x61\x6e\x63\x65\x49\x44\x3d\x22\x78\x6d\x70\x2e\x69\
\x69\x64\x3a\x64\x32\x32\x36\x33\x33\x65\x32\x2d\x66\x35\x35\x30\
\x2d\x34\x35\x34\x34\x2d\x62\x32\x36\x35\x2d\x30\x66\x38\x39\x33\
\x30\x64\x34\x65\x37\x39\x33\x22\x20\x78\x6d\x70\x4d\x4d\x3a\x44\
\x6f\x63\x75\x6d\x65\x6e\x74\x49\x44\x3d\x22\x61\x64\x6f\x62\x65\
\x3a\x64\x6f\x63\x69\x64\x3a\x70\x68\x6f\x74\x6f\x73\x68\x6f\x70\
\x3a\x31\x61\x31\x31\x36\x38\x32\x64\x2d\x38\x64\x66\x39\x2d\x30\
\x36\x34\x37\x2d\x38\x61\x39\x38\x2d\x34\x39\x65\x63\x36\x65\x63\
\x31\x37\x32\x39\x61\x22\x20\x78\x6d\x70\x4d\x4d\x3a\x4f\x72\x69\
\x67\x69\x6e\x61\x6c\x44\x6f\x63\x75\x6d\x65\x6e\x74\x49\x44\x3d\
\x22\x78\x6d\x70\x2e\x64\x69\x64\x3a\x66\x39\x62\x65\x36\x39\x34\
\x34\x2d\x64\x61\x61\x39\x2d\x31\x66\x34\x38\x2d\x61\x31\x33\x62\
\x2d\x36\x30\x31\x38\x65\x38\x65\x63\x62\x32\x39\x38\x22\x3e\x20\
\x3c\x78\x6d\x70\x4d\x4d\x3a\x48\x69\x73\x74\x6f\x72\x79\x3e\x20\
\x3c\x72\x64\x66\x3a\x53\x65\x71\x3e\x20\x3c\x72\x64\x66\x3a\x6c\
\x69\x20\x73\x74\x45\x76\x74\x3a\x61\x63\x74\x69\x6f\x6e\x3d\x22\
\x63\x72\x65\x61\x74\x65\x64\x22\x20\x73\x74\x45\x76\x74\x3a\x69\
\x6e\x73\x74\x61\x6e\x63\x65\x49\x44\x3d\x22\x78\x6d\x70\x2e\x69\
\x69\x64\x3a\x66\x39\x62\x65\x36\x39\x34\x34\x2d\x64\x61\x61\x39\
\x2d\x31\x66\x34\x38\x2d\x61\x31\x33\x62\x2d\x36\x30\x31\x38\x65\
\x38\x65\x63\x62\x32\x39\x38\x22\x20\x73\x74\x45\x76\x74\x3a\x77\
\x68\x65\x6e\x3d\x22\x32\x30\x32\x30\x2d\x30\x33\x2d\x30\x33\x54\
\x30\x39\x3a\x35\x30\x3a\x34\x30\x2d\x30\x33\x3a\x30\x30\x22\x20\
\x73\x74\x45\x76\x74\x3a\x73\x6f\x66\x74\x77\x61\x72\x65\x41\x67\
\x65\x6e\x74\x3d\x22\x41\x64\x6f\x62\x65\x20\x50\x68\x6f\x74\x6f\
\x73\x68\x6f\x70\x20\x32\x31\x2e\x30\x20\x28\x57\x69\x6e\x64\x6f\
\x77\x73\x29\x22\x2f\x3e\x20\x3c\x72\x64\x66\x3a\x6c\x69\x20\x73\
\x74\x45\x76\x74\x3a\x61\x63\x74\x69\x6f\x6e\x3d\x22\x73\x61\x76\
\x65\x64\x22\x20\x73\x74\x45\x76\x74\x3a\x69\x6e\x73\x74\x61\x6e\
\x63\x65\x49\x44\x3d\x22\x78\x6d\x70\x2e\x69\x69\x64\x3a\x64\x32\
\x32\x36\x33\x33\x65\x32\x2d\x66\x35\x35\x30\x2d\x34\x35\x34\x34\
\x2d\x62\x32\x36\x35\x2d\x30\x66\x38\x39\x33\x30\x64\x34\x65\x37\
\x39\x33\x22\x20\x73\x74\x45\x76\x74\x3a\x77\x68\x65\x6e\x3d\x22\
\x32\x30\x32\x30\x2d\x30\x35\x2d\x30\x32\x54\x31\x37\x3a\x35\x38\
\x3a\x35\x39\x2d\x30\x33\x3a\x30\x30\x22\x20\x73\x74\x45\x76\x74\
\x3a\x73\x6f\x66\x74\x77\x61\x72\x65\x41\x67\x65\x6e\x74\x3d\x22\
\x41\x64\x6f\x62\x65\x20\x50\x68\x6f\x74\x6f\x73\x68\x6f\x70\x20\
\x32\x31\x2e\x30\x20\x28\x57\x69\x6e\x64\x6f\x77\x73\x29\x22\x20\
\x73\x74\x45\x76\x74\x3a\x63\x68\x61\x6e\x67\x65\x64\x3d\x22\x2f\
\x22\x2f\x3e\x20\x3c\x2f\x72\x64\x66\x3a\x53\x65\x71\x3e\x20\x3c\
\x2f\x78\x6d\x70\x4d\x4d\x3a\x48\x69\x73\x74\x6f\x72\x79\x3e\x20\
\x3c\x2f\x72\x64\x66\x3a\x44\x65\x73\x63\x72\x69\x70\x74\x69\x6f\
\x6e\x3e\x20\x3c\x2f\x72\x64\x66\x3a\x52\x44\x46\x3e\x20\x3c\x2f\
\x78\x3a\x78\x6d\x70\x6d\x65\x74\x61\x3e\x20\x3c\x3f\x78\x70\x61\
\x63\x6b\x65\x74\x20\x65\x6e\x64\x3d\x22\x72\x22\x3f\x3e\x8d\x26\
\xae\x84\x00\x00\x01\x2b\x49\x44\x41\x54\x38\xcb\x95\xd2\x4d\x2b\
\xc4\x51\x14\xc7\xf1\x6b\x46\x33\x94\xb5\x85\xad\xb2\x12\xe5\x61\
\x8f\x28\x65\xa3\xbc\x01\xe3\x21\x62\x65\xc8\xbb\xf0\x2e\xc4\x62\
\xd4\x78\xdc\xb1\x94\x91\xb0\x44\x36\x56\xff\x2c\x3c\xbc\x05\xdf\
\x93\x73\x75\x3a\xee\x55\xa6\x3e\xdd\xee\xff\xde\xf3\xbb\x0f\x73\
\x43\x51\x14\xc1\x29\x69\xdb\x81\x25\xf4\x68\xbf\x3d\x31\x37\xe4\
\x8a\x65\xf2\x31\x5e\x70\x8f\xbe\x5c\x48\xaa\x58\xda\x0b\x9c\x6a\
\x7f\x1b\xaf\x18\x4a\x85\xa4\x8a\xcf\x71\xe2\x56\x5a\xc0\x1b\x26\
\xb5\x5f\xb6\x01\x7f\x15\x97\xcd\xf8\x2c\x3e\x30\x67\x17\x0d\x66\
\x5b\xbe\xb8\xe4\x82\xa4\x1d\xc7\xbb\x5e\xee\xcf\x0e\xaa\x5a\x98\
\x2b\x0e\xee\xec\xc3\xc5\xf7\x6f\x3d\x06\x4c\xe0\xd9\x15\xb7\xa5\
\xfe\x32\x13\x32\x8d\x07\x54\xa4\x33\x85\xab\xc4\xca\x15\x74\x29\
\xbf\xb3\x41\xdc\xca\x5b\x89\x01\x37\x6e\xc2\x32\x9e\x70\xad\xef\
\xa0\x85\x7e\x13\x34\xaa\xdf\xab\xb9\x80\x33\xec\xe8\x03\x1a\xd0\
\x80\x55\x13\x30\x92\x0b\x88\xb7\xdd\xc4\xbc\x29\x68\x60\xe5\x3f\
\x01\x87\x6e\xc5\x23\x17\xf0\xeb\x08\x2d\x77\xdb\x07\xae\xa0\xa9\
\xaf\x31\xf6\xe5\x58\x77\x31\x60\x4c\x1f\x47\x43\xed\xe1\x13\x8b\
\x6e\x07\x8f\xd8\xc5\x3e\x2e\x35\xa0\x53\x06\xbb\x51\xc3\x16\xea\
\xd8\xc4\x1a\x7a\x4d\x80\xbc\xc0\x0d\x1d\xab\xeb\xdc\x19\x39\xf2\
\x17\xde\x5a\xed\xfe\x19\x48\x39\x4e\x00\x00\x00\x00\x49\x45\x4e\
\x44\xae\x42\x60\x82\
\x00\x00\x07\x67\
\x89\
\x50\x4e\x47\x0d\x0a\x1a\x0a\x00\x00\x00\x0d\x49\x48\x44\x52\x00\
\x00\x00\x10\x00\x00\x00\x10\x08\x06\x00\x00\x00\x1f\xf3\xff\x61\
\x00\x00\x00\x09\x70\x48\x59\x73\x00\x00\x0b\x13\x00\x00\x0b\x13\
\x01\x00\x9a\x9c\x18\x00\x00\x05\xf1\x69\x54\x58\x74\x58\x4d\x4c\
\x3a\x63\x6f\x6d\x2e\x61\x64\x6f\x62\x65\x2e\x78\x6d\x70\x00\x00\
\x00\x00\x00\x3c\x3f\x78\x70\x61\x63\x6b\x65\x74\x20\x62\x65\x67\
\x69\x6e\x3d\x22\xef\xbb\xbf\x22\x20\x69\x64\x3d\x22\x57\x35\x4d\
\x30\x4d\x70\x43\x65\x68\x69\x48\x7a\x72\x65\x53\x7a\x4e\x54\x63\
\x7a\x6b\x63\x39\x64\x22\x3f\x3e\x20\x3c\x78\x3a\x78\x6d\x70\x6d\
\x65\x74\x61\x20\x78\x6d\x6c\x6e\x73\x3a\x78\x3d\x22\x61\x64\x6f\
\x62\x65\x3a\x6e\x73\x3a\x6d\x65\x74\x61\x2f\x22\x20\x78\x3a\x78\
\x6d\x70\x74\x6b\x3d\x22\x41\x64\x6f\x62\x65\x20\x58\x4d\x50\x20\
\x43\x6f\x72\x65\x20\x35\x2e\x36\x2d\x63\x31\x34\x38\x20\x37\x39\
\x2e\x31\x36\x34\x30\x33\x36\x2c\x20\x32\x30\x31\x39\x2f\x30\x38\
\x2f\x31\x33\x2d\x30\x31\x3a\x30\x36\x3a\x35\x37\x20\x20\x20\x20\
\x20\x20\x20\x20\x22\x3e\x20\x3c\x72\x64\x66\x3a\x52\x44\x46\x20\
\x78\x6d\x6c\x6e\x73\x3a\x72\x64\x66\x3d\x22\x68\x74\x74\x70\x3a\
\x2f\x2f\x77\x77\x77\x2e\x77\x33\x2e\x6f\x72\x67\x2f\x31\x39\x39\
\x39\x2f\x30\x32\x2f\x32\x32\x2d\x72\x64\x66\x2d\x73\x79\x6e\x74\
\x61\x78\x2d\x6e\x73\x23\x22\x3e\x20\x3c\x72\x64\x66\x3a\x44\x65\
\x73\x63\x72\x69\x70\x74\x69\x6f\x6e\x20\x72\x64\x66\x3a\x61\x62\
\x6f\x75\x74\x3d\x22\x22\x20\x78\x6d\x6c\x6e\x73\x3a\x78\x6d\x70\
\x3d\x22\x68\x74\x74\x70\x3a\x2f\x2f\x6e\x73\x2e\x61\x64\x6f\x62\
\x65\x2e\x63\x6f\x6d\x2f\x78\x61\x70\x2f\x31\x2e\x30\x2f\x22\x20\
\x78\x6d\x6c\x6e\x73\x3a\x64\x63\x3d\x22\x68\x74\x74\x70\x3a\x2f\
\x2f\x70\x75\x72\x6c\x2e\x6f\x72\x67\x2f\x64\x63\x2f\x65\x6c\x65\
\x6d\x65\x6e\x74\x73\x2f\x31\x2e\x31\x2f\x22\x20\x78\x6d\x6c\x6e\
\x73\x3a\x70\x68\x6f\x74\x6f\x73\x68\x6f\x70\x3d\x22\x68\x74\x74\
\x70\x3a\x2f\x2f\x6e\x73\x2e\x61\x64\x6f\x62\x65\x2e\x63\x6f\x6d\
\x2f\x70\x68\x6f\x74\x6f\x73\x68\x6f\x70\x2f\x31\x2e\x30\x2f\x22\
\x20\x78\x6d\x6c\x6e\x73\x3a\x78\x6d\x70\x4d\x4d\x3d\x22\x68\x74\
\x74\x70\x3a\x2f\x2f\x6e\x73\x2e\x61\x64\x6f\x62\x65\x2e\x63\x6f\
\x6d\x2f\x78\x61\x70\x2f\x31\x2e\x30\x2f\x6d\x6d\x2f\x22\x20\x78\
\x6d\x6c\x6e\x73\x3a\x73\x74\x45\x76\x74\x3d\x22\x68\x74\x74\x70\
\x3a\x2f\x2f\x6e\x73\x2e\x61\x64\x6f\x62\x65\x2e\x63\x6f\x6d\x2f\
\x78\x61\x70\x2f\x31\x2e\x30\x2f\x73\x54\x79\x70\x65\x2f\x52\x65\
\x73\x6f\x75\x72\x63\x65\x45\x76\x65\x6e\x74\x23\x22\x20\x78\x6d\
\x70\x3a\x43\x72\x65\x61\x74\x6f\x72\x54\x6f\x6f\x6c\x3d\x22\x41\
\x64\x6f\x62\x65\x20\x50\x68\x6f\x74\x6f\x73\x68\x6f\x70\x20\x32\
\x31\x2e\x30\x20\x28\x57\x69\x6e\x64\x6f\x77\x73\x29\x22\x20\x78\
\x6d\x70\x3a\x43\x72\x65\x61\x74\x65\x44\x61\x74\x65\x3d\x22\x32\
\x30\x32\x30\x2d\x30\x33\x2d\x30\x33\x54\x30\x39\x3a\x35\x30\x3a\
\x33\x39\x2d\x30\x33\x3a\x30\x30\x22\x20\x78\x6d\x70\x3a\x4d\x6f\
\x64\x69\x66\x79\x44\x61\x74\x65\x3d\x22\x32\x30\x32\x30\x2d\x30\
\x35\x2d\x30\x32\x54\x31\x37\x3a\x35\x38\x3a\x33\x38\x2d\x30\x33\
\x3a\x30\x30\x22\x20\x78\x6d\x70\x3a\x4d\x65\x74\x61\x64\x61\x74\
\x61\x44\x61\x74\x65\x3d\x22\x32\x30\x32\x30\x2d\x30\x35\x2d\x30\
\x32\x54\x31\x37\x3a\x35\x38\x3a\x33\x38\x2d\x30\x33\x3a\x30\x30\
\x22\x20\x64\x63\x3a\x66\x6f\x72\x6d\x61\x74\x3d\x22\x69\x6d\x61\
\x67\x65\x2f\x70\x6e\x67\x22\x20\x70\x68\x6f\x74\x6f\x73\x68\x6f\
\x70\x3a\x43\x6f\x6c\x6f\x72\x4d\x6f\x64\x65\x3d\x22\x33\x22\x20\
\x70\x68\x6f\x74\x6f\x73\x68\x6f\x70\x3a\x49\x43\x43\x50\x72\x6f\
\x66\x69\x6c\x65\x3d\x22\x73\x52\x47\x42\x20\x49\x45\x43\x36\x31\
\x39\x36\x36\x2d\x32\x2e\x31\x22\x20\x78\x6d\x70\x4d\x4d\x3a\x49\
\x6e\x73\x74\x61\x6e\x63\x65\x49\x44\x3d\x22\x78\x6d\x70\x2e\x69\
\x69\x64\x3a\x65\x33\x34\x62\x35\x30\x31\x65\x2d\x62\x64\x61\x34\
\x2d\x36\x63\x34\x35\x2d\x61\x63\x62\x36\x2d\x65\x65\x61\x34\x63\
\x63\x36\x32\x63\x62\x37\x64\x22\x20\x78\x6d\x70\x4d\x4d\x3a\x44\
\x6f\x63\x75\x6d\x65\x6e\x74\x49\x44\x3d\x22\x61\x64\x6f\x62\x65\
\x3a\x64\x6f\x63\x69\x64\x3a\x70\x68\x6f\x74\x6f\x73\x68\x6f\x70\
\x3a\x33\x31\x39\x35\x36\x66\x62\x32\x2d\x38\x30\x34\x32\x2d\x64\
\x32\x34\x30\x2d\x61\x34\x36\x33\x2d\x66\x34\x61\x61\x31\x38\x37\
\x63\x31\x33\x65\x65\x22\x20\x78\x6d\x70\x4d\x4d\x3a\x4f\x72\x69\
\x67\x69\x6e\x61\x6c\x44\x6f\x63\x75\x6d\x65\x6e\x74\x49\x44\x3d\
\x22\x78\x6d\x70\x2e\x64\x69\x64\x3a\x63\x66\x63\x30\x30\x62\x39\
\x61\x2d\x61\x63\x36\x62\x2d\x31\x62\x34\x30\x2d\x61\x32\x35\x34\
\x2d\x31\x33\x61\x34\x31\x63\x37\x30\x36\x33\x62\x38\x22\x3e\x20\
\x3c\x78\x6d\x70\x4d\x4d\x3a\x48\x69\x73\x74\x6f\x72\x79\x3e\x20\
\x3c\x72\x64\x66\x3a\x53\x65\x71\x3e\x20\x3c\x72\x64\x66\x3a\x6c\
\x69\x20\x73\x74\x45\x76\x74\x3a\x61\x63\x74\x69\x6f\x6e\x3d\x22\
\x63\x72\x65\x61\x74\x65\x64\x22\x20\x73\x74\x45\x76\x74\x3a\x69\
\x6e\x73\x74\x61\x6e\x63\x65\x49\x44\x3d\x22\x78\x6d\x70\x2e\x69\
\x69\x64\x3a\x63\x66\x63\x30\x30\x62\x39\x61\x2d\x61\x63\x36\x62\
\x2d\x31\x62\x34\x30\x2d\x61\x32\x35\x34\x2d\x31\x33\x61\x34\x31\
\x63\x37\x30\x36\x33\x62\x38\x22\x20\x73\x74\x45\x76\x74\x3a\x77\
\x68\x65\x6e\x3d\x22\x32\x30\x32\x30\x2d\x30\x33\x2d\x30\x33\x54\
\x30\x39\x3a\x35\x30\x3a\x33\x39\x2d\x30\x33\x3a\x30\x30\x22\x20\
\x73\x74\x45\x76\x74\x3a\x73\x6f\x66\x74\x77\x61\x72\x65\x41\x67\
\x65\x6e\x74\x3d\x22\x41\x64\x6f\x62\x65\x20\x50\x68\x6f\x74\x6f\
\x73\x68\x6f\x70\x20\x32\x31\x2e\x30\x20\x28\x57\x69\x6e\x64\x6f\
\x77\x73\x29\x22\x2f\x3e\x20\x3c\x72\x64\x66\x3a\x6c\x69\x20\x73\
\x74\x45\x76\x74\x3a\x61\x63\x74\x69\x6f\x6e\x3d\x22\x73\x61\x76\
\x65\x64\x22\x20\x73\x74\x45\x76\x74\x3a\x69\x6e\x73\x74\x61\x6e\
\x63\x65\x49\x44\x3d\x22\x78\x6d\x70\x2e\x69\x69\x64\x3a\x65\x33\
\x34\x62\x35\x30\x31\x65\x2d\x62\x64\x61\x34\x2d\x36\x63\x34\x35\
\x2d\x61\x63\x62\x36\x2d\x65\x65\x61\x34\x63\x63\x36\x32\x63\x62\
\x37\x64\x22\x20\x73\x74\x45\x76\x74\x3a\x77\x68\x65\x6e\x3d\x22\
\x32\x30\x32\x30\x2d\x30\x35\x2d\x30\x32\x54\x31\x37\x3a\x35\x38\
\x3a\x33\x38\x2d\x30\x33\x3a\x30\x30\x22\x20\x73\x74\x45\x76\x74\
\x3a\x73\x6f\x66\x74\x77\x61\x72\x65\x41\x67\x65\x6e\x74\x3d\x22\
\x41\x64\x6f\x62\x65\x20\x50\x68\x6f\x74\x6f\x73\x68\x6f\x70\x20\
\x32\x31\x2e\x30\x20\x28\x57\x69\x6e\x64\x6f\x77\x73\x29\x22\x20\
\x73\x74\x45\x76\x74\x3a\x63\x68\x61\x6e\x67\x65\x64\x3d\x22\x2f\
\x22\x2f\x3e\x20\x3c\x2f\x72\x64\x66\x3a\x53\x65\x71\x3e\x20\x3c\
\x2f\x78\x6d\x70\x4d\x4d\x3a\x48\x69\x73\x74\x6f\x72\x79\x3e\x20\
\x3c\x2f\x72\x64\x66\x3a\x44\x65\x73\x63\x72\x69\x70\x74\x69\x6f\
\x6e\x3e\x20\x3c\x2f\x72\x64\x66\x3a\x52\x44\x46\x3e\x20\x3c\x2f\
\x78\x3a\x78\x6d\x70\x6d\x65\x74\x61\x3e\x20\x3c\x3f\x78\x70\x61\
\x63\x6b\x65\x74\x20\x65\x6e\x64\x3d\x22\x72\x22\x3f\x3e\x00\x7b\
\x3f\xcc\x00\x00\x01\x1c\x49\x44\x41\x54\x38\x8d\x8d\xd3\x3d\x2f\
\x45\x41\x10\xc6\xf1\x73\x5d\x21\x4a\xa2\x50\x28\x6e\x85\xe4\x26\
\x37\x24\x5e\x1a\x1d\xb5\x5e\xa9\x13\x8d\x46\x29\xa1\xf2\x92\x48\
\x44\x21\x3e\x81\x2f\xa0\x12\xe2\x16\x0a\x42\x10\x51\x48\xa8\xf9\
\x7d\x0d\x0a\xbb\xc9\xda\xec\x09\x27\x99\xec\x9c\x39\x33\xff\x99\
\x67\x36\xa7\x42\x55\xb0\x9e\x70\xae\x60\x36\x8b\xfd\xb2\x52\x71\
\x33\x9c\x93\xf8\xc2\x5d\x5d\x71\x1d\x20\xda\x3d\x36\x70\x86\x9d\
\x0c\x5e\x0b\x88\x09\x9b\xb8\x0d\x7e\x1b\x9f\xe8\x94\xa4\x94\x74\
\x8f\x87\x82\xa9\xe4\xdb\x16\xae\xff\x2b\xe1\x12\xbb\xc1\xef\x4d\
\xe2\x8f\x58\xcf\xa5\xe4\xdd\x57\xf1\x92\x69\x8d\xfe\x3c\x3e\xd0\
\x0a\xef\x8d\x08\x68\x84\xc0\x30\xde\xb0\x50\x58\x58\xf4\x8f\x71\
\x9a\x03\xe2\x98\x6b\xb8\xa8\xb9\xf3\xd8\xa4\x15\x9a\x8c\xc6\x78\
\x0a\x38\xc0\x51\x0d\x20\x5a\x3f\x1e\x30\x17\xf3\x52\xc0\x1e\x4e\
\xfe\x98\x60\x00\x4f\x98\x4e\x01\x51\xdf\x32\x6e\x92\x82\x46\x02\
\x88\x4d\x3a\x78\xc5\x50\x2a\x21\x4d\x7a\x4e\xae\xaa\x64\x5d\xec\
\xa7\x53\xe6\xd7\x38\xe3\xe7\xd9\xc6\x60\x98\xa2\x89\xb1\xb0\xe0\
\x6e\x32\x4d\x23\x05\xa4\x90\x36\xce\xc3\xb6\xaf\x82\xac\x77\x1c\
\xa2\x2f\xdb\x49\xed\xbf\x50\x61\x02\x4b\x58\xc4\x48\x61\xa1\x15\
\xaa\x6f\x81\xf9\xd7\xfa\xc7\xc6\xdd\xd7\x00\x00\x00\x00\x49\x45\
\x4e\x44\xae\x42\x60\x82\
\x00\x00\x00\xd2\
\x89\
\x50\x4e\x47\x0d\x0a\x1a\x0a\x00\x00\x00\x0d\x49\x48\x44\x52\x00\
\x00\x00\x0b\x00\x00\x00\x0b\x08\x06\x00\x00\x00\xa9\xac\x77\x26\
\x00\x00\x00\x09\x70\x48\x59\x73\x00\x00\x01\x90\x00\x00\x01\x90\
\x01\x21\xf7\xeb\x7e\x00\x00\x00\x19\x74\x45\x58\x74\x53\x6f\x66\
\x74\x77\x61\x72\x65\x00\x77\x77\x77\x2e\x69\x6e\x6b\x73\x63\x61\
\x70\x65\x2e\x6f\x72\x67\x9b\xee\x3c\x1a\x00\x00\x00\x5f\x49\x44\
\x41\x54\x18\x95\x95\x91\xb1\x12\x80\x30\x08\x43\xdb\xfe\xbf\xbd\
\xd3\x4e\x7e\x53\x5d\xea\x0f\x3d\x07\xd3\x85\x83\xab\x32\x86\x04\
\x48\x48\xc0\x05\x6c\x40\x4e\x4e\x01\x59\xfd\x9e\x80\xca\x5b\xcd\
\x0a\x44\x6c\xea\xd7\x09\xec\x02\xce\x29\x10\x7e\x58\xdc\x13\x14\
\x97\x18\xac\xbc\xa3\xd3\xac\x60\x88\x38\x56\xc4\xf5\x64\xc7\x4c\
\xf1\x4c\x87\xae\xdd\x94\xfe\xe6\xdc\xf9\xf8\xc1\x07\x59\x3e\x27\
\xe9\xd5\x83\xa9\xc6\x00\x00\x00\x00\x49\x45\x4e\x44\xae\x42\x60\
\x82\
\x00\x00\x07\xaf\
\x89\
\x50\x4e\x47\x0d\x0a\x1a\x0a\x00\x00\x00\x0d\x49\x48\x44\x52\x00\
\x00\x00\x10\x00\x00\x00\x10\x08\x06\x00\x00\x00\x1f\xf3\xff\x61\
\x00\x00\x00\x09\x70\x48\x59\x73\x00\x00\x0b\x13\x00\x00\x0b\x13\
\x01\x00\x9a\x9c\x18\x00\x00\x05\xf1\x69\x54\x58\x74\x58\x4d\x4c\
\x3a\x63\x6f\x6d\x2e\x61\x64\x6f\x62\x65\x2e\x78\x6d\x70\x00\x00\
\x00\x00\x00\x3c\x3f\x78\x70\x61\x63\x6b\x65\x74\x20\x62\x65\x67\
\x69\x6e\x3d\x22\xef\xbb\xbf\x22\x20\x69\x64\x3d\x22\x57\x35\x4d\
\x30\x4d\x70\x43\x65\x68\x69\x48\x7a\x72\x65\x53\x7a\x4e\x54\x63\
\x7a\x6b\x63\x39\x64\x22\x3f\x3e\x20\x3c\x78\x3a\x78\x6d\x70\x6d\
\x65\x74\x61\x20\x78\x6d\x6c\x6e\x73\x3a\x78\x3d\x22\x61\x64\x6f\
\x62\x65\x3a\x6e\x73\x3a\x6d\x65\x74\x61\x2f\x22\x20\x78\x3a\x78\
\x6d\x70\x74\x6b\x3d\x22\x41\x64\x6f\x62\x65\x20\x58\x4d\x50\x20\
\x43\x6f\x72\x65\x20\x35\x2e\x36\x2d\x63\x31\x34\x38\x20\x37\x39\
\x2e\x31\x36\x34\x30\x33\x36\x2c\x20\x32\x30\x31\x39\x2f\x30\x38\
\x2f\x31\x33\x2d\x30\x31\x3a\x30\x36\x3a\x35\x37\x20\x20\x20\x20\
\x20\x20\x20\x20\x22\x3e\x20\x3c\x72\x64\x66\x3a\x52\x44\x46\x20\
\x78\x6d\x6c\x6e\x73\x3a\x72\x64\x66\x3d\x22\x68\x74\x74\x70\x3a\
\x2f\x2f\x77\x77\x77\x2e\x77\x33\x2e\x6f\x72\x67\x2f\x31\x39\x39\
\x39\x2f\x30\x32\x2f\x32\x32\x2d\x72\x64\x66\x2d\x73\x79\x6e\x74\
\x61\x78\x2d\x6e\x73\x23\x22\x3e\x20\x3c\x72\x64\x66\x3a\x44\x65\
\x73\x63\x72\x69\x70\x74\x69\x6f\x6e\x20\x72\x64\x66\x3a\x61\x62\
\x6f\x75\x74\x3d\x22\x22\x20\x78\x6d\x6c\x6e\x73\x3a\x78\x6d\x70\
\x3d\x22\x68\x74\x74\x70\x3a\x2f\x2f\x6e\x73\x2e\x61\x64\x6f\x62\
\x65\x2e\x63\x6f\x6d\x2f\x78\x61\x70\x2f\x31\x2e\x30\x2f\x22\x20\
\x78\x6d\x6c\x6e\x73\x3a\x64\x63\x3d\x22\x68\x74\x74\x70\x3a\x2f\
\x2f\x70\x75\x72\x6c\x2e\x6f\x72\x67\x2f\x64\x63\x2f\x65\x6c\x65\
\x6d\x65\x6e\x74\x73\x2f\x31\x2e\x31\x2f\x22\x20\x78\x6d\x6c\x6e\
\x73\x3a\x70\x68\x6f\x74\x6f\x73\x68\x6f\x70\x3d\x22\x68\x74\x74\
\x70\x3a\x2f\x2f\x6e\x73\x2e\x61\x64\x6f\x62\x65\x2e\x63\x6f\x6d\
\x2f\x70\x68\x6f\x74\x6f\x73\x68\x6f\x70\x2f\x31\x2e\x30\x2f\x22\
\x20\x78\x6d\x6c\x6e\x73\x3a\x78\x6d\x70\x4d\x4d\x3d\x22\x68\x74\
\x74\x70\x3a\x2f\x2f\x6e\x73\x2e\x61\x64\x6f\x62\x65\x2e\x63\x6f\
\x6d\x2f\x78\x61\x70\x2f\x31\x2e\x30\x2f\x6d\x6d\x2f\x22\x20\x78\
\x6d\x6c\x6e\x73\x3a\x73\x74\x45\x76\x74\x3d\x22\x68\x74\x74\x70\
\x3a\x2f\x2f\x6e\x73\x2e\x61\x64\x6f\x62\x65\x2e\x63\x6f\x6d\x2f\
\x78\x61\x70\x2f\x31\x2e\x30\x2f\x73\x54\x79\x70\x65\x2f\x52\x65\
\x73\x6f\x75\x72\x63\x65\x45\x76\x65\x6e\x74\x23\x22\x20\x78\x6d\
\x70\x3a\x43\x72\x65\x61\x74\x6f\x72\x54\x6f\x6f\x6c\x3d\x22\x41\
\x64\x6f\x62\x65\x20\x50\x68\x6f\x74\x6f\x73\x68\x6f\x70\x20\x32\
\x31\x2e\x30\x20\x28\x57\x69\x6e\x64\x6f\x77\x73\x29\x22\x20\x78\
\x6d\x70\x3a\x43\x72\x65\x61\x74\x65\x44\x61\x74\x65\x3d\x22\x32\
\x30\x32\x30\x2d\x30\x33\x2d\x30\x33\x54\x30\x39\x3a\x35\x30\x3a\
\x33\x39\x2d\x30\x33\x3a\x30\x30\x22\x20\x78\x6d\x70\x3a\x4d\x6f\
\x64\x69\x66\x79\x44\x61\x74\x65\x3d\x22\x32\x30\x32\x30\x2d\x30\
\x35\x2d\x30\x32\x54\x31\x37\x3a\x35\x38\x3a\x34\x30\x2d\x30\x33\
\x3a\x30\x30\x22\x20\x78\x6d\x70\x3a\x4d\x65\x74\x61\x64\x61\x74\
\x61\x44\x61\x74\x65\x3d\x22\x32\x30\x32\x30\x2d\x30\x35\x2d\x30\
\x32\x54\x31\x37\x3a\x35\x38\x3a\x34\x30\x2d\x30\x33\x3a\x30\x30\
\x22\x20\x64\x63\x3a\x66\x6f\x72\x6d\x61\x74\x3d\x22\x69\x6d\x61\
\x67\x65\x2f\x70\x6e\x67\x22\x20\x70\x68\x6f\x74\x6f\x73\x68\x6f\
\x70\x3a\x43\x6f\x6c\x6f\x72\x4d\x6f\x64\x65\x3d\x22\x33\x22\x20\
\x70\x68\x6f\x74\x6f\x73\x68\x6f\x70\x3a\x49\x43\x43\x50\x72\x6f\
\x66\x69\x6c\x65\x3d\x22\x73\x52\x47\x42\x20\x49\x45\x43\x36\x31\
\x39\x36\x36\x2d\x32\x2e\x31\x22\x20\x78\x6d\x70\x4d\x4d\x3a\x49\
\x6e\x73\x74\x61\x6e\x63\x65\x49\x44\x3d\x22\x78\x6d\x70\x2e\x69\
\x69\x64\x3a\x38\x34\x38\x39\x39\x66\x37\x62\x2d\x36\x39\x30\x31\
\x2d\x63\x35\x34\x65\x2d\x61\x33\x64\x65\x2d\x33\x30\x63\x36\x61\
\x33\x37\x63\x63\x64\x64\x62\x22\x20\x78\x6d\x70\x4d\x4d\x3a\x44\
\x6f\x63\x75\x6d\x65\x6e\x74\x49\x44\x3d\x22\x61\x64\x6f\x62\x65\
\x3a\x64\x6f\x63\x69\x64\x3a\x70\x68\x6f\x74\x6f\x73\x68\x6f\x70\
\x3a\x36\x62\x64\x64\x32\x32\x64\x65\x2d\x62\x66\x64\x34\x2d\x66\
\x39\x34\x36\x2d\x38\x32\x35\x37\x2d\x38\x61\x33\x64\x66\x61\x61\
\x63\x66\x32\x30\x62\x22\x20\x78\x6d\x70\x4d\x4d\x3a\x4f\x72\x69\
\x67\x69\x6e\x61\x6c\x44\x6f\x63\x75\x6d\x65\x6e\x74\x49\x44\x3d\
\x22\x78\x6d\x70\x2e\x64\x69\x64\x3a\x64\x33\x61\x33\x35\x31\x33\
\x65\x2d\x35\x63\x38\x32\x2d\x31\x31\x34\x62\x2d\x39\x39\x36\x31\
\x2d\x37\x62\x62\x64\x35\x37\x30\x32\x30\x32\x36\x30\x22\x3e\x20\
\x3c\x78\x6d\x70\x4d\x4d\x3a\x48\x69\x73\x74\x6f\x72\x79\x3e\x20\
\x3c\x72\x64\x66\x3a\x53\x65\x71\x3e\x20\x3c\x72\x64\x66\x3a\x6c\
\x69\x20\x73\x74\x45\x76\x74\x3a\x61\x63\x74\x69\x6f\x6e\x3d\x22\
\x63\x72\x65\x61\x74\x65\x64\x22\x20\x73\x74\x45\x76\x74\x3a\x69\
\x6e\x73\x74\x61\x6e\x63\x65\x49\x44\x3d\x22\x78\x6d\x70\x2e\x69\
\x69\x64\x3a\x64\x33\x61\x33\x35\x31\x33\x65\x2d\x35\x63\x38\x32\
\x2d\x31\x31\x34\x62\x2d\x39\x39\x36\x31\x2d\x37\x62\x62\x64\x35\
\x37\x30\x32\x30\x32\x36\x30\x22\x20\x73\x74\x45\x76\x74\x3a\x77\
\x68\x65\x6e\x3d\x22\x32\x30\x32\x30\x2d\x30\x33\x2d\x30\x33\x54\
\x30\x39\x3a\x35\x30\x3a\x33\x39\x2d\x30\x33\x3a\x30\x30\x22\x20\
\x73\x74\x45\x76\x74\x3a\x73\x6f\x66\x74\x77\x61\x72\x65\x41\x67\
\x65\x6e\x74\x3d\x22\x41\x64\x6f\x62\x65\x20\x50\x68\x6f\x74\x6f\
\x73\x68\x6f\x70\x20\x32\x31\x2e\x30\x20\x28\x57\x69\x6e\x64\x6f\
\x77\x73\x29\x22\x2f\x3e\x20\x3c\x72\x64\x66\x3a\x6c\x69\x20\x73\
\x74\x45\x76\x74\x3a\x61\x63\x74\x69\x6f\x6e\x3d\x22\x73\x61\x76\
\x65\x64\x22\x20\x73\x74\x45\x76\x74\x3a\x69\x6e\x73\x74\x61\x6e\
\x63\x65\x49\x44\x3d\x22\x78\x6d\x70\x2e\x69\x69\x64\x3a\x38\x34\
\x38\x39\x39\x66\x37\x62\x2d\x36\x39\x30\x31\x2d\x63\x35\x34\x65\
\x2d\x61\x33\x64\x65\x2d\x33\x30\x63\x36\x61\x33\x37\x63\x63\x64\
\x64\x62\x22\x20\x73\x74\x45\x76\x74\x3a\x77\x68\x65\x6e\x3d\x22\
\x32\x30\x32\x30\x2d\x30\x35\x2d\x30\x32\x54\x31\x37\x3a\x35\x38\
\x3a\x34\x30\x2d\x30\x33\x3a\x30\x30\x22\x20\x73\x74\x45\x76\x74\
\x3a\x73\x6f\x66\x74\x77\x61\x72\x65\x41\x67\x65\x6e\x74\x3d\x22\
\x41\x64\x6f\x62\x65\x20\x50\x68\x6f\x74\x6f\x73\x68\x6f\x70\x20\
\x32\x31\x2e\x30\x20\x28\x57\x69\x6e\x64\x6f\x77\x73\x29\x22\x20\
\x73\x74\x45\x76\x74\x3a\x63\x68\x61\x6e\x67\x65\x64\x3d\x22\x2f\
\x22\x2f\x3e\x20\x3c\x2f\x72\x64\x66\x3a\x53\x65\x71\x3e\x20\x3c\
\x2f\x78\x6d\x70\x4d\x4d\x3a\x48\x69\x73\x74\x6f\x72\x79\x3e\x20\
\x3c\x2f\x72\x64\x66\x3a\x44\x65\x73\x63\x72\x69\x70\x74\x69\x6f\
\x6e\x3e\x20\x3c\x2f\x72\x64\x66\x3a\x52\x44\x46\x3e\x20\x3c\x2f\
\x78\x3a\x78\x6d\x70\x6d\x65\x74\x61\x3e\x20\x3c\x3f\x78\x70\x61\
\x63\x6b\x65\x74\x20\x65\x6e\x64\x3d\x22\x72\x22\x3f\x3e\x54\xe8\
\x53\x3c\x00\x00\x01\x64\x49\x44\x41\x54\x38\x8d\xa5\xd3\xcd\x2b\
\x44\x51\x18\xc7\xf1\xeb\x8e\x61\x8a\x92\xbf\x81\x92\x3f\x82\x95\
\x85\xd8\x48\x12\x22\x89\x19\x91\x92\xbc\x6c\xac\xec\xfc\x03\x92\
\x95\x0c\x79\x9d\xbc\x17\x0b\xd9\x52\xc8\x82\x8d\x85\x58\xdd\x52\
\x4a\x91\xf5\xf5\x7d\xf4\x3b\x39\x4d\xb7\x66\x61\xf1\x99\x39\xf7\
\xdc\x73\x9e\xe7\x39\xcf\x99\x09\xe2\x38\x0e\xfe\x23\x88\xa2\xc8\
\x94\xe9\xbb\x0b\x47\xd8\x43\xc1\x63\xcf\xfb\xc8\xa3\xc1\xdf\x53\
\x1c\xe0\x54\x1b\x7a\x30\x8a\xac\xe4\x30\x80\x27\xcd\xdb\xda\x72\
\x3f\x40\xa8\x6f\xcb\xd2\xa7\x71\x92\xed\xa4\x00\xa1\xb7\xe0\x04\
\xe3\x1a\x57\x22\x25\x69\xaf\xc2\x11\x8d\x2b\xac\x72\x3f\xfa\x02\
\x62\xf4\xeb\x39\xe5\xbd\x73\x49\xac\x17\x1f\x68\x77\xef\xec\xa3\
\x1e\x67\x38\xc0\x0d\x86\x13\x02\xb8\x1e\xed\xa8\xca\x2b\x2c\x22\
\x63\x93\xab\xca\xdc\x88\x35\x8c\x69\x71\x5a\x1b\x43\xaf\x82\x43\
\xdd\x54\x56\x7b\xba\x6d\x72\x1d\x97\xca\x1e\xab\xdb\x7e\x56\xdf\
\x26\xbe\x70\x81\x07\xeb\x97\x4d\xee\xaa\xf3\xb5\x1a\xbf\x5a\x64\
\x05\x68\x41\xa7\x36\x0f\xe2\x1d\xcb\xaa\xce\xaa\x9d\x72\xe7\x9a\
\xf0\xb2\xb4\xe1\x1b\xcf\xb8\xc7\x9d\x82\x7e\xa2\xd9\x5b\x67\x57\
\x3e\xe9\x3a\xdb\xab\xc9\x0e\x1c\x6b\xe3\x1c\x6a\x74\x9d\x39\x5c\
\xe3\x1c\xad\x5a\x9b\x77\x15\x6c\xe8\x06\xec\xe5\x23\x66\x51\x9d\
\x70\xfe\x2a\xcc\xe3\x45\x49\x6f\xad\xe1\x81\xce\xf2\x16\xfd\xdd\
\x7f\x29\x19\x55\x67\xc7\x1c\x72\x3f\x4f\xeb\xe8\x92\xfa\x61\x57\
\xe5\xfe\x40\x85\xa2\xb1\xbd\xdb\xc2\x8a\x92\xfe\x56\xd0\xa4\xb2\
\x67\x64\xba\x04\xb7\xce\x1a\x5f\xf7\x03\xbf\x0a\x0c\xd7\x10\x80\
\x31\xbd\x00\x00\x00\x00\x49\x45\x4e\x44\xae\x42\x60\x82\
\x00\x00\x07\x20\
\x89\
\x50\x4e\x47\x0d\x0a\x1a\x0a\x00\x00\x00\x0d\x49\x48\x44\x52\x00\
\x00\x00\x10\x00\x00\x00\x10\x08\x06\x00\x00\x00\x1f\xf3\xff\x61\
\x00\x00\x00\x09\x70\x48\x59\x73\x00\x00\x0b\x13\x00\x00\x0b\x13\
\x01\x00\x9a\x9c\x18\x00\x00\x05\xf1\x69\x54\x58\x74\x58\x4d\x4c\
\x3a\x63\x6f\x6d\x2e\x61\x64\x6f\x62\x65\x2e\x78\x6d\x70\x00\x00\
\x00\x00\x00\x3c\x3f\x78\x70\x61\x63\x6b\x65\x74\x20\x62\x65\x67\
\x69\x6e\x3d\x22\xef\xbb\xbf\x22\x20\x69\x64\x3d\x22\x57\x35\x4d\
\x30\x4d\x70\x43\x65\x68\x69\x48\x7a\x72\x65\x53\x7a\x4e\x54\x63\
\x7a\x6b\x63\x39\x64\x22\x3f\x3e\x20\x3c\x78\x3a\x78\x6d\x70\x6d\
\x65\x74\x61\x20\x78\x6d\x6c\x6e\x73\x3a\x78\x3d\x22\x61\x64\x6f\
\x62\x65\x3a\x6e\x73\x3a\x6d\x65\x74\x61\x2f\x22\x20\x78\x3a\x78\
\x6d\x70\x74\x6b\x3d\x22\x41\x64\x6f\x62\x65\x20\x58\x4d\x50\x20\
\x43\x6f\x72\x65\x20\x35\x2e\x36\x2d\x63\x31\x34\x38\x20\x37\x39\
\x2e\x31\x36\x34\x30\x33\x36\x2c\x20\x32\x30\x31\x39\x2f\x30\x38\
\x2f\x31\x33\x2d\x30\x31\x3a\x30\x36\x3a\x35\x37\x20\x20\x20\x20\
\x20\x20\x20\x20\x22\x3e\x20\x3c\x72\x64\x66\x3a\x52\x44\x46\x20\
\x78\x6d\x6c\x6e\x73\x3a\x72\x64\x66\x3d\x22\x68\x74\x74\x70\x3a\
\x2f\x2f\x77\x77\x77\x2e\x77\x33\x2e\x6f\x72\x67\x2f\x31\x39\x39\
\x39\x2f\x30\x32\x2f\x32\x32\x2d\x72\x64\x66\x2d\x73\x79\x6e\x74\
\x61\x78\x2d\x6e\x73\x23\x22\x3e\x20\x3c\x72\x64\x66\x3a\x44\x65\
\x73\x63\x72\x69\x70\x74\x69\x6f\x6e\x20\x72\x64\x66\x3a\x61\x62\
\x6f\x75\x74\x3d\x22\x22\x20\x78\x6d\x6c\x6e\x73\x3a\x78\x6d\x70\
\x3d\x22\x68\x74\x74\x70\x3a\x2f\x2f\x6e\x73\x2e\x61\x64\x6f\x62\
\x65\x2e\x63\x6f\x6d\x2f\x78\x61\x70\x2f\x31\x2e\x30\x2f\x22\x20\
\x78\x6d\x6c\x6e\x73\x3a\x64\x63\x3d\x22\x68\x74\x74\x70\x3a\x2f\
\x2f\x70\x75\x72\x6c\x2e\x6f\x72\x67\x2f\x64\x63\x2f\x65\x6c\x65\
\x6d\x65\x6e\x74\x73\x2f\x31\x2e\x31\x2f\x22\x20\x78\x6d\x6c\x6e\
\x73\x3a\x70\x68\x6f\x74\x6f\x73\x68\x6f\x70\x3d\x22\x68\x74\x74\
\x70\x3a\x2f\x2f\x6e\x73\x2e\x61\x64\x6f\x62\x65\x2e\x63\x6f\x6d\
\x2f\x70\x68\x6f\x74\x6f\x73\x68\x6f\x70\x2f\x31\x2e\x30\x2f\x22\
\x20\x78\x6d\x6c\x6e\x73\x3a\x78\x6d\x70\x4d\x4d\x3d\x22\x68\x74\
\x74\x70\x3a\x2f\x2f\x6e\x73\x2e\x61\x64\x6f\x62\x65\x2e\x63\x6f\
\x6d\x2f\x78\x61\x70\x2f\x31\x2e\x30\x2f\x6d\x6d\x2f\x22\x20\x78\
\x6d\x6c\x6e\x73\x3a\x73\x74\x45\x76\x74\x3d\x22\x68\x74\x74\x70\
\x3a\x2f\x2f\x6e\x73\x2e\x61\x64\x6f\x62\x65\x2e\x63\x6f\x6d\x2f\
\x78\x61\x70\x2f\x31\x2e\x30\x2f\x73\x54\x79\x70\x65\x2f\x52\x65\
\x73\x6f\x75\x72\x63\x65\x45\x76\x65\x6e\x74\x23\x22\x20\x78\x6d\
\x70\x3a\x43\x72\x65\x61\x74\x6f\x72\x54\x6f\x6f\x6c\x3d\x22\x41\
\x64\x6f\x62\x65\x20\x50\x68\x6f\x74\x6f\x73\x68\x6f\x70\x20\x32\
\x31\x2e\x30\x20\x28\x57\x69\x6e\x64\x6f\x77\x73\x29\x22\x20\x78\
\x6d\x70\x3a\x43\x72\x65\x61\x74\x65\x44\x61\x74\x65\x3d\x22\x32\
\x30\x32\x30\x2d\x30\x33\x2d\x30\x33\x54\x30\x39\x3a\x35\x30\x3a\
\x33\x39\x2d\x30\x33\x3a\x30\x30\x22\x20\x78\x6d\x70\x3a\x4d\x6f\
\x64\x69\x66\x79\x44\x61\x74\x65\x3d\x22\x32\x30\x32\x30\x2d\x30\
\x35\x2d\x30\x37\x54\x31\x38\x3a\x35\x38\x3a\x35\x37\x2d\x30\x33\
\x3a\x30\x30\x22\x20\x78\x6d\x70\x3a\x4d\x65\x74\x61\x64\x61\x74\
\x61\x44\x61\x74\x65\x3d\x22\x32\x30\x32\x30\x2d\x30\x35\x2d\x30\
\x37\x54\x31\x38\x3a\x35\x38\x3a\x35\x37\x2d\x30\x33\x3a\x30\x30\
\x22\x20\x64\x63\x3a\x66\x6f\x72\x6d\x61\x74\x3d\x22\x69\x6d\x61\
\x67\x65\x2f\x70\x6e\x67\x22\x20\x70\x68\x6f\x74\x6f\x73\x68\x6f\
\x70\x3a\x43\x6f\x6c\x6f\x72\x4d\x6f\x64\x65\x3d\x22\x33\x22\x20\
\x70\x68\x6f\x74\x6f\x73\x68\x6f\x70\x3a\x49\x43\x43\x50\x72\x6f\
\x66\x69\x6c\x65\x3d\x22\x73\x52\x47\x42\x20\x49\x45\x43\x36\x31\
\x39\x36\x36\x2d\x32\x2e\x31\x22\x20\x78\x6d\x70\x4d\x4d\x3a\x49\
\x6e\x73\x74\x61\x6e\x63\x65\x49\x44\x3d\x22\x78\x6d\x70\x2e\x69\
\x69\x64\x3a\x31\x33\x34\x38\x30\x30\x37\x34\x2d\x30\x38\x35\x39\
\x2d\x62\x34\x34\x39\x2d\x39\x61\x38\x30\x2d\x34\x36\x39\x32\x65\
\x36\x33\x66\x36\x37\x30\x30\x22\x20\x78\x6d\x70\x4d\x4d\x3a\x44\
\x6f\x63\x75\x6d\x65\x6e\x74\x49\x44\x3d\x22\x61\x64\x6f\x62\x65\
\x3a\x64\x6f\x63\x69\x64\x3a\x70\x68\x6f\x74\x6f\x73\x68\x6f\x70\
\x3a\x61\x39\x38\x34\x61\x65\x39\x35\x2d\x31\x38\x62\x36\x2d\x63\
\x31\x34\x66\x2d\x61\x35\x62\x35\x2d\x30\x36\x32\x38\x62\x35\x37\
\x33\x62\x30\x36\x66\x22\x20\x78\x6d\x70\x4d\x4d\x3a\x4f\x72\x69\
\x67\x69\x6e\x61\x6c\x44\x6f\x63\x75\x6d\x65\x6e\x74\x49\x44\x3d\
\x22\x78\x6d\x70\x2e\x64\x69\x64\x3a\x33\x38\x61\x65\x37\x38\x33\
\x35\x2d\x64\x33\x61\x61\x2d\x62\x38\x34\x32\x2d\x39\x33\x35\x61\
\x2d\x33\x31\x66\x61\x36\x30\x65\x33\x39\x63\x33\x33\x22\x3e\x20\
\x3c\x78\x6d\x70\x4d\x4d\x3a\x48\x69\x73\x74\x6f\x72\x79\x3e\x20\
\x3c\x72\x64\x66\x3a\x53\x65\x71\x3e\x20\x3c\x72\x64\x66\x3a\x6c\
\x69\x20\x73\x74\x45\x76\x74\x3a\x61\x63\x74\x69\x6f\x6e\x3d\x22\
\x63\x72\x65\x61\x74\x65\x64\x22\x20\x73\x74\x45\x76\x74\x3a\x69\
\x6e\x73\x74\x61\x6e\x63\x65\x49\x44\x3d\x22\x78\x6d\x70\x2e\x69\
\x69\x64\x3a\x33\x38\x61\x65\x37\x38\x33\x35\x2d\x64\x33\x61\x61\
\x2d\x62\x38\x34\x32\x2d\x39\x33\x35\x61\x2d\x33\x31\x66\x61\x36\
\x30\x65\x33\x39\x63\x33\x33\x22\x20\x73\x74\x45\x76\x74\x3a\x77\
\x68\x65\x6e\x3d\x22\x32\x30\x32\x30\x2d\x30\x33\x2d\x30\x33\x54\
\x30\x39\x3a\x35\x30\x3a\x33\x39\x2d\x30\x33\x3a\x30\x30\x22\x20\
\x73\x74\x45\x76\x74\x3a\x73\x6f\x66\x74\x77\x61\x72\x65\x41\x67\
\x65\x6e\x74\x3d\x22\x41\x64\x6f\x62\x65\x20\x50\x68\x6f\x74\x6f\
\x73\x68\x6f\x70\x20\x32\x31\x2e\x30\x20\x28\x57\x69\x6e\x64\x6f\
\x77\x73\x29\x22\x2f\x3e\x20\x3c\x72\x64\x66\x3a\x6c\x69\x20\x73\
\x74\x45\x76\x74\x3a\x61\x63\x74\x69\x6f\x6e\x3d\x22\x73\x61\x76\
\x65\x64\x22\x20\x73\x74\x45\x76\x74\x3a\x69\x6e\x73\x74\x61\x6e\
\x63\x65\x49\x44\x3d\x22\x78\x6d\x70\x2e\x69\x69\x64\x3a\x31\x33\
\x34\x38\x30\x30\x37\x34\x2d\x30\x38\x35\x39\x2d\x62\x34\x34\x39\
\x2d\x39\x61\x38\x30\x2d\x34\x36\x39\x32\x65\x36\x33\x66\x36\x37\
\x30\x30\x22\x20\x73\x74\x45\x76\x74\x3a\x77\x68\x65\x6e\x3d\x22\
\x32\x30\x32\x30\x2d\x30\x35\x2d\x30\x37\x54\x31\x38\x3a\x35\x38\
\x3a\x35\x37\x2d\x30\x33\x3a\x30\x30\x22\x20\x73\x74\x45\x76\x74\
\x3a\x73\x6f\x66\x74\x77\x61\x72\x65\x41\x67\x65\x6e\x74\x3d\x22\
\x41\x64\x6f\x62\x65\x20\x50\x68\x6f\x74\x6f\x73\x68\x6f\x70\x20\
\x32\x31\x2e\x30\x20\x28\x57\x69\x6e\x64\x6f\x77\x73\x29\x22\x20\
\x73\x74\x45\x76\x74\x3a\x63\x68\x61\x6e\x67\x65\x64\x3d\x22\x2f\
\x22\x2f\x3e\x20\x3c\x2f\x72\x64\x66\x3a\x53\x65\x71\x3e\x20\x3c\
\x2f\x78\x6d\x70\x4d\x4d\x3a\x48\x69\x73\x74\x6f\x72\x79\x3e\x20\
\x3c\x2f\x72\x64\x66\x3a\x44\x65\x73\x63\x72\x69\x70\x74\x69\x6f\
\x6e\x3e\x20\x3c\x2f\x72\x64\x66\x3a\x52\x44\x46\x3e\x20\x3c\x2f\
\x78\x3a\x78\x6d\x70\x6d\x65\x74\x61\x3e\x20\x3c\x3f\x78\x70\x61\
\x63\x6b\x65\x74\x20\x65\x6e\x64\x3d\x22\x72\x22\x3f\x3e\xaa\x7e\
\x0d\x4c\x00\x00\x00\xd5\x49\x44\x41\x54\x38\x8d\xc5\xd3\x3d\x4e\
\x03\x31\x14\x04\xe0\xcf\xbb\x4b\x45\x4d\xc5\x05\x40\xe2\x28\x40\
\x0d\x05\xc7\xa1\x01\x21\x38\x01\x27\x80\x13\xf0\x73\x80\xb4\x7b\
\x12\x40\x22\x89\x02\x31\x05\x6f\x91\x15\x9c\x88\x28\x05\xd3\x78\
\x3c\x7e\x33\x7a\x7e\x96\x53\xce\xd9\x26\x68\x36\x72\xa3\xeb\xfb\
\x7e\x55\xf8\x3c\x78\x42\xb5\xd5\x65\x1d\xb4\x61\xde\xc5\x76\x98\
\xab\xb5\x35\xb1\xc3\x27\xf6\xd0\xe3\x2e\xf4\x79\xad\x7e\x51\xe8\
\xf0\x81\x7d\x3c\xe3\x1c\x2f\xc1\xab\x21\xcd\x12\xf3\x13\x2e\x71\
\x85\x53\xbc\xe3\xb1\x16\x32\x90\x76\xc1\x7c\x81\xeb\x38\xcb\x38\
\xc4\x18\x0f\x45\x48\x1a\x02\x9a\xb8\xf3\x41\x61\xbe\x29\x3a\xdb\
\x8a\xf5\x18\xd3\x08\x69\x23\xf8\xe7\xa9\x76\x70\x5f\x31\xc3\xac\
\xe8\xe4\x28\xf6\xb7\xa1\xa5\x2e\xc8\x04\x67\x18\x59\x8d\x8c\x13\
\xdf\x2f\x04\x79\x98\xc1\xdb\x1f\xcc\x03\x5e\xcb\xda\x72\x88\xeb\
\xe2\xd7\x10\xd7\x45\x86\xf4\xef\xbf\xf1\x0b\x61\x97\x39\x62\x0e\
\xf3\x42\xcb\x00\x00\x00\x00\x49\x45\x4e\x44\xae\x42\x60\x82\
\x00\x00\x03\xc3\
\x89\
\x50\x4e\x47\x0d\x0a\x1a\x0a\x00\x00\x00\x0d\x49\x48\x44\x52\x00\
\x00\x00\x10\x00\x00\x00\x10\x08\x03\x00\x00\x00\x28\x2d\x0f\x53\
\x00\x00\x00\x04\x67\x41\x4d\x41\x00\x00\xb1\x8f\x0b\xfc\x61\x05\
\x00\x00\x00\x20\x63\x48\x52\x4d\x00\x00\x7a\x26\x00\x00\x80\x84\
\x00\x00\xfa\x00\x00\x00\x80\xe8\x00\x00\x75\x30\x00\x00\xea\x60\
\x00\x00\x3a\x98\x00\x00\x17\x70\x9c\xba\x51\x3c\x00\x00\x01\x5c\
\x50\x4c\x54\x45\xfc\xfe\xfb\xfe\xff\xfe\xff\xff\xff\xfd\xfe\xfc\
\xfb\xfe\xfa\xff\xff\xfe\xfd\xfd\xfd\xff\xfe\xff\xfb\xfe\xf9\xfe\
\xfe\xfe\x00\x00\x00\xed\xed\xed\xf3\xf3\xf3\xf8\xf8\xf8\xf1\xf1\
\xf1\xf9\xf9\xf9\xfd\xfe\xfd\xff\xff\xff\xff\xff\xff\xfa\xfe\xf9\
\xfe\xff\xfe\xff\xff\xff\xff\xff\xfe\xff\xff\xfe\xfe\xff\xfe\xfb\
\xfe\xfa\xfe\xff\xfd\xff\xff\xff\xff\xff\xff\xff\xff\xff\xfe\xff\
\xfe\xff\xff\xff\xff\xff\xff\xfe\xff\xfe\xff\xff\xff\xff\xff\xff\
\xff\xff\xfe\xfe\xff\xfd\xfd\xfe\xfc\xff\xff\xfe\xff\xff\xff\xfe\
\xff\xfd\xfe\xff\xfe\xff\xff\xff\xfe\xff\xfd\xff\xff\xff\xff\xff\
\xff\xfd\xfe\xfc\xff\xff\xff\xff\xff\xff\xfd\xfe\xfc\xff\xff\xff\
\xff\xff\xff\xff\xff\xff\xfe\xfe\xfe\xfe\xfe\xfe\xff\xff\xfe\xfd\
\xfe\xfc\xff\xff\xff\xfd\xff\xfd\xfe\xff\xfe\xfd\xfe\xfd\xfd\xfd\
\xfd\xfc\xfd\xfc\xfd\xfd\xfd\xfd\xfd\xfd\xfe\xfe\xfe\xff\xff\xfe\
\xfe\xff\xfd\xfc\xfd\xfb\xfe\xfe\xfe\xfe\xfe\xfe\xfe\xfe\xfe\xfe\
\xfe\xfe\xfe\xfe\xfe\xff\xff\xff\xff\xff\xff\xfe\xff\xfe\xfe\xfe\
\xfe\xfe\xfe\xfe\xfe\xfe\xfe\xff\xff\xff\xfe\xfe\xfe\xfd\xfe\xfd\
\xfe\xff\xfd\xff\xff\xff\xff\xff\xff\xff\xff\xff\xff\xff\xff\xfe\
\xfe\xfe\xfe\xfe\xfe\xff\xff\xff\xff\xff\xff\xfd\xfe\xfd\xf7\xfd\
\xf5\xfe\xff\xfe\xff\xff\xff\xff\xff\xff\xff\xff\xff\xfe\xfe\xfe\
\xfe\xfe\xfe\xfe\xfe\xfe\xfc\xfc\xfc\xfe\xfe\xfe\xfe\xfe\xfe\xfd\
\xfd\xfd\xfe\xfe\xfe\xff\xff\xff\xff\xff\xff\xfd\xfd\xfd\xf0\xf0\
\xf0\xfe\xfe\xfe\xfe\xfe\xfe\xfd\xfd\xfd\xf5\xf6\xf5\xff\xff\xff\
\x52\x38\x6a\xd9\x00\x00\x00\x73\x74\x52\x4e\x53\x00\x00\x00\x00\
\x00\x00\x00\x00\x00\x00\x00\x00\x00\x00\x00\x00\x20\x77\x7e\x02\
\x26\x35\x3b\xb0\x25\x02\x3e\xdf\xf2\xf3\x3d\x69\xec\xc1\xed\x68\
\xc9\x3f\x29\xca\xee\x40\x63\xdd\x42\xef\xc6\x27\xd9\xda\x28\xc8\
\xc9\xd5\xe8\xda\xcd\x26\xfe\x49\x55\xb2\x76\x4d\xbd\xcc\xe6\xd3\
\x4b\x2f\xc3\xc7\xd5\xdd\xdc\x62\xf5\xca\xc5\xe0\xe3\xf6\xe9\x4f\
\x37\xd4\xe9\xe8\xe4\xca\xe4\xf8\xfc\x57\x01\x1b\x29\x28\x25\x4c\
\xab\x5b\x28\xcb\x59\x35\x97\xfd\xd7\x52\x02\x76\x78\x21\x01\x34\
\x16\xa9\x2d\x00\x00\x00\x01\x62\x4b\x47\x44\x02\x66\x0b\x7c\x64\
\x00\x00\x00\x07\x74\x49\x4d\x45\x07\xe5\x05\x10\x12\x38\x14\x00\
\x43\xe7\xe6\x00\x00\x00\x01\x6f\x72\x4e\x54\x01\xcf\xa2\x77\x9a\
\x00\x00\x00\xd8\x49\x44\x41\x54\x18\xd3\x63\x60\x60\x60\x64\x62\
\x12\x10\x14\x12\x12\x14\x60\x62\x62\x64\x60\x66\x60\x11\x16\x11\
\x15\x13\x2f\x06\x02\x71\x31\x51\x09\x49\xa0\xbc\x94\xb4\x8c\x6c\
\x31\x18\xc8\xca\x48\xcb\xb1\x32\x30\xc9\x83\xd8\x0a\x8a\x8a\x4a\
\x20\x5a\x99\x89\x81\x49\x19\x48\xab\xa8\xaa\xa9\xa9\xaa\x23\x04\
\x34\x34\xb5\xb4\xb5\xb5\x74\x74\xe1\x02\x7a\xfa\x06\xc5\xc5\x86\
\x46\xc6\x70\x01\x13\x7d\x53\x33\x73\x0b\x4b\x3d\x2b\x98\x80\x8c\
\xb5\x8d\xad\xb9\x9d\xbd\x83\xa3\x93\x3c\xd4\x50\x67\x17\x57\x37\
\x77\x0f\x4f\x73\x2f\x6f\xa8\x40\xb1\x8f\xaf\x9f\x7f\x80\x59\x60\
\x50\x30\x1b\x03\x63\x48\x68\x58\x78\x58\x84\x47\x64\x54\x74\x71\
\x71\x4c\x2c\x3b\x03\x47\x5c\x7c\x42\x62\x62\x52\x72\x8a\x3f\x50\
\xa1\x55\x2a\x13\x03\x03\x0b\xd0\x73\x4c\x4c\x9c\x69\xe9\x20\xad\
\x19\x4c\x0c\x5c\x60\xc0\xcd\xc3\x94\x99\xa5\x9b\x9d\x93\x0b\x13\
\xe0\xe2\xe5\xe3\xcc\xcb\x2f\x28\x2c\xe2\x07\x00\x8e\x11\x39\x0a\
\x8b\x7a\xca\x1f\x00\x00\x00\x25\x74\x45\x58\x74\x64\x61\x74\x65\
\x3a\x63\x72\x65\x61\x74\x65\x00\x32\x30\x32\x31\x2d\x30\x35\x2d\
\x31\x36\x54\x31\x38\x3a\x35\x36\x3a\x32\x30\x2b\x30\x30\x3a\x30\
\x30\x08\x69\xc4\x4c\x00\x00\x00\x25\x74\x45\x58\x74\x64\x61\x74\
\x65\x3a\x6d\x6f\x64\x69\x66\x79\x00\x32\x30\x32\x31\x2d\x30\x35\
\x2d\x31\x36\x54\x31\x38\x3a\x35\x36\x3a\x32\x30\x2b\x30\x30\x3a\
\x30\x30\x79\x34\x7c\xf0\x00\x00\x00\x00\x49\x45\x4e\x44\xae\x42\
\x60\x82\
\x00\x00\x07\x34\
\x89\
\x50\x4e\x47\x0d\x0a\x1a\x0a\x00\x00\x00\x0d\x49\x48\x44\x52\x00\
\x00\x00\x10\x00\x00\x00\x10\x08\x06\x00\x00\x00\x1f\xf3\xff\x61\
\x00\x00\x00\x09\x70\x48\x59\x73\x00\x00\x0b\x13\x00\x00\x0b\x13\
\x01\x00\x9a\x9c\x18\x00\x00\x05\xf1\x69\x54\x58\x74\x58\x4d\x4c\
\x3a\x63\x6f\x6d\x2e\x61\x64\x6f\x62\x65\x2e\x78\x6d\x70\x00\x00\
\x00\x00\x00\x3c\x3f\x78\x70\x61\x63\x6b\x65\x74\x20\x62\x65\x67\
\x69\x6e\x3d\x22\xef\xbb\xbf\x22\x20\x69\x64\x3d\x22\x57\x35\x4d\
\x30\x4d\x70\x43\x65\x68\x69\x48\x7a\x72\x65\x53\x7a\x4e\x54\x63\
\x7a\x6b\x63\x39\x64\x22\x3f\x3e\x20\x3c\x78\x3a\x78\x6d\x70\x6d\
\x65\x74\x61\x20\x78\x6d\x6c\x6e\x73\x3a\x78\x3d\x22\x61\x64\x6f\
\x62\x65\x3a\x6e\x73\x3a\x6d\x65\x74\x61\x2f\x22\x20\x78\x3a\x78\
\x6d\x70\x74\x6b\x3d\x22\x41\x64\x6f\x62\x65\x20\x58\x4d\x50\x20\
\x43\x6f\x72\x65\x20\x35\x2e\x36\x2d\x63\x31\x34\x38\x20\x37\x39\
\x2e\x31\x36\x34\x30\x33\x36\x2c\x20\x32\x30\x31\x39\x2f\x30\x38\
\x2f\x31\x33\x2d\x30\x31\x3a\x30\x36\x3a\x35\x37\x20\x20\x20\x20\
\x20\x20\x20\x20\x22\x3e\x20\x3c\x72\x64\x66\x3a\x52\x44\x46\x20\
\x78\x6d\x6c\x6e\x73\x3a\x72\x64\x66\x3d\x22\x68\x74\x74\x70\x3a\
\x2f\x2f\x77\x77\x77\x2e\x77\x33\x2e\x6f\x72\x67\x2f\x31\x39\x39\
\x39\x2f\x30\x32\x2f\x32\x32\x2d\x72\x64\x66\x2d\x73\x79\x6e\x74\
\x61\x78\x2d\x6e\x73\x23\x22\x3e\x20\x3c\x72\x64\x66\x3a\x44\x65\
\x73\x63\x72\x69\x70\x74\x69\x6f\x6e\x20\x72\x64\x66\x3a\x61\x62\
\x6f\x75\x74\x3d\x22\x22\x20\x78\x6d\x6c\x6e\x73\x3a\x78\x6d\x70\
\x3d\x22\x68\x74\x74\x70\x3a\x2f\x2f\x6e\x73\x2e\x61\x64\x6f\x62\
\x65\x2e\x63\x6f\x6d\x2f\x78\x61\x70\x2f\x31\x2e\x30\x2f\x22\x20\
\x78\x6d\x6c\x6e\x73\x3a\x64\x63\x3d\x22\x68\x74\x74\x70\x3a\x2f\
\x2f\x70\x75\x72\x6c\x2e\x6f\x72\x67\x2f\x64\x63\x2f\x65\x6c\x65\
\x6d\x65\x6e\x74\x73\x2f\x31\x2e\x31\x2f\x22\x20\x78\x6d\x6c\x6e\
\x73\x3a\x70\x68\x6f\x74\x6f\x73\x68\x6f\x70\x3d\x22\x68\x74\x74\
\x70\x3a\x2f\x2f\x6e\x73\x2e\x61\x64\x6f\x62\x65\x2e\x63\x6f\x6d\
\x2f\x70\x68\x6f\x74\x6f\x73\x68\x6f\x70\x2f\x31\x2e\x30\x2f\x22\
\x20\x78\x6d\x6c\x6e\x73\x3a\x78\x6d\x70\x4d\x4d\x3d\x22\x68\x74\
\x74\x70\x3a\x2f\x2f\x6e\x73\x2e\x61\x64\x6f\x62\x65\x2e\x63\x6f\
\x6d\x2f\x78\x61\x70\x2f\x31\x2e\x30\x2f\x6d\x6d\x2f\x22\x20\x78\
\x6d\x6c\x6e\x73\x3a\x73\x74\x45\x76\x74\x3d\x22\x68\x74\x74\x70\
\x3a\x2f\x2f\x6e\x73\x2e\x61\x64\x6f\x62\x65\x2e\x63\x6f\x6d\x2f\
\x78\x61\x70\x2f\x31\x2e\x30\x2f\x73\x54\x79\x70\x65\x2f\x52\x65\
\x73\x6f\x75\x72\x63\x65\x45\x76\x65\x6e\x74\x23\x22\x20\x78\x6d\
\x70\x3a\x43\x72\x65\x61\x74\x6f\x72\x54\x6f\x6f\x6c\x3d\x22\x41\
\x64\x6f\x62\x65\x20\x50\x68\x6f\x74\x6f\x73\x68\x6f\x70\x20\x32\
\x31\x2e\x30\x20\x28\x57\x69\x6e\x64\x6f\x77\x73\x29\x22\x20\x78\
\x6d\x70\x3a\x43\x72\x65\x61\x74\x65\x44\x61\x74\x65\x3d\x22\x32\
\x30\x32\x30\x2d\x30\x33\x2d\x30\x33\x54\x30\x39\x3a\x35\x30\x3a\
\x34\x32\x2d\x30\x33\x3a\x30\x30\x22\x20\x78\x6d\x70\x3a\x4d\x6f\
\x64\x69\x66\x79\x44\x61\x74\x65\x3d\x22\x32\x30\x32\x30\x2d\x30\
\x35\x2d\x30\x32\x54\x31\x38\x3a\x30\x30\x3a\x30\x34\x2d\x30\x33\
\x3a\x30\x30\x22\x20\x78\x6d\x70\x3a\x4d\x65\x74\x61\x64\x61\x74\
\x61\x44\x61\x74\x65\x3d\x22\x32\x30\x32\x30\x2d\x30\x35\x2d\x30\
\x32\x54\x31\x38\x3a\x30\x30\x3a\x30\x34\x2d\x30\x33\x3a\x30\x30\
\x22\x20\x64\x63\x3a\x66\x6f\x72\x6d\x61\x74\x3d\x22\x69\x6d\x61\
\x67\x65\x2f\x70\x6e\x67\x22\x20\x70\x68\x6f\x74\x6f\x73\x68\x6f\
\x70\x3a\x43\x6f\x6c\x6f\x72\x4d\x6f\x64\x65\x3d\x22\x33\x22\x20\
\x70\x68\x6f\x74\x6f\x73\x68\x6f\x70\x3a\x49\x43\x43\x50\x72\x6f\
\x66\x69\x6c\x65\x3d\x22\x73\x52\x47\x42\x20\x49\x45\x43\x36\x31\
\x39\x36\x36\x2d\x32\x2e\x31\x22\x20\x78\x6d\x70\x4d\x4d\x3a\x49\
\x6e\x73\x74\x61\x6e\x63\x65\x49\x44\x3d\x22\x78\x6d\x70\x2e\x69\
\x69\x64\x3a\x63\x66\x34\x62\x35\x32\x63\x65\x2d\x32\x30\x35\x39\
\x2d\x39\x64\x34\x62\x2d\x61\x38\x30\x31\x2d\x31\x62\x31\x36\x32\
\x38\x36\x32\x61\x32\x66\x62\x22\x20\x78\x6d\x70\x4d\x4d\x3a\x44\
\x6f\x63\x75\x6d\x65\x6e\x74\x49\x44\x3d\x22\x61\x64\x6f\x62\x65\
\x3a\x64\x6f\x63\x69\x64\x3a\x70\x68\x6f\x74\x6f\x73\x68\x6f\x70\
\x3a\x38\x36\x65\x61\x61\x63\x61\x30\x2d\x66\x31\x64\x39\x2d\x30\
\x38\x34\x39\x2d\x61\x37\x64\x32\x2d\x62\x39\x62\x65\x63\x64\x37\
\x62\x34\x37\x39\x37\x22\x20\x78\x6d\x70\x4d\x4d\x3a\x4f\x72\x69\
\x67\x69\x6e\x61\x6c\x44\x6f\x63\x75\x6d\x65\x6e\x74\x49\x44\x3d\
\x22\x78\x6d\x70\x2e\x64\x69\x64\x3a\x36\x34\x34\x33\x36\x63\x61\
\x35\x2d\x35\x62\x66\x65\x2d\x38\x65\x34\x66\x2d\x38\x32\x62\x37\
\x2d\x63\x32\x61\x63\x65\x65\x66\x35\x63\x37\x39\x37\x22\x3e\x20\
\x3c\x78\x6d\x70\x4d\x4d\x3a\x48\x69\x73\x74\x6f\x72\x79\x3e\x20\
\x3c\x72\x64\x66\x3a\x53\x65\x71\x3e\x20\x3c\x72\x64\x66\x3a\x6c\
\x69\x20\x73\x74\x45\x76\x74\x3a\x61\x63\x74\x69\x6f\x6e\x3d\x22\
\x63\x72\x65\x61\x74\x65\x64\x22\x20\x73\x74\x45\x76\x74\x3a\x69\
\x6e\x73\x74\x61\x6e\x63\x65\x49\x44\x3d\x22\x78\x6d\x70\x2e\x69\
\x69\x64\x3a\x36\x34\x34\x33\x36\x63\x61\x35\x2d\x35\x62\x66\x65\
\x2d\x38\x65\x34\x66\x2d\x38\x32\x62\x37\x2d\x63\x32\x61\x63\x65\
\x65\x66\x35\x63\x37\x39\x37\x22\x20\x73\x74\x45\x76\x74\x3a\x77\
\x68\x65\x6e\x3d\x22\x32\x30\x32\x30\x2d\x30\x33\x2d\x30\x33\x54\
\x30\x39\x3a\x35\x30\x3a\x34\x32\x2d\x30\x33\x3a\x30\x30\x22\x20\
\x73\x74\x45\x76\x74\x3a\x73\x6f\x66\x74\x77\x61\x72\x65\x41\x67\
\x65\x6e\x74\x3d\x22\x41\x64\x6f\x62\x65\x20\x50\x68\x6f\x74\x6f\
\x73\x68\x6f\x70\x20\x32\x31\x2e\x30\x20\x28\x57\x69\x6e\x64\x6f\
\x77\x73\x29\x22\x2f\x3e\x20\x3c\x72\x64\x66\x3a\x6c\x69\x20\x73\
\x74\x45\x76\x74\x3a\x61\x63\x74\x69\x6f\x6e\x3d\x22\x73\x61\x76\
\x65\x64\x22\x20\x73\x74\x45\x76\x74\x3a\x69\x6e\x73\x74\x61\x6e\
\x63\x65\x49\x44\x3d\x22\x78\x6d\x70\x2e\x69\x69\x64\x3a\x63\x66\
\x34\x62\x35\x32\x63\x65\x2d\x32\x30\x35\x39\x2d\x39\x64\x34\x62\
\x2d\x61\x38\x30\x31\x2d\x31\x62\x31\x36\x32\x38\x36\x32\x61\x32\
\x66\x62\x22\x20\x73\x74\x45\x76\x74\x3a\x77\x68\x65\x6e\x3d\x22\
\x32\x30\x32\x30\x2d\x30\x35\x2d\x30\x32\x54\x31\x38\x3a\x30\x30\
\x3a\x30\x34\x2d\x30\x33\x3a\x30\x30\x22\x20\x73\x74\x45\x76\x74\
\x3a\x73\x6f\x66\x74\x77\x61\x72\x65\x41\x67\x65\x6e\x74\x3d\x22\
\x41\x64\x6f\x62\x65\x20\x50\x68\x6f\x74\x6f\x73\x68\x6f\x70\x20\
\x32\x31\x2e\x30\x20\x28\x57\x69\x6e\x64\x6f\x77\x73\x29\x22\x20\
\x73\x74\x45\x76\x74\x3a\x63\x68\x61\x6e\x67\x65\x64\x3d\x22\x2f\
\x22\x2f\x3e\x20\x3c\x2f\x72\x64\x66\x3a\x53\x65\x71\x3e\x20\x3c\
\x2f\x78\x6d\x70\x4d\x4d\x3a\x48\x69\x73\x74\x6f\x72\x79\x3e\x20\
\x3c\x2f\x72\x64\x66\x3a\x44\x65\x73\x63\x72\x69\x70\x74\x69\x6f\
\x6e\x3e\x20\x3c\x2f\x72\x64\x66\x3a\x52\x44\x46\x3e\x20\x3c\x2f\
\x78\x3a\x78\x6d\x70\x6d\x65\x74\x61\x3e\x20\x3c\x3f\x78\x70\x61\
\x63\x6b\x65\x74\x20\x65\x6e\x64\x3d\x22\x72\x22\x3f\x3e\x03\x71\
\x01\x94\x00\x00\x00\xe9\x49\x44\x41\x54\x38\xcb\x95\x93\x4d\x0a\
\xc2\x30\x10\x85\xdb\x1a\x17\xa2\x42\x11\xbd\x82\x77\x10\x5c\x0a\
\xfe\x61\x75\xe1\x99\xdc\xd7\x5e\x49\xd0\xb5\xa2\xe2\x01\x8c\xa2\
\x87\xd0\x57\x48\xe0\x31\x4c\xfc\x59\x7c\xd0\xe9\xe4\xbd\xcc\x4c\
\x92\xc8\x5a\x1b\x39\x62\x90\x50\x1c\xa2\xc2\x31\x8b\xfd\x77\xc8\
\x24\xd6\xfe\x73\xa2\x0b\xfa\x01\x13\x16\x4f\x41\x83\x0d\xfc\xe2\
\x1e\xb8\x82\xcc\xc5\x46\x11\x17\x60\x07\x6a\x3e\x27\xcb\x1e\x83\
\x3b\x98\xb9\xb8\x4a\xe2\x1c\xec\x41\x9b\x8d\x23\xa5\xf7\x91\x33\
\x99\x53\x6e\xed\xc4\x2d\xd9\xa2\x1c\x8a\xa1\x3e\x1f\xce\x6c\x05\
\x8e\x24\x56\x4f\x81\xf1\x65\x0f\xc0\x0b\x5c\x68\x68\x46\x3b\x85\
\xd0\xb4\xcb\x9d\xcf\xe0\x00\x26\xda\xee\xd2\x20\x16\x3d\x9f\x40\
\x13\x0c\xc1\x93\x06\x6b\xbe\x5d\xa4\x5c\x0c\x8c\x07\x9b\xc9\xf5\
\xb2\x85\x42\x88\x0d\x95\x5d\x9a\xdc\xc0\x52\x1e\x23\x1f\xdf\x16\
\x74\x94\x7e\x7d\xd9\x0b\xb0\x01\xa9\xbc\x48\x25\x75\xba\x61\xc9\
\x87\xb7\x90\xb2\xf9\xcf\x8f\x26\x94\xfb\x47\xac\xae\x79\x03\xbd\
\xe9\xce\xc4\x1c\xbd\x57\x11\x00\x00\x00\x00\x49\x45\x4e\x44\xae\
\x42\x60\x82\
\x00\x00\x07\xb5\
\x89\
\x50\x4e\x47\x0d\x0a\x1a\x0a\x00\x00\x00\x0d\x49\x48\x44\x52\x00\
\x00\x00\x10\x00\x00\x00\x10\x08\x06\x00\x00\x00\x1f\xf3\xff\x61\
\x00\x00\x00\x09\x70\x48\x59\x73\x00\x00\x0b\x13\x00\x00\x0b\x13\
\x01\x00\x9a\x9c\x18\x00\x00\x05\xf1\x69\x54\x58\x74\x58\x4d\x4c\
\x3a\x63\x6f\x6d\x2e\x61\x64\x6f\x62\x65\x2e\x78\x6d\x70\x00\x00\
\x00\x00\x00\x3c\x3f\x78\x70\x61\x63\x6b\x65\x74\x20\x62\x65\x67\
\x69\x6e\x3d\x22\xef\xbb\xbf\x22\x20\x69\x64\x3d\x22\x57\x35\x4d\
\x30\x4d\x70\x43\x65\x68\x69\x48\x7a\x72\x65\x53\x7a\x4e\x54\x63\
\x7a\x6b\x63\x39\x64\x22\x3f\x3e\x20\x3c\x78\x3a\x78\x6d\x70\x6d\
\x65\x74\x61\x20\x78\x6d\x6c\x6e\x73\x3a\x78\x3d\x22\x61\x64\x6f\
\x62\x65\x3a\x6e\x73\x3a\x6d\x65\x74\x61\x2f\x22\x20\x78\x3a\x78\
\x6d\x70\x74\x6b\x3d\x22\x41\x64\x6f\x62\x65\x20\x58\x4d\x50\x20\
\x43\x6f\x72\x65\x20\x35\x2e\x36\x2d\x63\x31\x34\x38\x20\x37\x39\
\x2e\x31\x36\x34\x30\x33\x36\x2c\x20\x32\x30\x31\x39\x2f\x30\x38\
\x2f\x31\x33\x2d\x30\x31\x3a\x30\x36\x3a\x35\x37\x20\x20\x20\x20\
\x20\x20\x20\x20\x22\x3e\x20\x3c\x72\x64\x66\x3a\x52\x44\x46\x20\
\x78\x6d\x6c\x6e\x73\x3a\x72\x64\x66\x3d\x22\x68\x74\x74\x70\x3a\
\x2f\x2f\x77\x77\x77\x2e\x77\x33\x2e\x6f\x72\x67\x2f\x31\x39\x39\
\x39\x2f\x30\x32\x2f\x32\x32\x2d\x72\x64\x66\x2d\x73\x79\x6e\x74\
\x61\x78\x2d\x6e\x73\x23\x22\x3e\x20\x3c\x72\x64\x66\x3a\x44\x65\
\x73\x63\x72\x69\x70\x74\x69\x6f\x6e\x20\x72\x64\x66\x3a\x61\x62\
\x6f\x75\x74\x3d\x22\x22\x20\x78\x6d\x6c\x6e\x73\x3a\x78\x6d\x70\
\x3d\x22\x68\x74\x74\x70\x3a\x2f\x2f\x6e\x73\x2e\x61\x64\x6f\x62\
\x65\x2e\x63\x6f\x6d\x2f\x78\x61\x70\x2f\x31\x2e\x30\x2f\x22\x20\
\x78\x6d\x6c\x6e\x73\x3a\x64\x63\x3d\x22\x68\x74\x74\x70\x3a\x2f\
\x2f\x70\x75\x72\x6c\x2e\x6f\x72\x67\x2f\x64\x63\x2f\x65\x6c\x65\
\x6d\x65\x6e\x74\x73\x2f\x31\x2e\x31\x2f\x22\x20\x78\x6d\x6c\x6e\
\x73\x3a\x70\x68\x6f\x74\x6f\x73\x68\x6f\x70\x3d\x22\x68\x74\x74\
\x70\x3a\x2f\x2f\x6e\x73\x2e\x61\x64\x6f\x62\x65\x2e\x63\x6f\x6d\
\x2f\x70\x68\x6f\x74\x6f\x73\x68\x6f\x70\x2f\x31\x2e\x30\x2f\x22\
\x20\x78\x6d\x6c\x6e\x73\x3a\x78\x6d\x70\x4d\x4d\x3d\x22\x68\x74\
\x74\x70\x3a\x2f\x2f\x6e\x73\x2e\x61\x64\x6f\x62\x65\x2e\x63\x6f\
\x6d\x2f\x78\x61\x70\x2f\x31\x2e\x30\x2f\x6d\x6d\x2f\x22\x20\x78\
\x6d\x6c\x6e\x73\x3a\x73\x74\x45\x76\x74\x3d\x22\x68\x74\x74\x70\
\x3a\x2f\x2f\x6e\x73\x2e\x61\x64\x6f\x62\x65\x2e\x63\x6f\x6d\x2f\
\x78\x61\x70\x2f\x31\x2e\x30\x2f\x73\x54\x79\x70\x65\x2f\x52\x65\
\x73\x6f\x75\x72\x63\x65\x45\x76\x65\x6e\x74\x23\x22\x20\x78\x6d\
\x70\x3a\x43\x72\x65\x61\x74\x6f\x72\x54\x6f\x6f\x6c\x3d\x22\x41\
\x64\x6f\x62\x65\x20\x50\x68\x6f\x74\x6f\x73\x68\x6f\x70\x20\x32\
\x31\x2e\x30\x20\x28\x57\x69\x6e\x64\x6f\x77\x73\x29\x22\x20\x78\
\x6d\x70\x3a\x43\x72\x65\x61\x74\x65\x44\x61\x74\x65\x3d\x22\x32\
\x30\x32\x30\x2d\x30\x33\x2d\x30\x33\x54\x30\x39\x3a\x35\x30\x3a\
\x34\x31\x2d\x30\x33\x3a\x30\x30\x22\x20\x78\x6d\x70\x3a\x4d\x6f\
\x64\x69\x66\x79\x44\x61\x74\x65\x3d\x22\x32\x30\x32\x30\x2d\x30\
\x35\x2d\x30\x32\x54\x31\x37\x3a\x35\x39\x3a\x33\x37\x2d\x30\x33\
\x3a\x30\x30\x22\x20\x78\x6d\x70\x3a\x4d\x65\x74\x61\x64\x61\x74\
\x61\x44\x61\x74\x65\x3d\x22\x32\x30\x32\x30\x2d\x30\x35\x2d\x30\
\x32\x54\x31\x37\x3a\x35\x39\x3a\x33\x37\x2d\x30\x33\x3a\x30\x30\
\x22\x20\x64\x63\x3a\x66\x6f\x72\x6d\x61\x74\x3d\x22\x69\x6d\x61\
\x67\x65\x2f\x70\x6e\x67\x22\x20\x70\x68\x6f\x74\x6f\x73\x68\x6f\
\x70\x3a\x43\x6f\x6c\x6f\x72\x4d\x6f\x64\x65\x3d\x22\x33\x22\x20\
\x70\x68\x6f\x74\x6f\x73\x68\x6f\x70\x3a\x49\x43\x43\x50\x72\x6f\
\x66\x69\x6c\x65\x3d\x22\x73\x52\x47\x42\x20\x49\x45\x43\x36\x31\
\x39\x36\x36\x2d\x32\x2e\x31\x22\x20\x78\x6d\x70\x4d\x4d\x3a\x49\
\x6e\x73\x74\x61\x6e\x63\x65\x49\x44\x3d\x22\x78\x6d\x70\x2e\x69\
\x69\x64\x3a\x62\x66\x62\x35\x63\x34\x35\x62\x2d\x66\x36\x37\x65\
\x2d\x32\x32\x34\x64\x2d\x38\x64\x66\x36\x2d\x39\x35\x65\x65\x34\
\x32\x65\x63\x65\x31\x65\x31\x22\x20\x78\x6d\x70\x4d\x4d\x3a\x44\
\x6f\x63\x75\x6d\x65\x6e\x74\x49\x44\x3d\x22\x61\x64\x6f\x62\x65\
\x3a\x64\x6f\x63\x69\x64\x3a\x70\x68\x6f\x74\x6f\x73\x68\x6f\x70\
\x3a\x31\x32\x32\x30\x33\x39\x39\x30\x2d\x32\x39\x34\x64\x2d\x65\
\x35\x34\x66\x2d\x62\x63\x65\x66\x2d\x35\x37\x39\x38\x36\x32\x36\
\x32\x63\x31\x66\x62\x22\x20\x78\x6d\x70\x4d\x4d\x3a\x4f\x72\x69\
\x67\x69\x6e\x61\x6c\x44\x6f\x63\x75\x6d\x65\x6e\x74\x49\x44\x3d\
\x22\x78\x6d\x70\x2e\x64\x69\x64\x3a\x38\x30\x33\x65\x62\x36\x32\
\x65\x2d\x38\x66\x61\x33\x2d\x31\x62\x34\x36\x2d\x38\x30\x62\x34\
\x2d\x64\x35\x36\x65\x36\x34\x65\x32\x66\x35\x66\x65\x22\x3e\x20\
\x3c\x78\x6d\x70\x4d\x4d\x3a\x48\x69\x73\x74\x6f\x72\x79\x3e\x20\
\x3c\x72\x64\x66\x3a\x53\x65\x71\x3e\x20\x3c\x72\x64\x66\x3a\x6c\
\x69\x20\x73\x74\x45\x76\x74\x3a\x61\x63\x74\x69\x6f\x6e\x3d\x22\
\x63\x72\x65\x61\x74\x65\x64\x22\x20\x73\x74\x45\x76\x74\x3a\x69\
\x6e\x73\x74\x61\x6e\x63\x65\x49\x44\x3d\x22\x78\x6d\x70\x2e\x69\
\x69\x64\x3a\x38\x30\x33\x65\x62\x36\x32\x65\x2d\x38\x66\x61\x33\
\x2d\x31\x62\x34\x36\x2d\x38\x30\x62\x34\x2d\x64\x35\x36\x65\x36\
\x34\x65\x32\x66\x35\x66\x65\x22\x20\x73\x74\x45\x76\x74\x3a\x77\
\x68\x65\x6e\x3d\x22\x32\x30\x32\x30\x2d\x30\x33\x2d\x30\x33\x54\
\x30\x39\x3a\x35\x30\x3a\x34\x31\x2d\x30\x33\x3a\x30\x30\x22\x20\
\x73\x74\x45\x76\x74\x3a\x73\x6f\x66\x74\x77\x61\x72\x65\x41\x67\
\x65\x6e\x74\x3d\x22\x41\x64\x6f\x62\x65\x20\x50\x68\x6f\x74\x6f\
\x73\x68\x6f\x70\x20\x32\x31\x2e\x30\x20\x28\x57\x69\x6e\x64\x6f\
\x77\x73\x29\x22\x2f\x3e\x20\x3c\x72\x64\x66\x3a\x6c\x69\x20\x73\
\x74\x45\x76\x74\x3a\x61\x63\x74\x69\x6f\x6e\x3d\x22\x73\x61\x76\
\x65\x64\x22\x20\x73\x74\x45\x76\x74\x3a\x69\x6e\x73\x74\x61\x6e\
\x63\x65\x49\x44\x3d\x22\x78\x6d\x70\x2e\x69\x69\x64\x3a\x62\x66\
\x62\x35\x63\x34\x35\x62\x2d\x66\x36\x37\x65\x2d\x32\x32\x34\x64\
\x2d\x38\x64\x66\x36\x2d\x39\x35\x65\x65\x34\x32\x65\x63\x65\x31\
\x65\x31\x22\x20\x73\x74\x45\x76\x74\x3a\x77\x68\x65\x6e\x3d\x22\
\x32\x30\x32\x30\x2d\x30\x35\x2d\x30\x32\x54\x31\x37\x3a\x35\x39\
\x3a\x33\x37\x2d\x30\x33\x3a\x30\x30\x22\x20\x73\x74\x45\x76\x74\
\x3a\x73\x6f\x66\x74\x77\x61\x72\x65\x41\x67\x65\x6e\x74\x3d\x22\
\x41\x64\x6f\x62\x65\x20\x50\x68\x6f\x74\x6f\x73\x68\x6f\x70\x20\
\x32\x31\x2e\x30\x20\x28\x57\x69\x6e\x64\x6f\x77\x73\x29\x22\x20\
\x73\x74\x45\x76\x74\x3a\x63\x68\x61\x6e\x67\x65\x64\x3d\x22\x2f\
\x22\x2f\x3e\x20\x3c\x2f\x72\x64\x66\x3a\x53\x65\x71\x3e\x20\x3c\
\x2f\x78\x6d\x70\x4d\x4d\x3a\x48\x69\x73\x74\x6f\x72\x79\x3e\x20\
\x3c\x2f\x72\x64\x66\x3a\x44\x65\x73\x63\x72\x69\x70\x74\x69\x6f\
\x6e\x3e\x20\x3c\x2f\x72\x64\x66\x3a\x52\x44\x46\x3e\x20\x3c\x2f\
\x78\x3a\x78\x6d\x70\x6d\x65\x74\x61\x3e\x20\x3c\x3f\x78\x70\x61\
\x63\x6b\x65\x74\x20\x65\x6e\x64\x3d\x22\x72\x22\x3f\x3e\xdf\x87\
\xeb\xee\x00\x00\x01\x6a\x49\x44\x41\x54\x38\x11\x05\xc1\x31\x48\
\xd4\x51\x1c\x00\xe0\xef\xbd\xfb\x9d\x24\xe4\xec\x14\xe5\xd8\x10\
\xd2\x14\x94\x81\x54\x26\x42\x10\x41\xd2\x14\xd7\x50\x10\xe9\x20\
\xd2\xae\x6b\x43\x63\x4d\x2d\x2d\x2d\x51\x43\x39\x28\x56\x43\x39\
\x46\x9b\x50\x38\x44\x50\xb7\x34\x18\x98\xdc\x3f\xef\x7f\xef\xf5\
\x7d\xd1\xef\xf7\xef\xe2\x3a\x06\xc8\x80\x8a\xc0\x01\x56\x71\x0b\
\xa7\xb1\x82\x16\x19\x05\x02\xd7\x50\xf1\x16\x13\x80\x8a\x8a\x06\
\x7f\x30\x8b\x9b\x98\xc4\x22\x0a\x32\x4a\xa0\xc1\x1b\xbc\x00\x00\
\x00\xc0\x31\x3c\xc0\x79\xbc\xc7\x65\x14\xe4\x40\xc6\x04\x00\x7a\
\x58\x42\x20\xa1\xc5\x14\x9e\xe3\x36\xb6\xb1\x85\x79\x94\x00\x24\
\xc0\x2a\x96\xb0\x86\x3d\x0c\x01\x43\xfc\x04\x5c\xc5\x4b\x6c\x60\
\x31\x90\x70\x84\x2e\xee\xa3\x87\x1d\x00\x40\x46\x42\x42\xc5\x2f\
\xcc\x23\x05\x12\x06\x98\xc6\x01\x76\x70\x12\xeb\x38\x8b\x2e\x2a\
\x1e\x62\x13\x4f\x31\x83\x4b\xe8\x06\x00\x3a\x18\x21\xf0\x0a\xbb\
\xb8\x87\x43\x3c\xc3\x24\xd6\x31\x87\x33\x58\xc1\xdf\x00\x40\x07\
\xfb\xb8\x83\x01\x7a\x00\xf8\x8e\xc7\xf8\x8a\x8b\x68\x70\x01\x1f\
\x02\x90\x50\x30\x8e\x59\xbc\x06\x8c\xe1\x08\xfb\xf8\x86\x1b\xf8\
\x0d\x38\x44\x09\x00\x34\x38\x85\xe3\x78\x04\x18\x02\x96\x01\xd0\
\xc1\x08\x19\x29\x00\x19\xff\x70\x02\x3f\xb0\x07\x00\x48\x48\x80\
\x02\x00\x01\xa8\xc8\x80\xcf\x68\x10\x18\x21\x01\x2a\x20\xa1\x02\
\x04\x0a\x32\x76\xb1\x80\x2f\x80\x16\x00\x00\x50\x01\x2d\x6a\xa0\
\x60\x0d\x57\x00\x3d\x8c\xa1\x20\x01\x00\x00\x5a\xcc\xe1\x63\xe0\
\x09\xce\xa1\xa0\x83\x8a\x82\x04\x00\x00\xa8\x80\x4f\x78\xf7\x1f\
\xd8\xac\x66\x42\xf3\x87\xd2\x4b\x00\x00\x00\x00\x49\x45\x4e\x44\
\xae\x42\x60\x82\
\x00\x00\x02\x73\
\x89\
\x50\x4e\x47\x0d\x0a\x1a\x0a\x00\x00\x00\x0d\x49\x48\x44\x52\x00\
\x00\x00\x10\x00\x00\x00\x10\x08\x04\x00\x00\x00\xb5\xfa\x37\xea\
\x00\x00\x00\x04\x67\x41\x4d\x41\x00\x00\xb1\x8f\x0b\xfc\x61\x05\
\x00\x00\x00\x02\x62\x4b\x47\x44\x00\xff\x87\x8f\xcc\xbf\x00\x00\
\x00\x07\x74\x49\x4d\x45\x07\xe5\x05\x11\x07\x20\x3b\x8b\xd8\x44\
\x18\x00\x00\x00\x01\x6f\x72\x4e\x54\x01\xcf\xa2\x77\x9a\x00\x00\
\x01\x9a\x49\x44\x41\x54\x28\xcf\x4d\xd1\xcf\x6a\x13\x51\x18\x40\
\xf1\x73\x6f\x9c\xda\x85\x10\x9a\x8a\x0d\xad\xb5\x34\x1b\x77\x22\
\x08\xd2\x9d\x1b\xa1\x43\x54\x4a\x7d\x0b\xc1\x95\xb6\xba\xec\x4b\
\x28\x88\xfa\x06\x82\xb8\x50\xd2\x85\x0f\x20\x22\xd4\x24\x2e\x2b\
\x71\xd2\xa4\xcd\x74\x32\x48\x4b\xcc\xfc\xb9\xf7\x7e\xd7\x85\x94\
\xfa\x08\xe7\xfc\x14\x1c\xb0\x84\x61\x86\xbc\x7e\xe1\x86\xbe\x06\
\x12\x49\x67\x26\x2e\x09\xf8\x45\x03\x06\x78\x1c\x59\xcd\x6d\x49\
\x5b\x62\xe9\xcb\xa1\x24\xf2\xdd\x3e\xcd\x6a\x06\xcf\x10\xe5\x11\
\xa4\xa1\x5f\xaa\xdb\xfe\x5d\xb1\x5f\x06\xb3\xad\xca\xa2\xde\x54\
\x0f\xfd\x17\xf3\xb8\xd2\xd3\x50\x52\xcc\x4b\x4b\xf6\x4d\xe8\x19\
\x3f\x4a\x3f\x1f\x54\x73\xbe\x2a\xd3\x94\x9e\xfb\x94\xcf\x15\xe0\
\xb1\xcf\x64\x6c\xd7\x85\x94\x61\xf5\xa8\x19\xd7\x7f\x73\x8a\xc7\
\x34\x25\xb5\x4f\x3c\x14\x75\x69\xbb\x57\xef\xd5\x1f\x3c\x9e\xc9\
\x4e\xf1\x62\xaf\x12\x71\x4a\x57\xb9\xb7\xb2\x97\x5d\xc1\x84\x92\
\xd8\xd0\x31\x65\x87\x82\xc9\x03\xdb\xcd\x96\xa6\x64\x38\xcc\x7d\
\x49\xcc\x5d\x5d\x59\xa6\x94\xc8\xb1\xcb\x25\x86\x24\x3f\x5c\x1e\
\x2c\x04\x7c\x43\xa0\x87\xd5\x2b\xda\x83\x42\xc1\x02\xdb\x4c\xc8\
\x12\x3f\x52\x17\x15\x09\x00\x78\x94\x76\x7d\x02\xb5\x52\xe1\x26\
\x30\xcf\x65\x45\x56\x9c\xe4\x84\x68\x58\x25\x70\x91\x76\x6d\x0e\
\xf5\xe6\x07\xe5\x28\x71\xb8\x6a\x7e\x3c\x1e\x8c\x10\xba\x4a\x6f\
\x30\x70\x1d\x3c\x6e\x4b\x52\x1b\x0a\x13\x62\xe2\xeb\x47\xdb\xb7\
\x54\x8c\xc7\xdc\x3b\xcb\x24\xaf\x49\x4b\x7e\xda\x70\x57\x15\x8c\
\xef\x0c\xd7\x0d\x1d\x65\xcf\x47\x09\x8e\xb2\xe1\x5a\x92\xba\xd7\
\xc5\xc6\xc9\xf3\xe9\x9a\x69\xba\x37\x92\xca\xc7\x62\xd5\xe2\xe0\
\xf8\x7f\xac\x54\xd2\x33\xac\x7c\xce\xfe\xc3\x82\x3e\x57\xcf\xb9\
\x97\x51\x12\xd9\xce\x6c\x5c\x12\x30\x62\x91\xbf\x6d\x21\x06\xda\
\x02\xbb\x82\xc5\x00\x00\x00\x25\x74\x45\x58\x74\x64\x61\x74\x65\
\x3a\x63\x72\x65\x61\x74\x65\x00\x32\x30\x32\x31\x2d\x30\x35\x2d\
\x31\x37\x54\x30\x37\x3a\x33\x32\x3a\x35\x39\x2b\x30\x30\x3a\x30\
\x30\x62\x7d\x47\x6d\x00\x00\x00\x25\x74\x45\x58\x74\x64\x61\x74\
\x65\x3a\x6d\x6f\x64\x69\x66\x79\x00\x32\x30\x32\x31\x2d\x30\x35\
\x2d\x31\x37\x54\x30\x37\x3a\x33\x32\x3a\x35\x39\x2b\x30\x30\x3a\
\x30\x30\x13\x20\xff\xd1\x00\x00\x00\x00\x49\x45\x4e\x44\xae\x42\
\x60\x82\
\x00\x00\x06\xfe\
\x89\
\x50\x4e\x47\x0d\x0a\x1a\x0a\x00\x00\x00\x0d\x49\x48\x44\x52\x00\
\x00\x00\x10\x00\x00\x00\x10\x08\x06\x00\x00\x00\x1f\xf3\xff\x61\
\x00\x00\x00\x09\x70\x48\x59\x73\x00\x00\x0b\x13\x00\x00\x0b\x13\
\x01\x00\x9a\x9c\x18\x00\x00\x05\xf1\x69\x54\x58\x74\x58\x4d\x4c\
\x3a\x63\x6f\x6d\x2e\x61\x64\x6f\x62\x65\x2e\x78\x6d\x70\x00\x00\
\x00\x00\x00\x3c\x3f\x78\x70\x61\x63\x6b\x65\x74\x20\x62\x65\x67\
\x69\x6e\x3d\x22\xef\xbb\xbf\x22\x20\x69\x64\x3d\x22\x57\x35\x4d\
\x30\x4d\x70\x43\x65\x68\x69\x48\x7a\x72\x65\x53\x7a\x4e\x54\x63\
\x7a\x6b\x63\x39\x64\x22\x3f\x3e\x20\x3c\x78\x3a\x78\x6d\x70\x6d\
\x65\x74\x61\x20\x78\x6d\x6c\x6e\x73\x3a\x78\x3d\x22\x61\x64\x6f\
\x62\x65\x3a\x6e\x73\x3a\x6d\x65\x74\x61\x2f\x22\x20\x78\x3a\x78\
\x6d\x70\x74\x6b\x3d\x22\x41\x64\x6f\x62\x65\x20\x58\x4d\x50\x20\
\x43\x6f\x72\x65\x20\x35\x2e\x36\x2d\x63\x31\x34\x38\x20\x37\x39\
\x2e\x31\x36\x34\x30\x33\x36\x2c\x20\x32\x30\x31\x39\x2f\x30\x38\
\x2f\x31\x33\x2d\x30\x31\x3a\x30\x36\x3a\x35\x37\x20\x20\x20\x20\
\x20\x20\x20\x20\x22\x3e\x20\x3c\x72\x64\x66\x3a\x52\x44\x46\x20\
\x78\x6d\x6c\x6e\x73\x3a\x72\x64\x66\x3d\x22\x68\x74\x74\x70\x3a\
\x2f\x2f\x77\x77\x77\x2e\x77\x33\x2e\x6f\x72\x67\x2f\x31\x39\x39\
\x39\x2f\x30\x32\x2f\x32\x32\x2d\x72\x64\x66\x2d\x73\x79\x6e\x74\
\x61\x78\x2d\x6e\x73\x23\x22\x3e\x20\x3c\x72\x64\x66\x3a\x44\x65\
\x73\x63\x72\x69\x70\x74\x69\x6f\x6e\x20\x72\x64\x66\x3a\x61\x62\
\x6f\x75\x74\x3d\x22\x22\x20\x78\x6d\x6c\x6e\x73\x3a\x78\x6d\x70\
\x3d\x22\x68\x74\x74\x70\x3a\x2f\x2f\x6e\x73\x2e\x61\x64\x6f\x62\
\x65\x2e\x63\x6f\x6d\x2f\x78\x61\x70\x2f\x31\x2e\x30\x2f\x22\x20\
\x78\x6d\x6c\x6e\x73\x3a\x64\x63\x3d\x22\x68\x74\x74\x70\x3a\x2f\
\x2f\x70\x75\x72\x6c\x2e\x6f\x72\x67\x2f\x64\x63\x2f\x65\x6c\x65\
\x6d\x65\x6e\x74\x73\x2f\x31\x2e\x31\x2f\x22\x20\x78\x6d\x6c\x6e\
\x73\x3a\x70\x68\x6f\x74\x6f\x73\x68\x6f\x70\x3d\x22\x68\x74\x74\
\x70\x3a\x2f\x2f\x6e\x73\x2e\x61\x64\x6f\x62\x65\x2e\x63\x6f\x6d\
\x2f\x70\x68\x6f\x74\x6f\x73\x68\x6f\x70\x2f\x31\x2e\x30\x2f\x22\
\x20\x78\x6d\x6c\x6e\x73\x3a\x78\x6d\x70\x4d\x4d\x3d\x22\x68\x74\
\x74\x70\x3a\x2f\x2f\x6e\x73\x2e\x61\x64\x6f\x62\x65\x2e\x63\x6f\
\x6d\x2f\x78\x61\x70\x2f\x31\x2e\x30\x2f\x6d\x6d\x2f\x22\x20\x78\
\x6d\x6c\x6e\x73\x3a\x73\x74\x45\x76\x74\x3d\x22\x68\x74\x74\x70\
\x3a\x2f\x2f\x6e\x73\x2e\x61\x64\x6f\x62\x65\x2e\x63\x6f\x6d\x2f\
\x78\x61\x70\x2f\x31\x2e\x30\x2f\x73\x54\x79\x70\x65\x2f\x52\x65\
\x73\x6f\x75\x72\x63\x65\x45\x76\x65\x6e\x74\x23\x22\x20\x78\x6d\
\x70\x3a\x43\x72\x65\x61\x74\x6f\x72\x54\x6f\x6f\x6c\x3d\x22\x41\
\x64\x6f\x62\x65\x20\x50\x68\x6f\x74\x6f\x73\x68\x6f\x70\x20\x32\
\x31\x2e\x30\x20\x28\x57\x69\x6e\x64\x6f\x77\x73\x29\x22\x20\x78\
\x6d\x70\x3a\x43\x72\x65\x61\x74\x65\x44\x61\x74\x65\x3d\x22\x32\
\x30\x32\x30\x2d\x30\x33\x2d\x30\x33\x54\x30\x39\x3a\x35\x30\x3a\
\x33\x35\x2d\x30\x33\x3a\x30\x30\x22\x20\x78\x6d\x70\x3a\x4d\x6f\
\x64\x69\x66\x79\x44\x61\x74\x65\x3d\x22\x32\x30\x32\x30\x2d\x30\
\x35\x2d\x30\x32\x54\x31\x37\x3a\x35\x37\x3a\x34\x38\x2d\x30\x33\
\x3a\x30\x30\x22\x20\x78\x6d\x70\x3a\x4d\x65\x74\x61\x64\x61\x74\
\x61\x44\x61\x74\x65\x3d\x22\x32\x30\x32\x30\x2d\x30\x35\x2d\x30\
\x32\x54\x31\x37\x3a\x35\x37\x3a\x34\x38\x2d\x30\x33\x3a\x30\x30\
\x22\x20\x64\x63\x3a\x66\x6f\x72\x6d\x61\x74\x3d\x22\x69\x6d\x61\
\x67\x65\x2f\x70\x6e\x67\x22\x20\x70\x68\x6f\x74\x6f\x73\x68\x6f\
\x70\x3a\x43\x6f\x6c\x6f\x72\x4d\x6f\x64\x65\x3d\x22\x33\x22\x20\
\x70\x68\x6f\x74\x6f\x73\x68\x6f\x70\x3a\x49\x43\x43\x50\x72\x6f\
\x66\x69\x6c\x65\x3d\x22\x73\x52\x47\x42\x20\x49\x45\x43\x36\x31\
\x39\x36\x36\x2d\x32\x2e\x31\x22\x20\x78\x6d\x70\x4d\x4d\x3a\x49\
\x6e\x73\x74\x61\x6e\x63\x65\x49\x44\x3d\x22\x78\x6d\x70\x2e\x69\
\x69\x64\x3a\x31\x34\x62\x39\x35\x63\x66\x64\x2d\x66\x30\x33\x38\
\x2d\x62\x33\x34\x31\x2d\x62\x65\x66\x31\x2d\x33\x34\x30\x31\x63\
\x66\x62\x66\x36\x63\x34\x31\x22\x20\x78\x6d\x70\x4d\x4d\x3a\x44\
\x6f\x63\x75\x6d\x65\x6e\x74\x49\x44\x3d\x22\x61\x64\x6f\x62\x65\
\x3a\x64\x6f\x63\x69\x64\x3a\x70\x68\x6f\x74\x6f\x73\x68\x6f\x70\
\x3a\x66\x37\x36\x37\x34\x66\x38\x62\x2d\x38\x39\x65\x33\x2d\x33\
\x33\x34\x31\x2d\x61\x61\x39\x66\x2d\x34\x64\x66\x36\x61\x31\x31\
\x62\x33\x36\x64\x36\x22\x20\x78\x6d\x70\x4d\x4d\x3a\x4f\x72\x69\
\x67\x69\x6e\x61\x6c\x44\x6f\x63\x75\x6d\x65\x6e\x74\x49\x44\x3d\
\x22\x78\x6d\x70\x2e\x64\x69\x64\x3a\x36\x37\x64\x62\x33\x39\x31\
\x36\x2d\x31\x66\x36\x33\x2d\x31\x64\x34\x65\x2d\x62\x34\x34\x36\
\x2d\x62\x31\x30\x36\x37\x30\x66\x64\x64\x34\x64\x32\x22\x3e\x20\
\x3c\x78\x6d\x70\x4d\x4d\x3a\x48\x69\x73\x74\x6f\x72\x79\x3e\x20\
\x3c\x72\x64\x66\x3a\x53\x65\x71\x3e\x20\x3c\x72\x64\x66\x3a\x6c\
\x69\x20\x73\x74\x45\x76\x74\x3a\x61\x63\x74\x69\x6f\x6e\x3d\x22\
\x63\x72\x65\x61\x74\x65\x64\x22\x20\x73\x74\x45\x76\x74\x3a\x69\
\x6e\x73\x74\x61\x6e\x63\x65\x49\x44\x3d\x22\x78\x6d\x70\x2e\x69\
\x69\x64\x3a\x36\x37\x64\x62\x33\x39\x31\x36\x2d\x31\x66\x36\x33\
\x2d\x31\x64\x34\x65\x2d\x62\x34\x34\x36\x2d\x62\x31\x30\x36\x37\
\x30\x66\x64\x64\x34\x64\x32\x22\x20\x73\x74\x45\x76\x74\x3a\x77\
\x68\x65\x6e\x3d\x22\x32\x30\x32\x30\x2d\x30\x33\x2d\x30\x33\x54\
\x30\x39\x3a\x35\x30\x3a\x33\x35\x2d\x30\x33\x3a\x30\x30\x22\x20\
\x73\x74\x45\x76\x74\x3a\x73\x6f\x66\x74\x77\x61\x72\x65\x41\x67\
\x65\x6e\x74\x3d\x22\x41\x64\x6f\x62\x65\x20\x50\x68\x6f\x74\x6f\
\x73\x68\x6f\x70\x20\x32\x31\x2e\x30\x20\x28\x57\x69\x6e\x64\x6f\
\x77\x73\x29\x22\x2f\x3e\x20\x3c\x72\x64\x66\x3a\x6c\x69\x20\x73\
\x74\x45\x76\x74\x3a\x61\x63\x74\x69\x6f\x6e\x3d\x22\x73\x61\x76\
\x65\x64\x22\x20\x73\x74\x45\x76\x74\x3a\x69\x6e\x73\x74\x61\x6e\
\x63\x65\x49\x44\x3d\x22\x78\x6d\x70\x2e\x69\x69\x64\x3a\x31\x34\
\x62\x39\x35\x63\x66\x64\x2d\x66\x30\x33\x38\x2d\x62\x33\x34\x31\
\x2d\x62\x65\x66\x31\x2d\x33\x34\x30\x31\x63\x66\x62\x66\x36\x63\
\x34\x31\x22\x20\x73\x74\x45\x76\x74\x3a\x77\x68\x65\x6e\x3d\x22\
\x32\x30\x32\x30\x2d\x30\x35\x2d\x30\x32\x54\x31\x37\x3a\x35\x37\
\x3a\x34\x38\x2d\x30\x33\x3a\x30\x30\x22\x20\x73\x74\x45\x76\x74\
\x3a\x73\x6f\x66\x74\x77\x61\x72\x65\x41\x67\x65\x6e\x74\x3d\x22\
\x41\x64\x6f\x62\x65\x20\x50\x68\x6f\x74\x6f\x73\x68\x6f\x70\x20\
\x32\x31\x2e\x30\x20\x28\x57\x69\x6e\x64\x6f\x77\x73\x29\x22\x20\
\x73\x74\x45\x76\x74\x3a\x63\x68\x61\x6e\x67\x65\x64\x3d\x22\x2f\
\x22\x2f\x3e\x20\x3c\x2f\x72\x64\x66\x3a\x53\x65\x71\x3e\x20\x3c\
\x2f\x78\x6d\x70\x4d\x4d\x3a\x48\x69\x73\x74\x6f\x72\x79\x3e\x20\
\x3c\x2f\x72\x64\x66\x3a\x44\x65\x73\x63\x72\x69\x70\x74\x69\x6f\
\x6e\x3e\x20\x3c\x2f\x72\x64\x66\x3a\x52\x44\x46\x3e\x20\x3c\x2f\
\x78\x3a\x78\x6d\x70\x6d\x65\x74\x61\x3e\x20\x3c\x3f\x78\x70\x61\
\x63\x6b\x65\x74\x20\x65\x6e\x64\x3d\x22\x72\x22\x3f\x3e\xc1\xf2\
\xe8\x09\x00\x00\x00\xb3\x49\x44\x41\x54\x38\x11\x63\xf8\xff\xff\
\x3f\x03\x25\x98\xe1\xd9\xb3\x67\xe8\x98\x11\x8b\x18\x4e\x4c\x91\
\x66\x74\x03\x98\xa0\xb4\x06\x10\x0b\x90\x6a\x00\x0b\x94\x0e\x01\
\xe2\xc7\x40\xac\x48\xac\x8b\x90\x6d\x0e\x06\xe2\x37\x40\xec\x0d\
\xe5\x33\x43\x0d\xc0\x87\xe1\x2e\xf0\x05\xe2\x87\x40\x6c\x4b\x4e\
\x18\x38\x01\xf1\x7f\x20\xbe\x02\xc4\xf3\x80\x78\x03\x10\xaf\x21\
\x80\x57\x03\xf1\x46\x20\xf6\x64\x80\xfa\x17\xa4\xf9\x36\x10\xc7\
\x02\x71\x0a\x10\xa7\x01\x71\x2a\x1e\x0c\x52\x93\x01\xc4\x5a\x30\
\xa7\x88\x00\xf1\x49\x20\xae\x27\xc7\x0b\xcc\x50\x8e\x04\x10\xdf\
\x04\xe2\x99\xd0\x80\x65\x86\xc6\x0e\x33\x1e\xcc\xc8\x80\x14\xe2\
\x20\x5a\x1a\x88\xf7\x40\xd3\x02\xd1\xd1\x88\x9e\x90\xd0\xd9\x34\
\x4e\xca\x14\xe7\x46\x4a\x0d\x00\x00\x00\x12\xd9\xf2\x1b\xc9\x3d\
\xce\x00\x00\x00\x00\x49\x45\x4e\x44\xae\x42\x60\x82\
\x00\x00\x00\xac\
\x89\
\x50\x4e\x47\x0d\x0a\x1a\x0a\x00\x00\x00\x0d\x49\x48\x44\x52\x00\
\x00\x00\x14\x00\x00\x00\x14\x08\x06\x00\x00\x00\x8d\x89\x1d\x0d\
\x00\x00\x00\x09\x70\x48\x59\x73\x00\x00\x01\x90\x00\x00\x01\x90\
\x01\x21\xf7\xeb\x7e\x00\x00\x00\x19\x74\x45\x58\x74\x53\x6f\x66\
\x74\x77\x61\x72\x65\x00\x77\x77\x77\x2e\x69\x6e\x6b\x73\x63\x61\
\x70\x65\x2e\x6f\x72\x67\x9b\xee\x3c\x1a\x00\x00\x00\x39\x49\x44\
\x41\x54\x38\x8d\x63\x60\x18\x05\xa3\x60\x18\x02\x46\x64\xce\xff\
\xff\xff\x99\x18\x18\x18\x16\x33\x30\x30\x88\x11\xa9\xff\x25\x03\
\x03\x43\x1c\x23\x23\xe3\x3f\x98\x00\x13\x16\x45\xff\xc9\x76\xde\
\x28\x18\x05\xc3\x15\x00\x00\x32\x2a\x07\x03\xc6\xcd\xbd\x2c\x00\
\x00\x00\x00\x49\x45\x4e\x44\xae\x42\x60\x82\
\x00\x00\x19\xe4\
\x89\
\x50\x4e\x47\x0d\x0a\x1a\x0a\x00\x00\x00\x0d\x49\x48\x44\x52\x00\
\x00\x00\x73\x00\x00\x00\x78\x08\x06\x00\x00\x00\xc1\x84\xcd\x25\
\x00\x00\x00\x04\x67\x41\x4d\x41\x00\x00\xb1\x8f\x0b\xfc\x61\x05\
\x00\x00\x00\x20\x63\x48\x52\x4d\x00\x00\x7a\x26\x00\x00\x80\x84\
\x00\x00\xfa\x00\x00\x00\x80\xe8\x00\x00\x75\x30\x00\x00\xea\x60\
\x00\x00\x3a\x98\x00\x00\x17\x70\x9c\xba\x51\x3c\x00\x00\x00\x06\
\x62\x4b\x47\x44\x00\xff\x00\xff\x00\xff\xa0\xbd\xa7\x93\x00\x00\
\x00\x07\x74\x49\x4d\x45\x07\xe5\x07\x13\x09\x37\x30\xc3\xde\xaf\
\xe7\x00\x00\x00\x01\x6f\x72\x4e\x54\x01\xcf\xa2\x77\x9a\x00\x00\
\x18\xdb\x49\x44\x41\x54\x78\xda\xed\x9d\x79\x74\x54\x55\x9e\xc7\
\x3f\xf7\xd5\x92\x4a\xa5\xb2\x92\x44\x40\x08\x61\x49\x58\x04\x1a\
\x82\x20\xb2\xba\x8d\x07\x69\xdb\x96\x45\x65\x06\x71\x40\xda\x16\
\xed\x61\x5a\xa5\x5b\x54\xc6\xc3\x70\x6c\x9b\xa6\x69\x64\x00\x17\
\xb4\x95\xad\x83\x42\x8b\xa8\xc0\xa8\xa7\x45\xdb\x51\x5c\x40\x40\
\x74\x22\xc6\x04\x31\x07\x43\x12\x21\x84\x24\x84\xa4\x52\xa9\x7a\
\xbf\xf9\xe3\x55\xf6\xad\x52\xa9\x4a\x91\x9e\xfa\x9e\x53\x49\xd5\
\x7b\xf7\xdd\x7b\xdf\xef\xfb\xee\xbd\xbf\xfb\xbb\xbf\xdf\x7d\x10\
\x46\x18\x61\x84\x11\x46\x18\x61\x84\x11\x46\x18\x61\x84\x11\x46\
\x18\x61\x84\x11\x46\x18\x61\x84\x11\x46\x18\x61\x84\x11\x06\xa8\
\x50\x57\xc0\x6f\xe4\x0a\x08\x56\x94\xc4\x21\xa4\xa0\x54\x2a\x42\
\x6f\xa0\x17\x8a\x38\x10\x3b\x28\x2b\x00\x22\x6e\x94\xaa\x00\x4a\
\x41\xce\x82\xca\x47\xc8\x43\x71\x0a\xa1\x84\x74\xe5\x0a\xf5\xed\
\x04\x02\xdd\x87\xcc\x5c\x01\xc4\x8e\x30\x1e\xa5\x26\x80\x8c\x05\
\x86\x7b\x09\xb4\xd5\xdf\x91\x02\x91\x16\xfe\x7b\xcf\x4b\xa3\x34\
\x2e\x44\xf2\x51\x1c\x07\x75\x10\x91\x03\xa0\x3e\x43\xe1\x24\xad\
\xfb\x88\xa6\xee\xd6\x43\x5d\x81\x36\x91\xab\x6b\x08\x83\x50\x6a\
\x3a\x22\x3f\x03\x26\xd0\x90\x38\x14\x06\x3b\x0d\xef\xa8\x09\x89\
\x0d\xd3\xd5\x26\x57\xaa\xfe\xb2\xba\x63\xb5\x59\x49\x25\x4a\x7d\
\x00\xf2\x3a\xa8\x77\x48\x53\xf9\xa1\x16\x83\xaf\xb8\xf4\xc8\xcc\
\x15\x80\xde\xc0\x6c\x44\xe6\xa2\x18\x85\x60\xad\xab\x6d\x43\xc1\
\x37\x22\xac\xf6\x8e\x5a\x6b\x99\xde\x8b\xa4\x85\x7c\x9a\x4a\xa4\
\xfe\x5c\x05\xf0\x01\x4a\x6d\x06\xde\x21\x4d\x55\x86\x5a\x3c\x6d\
\xe1\xd2\x21\xd3\x20\x71\x3c\xb0\x18\x91\x5b\x50\xca\xd1\x5c\xf8\
\x6d\x90\xd7\xd2\x9d\x49\x93\x74\x75\xf9\xb5\x45\x70\x83\xfc\x1a\
\x4a\x47\xc8\x43\xa9\xe7\x11\x5e\x20\x5d\x95\x84\x5a\x5c\x2d\x21\
\xf4\x64\xe6\x8a\x19\x98\x86\xb0\x14\xc5\x04\x40\x6b\x33\x7d\x1d\
\x09\x1d\x40\x2d\x59\x3e\xa7\x6f\x50\x46\xf3\x6b\x4b\x11\x9e\x45\
\xb1\x96\x34\x55\x1c\x62\xe9\x35\x42\xe8\xc8\xcc\x15\x0d\xe4\x1a\
\x84\x15\x8d\x49\x6c\xd2\x6a\x6a\xd1\x12\x21\x4d\xbb\xca\x16\xef\
\xa6\xa5\x96\xe6\x63\x19\x4d\xc7\xd5\x86\x79\x2a\x29\x42\x58\x89\
\x52\x2f\x90\xa6\x9c\x21\x93\x63\xe3\x5a\x85\x00\x39\x92\x8e\x62\
\x95\xb7\x3b\xd5\x3a\x74\x6d\x47\x5b\xa6\x78\x19\xaa\xd7\x66\xcb\
\x51\x52\x04\x94\x20\xaa\xd4\xab\xf0\xe8\x80\xe6\xd5\x96\xe3\x50\
\x2a\x01\xe8\x09\xc4\xb4\x58\x5e\x63\xd2\xbf\x02\x16\x23\x7c\x48\
\x7a\x68\x3b\xba\xae\x2d\x3d\x47\x6c\x28\x79\x08\xd4\xa3\x08\x8e\
\x46\xb5\x68\x4d\xbb\x6c\x34\xa5\xa0\xed\x2e\xb3\xf1\x39\x37\x50\
\x80\x70\x08\x25\x9f\x83\x3a\x86\x90\x0d\x52\x8c\x52\x2e\xc0\xdd\
\xe2\xf4\x23\x57\x40\xc4\x8c\x52\x56\x20\x11\x63\xfa\x33\x0a\xc5\
\x55\x88\x8c\x43\xa9\x64\x04\xad\x51\xbd\xc0\x85\x92\x17\x10\x96\
\x91\xae\x95\x77\xa9\x4c\x1b\xa0\x6b\xc8\xcc\xd5\x01\x35\x0c\x91\
\x97\x80\xf1\x2d\xab\x91\xb5\x35\x52\xf5\xad\xa9\xb5\x34\x0d\x6b\
\xdf\x58\xc9\x71\x82\x7c\x02\xea\x4d\xe0\x03\x90\x6c\xd2\xb4\xc0\
\x19\x04\x72\x74\x3b\x30\x1c\xc5\x4f\x81\x99\x88\x1a\x06\xd2\xb0\
\x67\xc9\x42\xa9\x79\xc0\xb1\x50\xcc\x53\x83\x5f\xa2\xa1\xa5\xfe\
\x02\x58\x0b\x0d\x5a\x63\x43\x34\xed\xca\x7c\xea\x4a\xeb\x08\x77\
\x03\x9f\x01\x5b\x41\xbd\xd1\x65\x4a\x89\x71\x5f\x23\x41\xe6\x01\
\x73\x40\xf5\xf1\x9e\xa9\x40\xe4\x41\x94\x7a\xb1\xab\x09\x0d\x6e\
\x69\xb9\xba\x1d\xd4\x1a\x90\x5f\x22\x5e\x05\x47\x79\xff\x34\x9c\
\x4e\xb4\xd5\xa5\x42\xf3\xe9\x87\x71\xae\x12\xa5\x76\x80\x6c\x00\
\xf5\x15\x69\x4a\xef\x52\xc9\x35\xba\x4f\x71\x00\xb7\x00\x8b\x41\
\xc6\x79\xeb\xbd\x1e\xa5\x1e\xed\x4a\xe5\x28\x78\x64\xe6\xea\x09\
\xa0\x76\x02\x37\xd4\xb1\x22\xb5\x8a\x48\x4b\x1a\x64\x2b\x93\xfc\
\x86\xc9\x8d\xda\xba\x11\x32\x51\xea\x09\xd2\xd4\xc9\xae\x12\x94\
\x4f\xc8\xd1\x35\x50\xd7\x80\x2c\x45\xa9\x1b\x41\x76\x21\x2c\x20\
\x5d\xab\xe8\x8a\xe2\x83\x43\x66\xae\xf4\x06\xde\x06\x46\x02\x2d\
\x4f\x1d\x7c\xd5\x4a\x1b\x29\x35\x72\x14\xb8\x17\xd4\xe1\x4b\xda\
\x76\x6a\x74\xc1\x13\x10\x1e\x47\x61\x45\x64\x16\xe9\x5a\x69\xb0\
\x8b\x0d\xbc\x44\x72\xf4\x3e\xc0\xdb\x28\x86\x37\xd7\x5f\x9a\xd8\
\x48\x5b\x38\xd5\x8a\x25\x46\x47\xd4\xd3\x28\x59\x46\x5a\xd7\x3c\
\xe5\x01\x92\x85\x86\x52\x93\x40\xae\x01\xf5\x5f\xa4\xa9\xa0\x6a\
\xba\x81\x25\x33\x57\x12\x81\x77\x81\x51\xbe\x5f\xd4\xd2\x9c\xa4\
\x11\xdc\x08\xbf\x46\xf1\xec\x25\xdd\x1a\xdb\x94\x8b\xae\x81\xb2\
\x05\xdb\xb6\x1b\x38\xe9\xe4\x8a\x1d\x91\xbd\x28\x75\x5d\xcb\xa6\
\x93\xa6\x63\x61\x6b\xd6\xee\x46\xa4\xba\x41\x7e\x05\xea\x85\x6e\
\x4b\x64\x17\xa2\x63\xd6\x97\xd6\x90\x2b\x1a\x22\xab\x50\x5c\x67\
\x1c\x50\xd4\x3f\x27\x0d\xbe\xd7\x2d\x3d\x35\x30\x70\xd7\xa1\x41\
\x3a\xa9\x23\x6e\x3d\x42\x97\xab\xf8\xdd\x15\x81\x91\x52\xae\x3e\
\x07\xd4\x76\xea\x1e\x8e\x8e\x5a\xb6\x5b\x44\x16\xc2\x58\xd2\x2f\
\x0d\xbb\x67\x77\x40\xe7\xc9\xcc\x95\x3e\x20\x5f\x60\x98\xbe\x0c\
\xb4\x34\x67\x6c\xed\x5c\xb3\x9a\x28\x10\xd1\x51\xfc\x8c\x34\xed\
\xad\x50\x0b\xa8\x3b\xc1\xdc\xa9\xab\x73\x75\x0d\x58\x0d\x24\x36\
\x1a\x13\xeb\xc8\x6a\x61\xfa\xd1\xcc\x30\xd0\x30\x4d\x9d\xf6\x7a\
\x1c\x51\x7f\x0b\xb5\x70\xba\x1b\x3a\x37\x66\x8a\x9a\x02\xdc\xde\
\x78\x7c\x6c\x80\xf6\xe6\x91\xcd\x7a\xe3\xba\x7c\x5e\x25\x5d\xb9\
\x43\x2d\x9c\xee\x06\xff\x5b\xa6\xa1\xf4\x2c\x6f\xb4\x82\xd0\xc8\
\x92\xd3\x30\x71\x03\x0d\xb5\x96\x40\xd5\xc0\xba\xa3\x9a\xf5\xb7\
\x07\x42\x2d\x98\xee\x88\xce\x74\xb3\x13\x8c\x09\x31\xcd\xc7\x3e\
\xa5\x5a\x6f\x75\xaa\xa5\xdf\x4d\x12\x8b\x9c\x08\xb5\x60\xba\x23\
\xfc\x27\x53\xe4\xbe\x16\xaf\x97\x56\xbe\xb7\x9f\x61\xed\x17\x37\
\x70\x49\x3b\x4e\x5d\xaa\xf0\x8f\xcc\xd7\x4e\xc4\x21\x72\x4b\x90\
\xea\xa4\x81\xd7\x1b\x2f\x8c\x0e\xc1\x3f\x05\x28\x39\xee\x06\x44\
\x1c\x08\x46\x83\x12\x69\xe3\x7f\xc3\x4f\x6b\xe7\x1a\xe5\xa3\x21\
\x92\x12\x6a\xc1\x74\x47\xf8\x47\xa6\x2d\x62\x74\x63\x42\x68\xe3\
\x3f\xb4\x4e\x3a\xb4\x92\xcf\xf8\x50\x0b\xa6\x3b\xc2\x3f\x32\x4d\
\x5a\x6a\xf3\x56\x17\xd0\xcf\x0c\xbe\xfe\x87\x08\xff\xe8\x52\xf8\
\x47\xa6\xc7\x63\x0e\x32\x99\x13\x80\x6b\x42\x2d\x9c\xee\x06\xff\
\xc8\xac\x70\x16\x04\x99\x4c\x33\x22\x2f\x91\x55\xdd\x3b\xd4\x02\
\xea\x4e\xf0\x8f\xcc\x82\xb3\xdf\xa1\x07\x95\x4c\x10\x19\x80\xc8\
\xbb\x7c\xe5\x1c\xce\x97\x61\x5b\xbb\x2f\xf0\x8f\xcc\x77\x0f\x7d\
\xc8\x85\x4a\x1d\x5d\x08\xf2\x67\x18\x22\x9f\x82\x3c\xc6\x97\x55\
\x71\xa1\x16\xd6\xa5\x0e\xff\x56\x4d\x66\x3d\xa3\x71\xdd\x98\x5c\
\x26\x8e\x1c\xd0\x85\x75\x2d\x40\xd8\x06\xb2\x1d\x54\x0e\xa3\xed\
\x81\xd7\x90\x8e\x56\x6a\x80\x0d\x85\x1d\x48\x00\xe9\x09\x2a\x19\
\x63\x45\x28\x11\x88\xc7\x70\x17\xb5\x63\xcc\x85\xad\x18\x46\x0e\
\x1d\xc3\xd0\x51\x0a\x9c\x05\x0a\x40\x4e\x82\xca\x41\x28\x41\xe1\
\x62\xb4\x3d\xe8\x02\xf2\x9d\xcc\xdb\x9f\xd3\x00\x8d\xbf\xde\x67\
\x18\xc0\xe7\x6f\x7e\x8c\xdb\xaf\x7f\x92\x9e\x3d\x82\x5e\xc9\x26\
\xd0\x81\x1c\xe0\x13\x90\xcf\x41\x65\x01\x79\x40\x11\x19\x51\x6d\
\x1b\xe7\x8f\x5e\xf4\x92\x44\x4f\x90\xde\xa0\x7a\x03\x7d\x31\x42\
\x08\x53\x8c\xe3\x24\x78\x3f\xbe\x19\x2e\x44\xc0\xe9\x32\x3e\x1e\
\x0f\x68\x1a\x44\x58\xc0\x6e\x03\xa5\xdc\xc0\x29\xe0\x10\xf0\x2e\
\x22\xfb\x18\xe3\x38\x13\x2c\xc1\xf8\x4e\xe6\x9d\x2f\x5e\xc9\xa2\
\x19\xa7\x98\xd4\xc3\xa8\xcc\x1d\x1b\x13\xe9\x11\xf3\xbf\xdc\x7e\
\x43\x4f\xa2\x83\xff\xd4\xb5\x03\x1d\xc3\xc5\xa4\x14\xa1\x1c\x70\
\x82\x72\x7b\xbd\xcd\x6b\x5b\x5a\x0c\x28\x3b\xc6\xd0\xd2\xf1\xe1\
\xc5\xed\x81\xb2\x0a\x28\x2e\x85\x1f\xcf\xc3\xb9\x32\x28\x29\x37\
\x8e\x79\x3c\xcd\xed\xd3\x9a\x06\xf1\xd1\xd0\xb3\x07\xf4\xeb\x09\
\x29\x3d\x21\x3a\xd2\x85\xa8\xb7\x80\x0d\x88\x7c\xc0\xd8\xe8\x80\
\xfa\xfa\xfa\x4e\xe6\x63\x7b\x57\x33\xe3\x9a\x95\x8c\x8d\xae\x8f\
\x4d\x9c\xf3\xfc\x22\x92\xe2\x9e\xe3\xd6\x29\x10\x13\x15\xc8\x7a\
\x85\x16\x02\xd4\xb8\xe1\xec\x79\xc8\x3f\x03\x05\xc5\x70\xe6\x3c\
\x54\x3a\x8d\xb1\xdc\x1f\x58\xcc\x90\x72\x19\x64\x0c\x86\x3e\xc9\
\x3a\x9a\xda\x8f\xb0\x04\xc8\x62\x5c\x4c\x40\xaa\xed\x1b\x99\x77\
\xbe\x68\x65\x50\x9f\xcf\xb9\xe9\xea\xd1\x5c\x15\x5b\xff\x34\xfd\
\xcb\x9f\xcd\xc0\x6b\x38\x22\x6f\xe1\x86\xb1\xc6\x13\xd8\x5d\xe1\
\xf1\x18\x2d\x2e\xff\x0c\xfc\x70\x06\x7e\x2c\x81\x9a\x9a\xe0\x94\
\xd5\x3b\x09\x26\x8d\x84\x5e\x89\x15\xc0\xa3\x20\x4f\x73\x55\x5c\
\xa7\xb3\xf5\x8d\xcc\xf9\x9b\xd2\x49\x4b\xf9\x9c\x65\x37\xc4\x36\
\x3b\x77\xe7\x8b\x09\xc0\xff\xa0\xa9\xe1\x0c\xee\x07\xe3\x86\x81\
\x23\x32\x38\x42\x08\x24\x74\x1d\xca\x2e\xd6\x93\x57\x58\x6c\x8c\
\x7b\xcd\xd0\x46\x4b\xf4\xb3\x91\x02\x46\x37\x3c\x72\x20\x5c\x75\
\x85\x8e\xc5\xfc\x34\xb0\x84\xab\xe3\x3b\xb5\x20\xef\x1b\x99\x0b\
\xb6\xdc\xcd\xc8\x81\xcf\x33\xee\x8a\x48\x26\x26\x34\x2f\xf0\xae\
\x97\x52\x31\x3c\xd8\x87\x10\x61\x85\x61\xa9\x30\x7c\xa0\xa1\x04\
\x5c\x4a\x70\xba\xa0\xe0\x6c\x3d\x79\xe5\x17\x1b\xc7\xb0\x04\x12\
\xbe\x66\x7b\x59\x3c\xdc\x38\x1e\xa2\x6c\x7f\x04\x59\xca\x44\xff\
\x15\x4a\xdf\x96\xc0\x4c\xea\x6a\x2c\x66\x0d\x5d\x4f\x06\x0a\x9a\
\x9d\xdf\xb6\x30\x8f\xf9\x9b\xaf\x07\x5e\xa7\xc6\x3d\x8e\x2f\x4f\
\xc0\xd7\x27\xa1\x5f\x2f\x18\xd4\x07\x7a\x25\x82\x39\x30\x5e\x9d\
\x1d\x82\xcb\x0d\xc5\x65\x06\x81\x05\x67\x8d\xef\xba\x77\x94\x68\
\x18\x94\x14\x0c\xf8\x9a\xed\xd9\x52\xf8\xef\x03\x70\xf3\xa4\xdf\
\x60\xb3\x7e\x01\xec\x08\x6e\x91\x0b\xb7\x7e\xca\x95\x43\xc7\x33\
\xac\xff\xf5\x4c\x4d\x7a\xbf\xd5\x74\x0b\xb6\xc4\xa0\xd8\x00\xea\
\x4e\x68\x10\xf5\x65\x8b\x80\xcb\x13\x8d\xb1\xe2\xb2\x04\x88\x8c\
\x08\x8e\x10\x6b\x6a\xa0\xb4\x02\x8a\x4a\xa0\xe8\x9c\xa1\x79\xba\
\x02\x38\xee\x05\xa9\x11\x03\x90\xda\x0b\xa6\x8e\x2e\x46\x31\x94\
\xa9\xc9\x7e\x85\x25\xb6\x2f\xd1\x7b\xfe\x62\x46\xe4\x47\x32\x06\
\x27\x30\x34\x75\x19\xd7\x5e\xf6\xfb\x36\xd3\x2f\xdc\xa6\xa1\x98\
\x03\x6c\xc0\x98\xaf\x35\x86\xa6\x41\x74\x24\x24\xc4\x40\x7c\x0c\
\xc4\x3a\x0c\x4d\x38\xca\xd6\xf1\xf0\xf6\x0b\x95\x06\x79\xe7\xca\
\x0c\xe2\x4a\x2b\x02\x4b\x5e\x47\xd0\xd9\xee\x5a\x29\x98\xf4\x13\
\xe8\xd7\xf3\xbf\x80\x07\xb9\xf6\xb2\x8e\x67\xd1\x6e\x8a\x7b\x33\
\x53\x10\xbe\x65\xc4\x40\x1b\xc3\xfa\x1f\x00\x99\xca\xf5\xbd\xda\
\x9f\x1f\xdd\x93\x99\x8c\x62\x25\x70\x27\xbe\x4c\xc0\x95\x82\x48\
\xab\xd1\x6a\x23\xac\x86\x2a\x6f\x36\x19\xe4\x2b\x8c\xee\xd1\xed\
\x81\xea\x1a\x63\x8a\x50\x51\x05\x9e\xa6\xd5\x08\x92\xb2\xd2\x55\
\xb0\xdb\xe0\xa7\x13\xca\x31\x69\x83\xb9\xbe\x57\x51\x47\x2f\x6f\
\x7f\xcc\xd4\xb4\x64\xc0\x86\xdb\x0d\xba\x3e\x0e\x18\x00\xb4\xef\
\x70\xf5\xe7\x3b\xcf\x70\xef\xf6\x85\xc0\x73\x28\x96\x03\x37\xd2\
\x1e\xa9\xb5\x96\x14\x5f\xa1\x35\x7d\x16\x83\x1c\xc6\x10\xec\x07\
\xc2\xe9\x82\x93\xa7\x63\x18\xd8\x67\x36\xf0\x74\x47\x2f\xf7\x85\
\x4c\x63\x19\xaa\xba\x06\x74\xdd\x8a\xb0\x00\x58\xe6\x53\xee\xcf\
\xcf\x05\x38\xcc\xfd\xaf\xfc\x0c\x23\x32\xec\x1e\xa3\x0b\x56\x09\
\x6d\x5f\x28\x2d\x7e\xfd\xff\x80\x88\x53\x3f\x1e\x4f\x1c\xdc\x37\
\xef\xb4\x1f\xd7\xb6\xff\x28\x2f\xde\x39\x1f\xd8\x4c\x8f\x58\xb8\
\xea\x0a\x80\x62\x44\x86\x32\x3d\xa5\xe3\x83\xf4\xbf\xed\x04\x63\
\xb7\xc9\x1b\x50\xcc\xc0\x58\x80\x4e\x21\x50\x01\x4c\xad\xa1\xf5\
\x07\x42\x07\x8a\x0d\xa3\x38\x39\x40\x3e\x50\x88\x61\x30\xaf\xf4\
\x9e\x37\x63\x18\xd7\x13\x81\x7e\xc0\x30\x50\xc3\x81\xe4\x40\x54\
\xa0\x16\x11\x66\xd3\xf1\x78\xbb\x65\xf5\xbf\x8c\xe9\xf7\xf2\x8c\
\x6b\x87\xba\x00\x6d\x72\x82\xad\x43\xe6\xbe\xf6\xc9\x7c\xe0\xd5\
\x07\x80\xb5\x44\x58\x61\xf2\xa8\xda\xca\xfd\x01\xe1\x51\x7e\x96\
\xda\x39\x21\xff\xfb\x4e\x1b\x4a\x0d\x00\xc6\x01\x63\x81\x91\xa0\
\x86\x78\x85\x67\xa5\xf3\x24\x7b\x6d\xb6\xb8\x30\x48\xcb\x03\x4e\
\x22\x7c\x8b\x41\x5e\x36\x42\x01\x8a\x72\xd6\xdf\xee\x63\x9d\xff\
\x8a\xb7\x7e\x57\x02\x73\xbd\xca\x9e\xc3\xb7\x8b\x9b\xc3\x6a\xd2\
\x4e\xc4\x47\x5a\x56\x8d\xe8\x15\xbb\x63\xff\xbf\x5d\x53\x17\x48\
\xfc\x79\x69\xb5\x36\x36\x2e\x22\xc0\x64\x3e\xf4\xda\x23\xc0\x4a\
\x14\x70\xf5\x08\xb0\x5a\x00\x9c\x88\x8c\xe1\xe7\x03\x8e\x77\x52\
\xd8\xcd\xf1\xe0\x2e\x0d\x91\x64\x94\xea\x8d\xb1\x9a\x91\x8c\xa1\
\x15\xc7\x63\x2c\x3d\xd9\x31\x5a\x4b\x2d\xd1\x2e\xef\xa7\x12\xb8\
\x80\xd1\xaa\x4a\x80\x62\x8c\x5e\xa4\x18\xa5\xce\xb0\x76\x76\x70\
\x56\xb8\x7f\xff\x5e\x06\x1e\xcf\x41\x4a\xca\x3b\xe4\xb6\x6a\x31\
\x69\x27\xe3\x23\x2d\xab\xc6\xf7\x4b\xc8\xdc\xf3\x8b\x89\x01\xf1\
\x13\x6e\xbf\x02\x26\xad\xbe\x75\x94\x5f\x34\xa6\x13\xc6\x36\xa1\
\x7f\xe6\xf5\xef\xfe\x89\x19\x03\x03\xeb\xb0\xbc\x76\xb6\x0e\x14\
\x79\x3f\x47\x03\x9a\x77\x30\x30\x34\x55\x47\x44\x23\xaf\xd0\x30\
\x4c\xb4\x03\x8b\xa6\x9d\x8c\x89\x30\xad\x9d\x3a\x30\x71\xcb\xee\
\xf9\x57\x57\xec\x09\x60\x55\x7c\x20\xd3\x54\xff\xbd\xfc\xa2\x31\
\x2f\x34\x30\x01\x61\x39\xbb\x72\x96\x32\x3b\xbd\x4b\xe5\x77\x49\
\x41\xd7\x33\x00\x8d\x94\xcb\x8c\x29\x53\x79\xcb\xcf\xb6\xc5\xa4\
\xf2\xa3\x23\xcc\x6b\x06\x24\xd8\x37\x1d\xfe\xf7\x6b\xca\x77\xfb\
\x51\x54\x46\x46\x06\x80\xa6\x94\xd2\x8f\x1c\x39\xd2\xec\xbc\x0f\
\xda\x6c\x83\x60\xd7\x0b\x95\xc6\xea\x42\xfd\xe4\xfe\x37\x08\x5f\
\xb3\x33\x7b\x1b\x77\x0c\x09\xb5\x58\xbb\x1e\x7f\xfd\x16\x3c\xfa\
\x8c\xba\xc1\xaa\x4f\x32\xe4\x9c\x6a\x64\x40\x30\x69\x2a\x3f\x36\
\xc2\xb2\x66\x74\xaf\x98\x4d\xef\xdd\x33\xa1\xdc\xdf\xbd\x4d\xc7\
\x8c\x19\xe3\xc0\xd8\x1c\x6b\x1e\x90\x37\x66\xcc\x98\x77\x81\x17\
\x8e\x1c\x39\x52\x37\xae\xfa\xd2\xcd\x56\xd4\x0d\xad\x2e\x37\x54\
\x56\x83\xad\x6e\xba\xa8\x01\xcf\x21\x52\x04\xfc\xff\x8b\xa7\xf4\
\x78\xd2\x8d\xfd\x7e\xbc\x88\xb0\x82\xc3\x0e\x95\x4e\xcc\x9a\x2a\
\x8a\xb2\x68\xeb\x06\x27\x39\x5e\x38\xb4\x68\x52\xc9\x7b\x9d\x28\
\x66\xcc\x98\x31\x56\x11\xd9\x09\x4c\xc7\xd0\x0d\x3e\x00\x76\x1d\
\x3d\x7a\xb4\x91\x82\xd4\xbe\x02\xf4\x9f\xef\xcc\x06\x5e\xad\xfb\
\x1d\x1f\x0d\x89\x71\x4d\x53\x95\x02\xb3\x98\x7b\xc5\xfb\xed\xe6\
\xf7\x8f\x82\xed\x5f\x6b\xc0\x4e\x60\x76\xc3\xc3\xe6\x0b\x17\x8b\
\x1d\xa5\xe5\x1b\x52\xe3\x22\x9f\x3e\xb6\x68\x62\xc0\x36\x19\xce\
\xc8\xc8\x88\x53\x4a\xfd\x02\x78\x4b\x44\x8e\x1f\x3d\xda\x5c\x9d\
\xf0\xa5\x65\x36\x36\x2b\x5d\x74\x42\xac\xdb\x30\xb3\xd5\x23\x0e\
\x78\x93\x6d\x5f\xcd\x05\xf6\x70\xd7\xc8\x2e\x93\x69\xc8\xe0\xf1\
\x3c\x04\x6a\x66\xed\x4f\xb3\xa6\xf2\xa2\x2d\xda\xba\xab\xd2\x92\
\x37\xad\x1e\x3d\xbc\x7c\x44\x82\xff\xae\x34\x33\x67\xce\x4c\x2d\
\x2c\x2c\x1c\xe7\x72\xb9\x8a\x31\xfc\x9b\xf2\x8e\x1c\x39\x52\x0a\
\xfc\xa9\xad\xeb\xda\x6f\x99\xbf\xdf\x3f\x08\xf8\x9a\x86\xa6\xb8\
\x58\x07\x44\xb5\xb8\x00\xed\x44\x64\x09\xb0\x91\x05\xa3\x42\xb7\
\x97\x5d\x30\xb1\xf9\x18\xc0\x5d\x28\xf5\x12\x60\x8e\x30\xa9\x13\
\xd1\x16\xd3\xda\xa1\x71\xb6\xcc\x8f\xa6\x0d\xec\xd4\xa6\x4d\x77\
\xdc\x71\x47\xe2\xe9\xd3\xa7\x7f\xed\x74\x3a\x7f\x29\x22\xc9\x18\
\x1a\xfd\xe3\xc0\xa6\x86\x63\x63\x6b\x68\x9f\xcc\x3f\xbc\x6f\x47\
\xa9\x42\xa0\xde\x51\xa5\xd6\x59\xa9\xe5\xab\x75\x60\x13\xf0\x6b\
\x16\x66\xfc\x63\xc5\x59\xbe\x74\x04\x50\xf7\x03\x6b\x23\x4c\xda\
\x89\xd8\x08\xd3\x9a\x49\xc9\x8e\x1d\xbb\xaf\xef\xdf\xa9\xfb\x3c\
\x78\xf0\xa0\xf6\xc7\x3f\xfe\x71\xfa\xa9\x53\xa7\x56\xe9\xba\x3e\
\x4c\x29\x55\x1c\x19\x19\xb9\xb2\xaa\xaa\x6a\xdb\xe1\xc3\x87\x7d\
\xb6\xb4\xf9\x66\x99\x5e\xf3\xe1\x97\xd4\xee\x83\x57\x0b\xab\xc5\
\x70\x29\x6c\x1d\xc7\x10\x16\x70\xef\x95\xc7\x82\x23\xd9\x2e\xc6\
\xf3\x87\x6d\x28\x56\xda\xcc\xda\xf8\x18\xab\x79\xdd\xf8\x64\xfb\
\xee\x3d\x37\x0e\x0a\x88\xef\xee\xc1\x83\x07\xd9\xb8\x71\xa3\x39\
\x31\x31\x31\xe6\xe8\xd1\xa3\xa9\xb1\xb1\xb1\x05\x2b\x56\xac\x28\
\x1a\x31\x62\x44\x87\xf2\xf1\x8d\xcc\xb5\x07\xb6\x02\x77\x35\xbb\
\xd2\x6a\x69\x61\xe5\xa2\x01\x8c\x57\x49\xac\x44\xf8\x13\xf7\x8f\
\xeb\xb6\x61\x5d\xe6\x8d\x87\x52\x6d\x16\xd3\xbd\x71\x11\xe6\x8f\
\x7f\xd2\xc3\xfe\xb7\xff\xbe\x29\xad\x53\xf7\xf2\xd0\x43\x0f\x69\
\xd9\xd9\xd9\x93\x9c\x4e\x67\xcf\x98\x98\x98\xec\xc4\xc4\xc4\x93\
\x49\x49\x49\x15\x2b\x57\xae\xec\x5c\x3d\x7d\x4b\x65\x3a\x02\xdc\
\xd5\xcc\x60\xec\xd1\x41\x6f\xf3\x79\x70\x00\x4f\x82\xdc\xc6\xd3\
\x9f\xfe\x16\x91\xfd\x2c\x9e\xd0\x79\xe9\x76\x11\xa2\x36\x1e\x34\
\x0f\x8a\x8d\x1c\x52\x2d\x62\x7f\x24\xa3\xd7\xb2\xf9\x43\x92\xf5\
\xce\xbe\xb1\x66\xfa\xf4\xe9\x23\x3f\xfd\xf4\xd3\x27\x5c\x2e\xd7\
\x74\xc0\x7c\xe1\xc2\x85\xac\xaa\xaa\xaa\xdf\x26\x25\x25\xfd\x0d\
\x63\x88\xf2\x1b\xbe\xb5\xcc\x67\x0f\x66\xa0\x54\x63\x93\x43\x2d\
\xaf\xa2\xb7\xb0\x48\xdc\x22\xdc\x88\xbc\x83\xb0\x1c\x38\xc6\x03\
\x13\x2f\x59\x05\x69\xdb\xf1\x1f\xb5\xef\x2f\x54\x5b\x4f\x5f\xac\
\xb1\xa1\x28\x7f\xe1\xda\x81\x9d\xaa\x6b\x6e\x6e\x2e\x4b\x96\x2c\
\x19\x70\xee\xdc\xb9\xa5\x4e\xa7\x73\x0e\x10\xa3\x94\x2a\x88\x8a\
\x8a\x5a\x73\xf9\xe5\x97\xbf\xf8\xf2\xcb\x2f\x07\x64\xb7\x4b\x1f\
\x1d\xba\xb4\x1c\x94\x2a\xc2\x70\xdf\x6f\x02\x0d\xa4\xc6\x30\x28\
\xb4\x5f\xd6\xcd\x18\x8b\xd4\x6f\xf1\xd4\x47\xab\x11\xf9\x8c\x25\
\x53\x2e\x19\x52\x97\x7f\x9c\xa7\x0d\xed\x61\x37\x6b\x9a\xd2\x07\
\xc6\x44\x38\x97\x5f\x95\x12\x10\xe3\xfc\xbe\x7d\xfb\xcc\x55\x55\
\x55\xa9\x66\xb3\xf9\xb4\xd9\x6c\xde\x67\xb5\x5a\x4b\xe2\xe3\xe3\
\x57\xef\xd9\xb3\xe7\x54\x20\xeb\xef\xfb\xd2\xfc\x4b\x5f\xec\x04\
\x5a\x59\x27\x12\xc3\x32\xd4\x11\x2f\x01\x03\x87\xbd\x9b\xf0\xbf\
\x01\x52\xc4\xc3\xd7\x06\xf2\xde\x7c\x46\xca\xc6\x4f\x13\x33\x2e\
\x8b\x36\x4f\xee\x1b\x57\xbe\xe4\xca\x3e\xdd\x56\x03\xf7\x9d\xcc\
\xad\x5f\xde\x05\x6a\x6b\xcb\x27\xbd\xfb\x11\x94\x5f\x84\xaa\x6a\
\x7f\x9c\x9b\x2a\x80\x63\x18\x9b\x39\x7d\x04\x72\x0c\x54\x31\x8f\
\x5c\x17\x1c\xa5\xe9\x0f\xef\x59\x41\xa5\x9a\x35\x35\x2e\x39\xca\
\x5a\xd9\x3f\x2e\xf2\xd0\xe3\x57\xf7\xcb\x9f\x36\xa0\xf3\x41\x50\
\xf7\xdd\x77\x9f\x35\x3b\x3b\xfb\xd6\xaa\xaa\xaa\x89\x91\x91\x91\
\x3f\x88\xc8\xe1\xc9\x93\x27\x1f\x7b\xe2\x89\x27\x4a\x83\x72\x2f\
\x0d\xe0\x3b\x99\x99\x59\x09\xde\xf9\x66\x1b\x7e\x3c\x62\x78\xc8\
\x95\x75\x7a\xb3\x66\x17\x42\x1e\x70\x1c\xc8\x02\xbe\xc1\xf0\x3b\
\xca\x03\x29\x66\xd9\x3f\xf9\xde\x35\xff\x6e\xbf\x19\x45\x0a\x48\
\xba\xd7\x43\x60\xac\xd9\xa4\x06\xd8\x2d\xa6\xf7\x53\x62\x23\x9f\
\x79\x63\xd6\x88\x53\x83\xe2\x3b\x1f\xf8\xf4\xd4\x53\x4f\xf1\xce\
\x3b\xef\x4c\x29\x2b\x2b\x5b\xe9\x76\xbb\xc7\x63\xac\x6e\x14\x47\
\x45\x45\xad\x49\x4a\x4a\x7a\x76\xd7\xae\x5d\x41\x7f\xdf\x89\xef\
\x64\xbe\x72\x1c\x94\x7a\x1d\xb8\xb5\xdd\xb4\xe5\x95\x70\xa6\xc4\
\xff\x20\x9b\xd6\xa1\x03\x4e\x90\x62\xe0\x0c\xf5\xee\x1d\xb5\x2e\
\x1e\x46\xd4\x97\xa1\x45\xc7\x81\xea\x89\xb1\xb8\x6d\x06\x34\xb3\
\x49\x15\xc5\x44\x98\x5f\x4c\xef\x11\xb5\xe1\xe6\xb4\xa4\x33\xff\
\x31\xa9\x7f\xa7\x2b\x94\x95\x95\xc5\xc3\x0f\x3f\x9c\x71\xfe\xfc\
\xf9\xc7\x5d\x2e\xd7\x74\x11\xb1\x2a\xa5\x9c\x36\x9b\x6d\x4b\x52\
\x52\xd2\x93\xf3\xe6\xcd\xcb\x9f\x35\x6b\x56\xa0\xe5\xd0\x22\x3a\
\xe6\xce\xf6\x6a\xce\xad\x28\x5e\x07\xda\x77\x6b\x71\x56\x43\xfe\
\x59\xe3\x7f\x88\x61\x31\xa9\x02\x47\x84\x79\xc3\xd0\x24\xc7\xa6\
\x4f\xee\x1e\x1f\xb0\xf8\xc8\xd5\xab\x57\x6b\x1f\x7f\xfc\xf1\xcd\
\x85\x85\x85\x8f\x7b\x3c\x9e\x74\x11\xb1\x59\x2c\x96\x0f\xa3\xa3\
\xa3\x97\x2d\x5a\xb4\xe8\xf0\xac\x59\xb3\xba\x54\xb9\xeb\x18\x99\
\xaf\x7f\x67\x47\xa9\xaf\x81\xd4\xb6\x13\x7a\x99\xf6\x08\x14\x15\
\x1b\x1e\xe6\xc1\x8a\xe9\x68\x03\x16\x93\x3a\x19\x6d\xb3\xac\x1b\
\x92\x18\xb5\xe5\x93\x7b\x26\x04\xad\x9b\x3b\x70\xe0\x00\x6f\xbe\
\xf9\x66\xc2\xe7\x9f\x7f\x9e\x38\x75\xea\xd4\xbc\x15\x2b\x56\x84\
\xc4\x40\xd2\x71\x47\xd3\xbd\x79\x8f\xa0\x54\xc7\x4c\x15\x17\xab\
\xe0\xfb\x42\x28\xbb\xd0\x15\xae\x93\x7a\x84\x45\xcb\x8e\x8e\xb0\
\xac\xbb\x76\x60\x8f\xcc\x57\xff\xf9\xca\x80\x69\xa7\xc7\x8f\x1f\
\x67\xd8\xb0\x61\x41\xbf\x01\x7f\xd1\x71\x32\xdf\x3e\x95\x8c\x52\
\xdf\xd0\x52\xe8\x41\x5b\x10\x8c\x30\x82\xef\x0b\x0c\x8f\x85\x40\
\x93\xaa\xd0\x23\xcc\x5a\x56\x82\xdd\xba\x7a\x44\xaf\x98\xdd\x7f\
\x5b\x38\x21\x60\x24\x2e\x5a\xb4\xc8\x9a\x9d\x9d\x3d\xbd\xb2\xb2\
\xf2\x41\xab\xd5\x5a\xec\xf1\x78\x8e\xd8\xed\xf6\xac\x94\x94\x94\
\xf7\x37\x6f\xde\x1c\xb0\x57\x73\xfc\xef\x05\x17\x23\xa2\xfd\xdf\
\x36\xd0\x3f\x17\xf0\xfd\x85\x2b\x51\x3c\x52\xf7\xbb\x4d\x62\xa4\
\xf9\xcf\xb3\xe7\x0d\x52\x4b\xca\x03\x41\xaa\x1e\x69\x31\x1d\x76\
\xd8\xcc\x2b\xe7\x8d\x49\xd9\xf7\xd4\x2d\x23\x03\xb6\xe9\xf0\xf6\
\xed\xdb\xb5\xad\x5b\xb7\x5e\x57\x56\x56\xb6\xbc\xa6\xa6\x66\x3c\
\x86\x22\xa5\x5b\x2c\x96\x0f\x63\x63\x63\x1f\x5d\xbe\x7c\xf9\x67\
\x13\x27\x4e\x0c\x48\x59\xf7\x67\x97\xda\xae\x8c\xb6\xb8\xee\xbe\
\x3c\xca\xef\x71\xd6\x3f\x32\xdf\xff\x31\x11\x4d\xe5\xa2\x88\xeb\
\xd0\x75\x8d\xb6\x2f\x15\x23\xd8\xb5\xd6\xab\xad\xa3\x06\x07\xa5\
\xdc\x91\x16\xd3\x87\x49\xd1\x11\xab\x7b\xc7\x46\xee\xff\xec\x81\
\xeb\x02\x46\xe2\x8e\x1d\x3b\xb4\xcd\x9b\x37\x8f\x2c\x2b\x2b\x5b\
\x51\x53\x53\x33\x1d\xaf\xa5\x4c\xd3\xb4\x1c\x87\xc3\xb1\x62\xc4\
\x88\x11\xbb\xd6\xaf\x5f\x1f\xb0\x71\xb1\xff\x67\xe7\x7a\x97\xb9\
\xf5\x49\x25\x93\x92\xfe\xda\x99\x7c\xfc\x0f\xce\xf8\xa8\xf8\x31\
\x94\x7a\x32\x20\x77\x53\xe3\x36\x42\xf0\x4e\xfd\x68\x04\xc1\xd6\
\x78\xda\x4a\xad\x3b\x6c\xe6\xfd\x09\x51\x11\xab\x1e\xbb\x71\xe8\
\x07\x8b\x26\x0d\x0a\x98\xc6\xb8\x62\xc5\x0a\x8e\x1e\x3d\x9a\x52\
\x5c\x5c\xfc\xb8\xd3\xe9\x9c\x23\x22\x0e\x00\x4d\xd3\xca\x23\x23\
\x23\xd7\xf4\xeb\xd7\x6f\x7d\x66\x66\x66\x69\xa0\xca\x03\xc8\xf8\
\xa2\x34\x3d\xeb\xa2\x7b\xbb\xcb\x23\xb7\x31\x35\x29\xaf\x33\x79\
\xf9\x4f\xe6\x81\x73\x0e\xcc\xa6\x23\x28\x15\x58\x3f\x4b\xb7\xc7\
\xd8\x4f\xa0\xe0\x2c\x14\x9e\x33\x8c\x10\x1e\x0f\x4a\x29\xa7\xcd\
\x62\x7a\x2b\x25\x21\x6a\xd5\x0b\x73\xc7\x1d\x9a\x9a\xd6\x81\xe8\
\x00\x1f\xb1\x6e\xdd\x3a\xeb\xdb\x6f\xbf\x7d\x4b\x79\x79\xf9\x18\
\x5d\xd7\x87\x03\xe9\x9a\xa6\x7d\x92\x9c\x9c\xbc\xe2\x8d\x37\xde\
\xc8\x0b\x74\x79\xc9\x47\xcb\x27\x95\xd4\xe8\xaf\xb8\x3d\x92\xc9\
\x84\xf8\x47\x3b\x9b\x5f\xe7\xc2\xa6\x0e\x95\xdf\x8c\x49\x7b\x13\
\xd5\x24\x8c\xc0\xaf\x71\x50\x9a\x5f\x27\xa0\x9c\xd5\x95\x8e\xef\
\x4f\xef\x8e\xff\xe6\xe4\xea\x5b\x7f\xd2\x27\x6b\xfd\x9c\xb1\x5d\
\x32\x77\x3b\x76\xec\x18\x7b\xf6\xec\xb1\x9a\x4c\x26\xf7\xb2\x65\
\xcb\x02\x5a\xe6\xcf\xbf\x73\x72\xac\xd2\x33\xf3\x54\xb5\xbe\x59\
\x44\xca\x11\x46\x30\x2e\xa6\xb4\xb3\xf9\x76\x8e\xcc\x83\x65\x1a\
\x11\x96\xed\x68\xda\x9c\x40\xde\x2c\x80\x26\xe2\x74\xa0\x6f\x4b\
\x11\xcf\xba\xac\x51\x31\x81\x0f\x83\x08\x11\x3e\xb9\xe8\xe1\xa7\
\xdf\xbb\x16\x95\xb9\x65\xad\x0e\x56\x84\x3b\x18\x6d\xdf\x15\x88\
\xbc\x3b\x1f\xd0\xf8\xc5\xc5\x64\xac\x96\x2f\xbc\xb1\x21\x9d\x86\
\x86\x94\x46\x8b\x9e\x39\x08\xf7\x9a\xfb\x2d\xd5\x79\x0b\xd3\x03\
\xbb\x03\xd8\x33\xcf\x3c\x63\xde\xbd\x7b\xf7\x14\x8f\xc7\x33\x49\
\xd7\xf5\xaf\x1c\x0e\xc7\xf1\xfe\xfd\xfb\x9f\x99\x33\x67\x4e\xe9\
\xe4\xc9\x93\x03\x5a\x56\x53\xdc\x91\xef\xb1\xee\xaf\xd0\x9f\x38\
\xe7\x96\xdf\x60\xac\x1d\x66\xa2\xcb\xbf\x32\xb2\x63\xd1\x5e\xad\
\x21\x30\xd1\xa9\xdf\xb8\x6f\xc6\xa4\xbd\x46\x27\xf6\x56\x37\x21\
\xc5\x76\x91\x17\x07\x79\xaa\x9f\xc9\x4c\xd4\xf3\xaf\x48\x8e\x0e\
\x48\xd5\x6a\xb1\x74\xe9\x52\xed\xcb\x2f\xbf\x1c\x55\x56\x56\x56\
\x67\x43\x05\x50\x4a\x95\x3a\x1c\x8e\x1d\x7d\xfb\xf6\x5d\x96\x99\
\x99\x19\x30\x3f\xd7\xa6\x18\x73\x4a\xec\xdf\xba\x64\x43\x85\x47\
\xe6\x63\xd8\x90\x73\x10\xb9\x9a\x21\xe6\x80\x95\x19\xa8\x77\x81\
\x81\x2e\xab\x50\xda\xc3\xcd\x72\xac\x7b\x19\x78\xdd\x81\x46\x6f\
\x18\xb2\x08\x45\xd1\xe8\xcf\x0d\xd0\x6b\x36\x1e\x1e\x12\x19\x94\
\x7d\xe5\x6e\xbf\xfd\xf6\xd4\x1f\x7e\xf8\x61\xa9\xcb\xe5\x9a\x2f\
\x22\xb5\xfb\xd9\xe8\x16\x8b\xe5\x70\x74\x74\xf4\x6f\x67\xcc\x98\
\x71\xe0\x57\xbf\xfa\x55\xd0\xc6\xe2\x6b\xf2\x25\xf1\xa0\x53\xb6\
\x57\x89\xba\xd1\xfb\xce\x97\x0a\x50\xd7\x92\xa6\x0e\x07\xb2\x9c\
\xc0\xc5\x8d\x7f\x53\x63\xc5\x64\xda\x8b\xc2\x70\xd7\x6f\xfa\x36\
\xc5\x46\xaf\x1f\x06\x8b\xc8\xa9\x18\xf4\x0d\xa3\x75\xe7\xa6\xfd\
\x43\x1c\x41\x69\x11\xb7\xdd\x76\x5b\x72\x41\x41\xc1\x83\xd5\xd5\
\xd5\x8b\x44\x24\xae\xf6\xb8\xa6\x69\x79\x91\x91\x91\xab\x46\x8d\
\x1a\xb5\x65\xfd\xfa\xf5\x41\xdd\xcc\xb6\xcf\x49\x3d\xf5\xac\xae\
\x5e\xab\x16\xc9\xf0\x0a\xc2\x85\xc8\xbf\x92\xae\xf9\xbd\x45\x4c\
\x6b\x08\xec\x26\x00\x39\x7a\x32\xf0\x11\x90\x5e\x4f\x5e\xc3\x62\
\x04\x8b\x90\x13\x2d\x9e\x0d\xe9\xb8\xb7\x7d\x36\x38\x32\x28\xc6\
\xef\x85\x0b\x17\x3a\x4e\x9c\x38\x31\xff\xe2\xc5\x8b\x4b\x44\x24\
\x55\x44\x50\xc6\x43\x54\x6e\xb3\xd9\xb6\xa4\xa4\xa4\x3c\xf9\xca\
\x2b\xaf\x04\x6d\x77\xc9\x5a\x0c\xcb\x93\x8c\x9c\x1a\x5e\x73\x23\
\xa9\xf5\x47\xd5\x6f\x11\xfe\x44\x7a\xe0\xf7\x5f\x08\xc6\x6b\x8a\
\x87\x81\x7a\x0f\xd5\xc8\x5f\x48\x8f\x10\xfd\x78\xb4\xe8\x6b\x66\
\x3b\xcb\x76\x6c\xfc\x49\x62\xd0\x5a\xc3\x4d\x37\xdd\x74\x5d\x71\
\x71\xf1\x73\xba\xae\xa7\x37\x20\xd1\x65\xb1\x58\xf6\x27\x25\x25\
\x2d\xdd\xbb\x77\x6f\x56\xb0\xca\xae\xc5\xa1\x4a\x9d\x9f\x16\x72\
\xe3\x79\x5d\x6d\x77\xd7\xbe\xbd\x50\xd0\x51\xf2\x7b\x50\xcb\x83\
\xf5\xe6\xfa\xc0\xef\x25\x90\xae\x1d\x07\xf9\x39\x50\x82\x88\x6e\
\x13\xfd\xe8\xe5\x7a\xcd\xdc\x6b\xdd\x95\x63\x8b\x07\x5b\xb6\x04\
\x93\x48\x00\x93\xc9\x94\x65\x36\x9b\xb3\x44\x44\x07\x74\x93\xc9\
\x94\x15\x1b\x1b\xfb\xcf\xe9\xe9\xe9\x3f\xef\x0a\x22\xe7\x16\xea\
\xda\x8c\x22\xe6\x17\xeb\xea\x4d\xb7\x88\x97\x48\xd1\x51\xfc\x2e\
\x98\x44\x06\x15\x96\x5c\x19\xdf\xe3\xdb\x9a\x9b\xe7\x67\x9d\xef\
\xf2\xb7\x07\x2d\x5e\xbc\xd8\x3e\x69\xd2\xa4\x95\x53\xa6\x4c\x79\
\x78\xce\x9c\x39\x7e\xef\x37\xd0\x51\xbc\x56\xae\x6b\xf1\xdf\xe9\
\x8f\xa8\x5c\xa9\x26\x57\x84\x1c\x11\x72\xc5\x43\x8e\xfe\x00\xb9\
\x12\x82\xfd\xe6\xc2\xf0\x0b\x77\x14\x8a\x2d\xf6\x3b\xfd\x79\x72\
\x75\x21\x47\x17\x2f\x99\xe7\xc9\x91\x99\xe4\x76\xcd\xc2\x7c\xb7\
\x7a\x99\xb3\x37\x26\x23\xd9\xed\x76\xdb\x74\x5d\x2f\x9e\x37\x6f\
\x9e\x73\xda\xb4\x69\x21\xef\xb6\x06\xe5\xe9\x71\x45\x6e\xfe\x5c\
\x21\x6a\x76\x83\xd7\x4d\x1e\x07\x35\x97\x34\x75\xac\xab\xea\xd1\
\x6d\xc8\xbc\xfb\xee\xbb\x1d\xb9\xb9\xb9\x77\x57\x55\x55\x2d\x15\
\x91\x44\xb3\xd9\x5c\x2c\x22\xd9\x11\x11\x11\x39\xb1\xb1\xb1\xaf\
\xec\xdb\xb7\xef\xc3\x50\xd4\x6b\xca\x0f\xd2\xfb\x60\xb5\xbc\x5a\
\xad\xab\x09\x5e\x69\xea\x88\x64\x82\xfa\x35\xe9\xaa\xb4\x2b\xeb\
\xd2\xb9\xd7\x14\x77\x01\xee\xbd\xf7\x5e\xdb\xb7\xdf\x7e\x3b\x33\
\x2b\x2b\x6b\x99\xc7\xe3\x19\x26\x5e\x5f\xa2\x9a\x9a\x9a\xde\x26\
\x93\xc9\xa9\x69\xda\xce\xbe\x7d\xfb\x1e\x0a\x45\xdd\x7a\x9d\xd4\
\x87\x1d\xac\x96\xd7\xaa\x75\x86\x78\x27\xd6\xa7\x80\x07\x41\xed\
\x0e\xc6\xd4\xa3\x3d\x5c\xb2\x2d\x73\xc1\x82\x05\x5a\x7e\x7e\xfe\
\x75\xe5\xe5\xe5\xcb\x6b\x6a\x6a\x26\x60\xf8\xa1\xe2\x9d\x6e\x94\
\xda\x6c\xb6\x4d\x7d\xfa\xf4\x59\xb5\x73\xe7\xce\xa0\xcf\x17\x5b\
\xc2\xa0\xef\xf5\x29\xdf\xbb\xd9\xe9\x11\x7a\x02\x2e\x94\xda\x04\
\x3c\x4e\x9a\xf2\x6b\x7b\xd1\x40\xe0\x92\x24\x73\xda\xb4\x69\xe3\
\xbc\x36\xd4\xa6\x9b\x27\xba\xac\x56\xeb\x5b\x89\x89\x89\x8f\xee\
\xdd\xbb\x37\x3b\x14\x75\xfb\xaa\xc2\xcd\x0d\x67\xb4\x5b\xcf\x79\
\xd4\x56\x0f\x38\x10\x79\x07\xd4\x32\xd2\xbb\x6e\x6c\x6c\x0d\xa6\
\xce\x67\x11\x18\xfc\xfd\xef\x7f\xa7\xa4\xa4\x64\x50\x62\x62\xe2\
\xaa\xf2\xf2\xf2\xd5\x1e\x8f\x67\xb8\x88\xd4\xd6\x4f\x37\x9b\xcd\
\x47\xe2\xe3\xe3\xef\x1e\x30\x60\xc0\xaa\x9d\x3b\x77\xb6\xbf\x7b\
\x52\x10\xf0\xcb\x33\xa2\x3d\x56\xa2\x16\x9f\xd5\x79\x56\x17\xf5\
\x09\x8a\x7b\x50\xea\x0f\xa4\xab\xc2\x50\xcb\x0f\x2e\x91\x96\x39\
\x7e\xfc\xf8\x04\xb3\xd9\xbc\xd4\xe9\x74\xfe\x42\x44\x1a\x79\xfd\
\x69\x9a\x56\x60\xb7\xdb\x97\xa7\xa4\xa4\xbc\xfc\x97\xbf\xfc\x25\
\x64\x41\x3d\xb7\xe4\x7b\xb4\x03\xd5\xea\x3f\xce\xeb\xaa\xbf\x08\
\xcf\xa1\x38\x7c\xa9\x19\x00\x2e\x09\x05\xa8\xa6\xa6\xa6\xd4\xe3\
\xf1\x6c\xee\xdd\xbb\xf7\xe9\x73\xe7\xce\x0d\x74\xbb\xdd\xe9\x22\
\x32\xca\x62\xb1\x6c\x49\x49\x49\x59\xdb\x15\x76\xd4\xb6\x30\xaf\
\x48\x38\xe6\x94\xd4\x12\xb7\x6c\x64\xb0\x16\xd2\xba\x74\x3b\x6c\
\xdf\xbe\x5d\x9b\x39\x73\xa6\x7d\xcf\x9e\x40\xee\x2c\x17\x46\x18\
\x61\x84\x11\x46\x18\x61\x84\x11\x46\x18\x61\x84\x11\x46\x18\x61\
\x84\x11\x46\x18\x61\x84\x11\x46\x18\x81\xc7\xff\x01\xd8\xde\x93\
\x1a\x48\x12\x8b\x21\x00\x00\x00\x25\x74\x45\x58\x74\x64\x61\x74\
\x65\x3a\x63\x72\x65\x61\x74\x65\x00\x32\x30\x32\x31\x2d\x30\x37\
\x2d\x31\x39\x54\x30\x39\x3a\x35\x35\x3a\x34\x38\x2b\x30\x30\x3a\
\x30\x30\xac\x19\x61\x97\x00\x00\x00\x25\x74\x45\x58\x74\x64\x61\
\x74\x65\x3a\x6d\x6f\x64\x69\x66\x79\x00\x32\x30\x32\x31\x2d\x30\
\x37\x2d\x31\x39\x54\x30\x39\x3a\x35\x35\x3a\x34\x38\x2b\x30\x30\
\x3a\x30\x30\xdd\x44\xd9\x2b\x00\x00\x00\x00\x49\x45\x4e\x44\xae\
\x42\x60\x82\
"

qt_resource_name = b"\
\x00\x06\
\x07\x03\x7d\xc3\
\x00\x69\
\x00\x6d\x00\x61\x00\x67\x00\x65\x00\x73\
\x00\x05\
\x00\x6f\xa6\x53\
\x00\x69\
\x00\x63\x00\x6f\x00\x6e\x00\x73\
\x00\x10\
\x0d\xc9\x5d\x07\
\x00\x63\
\x00\x69\x00\x6c\x00\x2d\x00\x73\x00\x65\x00\x74\x00\x74\x00\x69\x00\x6e\x00\x67\x00\x73\x00\x2e\x00\x70\x00\x6e\x00\x67\
\x00\x10\
\x0e\x4e\x2b\xa7\
\x00\x69\
\x00\x63\x00\x6f\x00\x6e\x00\x5f\x00\x72\x00\x65\x00\x73\x00\x74\x00\x6f\x00\x72\x00\x65\x00\x2e\x00\x70\x00\x6e\x00\x67\
\x00\x11\
\x08\x65\xba\x47\
\x00\x69\
\x00\x63\x00\x6f\x00\x6e\x00\x5f\x00\x73\x00\x65\x00\x74\x00\x74\x00\x69\x00\x6e\x00\x67\x00\x73\x00\x2e\x00\x70\x00\x6e\x00\x67\
\
\x00\x14\
\x08\x59\x68\x87\
\x00\x63\
\x00\x69\x00\x6c\x00\x2d\x00\x61\x00\x72\x00\x72\x00\x6f\x00\x77\x00\x2d\x00\x62\x00\x6f\x00\x74\x00\x74\x00\x6f\x00\x6d\x00\x2e\
\x00\x70\x00\x6e\x00\x67\
\x00\x15\
\x0d\x13\xef\x27\
\x00\x63\
\x00\x69\x00\x6c\x00\x2d\x00\x70\x00\x6f\x00\x77\x00\x65\x00\x72\x00\x2d\x00\x73\x00\x74\x00\x61\x00\x6e\x00\x64\x00\x62\x00\x79\
\x00\x2e\x00\x70\x00\x6e\x00\x67\
\x00\x0c\
\x04\xfa\xbe\xc7\
\x00\x63\
\x00\x69\x00\x6c\x00\x2d\x00\x75\x00\x73\x00\x65\x00\x72\x00\x2e\x00\x70\x00\x6e\x00\x67\
\x00\x18\
\x0a\x0e\x7c\xc7\
\x00\x63\
\x00\x69\x00\x6c\x00\x2d\x00\x64\x00\x61\x00\x74\x00\x61\x00\x2d\x00\x74\x00\x72\x00\x61\x00\x6e\x00\x73\x00\x66\x00\x65\x00\x72\
\x00\x2d\x00\x75\x00\x70\x00\x2e\x00\x70\x00\x6e\x00\x67\
\x00\x0d\
\x07\x1c\xda\x87\
\x00\x69\
\x00\x63\x00\x6f\x00\x6e\x00\x5f\x00\x6d\x00\x65\x00\x6e\x00\x75\x00\x2e\x00\x70\x00\x6e\x00\x67\
\x00\x0c\
\x0b\x0b\xb0\xa7\
\x00\x63\
\x00\x69\x00\x6c\x00\x2d\x00\x68\x00\x6f\x00\x6d\x00\x65\x00\x2e\x00\x70\x00\x6e\x00\x67\
\x00\x0c\
\x04\x5c\xb0\x27\
\x00\x63\
\x00\x69\x00\x6c\x00\x2d\x00\x64\x00\x72\x00\x6f\x00\x70\x00\x2e\x00\x70\x00\x6e\x00\x67\
\x00\x0e\
\x02\x60\xf8\xc7\
\x00\x69\
\x00\x63\x00\x6f\x00\x6e\x00\x5f\x00\x63\x00\x6c\x00\x6f\x00\x73\x00\x65\x00\x2e\x00\x70\x00\x6e\x00\x67\
\x00\x17\
\x05\xf8\xfa\x47\
\x00\x63\
\x00\x69\x00\x6c\x00\x2d\x00\x65\x00\x6e\x00\x76\x00\x65\x00\x6c\x00\x6f\x00\x70\x00\x65\x00\x2d\x00\x6c\x00\x65\x00\x74\x00\x74\
\x00\x65\x00\x72\x00\x2e\x00\x70\x00\x6e\x00\x67\
\x00\x11\
\x0b\xf6\x67\x27\
\x00\x63\
\x00\x69\x00\x6c\x00\x2d\x00\x61\x00\x72\x00\x72\x00\x6f\x00\x77\x00\x2d\x00\x74\x00\x6f\x00\x70\x00\x2e\x00\x70\x00\x6e\x00\x67\
\
\x00\x0c\
\x02\xb9\x5c\x07\
\x00\x70\
\x00\x6f\x00\x69\x00\x6e\x00\x74\x00\x65\x00\x72\x00\x32\x00\x2e\x00\x70\x00\x6e\x00\x67\
\x00\x09\
\x0f\x4b\x84\xa7\
\x00\x63\
\x00\x69\x00\x6c\x00\x2d\x00\x78\x00\x2e\x00\x70\x00\x6e\x00\x67\
\x00\x13\
\x08\x42\x01\x67\
\x00\x63\
\x00\x69\x00\x6c\x00\x2d\x00\x73\x00\x68\x00\x61\x00\x72\x00\x65\x00\x2d\x00\x62\x00\x6f\x00\x78\x00\x65\x00\x64\x00\x2e\x00\x70\
\x00\x6e\x00\x67\
\x00\x09\
\x06\xc7\x98\x67\
\x00\x61\
\x00\x62\x00\x6f\x00\x75\x00\x74\x00\x2e\x00\x70\x00\x6e\x00\x67\
\x00\x12\
\x02\x84\x59\x07\
\x00\x63\
\x00\x69\x00\x6c\x00\x2d\x00\x61\x00\x72\x00\x72\x00\x6f\x00\x77\x00\x2d\x00\x6c\x00\x65\x00\x66\x00\x74\x00\x2e\x00\x70\x00\x6e\
\x00\x67\
\x00\x11\
\x0c\xc2\x5e\xc7\
\x00\x69\
\x00\x63\x00\x6f\x00\x6e\x00\x5f\x00\x6d\x00\x69\x00\x6e\x00\x69\x00\x6d\x00\x69\x00\x7a\x00\x65\x00\x2e\x00\x70\x00\x6e\x00\x67\
\
\x00\x14\
\x04\x3c\xb9\x27\
\x00\x73\
\x00\x65\x00\x6e\x00\x64\x00\x61\x00\x2d\x00\x74\x00\x72\x00\x61\x00\x63\x00\x6b\x00\x2d\x00\x6c\x00\x6f\x00\x67\x00\x6f\x00\x2e\
\x00\x70\x00\x6e\x00\x67\
"

qt_resource_struct_v1 = b"\
\x00\x00\x00\x00\x00\x02\x00\x00\x00\x02\x00\x00\x00\x01\
\x00\x00\x00\x12\x00\x02\x00\x00\x00\x01\x00\x00\x00\x06\
\x00\x00\x00\x00\x00\x02\x00\x00\x00\x01\x00\x00\x00\x03\
\x00\x00\x00\x00\x00\x02\x00\x00\x00\x01\x00\x00\x00\x04\
\x00\x00\x00\x00\x00\x02\x00\x00\x00\x01\x00\x00\x00\x05\
\x00\x00\x02\xee\x00\x00\x00\x00\x00\x01\x00\x00\x64\x2e\
\x00\x00\x00\x00\x00\x02\x00\x00\x00\x01\x00\x00\x00\x07\
\x00\x00\x00\x12\x00\x02\x00\x00\x00\x13\x00\x00\x00\x08\
\x00\x00\x01\xa4\x00\x00\x00\x00\x00\x01\x00\x00\x37\xa0\
\x00\x00\x02\x9c\x00\x00\x00\x00\x00\x01\x00\x00\x5c\x7c\
\x00\x00\x02\x22\x00\x00\x00\x00\x00\x01\x00\x00\x47\x4d\
\x00\x00\x01\x86\x00\x00\x00\x00\x00\x01\x00\x00\x30\x35\
\x00\x00\x00\xf4\x00\x00\x00\x00\x00\x01\x00\x00\x19\x2e\
\x00\x00\x01\xc6\x00\x00\x00\x00\x00\x01\x00\x00\x38\x76\
\x00\x00\x02\x84\x00\x00\x00\x00\x00\x01\x00\x00\x5a\x05\
\x00\x00\x01\x48\x00\x00\x00\x00\x00\x01\x00\x00\x27\xbf\
\x00\x00\x02\x58\x00\x00\x00\x00\x00\x01\x00\x00\x52\x4c\
\x00\x00\x00\x96\x00\x00\x00\x00\x00\x01\x00\x00\x0a\x82\
\x00\x00\x00\x6e\x00\x00\x00\x00\x00\x01\x00\x00\x08\xfc\
\x00\x00\x01\x12\x00\x00\x00\x00\x00\x01\x00\x00\x20\x92\
\x00\x00\x01\x68\x00\x00\x00\x00\x00\x01\x00\x00\x28\xbb\
\x00\x00\x01\xfa\x00\x00\x00\x00\x00\x01\x00\x00\x40\x29\
\x00\x00\x02\xc6\x00\x00\x00\x00\x00\x01\x00\x00\x63\x7e\
\x00\x00\x00\xc4\x00\x00\x00\x00\x00\x01\x00\x00\x11\xa3\
\x00\x00\x00\x22\x00\x00\x00\x00\x00\x01\x00\x00\x00\x00\
\x00\x00\x00\x48\x00\x00\x00\x00\x00\x01\x00\x00\x07\xb6\
\x00\x00\x02\x40\x00\x00\x00\x00\x00\x01\x00\x00\x4b\x14\
"

qt_resource_struct_v2 = b"\
\x00\x00\x00\x00\x00\x02\x00\x00\x00\x02\x00\x00\x00\x01\
\x00\x00\x00\x00\x00\x00\x00\x00\
\x00\x00\x00\x12\x00\x02\x00\x00\x00\x01\x00\x00\x00\x06\
\x00\x00\x00\x00\x00\x00\x00\x00\
\x00\x00\x00\x00\x00\x02\x00\x00\x00\x01\x00\x00\x00\x03\
\x00\x00\x00\x00\x00\x00\x00\x00\
\x00\x00\x00\x00\x00\x02\x00\x00\x00\x01\x00\x00\x00\x04\
\x00\x00\x00\x00\x00\x00\x00\x00\
\x00\x00\x00\x00\x00\x02\x00\x00\x00\x01\x00\x00\x00\x05\
\x00\x00\x00\x00\x00\x00\x00\x00\
\x00\x00\x02\xee\x00\x00\x00\x00\x00\x01\x00\x00\x64\x2e\
\x00\x00\x01\x7a\xbe\x31\x82\xfb\
\x00\x00\x00\x00\x00\x02\x00\x00\x00\x01\x00\x00\x00\x07\
\x00\x00\x00\x00\x00\x00\x00\x00\
\x00\x00\x00\x12\x00\x02\x00\x00\x00\x13\x00\x00\x00\x08\
\x00\x00\x00\x00\x00\x00\x00\x00\
\x00\x00\x01\xa4\x00\x00\x00\x00\x00\x01\x00\x00\x37\xa0\
\x00\x00\x01\x79\x26\xd9\x4d\xb0\
\x00\x00\x02\x9c\x00\x00\x00\x00\x00\x01\x00\x00\x5c\x7c\
\x00\x00\x01\x79\x26\xd9\x4d\xb0\
\x00\x00\x02\x22\x00\x00\x00\x00\x00\x01\x00\x00\x47\x4d\
\x00\x00\x01\x79\x76\x55\x34\x30\
\x00\x00\x01\x86\x00\x00\x00\x00\x00\x01\x00\x00\x30\x35\
\x00\x00\x01\x79\x26\xd9\x4d\xb0\
\x00\x00\x00\xf4\x00\x00\x00\x00\x00\x01\x00\x00\x19\x2e\
\x00\x00\x01\x79\x26\xd9\x4d\xb0\
\x00\x00\x01\xc6\x00\x00\x00\x00\x00\x01\x00\x00\x38\x76\
\x00\x00\x01\x79\x26\xd9\x4d\xb0\
\x00\x00\x02\x84\x00\x00\x00\x00\x00\x01\x00\x00\x5a\x05\
\x00\x00\x01\x79\x79\x3e\x23\x50\
\x00\x00\x01\x48\x00\x00\x00\x00\x00\x01\x00\x00\x27\xbf\
\x00\x00\x01\x79\x26\xd9\x4d\xb0\
\x00\x00\x02\x58\x00\x00\x00\x00\x00\x01\x00\x00\x52\x4c\
\x00\x00\x01\x79\x26\xd9\x4d\xb0\
\x00\x00\x00\x96\x00\x00\x00\x00\x00\x01\x00\x00\x0a\x82\
\x00\x00\x01\x79\x26\xd9\x4d\xb0\
\x00\x00\x00\x6e\x00\x00\x00\x00\x00\x01\x00\x00\x08\xfc\
\x00\x00\x01\x79\x26\xd9\x4d\xb0\
\x00\x00\x01\x12\x00\x00\x00\x00\x00\x01\x00\x00\x20\x92\
\x00\x00\x01\x79\x26\xd9\x4d\xb0\
\x00\x00\x01\x68\x00\x00\x00\x00\x00\x01\x00\x00\x28\xbb\
\x00\x00\x01\x79\x26\xd9\x4d\xb0\
\x00\x00\x01\xfa\x00\x00\x00\x00\x00\x01\x00\x00\x40\x29\
\x00\x00\x01\x79\x26\xd9\x4d\xb0\
\x00\x00\x02\xc6\x00\x00\x00\x00\x00\x01\x00\x00\x63\x7e\
\x00\x00\x01\x79\x26\xd9\x4d\xb0\
\x00\x00\x00\xc4\x00\x00\x00\x00\x00\x01\x00\x00\x11\xa3\
\x00\x00\x01\x79\x26\xd9\x4d\xb0\
\x00\x00\x00\x22\x00\x00\x00\x00\x00\x01\x00\x00\x00\x00\
\x00\x00\x01\x79\x26\xd9\x4d\xb0\
\x00\x00\x00\x48\x00\x00\x00\x00\x00\x01\x00\x00\x07\xb6\
\x00\x00\x01\x79\x26\xd9\x4d\xb0\
\x00\x00\x02\x40\x00\x00\x00\x00\x00\x01\x00\x00\x4b\x14\
\x00\x00\x01\x79\x26\xd9\x4d\xb0\
"

qt_version = [int(v) for v in QtCore.qVersion().split('.')]
if qt_version < [5, 8, 0]:
    rcc_version = 1
    qt_resource_struct = qt_resource_struct_v1
else:
    rcc_version = 2
    qt_resource_struct = qt_resource_struct_v2

def qInitResources():
    QtCore.qRegisterResourceData(rcc_version, qt_resource_struct, qt_resource_name, qt_resource_data)

def qCleanupResources():
    QtCore.qUnregisterResourceData(rcc_version, qt_resource_struct, qt_resource_name, qt_resource_data)

qInitResources()
