# -*- coding: utf-8 -*-

# Resource object code
#
# Created by: The Resource Compiler for PyQt5 (Qt v5.15.2)
#
# WARNING! All changes made in this file will be lost!

from PyQt5 import QtCore

qt_resource_data = b"\
\x00\x02\xce\xdd\
\x89\
\x50\x4e\x47\x0d\x0a\x1a\x0a\x00\x00\x00\x0d\x49\x48\x44\x52\x00\
\x00\x02\xdd\x00\x00\x05\x18\x08\x06\x00\x00\x00\x74\xb5\x6e\x7b\
\x00\x00\x00\x09\x70\x48\x59\x73\x00\x00\x0e\xc4\x00\x00\x0e\xc4\
\x01\x95\x2b\x0e\x1b\x00\x00\x00\x35\x74\x45\x58\x74\x43\x6f\x6d\
\x6d\x65\x6e\x74\x00\x78\x72\x3a\x64\x3a\x44\x41\x45\x39\x77\x5f\
\x75\x6a\x41\x78\x73\x3a\x33\x34\x36\x2c\x6a\x3a\x32\x35\x39\x30\
\x36\x30\x32\x38\x37\x32\x35\x2c\x74\x3a\x32\x32\x30\x35\x31\x31\
\x30\x39\x02\x1c\x53\xcd\x00\x02\xce\x4e\x49\x44\x41\x54\x78\x9c\
\xec\xd6\xb1\x0d\x83\x40\x10\x45\x41\xce\x05\xd0\x7f\x21\xf4\x87\
\x53\x4b\x96\x20\xc0\x4f\xde\x60\x26\xb3\xbe\xcc\x6d\xf8\xd6\x71\
\x1c\xe7\xf6\x61\xad\xb5\x5d\x79\xb2\x97\xdf\xfe\xf7\x3e\xf9\xb6\
\xbb\x7d\xf2\x6d\x4f\xf7\xc9\xb7\xdd\xed\x93\x6f\x7b\xba\x4f\xbe\
\xed\x6e\x9f\x7c\xdb\xd3\x7d\xf2\x6d\x77\xfb\xe4\xdb\xae\xf6\xf3\
\x3c\x7f\xfa\xbb\xf8\xa6\x37\x66\xbd\x51\x7c\xd3\x1b\xfd\x1b\xfb\
\xbe\x6f\xaf\xaf\x7f\x02\x00\x00\x3f\x25\xba\x01\x00\x20\x26\xba\
\x01\x00\x20\x26\xba\x01\x00\x20\x26\xba\x01\x00\x20\x26\xba\x01\
\x00\x20\x26\xba\x01\x00\x20\x26\xba\x01\x00\x20\x26\xba\x01\x00\
\x20\x26\xba\x01\x00\x20\x26\xba\x01\x00\x20\x26\xba\x01\x00\x20\
\x26\xba\x01\x00\x20\x26\xba\x01\x00\x20\x26\xba\x01\x00\x20\x26\
\xba\x01\x00\x20\x26\xba\x01\x00\x20\x26\xba\x01\x00\x20\x26\xba\
\x01\x00\x20\x26\xba\x01\x00\x20\x26\xba\x01\x00\x20\x26\xba\x01\
\x00\x20\x26\xba\x01\x00\x20\x26\xba\x01\x00\x20\x26\xba\x01\x00\
\x20\x26\xba\x01\x00\x20\x26\xba\x01\x00\x20\x26\xba\x01\x00\x20\
\x26\xba\x01\x00\x20\x26\xba\x01\x00\x20\x26\xba\x01\x00\x20\x26\
\xba\x01\x00\x20\x26\xba\x01\x00\x20\x26\xba\x01\x00\x20\x26\xba\
\x01\x00\x20\x26\xba\x01\x00\x20\x26\xba\x01\x00\x20\x26\xba\x01\
\x00\x20\x26\xba\x01\x00\x20\x26\xba\x01\x00\x20\x26\xba\x01\x00\
\x20\x26\xba\x01\x00\x20\x26\xba\x01\x00\x20\x26\xba\x01\x00\x20\
\x26\xba\x01\x00\x20\x26\xba\x01\x00\x20\x26\xba\x01\x00\x20\x26\
\xba\x01\x00\x20\x26\xba\x01\x00\x20\x26\xba\x01\x00\x20\x26\xba\
\x01\x00\x20\x26\xba\x01\x00\x20\x26\xba\x01\x00\x20\x26\xba\x01\
\x00\x20\x26\xba\x01\x00\x20\x26\xba\x01\x00\x20\x26\xba\x01\x00\
\x20\x26\xba\x01\x00\x20\x26\xba\x01\x00\x20\x26\xba\x01\x00\x20\
\x26\xba\x01\x00\x20\x26\xba\x01\x00\x20\x26\xba\x01\x00\x20\x26\
\xba\x01\x00\x20\x26\xba\x01\x00\x20\x26\xba\x01\x00\x20\x26\xba\
\x01\x00\x20\x26\xba\x01\x00\x20\x26\xba\x01\x00\x20\x26\xba\x01\
\x00\x20\x26\xba\x01\x00\x20\x26\xba\x01\x00\x20\x26\xba\x01\x00\
\x20\x26\xba\x01\x00\x20\x26\xba\x01\x00\x20\x26\xba\x01\x00\x20\
\x26\xba\x01\x00\x20\x26\xba\x01\x00\x20\x26\xba\x01\x00\x20\x26\
\xba\x01\x00\x20\x26\xba\x01\x00\x20\x26\xba\x01\x00\x20\x26\xba\
\x01\x00\x20\x26\xba\x01\x00\x20\x26\xba\x01\x00\x20\x26\xba\x01\
\x00\x20\x26\xba\x01\x00\x20\x26\xba\x01\x00\x20\x26\xba\x01\x00\
\x20\x26\xba\x01\x00\x20\x26\xba\x01\x00\x20\x26\xba\x01\x00\x20\
\xf6\x06\x00\x00\xff\xff\xec\xdd\xd1\x6e\xdb\x38\x10\x40\xd1\x78\
\xd1\xff\xff\xe5\xf4\x65\x8d\xb0\x2a\x87\x1c\x52\x1e\x27\x28\xcf\
\x01\x16\x75\x44\xc9\x56\xfb\x74\x77\x40\x2b\xa2\x1b\x00\x00\x8a\
\x89\x6e\x00\x00\x28\x26\xba\x01\x00\xa0\x98\xe8\x06\x00\x80\x62\
\xa2\x1b\x00\x00\x8a\x89\x6e\x00\x00\x28\x26\xba\x01\x00\xa0\x98\
\xe8\x06\x00\x80\x62\xa2\x1b\x00\x00\x8a\x89\x6e\x00\x00\x28\x26\
\xba\x01\x00\xa0\x98\xe8\x06\x00\x80\x62\xa2\x1b\x00\x00\x8a\x89\
\x6e\x00\x00\x28\x26\xba\x01\x00\xa0\x98\xe8\x06\x00\x80\x62\xa2\
\x1b\x00\x00\x8a\x89\x6e\x00\x00\x28\x26\xba\x01\x00\xa0\x98\xe8\
\x06\x00\x80\x62\xa2\x1b\x00\x00\x8a\x89\x6e\x00\x00\x28\x26\xba\
\x01\x00\xa0\x98\xe8\x06\x00\x80\x62\xa2\x1b\x00\x00\x8a\x89\x6e\
\x00\x00\x28\x26\xba\x01\x00\xa0\x98\xe8\x06\x00\x80\x62\xa2\x1b\
\x00\x00\x8a\x89\x6e\x00\x00\x28\x26\xba\x01\x00\xa0\x98\xe8\x06\
\x00\x80\x62\xa2\x1b\x00\x00\x8a\x89\x6e\x00\x00\x28\x26\xba\x01\
\x00\xa0\x98\xe8\x06\x00\x80\x62\xa2\x1b\x00\x00\x8a\x89\x6e\x00\
\x00\x28\x26\xba\x01\x00\xa0\x98\xe8\x06\x00\x80\x62\xa2\x1b\x00\
\x00\x8a\x89\x6e\x00\x00\x28\x26\xba\x01\x00\xa0\x98\xe8\x06\x00\
\x80\x62\xa2\x1b\x00\x00\x8a\x89\x6e\x00\x00\x28\x26\xba\x01\x00\
\xa0\x98\xe8\x06\x00\x80\x62\xa2\x1b\x00\x00\x8a\x89\x6e\x00\x00\
\x28\x26\xba\x01\x00\xa0\x98\xe8\x06\x00\x80\x62\xa2\x1b\x00\x00\
\x8a\x89\x6e\x00\x00\x28\x26\xba\x01\x00\xa0\x98\xe8\x06\x00\x80\
\x62\xa2\x1b\x00\x00\x8a\x89\x6e\x00\x00\x28\xf6\xeb\xbb\x6f\x00\
\x80\xbc\xc7\xe3\xf1\xd7\xb1\xcf\xcf\xcf\x6f\xb8\x13\x00\x56\x88\
\x6e\x80\x1f\xa4\x17\xd5\x2b\xd7\x88\x72\x80\x9f\x49\x74\x03\x7c\
\xa3\x4c\x64\xcf\xa2\x7a\xf5\x7a\x11\x0e\xf0\x7e\xa2\x1b\xe0\xcd\
\xa2\x70\x7e\x3c\x1e\x5b\x51\x3d\x7b\xef\x6b\x64\xb7\xe7\x08\x70\
\x80\xf7\x10\xdd\x00\x6f\xf0\x0c\xdd\x95\xa9\x75\x6f\xfd\xd5\x93\
\xee\xbb\x91\x0f\x40\x8e\xe8\x06\x28\x74\x8d\xda\xd1\x94\x7b\xb4\
\xbe\xfb\x79\x4f\x51\x68\xf7\x8e\x9b\x7e\x03\xbc\x9e\xe8\x06\x28\
\x30\x8b\xed\x51\x5c\xef\xae\x3d\xd7\x7b\xd1\xdc\x46\xfd\x2c\xb4\
\xc5\x37\xc0\xeb\x89\x6e\x80\x17\x1a\xc5\x75\xb4\x67\x3b\xb3\xe5\
\x64\x65\x02\x3e\xdb\xd7\xdd\x9b\x74\x3f\xef\x4d\x7c\x03\xd4\x10\
\xdd\x00\x2f\x12\xc5\x73\x76\x6f\x76\xe6\x8b\x94\xd9\xf5\xe8\xcb\
\x93\xb3\xb0\x8e\x26\xdf\xc2\x1b\xe0\x1e\xd1\x0d\x70\x53\x36\xb6\
\x7b\x51\xbd\x1a\xd9\x99\x3d\xdb\xbd\xf3\x56\x27\xdd\xbd\x18\x17\
\xdf\x00\xfb\x44\x37\xc0\x0d\xd1\x17\x20\x67\xf1\x9d\x7d\x9f\x3b\
\xf7\xd1\x0b\xed\xd5\x49\x77\xef\x67\xe1\x0d\xb0\x4e\x74\x03\x6c\
\xc8\x4c\xb7\x7b\xaf\xdf\xf9\xc8\xc0\x68\xda\x3d\xfa\xf2\x64\xfb\
\x73\xb4\x2e\xbc\x01\xd6\x89\x6e\x80\x45\x2b\x31\x9d\x09\xe7\xbb\
\xbf\x71\x32\x7a\xaf\xde\x96\x93\xde\x16\x92\xe7\xb9\x2b\x53\x6e\
\x5f\xb2\x04\x58\x23\xba\x01\x16\xac\x44\xf6\x9d\x49\x77\xc5\x53\
\x4c\xb2\x93\xee\x95\xd8\x36\xf5\x06\xc8\x11\xdd\x00\x49\xa3\x70\
\x5e\xf9\x32\x65\xf4\xbe\xd1\xfa\xe8\xf8\xec\xbc\xd9\x16\x92\xf6\
\x9c\x4c\x6c\xb7\xd7\x0a\x6f\x80\x3c\xd1\x0d\x90\x70\x8d\xeb\x28\
\xbc\x5f\x11\xdf\x3b\x13\xf0\xcc\xf9\xed\x16\x92\xe7\xcf\xd1\xbd\
\xf5\x42\x7c\x25\xca\x01\xf8\x93\xe8\x06\x98\xc8\x06\xf7\xf5\x58\
\xef\xf5\x2c\xbe\xb3\x8f\x08\x8c\xa6\xcb\x77\x27\xdd\xb3\xa7\x98\
\xf4\xce\x33\xf1\x06\x98\x13\xdd\x00\x03\x2b\xc1\x1d\x4d\xba\x57\
\xbe\x4c\xb9\xf2\x44\x93\xcc\x74\x79\x75\xd2\x3d\x0b\xf1\x95\xd7\
\x00\x7c\x11\xdd\x00\x81\x28\xb8\x2b\x27\xdd\xb3\xb5\xe8\xfc\x68\
\x9b\xc7\x9d\x49\xf7\xea\xeb\xf6\x7d\x85\x37\xc0\x9f\xfe\xfb\xee\
\x1b\x00\xf8\x89\x76\x82\xbb\x8d\xea\xe8\x75\x7b\x6d\x2f\xc8\xdb\
\xff\xa2\x7b\x8a\xee\x77\xf4\x39\xb3\x7b\xa9\x7c\x0d\x80\x49\x37\
\xc0\x5f\x76\x83\xfb\xba\xd6\x7b\x9d\x0d\xd3\xd1\x5e\xee\xec\xfd\
\x3f\x65\xb7\x91\xb4\x6b\xd1\x17\x29\x6d\x2f\x01\xd8\x23\xba\x01\
\x06\x56\x82\x3b\xbb\xa7\x3b\x3b\x69\x1e\x1d\x1b\xdd\x6f\xef\x97\
\xe2\x7c\x7c\xcc\x7f\x01\x4e\x14\xdb\xd7\xbf\x4b\xf6\xe9\x25\x02\
\x1c\xe0\x8b\xe8\x06\x68\xcc\xbe\xd0\xb8\x32\x05\xef\xbd\x1e\x05\
\xf6\xec\xb3\x67\x6b\xd1\x39\x2b\x93\xee\xd1\x3e\xef\xf6\xda\x3b\
\xeb\x00\x27\xb2\xa7\x1b\xe0\x7f\xb3\xa0\xde\x0d\xee\x68\xff\x76\
\xef\xe7\xd1\x9e\xec\x6c\x70\x8f\xf6\x8f\x67\x3f\x7b\x36\xb1\xdf\
\x59\x07\x38\x99\x49\x37\x40\xa3\x2a\xbc\x9f\xaf\xdf\x31\xe9\xbe\
\x9e\xb7\x3a\xe9\x1e\x6d\x1f\xd9\x5d\x07\x38\x9d\xe8\x06\xf8\x18\
\xef\xa5\xce\x84\x76\xef\x7d\x32\x7b\xba\x5f\xb1\xbf\xbb\xf7\x58\
\xc0\xe8\xd8\x3b\xb6\x8f\x8c\xf6\x95\x03\x9c\xca\xf6\x12\xe0\x78\
\x99\xa9\x75\x66\xfa\x9c\xd9\x72\x31\x9b\x82\x8f\xb6\x92\x44\xf7\
\xd0\xbb\x26\x3a\x36\xfb\xec\xd1\xb9\x2b\xeb\xb3\x7b\x06\x38\x8d\
\x49\x37\xc0\x47\x7e\x8a\xbd\xb2\xbd\x64\x67\xd2\x1d\x9d\x97\x39\
\xbf\x37\xc9\x6e\xaf\x99\x3d\xa1\x24\x73\x6e\x76\xfb\x48\x76\x02\
\x0e\x70\x0a\x93\x6e\xe0\x68\x2b\xdb\x4a\x66\xeb\xa3\x28\xbf\xae\
\x47\x6b\xd9\xa9\xf5\xec\xef\x32\x9a\x5e\x8f\x8e\x8f\x8e\xf5\x3e\
\x67\xf7\x3d\x00\x4e\x63\xd2\x0d\x1c\x2f\x13\x98\x2b\xfb\xbb\xb3\
\xdb\x31\xa2\xcf\xdc\x39\x7e\x95\x9d\x5e\x67\x26\xd9\xd7\x3f\x7b\
\x6b\xd7\x7b\x8c\xf6\x74\x9b\x76\x03\xa7\x32\xe9\x06\x8e\x95\x9d\
\xd8\x46\xe7\x67\x27\xdd\xb3\x09\x73\xbb\xd6\x9b\x68\x67\x27\xdd\
\xb3\x6b\x66\xff\x33\x90\x39\x76\xf7\xdf\x0c\xe0\x54\x26\xdd\xc0\
\xd1\x76\x62\x72\x65\x9b\x47\xef\x58\xc5\x04\xfc\x6a\xf5\x89\x26\
\x2b\x93\xec\xf6\x3d\x5e\xbd\x06\xf0\xaf\x32\xe9\x06\x8e\xb4\xbb\
\x2f\x39\xb3\xbd\x64\x74\xed\x2c\xb2\x47\xfb\xb9\x5f\x31\xe9\x9e\
\x4d\xbf\x57\xb6\xd8\xec\x5e\x0f\x70\x22\x93\x6e\xe0\x78\xbb\x5f\
\x20\xcc\x6e\x2f\xc9\x5c\x3b\xfb\xec\xd1\xf1\x9e\xeb\x54\x7b\xe5\
\x59\xdb\xd1\xe4\x3b\xba\x3e\x62\xda\x0d\xf0\x45\x74\x03\xc7\xca\
\xee\x6d\xce\x6c\x2f\xb9\x3b\x1d\xbf\xb3\xdf\xba\x17\xaf\xed\x79\
\xed\xa3\x04\xdb\xf3\x7b\x51\x3d\xdb\x5e\x32\x0b\xf8\xd1\x39\xd1\
\x1a\xc0\x09\x7e\x03\x00\x00\xff\xff\xec\x9d\xd9\x93\x24\x59\x76\
\xd6\x7f\xe7\xba\x47\xee\x59\x4b\xaf\xd3\x3d\x3d\x8b\x46\xcc\x8c\
\x34\x82\xd1\x68\x03\x81\x01\xc6\x66\x86\xe9\x09\x33\x0c\x30\xcc\
\x78\xe4\x09\xe3\x7f\xc3\xc0\x30\x36\x03\x01\x23\x04\x62\x91\x40\
\xa3\x19\x69\x5a\x3d\xa3\xee\xe9\xb5\xaa\xba\xf6\x5c\x22\x23\xc2\
\xfd\x9e\xc3\xc3\xbd\xd7\xdd\x33\x2a\x33\x96\xac\xac\xee\xaa\xce\
\xf3\x9b\x89\x8a\x08\x5f\xae\xbb\x47\x56\x46\x7f\xfe\xd5\x77\xcf\
\xf1\x78\x89\xe3\x38\x57\x8e\xcb\x98\x48\xb8\xaa\x83\xbd\xca\xf3\
\xb2\x18\xca\x79\xcb\xe6\xd7\x9d\x17\x43\x59\xf4\x7e\xdd\x1b\x8a\
\x55\xc7\x5d\xb6\xaf\xe3\x38\xce\x55\xc3\x45\xb7\xe3\x38\x57\x92\
\x75\xc5\xf6\xa2\x31\xd6\xcd\x2c\xaf\xe3\x74\x2f\xcb\x78\x9f\x27\
\xc6\x97\xe5\xb9\x97\xdd\x78\x9c\xb5\xfc\x22\xd1\x9b\x45\xb8\x20\
\x77\x1c\xe7\x2a\xe1\xa2\xdb\x71\x9c\x2b\xcf\xaa\x31\x8f\x55\x45\
\xe7\x3a\xae\xf6\xb2\xed\x86\xef\x97\xdd\x00\x2c\x12\xe9\x67\x9d\
\xeb\x79\xdb\x5d\xb6\xdb\xbd\xea\x58\x8e\xe3\x38\x5f\x64\x5c\x74\
\x3b\x8e\x73\xa5\x38\xcf\xe1\xbd\x68\x34\x62\x99\x18\x5d\xe6\x2c\
\x2f\xdb\xee\xbc\x98\xc9\x2a\x91\x92\x55\x62\x24\xab\x9e\xff\xaa\
\xfb\xad\x33\x96\xe3\x38\xce\x55\xc2\x45\xb7\xe3\x38\xce\x0a\xac\
\xea\x76\xaf\x12\x47\x59\x36\xe6\x45\x9c\xee\xf3\xb6\x5b\x26\xe2\
\xcf\xda\x66\xd9\x79\xaf\xba\xde\x5d\x6f\xc7\x71\x9c\x1e\x17\xdd\
\x8e\xe3\x5c\x39\x56\x75\x9d\xe7\x5f\x9f\x37\xce\xaa\x62\x7a\xd1\
\xba\x55\x9c\xee\x45\x2e\xf7\x22\xa7\xfb\xb2\x5c\xee\xf3\xb6\x5b\
\x75\xf9\xba\xdb\x38\x8e\xe3\x7c\x91\x70\xd1\xed\x38\x8e\xb3\x22\
\x4f\x93\x79\x5e\x35\x52\x72\xd6\x78\xab\xc4\x47\x86\xcb\x96\xdd\
\x48\x9c\x77\x7e\xab\x8a\xec\x8b\x88\x6d\x17\xd9\x8e\xe3\x5c\x75\
\x5c\x74\x3b\x8e\x73\x65\x58\x25\xcf\x7d\x51\xb7\x7b\xd1\xfe\xeb\
\x9e\xdf\x3a\x31\x93\x45\x4e\xf7\x59\xe3\xae\xeb\x62\x5f\xb6\xeb\
\xed\xe2\xdb\x71\x9c\xab\x8a\x8b\x6e\xc7\x71\x9c\x0b\x70\x51\xb7\
\x7b\xd5\x78\xc9\x79\x4e\xf7\xa2\x58\xc9\xb2\x3c\xf7\xa2\xf3\x5a\
\x76\x0d\xe7\xf1\x34\x11\x93\x8b\x1e\xd3\x71\x1c\xe7\x45\xc4\x45\
\xb7\xe3\x38\x57\x8a\x8b\x88\xd2\xf3\xd6\x9f\xb7\xee\x69\xdd\xe4\
\xf3\x44\xfa\x22\x81\xbb\x48\xa4\x2f\x3b\xdf\x75\x78\x9a\x88\x89\
\xe3\x38\xce\x55\xc6\x45\xb7\xe3\x38\xce\x1a\x5c\x54\x54\xae\x2b\
\xe0\x17\xdd\x1c\xac\xea\x74\x2f\x1a\xf3\x69\xd7\x5d\x06\x2e\xd0\
\x1d\xc7\xb9\x4a\xb8\xe8\x76\x1c\xc7\x99\x63\x55\x31\xb8\x8a\x90\
\xbe\xac\xc9\x89\xeb\x3a\xdd\xe7\x8d\xf9\x79\x8a\x6c\xc7\x71\x9c\
\xab\x8c\x8b\x6e\xc7\x71\x9c\x05\x5c\x34\xef\x7c\x9e\xa8\x5d\x45\
\xd8\xae\x92\xef\x3e\xcf\xe9\x5e\x65\x8c\xcf\x9b\xe7\xe9\x5c\x1c\
\xc7\x71\x3e\x2b\x5c\x74\x3b\x8e\x73\xa5\xb9\x88\xa8\xbe\xac\xc9\
\x86\xf3\xeb\x97\xb9\xd5\xab\x38\xdd\x9f\x87\xa0\xbd\x68\x65\x13\
\xc7\x71\x9c\xab\x84\x8b\x6e\xc7\x71\xae\x04\x4f\x53\xa1\x63\xd5\
\x71\xd7\x1d\xfb\x69\x2a\xa0\x9c\xe5\x74\x9f\xb5\xed\xb2\xb1\xd6\
\x3d\xe7\x55\xce\xd5\x71\x1c\xc7\x79\x12\x17\xdd\x8e\xe3\x38\xcf\
\x39\xeb\x8a\xe8\x75\xd7\x5f\xf4\x7c\x1c\xc7\x71\x9c\xd5\x71\xd1\
\xed\x38\x8e\x73\x49\x3c\x4d\x3c\xe5\xb2\x4b\xfb\x3d\x0b\x2e\x3b\
\x56\xe3\x38\x8e\x73\x95\x70\xd1\xed\x38\x8e\xf3\x8c\x70\xd1\x79\
\x1a\xff\x3c\x1c\xc7\xb9\xca\xb8\xe8\x76\x1c\xc7\x79\x46\x98\xd9\
\xca\xcb\xcf\xdb\xf6\x45\x66\xfe\x9a\xbe\x88\xd7\xe8\x38\x8e\xb3\
\x2a\x2e\xba\x1d\xc7\x71\x2e\x89\xcb\x16\x95\xcf\x9b\x48\x7d\xde\
\xce\xc7\x71\x1c\xe7\x45\xc2\x45\xb7\xe3\x38\xce\x73\x4e\x11\xbb\
\xcb\x9c\xf3\xf3\x9c\xe5\x65\xfb\x5f\xf4\x7c\x1c\xc7\x71\x9c\xd5\
\x71\xd1\xed\x38\xce\x95\x60\x28\x14\x2f\x53\x34\x3e\x4d\x84\x62\
\x51\xcc\x64\xd1\xf3\xfc\x63\x7e\xac\x65\xe7\x70\x59\x62\x7c\xd5\
\xfd\x5c\xa4\x3b\x8e\xe3\xb8\xe8\x76\x1c\xe7\x8a\x73\x11\x31\xbe\
\xae\x88\x5c\x76\x8c\x55\xc5\xef\x2a\x19\xf1\xcf\x43\xe0\xba\xa8\
\x76\x1c\xc7\x59\x8e\x8b\x6e\xc7\x71\x9c\x05\xac\x2a\x68\x57\x71\
\xbc\xd7\x1d\x6b\xde\xdd\x1e\xbe\x9e\x77\xba\xcf\x1b\xff\xb2\xa3\
\x25\x97\xc1\xf3\x74\x2e\x8e\xe3\x38\x9f\x15\x2e\xba\x1d\xc7\x71\
\xe6\xb8\x4c\xc7\x7b\xdd\xa8\xc7\xa2\xe5\x8b\x9c\xee\x45\x82\x7b\
\x95\xe3\x2d\x5b\xe7\x38\x8e\xe3\x3c\x1d\x2e\xba\x1d\xc7\xb9\xb2\
\x5c\x44\x5c\x5e\x54\x68\x5f\xc4\x31\xbf\x88\xd3\xbd\x48\xac\x7f\
\x16\x22\xfc\x59\x6d\xeb\x38\x8e\xf3\xa2\xe3\xa2\xdb\x71\x9c\x2b\
\xc5\x45\x6b\x67\xaf\x13\x2d\x59\x65\x9f\xe1\xfa\x45\x51\x90\xf3\
\x44\xf5\xfc\xb2\x55\x63\x26\xab\x9c\xd7\x3a\xe7\xbc\x6c\x3b\xc7\
\x71\x1c\x27\x51\x7f\xde\x27\xe0\x38\x8e\xf3\x22\x62\x66\x4f\x74\
\x58\x2c\x42\xf3\xac\xe5\x22\x72\x6a\xfd\x70\xd9\xa2\xe7\xb3\xc6\
\x5d\x55\xe4\x5f\x24\xda\xb2\xae\xbb\x3d\xdc\xfe\xac\x8e\x93\x97\
\x11\xc1\x71\x1c\xe7\x72\x10\x11\x10\x10\x0c\x43\x31\xda\xf4\xb0\
\x16\x23\x62\xa6\x20\x8a\x91\xbf\xaf\x2c\xfd\x4e\x0b\x01\x08\x08\
\x75\x7e\x54\x88\x09\x98\x60\xe6\xbf\xc3\xab\xe2\xa2\xdb\x71\x9c\
\x2b\xc3\xbc\x90\x5d\xf4\xfa\xbc\xf5\x8b\xc6\x5c\x65\xf9\xa2\x31\
\xce\x7a\x86\xe5\x62\xfb\xbc\x31\xe7\x5f\x5f\xc4\xed\x5e\x26\xaa\
\xd7\x39\x9f\xe1\x35\x39\x8e\xf3\xec\x49\x22\x5b\x31\x6b\x30\x1a\
\xa2\xcc\x20\xb4\x10\x5a\x2c\x9c\xd0\xca\x21\xd1\x0e\x68\x39\x26\
\xda\x84\x18\x4f\x50\x99\xa0\x16\x30\x93\x24\xae\xa9\x09\x8c\xa8\
\x64\x87\x9a\x7d\x2a\xf6\xa9\xd8\x21\xd8\x26\xc4\x1a\xd3\x0a\xb4\
\x46\x2c\x6d\x07\x15\xb8\x10\x3f\x13\x17\xdd\x8e\xe3\x38\x2b\x72\
\x96\x20\x9f\x5f\xb7\xca\x3e\x8b\xc6\x39\x6b\xbc\xe1\x7f\xbc\x16\
\x09\xdf\x45\x4e\xf7\x32\x77\x7c\x1d\x47\xfa\xa2\x71\x1a\xc7\x71\
\x9e\x2d\xe5\xeb\xc1\x68\x30\x69\xb0\xaa\xc5\xc2\x98\x99\xdc\xe7\
\x44\x3f\xe1\xa8\xfd\x90\x93\xe6\x1e\x51\xa7\x28\x33\x8c\x16\x10\
\xb0\x94\x36\x16\x0c\x13\x05\x2a\xcc\xa4\x13\xcf\xe5\x37\xdb\x54\
\x50\x15\xa0\x02\x84\x20\x23\x36\xe4\x3a\x3b\xd5\x9b\xec\x8d\xbe\
\xcc\x56\x78\x99\x4a\xaf\x41\x5b\x61\x16\x08\x32\x42\xac\xf2\xef\
\x86\x8c\x8b\x6e\xc7\x71\xae\x1c\x97\xed\x72\xcf\x6f\xb3\x8a\x73\
\x7d\xde\xba\xc2\x59\x4e\x77\x19\x7b\xd5\x6b\x3c\x6f\x9f\x55\xc5\
\xf3\xba\xdb\xad\x73\x8e\xfe\x1f\x61\xc7\xb9\x44\xc4\x92\x80\x0e\
\x8a\x8c\x26\x4c\xed\x63\x1e\xcd\xfe\x94\x83\xc9\xfb\x4c\xe2\x43\
\x8c\x16\x09\x92\xbf\x4b\x02\x42\x40\x64\x83\xc0\x26\x86\x81\x44\
\x04\x30\x04\x31\x43\x4d\x10\x04\x11\x28\x92\x5b\x00\x6a\xc1\x72\
\xa4\x24\x1a\x44\x6b\x19\xc7\xfb\x1c\x35\xf7\xf9\x74\xfc\x43\x94\
\x40\x60\x93\xed\xf0\x32\x37\xb7\xbe\xc9\x8d\xad\xaf\xb2\x19\x6f\
\xd2\x4e\xe9\x8e\x7b\x95\x7f\xf5\x5d\x74\x3b\x8e\xe3\xac\xc0\xa2\
\xcc\xf5\x70\x1b\x58\xec\x46\xaf\x33\xd6\x3a\x4e\xf7\x2a\xee\xf3\
\xba\xaf\x9f\x16\x17\xdf\x8e\xf3\x0c\x11\x30\x8b\x84\x1a\x18\x1d\
\x72\x18\x7f\xcc\xbd\xe3\x1f\x73\x74\x7c\x9b\x28\x27\x00\x04\xa9\
\x08\x55\x05\x56\x25\xd1\x6c\x82\x49\xb9\x59\xee\x05\x35\x54\x83\
\xd7\x83\xe7\x2c\xbe\xfb\xf7\x59\x7c\x23\x54\x18\x02\xa8\x80\x48\
\xc0\x42\x00\x0b\x98\x44\x8e\xf5\x16\x07\x47\xb7\xf9\xd9\xe3\x11\
\x23\xd9\xe6\xc6\xd6\x5b\xbc\xb1\xfb\x5d\xb6\x78\x15\x9d\x4a\x76\
\xd1\x2f\x1e\x57\x7b\x51\x71\xd1\xed\x38\xce\x95\x62\x95\x5c\xf7\
\x59\xdb\x2e\x1b\x6f\x55\xb7\x7b\xd9\xfe\xcb\xc4\xf6\x45\x9c\xee\
\xf9\xf7\x4f\x13\x3b\x59\x77\xa2\xe5\x45\xf7\x71\x1c\xe7\x1c\x04\
\xaa\x2a\x10\x46\x13\x1e\xb4\x7f\xc4\x47\xe3\xff\xcd\xf1\xc1\x1d\
\x30\x08\x21\x10\x24\x10\x64\x3b\x0b\xe6\x08\x16\x29\xf2\xba\xf8\
\xdc\x66\x83\xf2\xa2\x83\x71\x13\xa1\x37\x10\x86\x87\x15\xc9\x4b\
\xb2\xec\x16\x10\xb3\xfc\x2e\xa2\x66\x04\x33\x54\xd3\xf8\x75\x08\
\x58\x80\xc6\x26\xdc\x99\xfe\x09\x77\x4e\x7e\x84\xd8\x0e\xaf\xed\
\x7e\x8b\x2f\x6f\x7f\x8f\x2d\x7b\x99\x76\x06\xaa\x57\xe7\x7b\xc1\
\x45\xb7\xe3\x38\x57\x92\x8b\x44\x4c\x9e\x56\x48\x9f\x15\x2f\x39\
\x6f\xfb\xb2\xdd\x70\xcc\xf9\x65\xf3\xc7\x5c\xb6\xfc\x69\x84\xf8\
\xa2\x6b\x5d\xe5\x3c\xd6\xdd\xc6\x71\x9c\xd3\x88\x08\xa1\x56\x4e\
\xf8\x80\x0f\x8f\x7f\x87\xc7\x07\x9f\x60\x1c\x13\xd8\xa0\x66\x1b\
\x09\x8a\x61\x88\x42\xe8\xb2\xdd\xb9\x32\xb4\xc4\x64\x6d\x4b\x3f\
\x56\x87\x81\x1a\x83\xc9\x8f\x82\xa1\x88\x04\x34\xbb\xd9\x22\x79\
\x77\x49\xfb\x96\xf7\x60\x84\x0a\x24\x08\xaa\x86\x6a\x44\x2c\xbd\
\x8f\xda\xa2\xa6\x54\x18\x95\x54\xa8\x6c\x61\x62\xdc\x39\xfe\x13\
\x3e\x39\xfc\x13\xf6\xaa\x57\xf8\xf2\xde\x2f\xf3\xf2\xd6\x9f\x83\
\x76\x83\xd8\xea\x67\xf6\x59\x7e\x5e\xb8\xe8\x76\x1c\xc7\xc9\xac\
\xe2\x76\x2f\xda\x66\x91\x30\x3e\x4f\x64\x97\xed\xcf\x5b\x56\xb8\
\x4c\xa7\x7b\xfe\xfd\xaa\x13\x23\x17\x39\xd6\x67\x7d\x4e\xeb\x9e\
\xa3\xe3\x38\x4f\x12\x2a\x88\xe1\x88\x7b\xd3\x1f\x72\xeb\xf0\xf7\
\x39\xe1\x10\x48\x2e\x33\xb6\x9d\xf2\xd7\x75\x24\x98\xa4\x98\x07\
\x82\x22\x7d\x14\x44\x62\xb6\xb3\x0d\x06\x0e\x77\x67\x63\x0b\x94\
\xd2\x7f\x9a\x75\xaf\x99\x20\x62\x84\x60\x88\x64\x51\x9e\x37\x15\
\x4b\x1b\x89\x40\x10\x49\xc7\x33\x08\x62\x48\x48\x22\xdd\x62\xf2\
\xd4\x31\x4d\xc2\xdf\xb2\x13\x2e\x01\x11\xa1\xaa\x02\x63\xbb\xc3\
\x4f\x1f\xff\x36\xef\xc9\xff\xe6\xd5\xed\x6f\xf2\xc6\xce\x2f\xb1\
\x11\xaf\xd3\x36\x5f\x5c\xf1\xed\xa2\xdb\x71\x9c\x2b\xc7\x45\x62\
\x25\xeb\xc6\x47\xd6\x59\xbe\x28\x5a\xb2\x2c\xd7\xbd\x4c\xb8\x9e\
\x27\x90\xcf\x5b\x7f\x96\xb0\x5e\x57\x94\x9f\x37\xde\xd3\x94\x1c\
\x74\x9c\xab\x86\xd4\xc6\x84\xdb\xdc\x19\xff\x3f\x1e\x4e\xdf\xa3\
\xb5\x23\x4c\x66\x54\x80\x5a\x4c\x75\xb2\x93\xb7\x8d\xb6\x96\x5d\
\x6d\x03\x31\x42\x9e\x34\x29\x04\xc4\x6a\x24\x24\x01\x0c\x9a\x9f\
\x2d\xfd\xaf\x38\xdb\x45\x54\x4b\x40\xd5\x52\xde\xdb\x0c\x33\xc1\
\x82\x80\x18\x22\x69\xfb\x41\xc0\x84\xfe\x5d\xf9\xdd\x4f\x75\xc0\
\x83\x08\x95\x24\xc1\x1e\x35\xc5\x5b\x82\x28\x6a\x25\x5f\x1e\x73\
\xa6\x3c\xd2\xd8\x63\x6e\x8f\x7f\xc0\xbd\xf1\x4f\xb9\xb9\xf5\x35\
\xde\xd8\xfd\x25\xb6\xf5\x55\xda\x26\x7e\x96\x1f\xf7\x67\x82\x8b\
\x6e\xc7\x71\xae\x2c\xab\x8a\xef\x55\xdc\xee\x45\xfb\xad\x12\x4f\
\x39\xcf\x2d\xbf\xa8\xdb\xbd\x8e\x20\x5e\x34\xe6\xba\xe3\x2c\x3b\
\x3f\x77\xb7\x1d\xe7\x7c\x44\x04\xea\x86\xc3\xf8\x3e\x9f\x1e\xfe\
\x11\x8f\x67\x1f\xd1\x32\x46\x2d\x76\xae\xb3\xa0\x54\xa9\xac\x08\
\xa0\xa9\x84\x9f\x91\x9a\xdd\x18\x98\x1a\x1a\x05\xa4\xb8\xd5\x81\
\xaa\x12\x44\x52\x99\xbf\xa4\x91\x8b\xe0\x4e\x93\x25\xa1\x17\xda\
\x69\xe0\x80\x6a\x6a\x96\x23\x02\x12\xa0\x0a\xd2\x35\xd6\x91\x12\
\x10\x4f\xb3\x33\x99\xfb\xe6\x4c\xdb\x85\xb4\x5d\x08\x82\xc6\x2c\
\xe2\xd1\xfc\x3d\x07\xfd\x44\x4a\x23\x5a\x43\x2b\x8f\xb8\x3d\x39\
\xe2\xc1\xe4\x43\x5e\xde\xfc\x3a\x6f\xee\xfd\x12\x1b\xf1\xe6\x17\
\x4a\x7c\xbb\xe8\x76\x1c\xe7\xca\xb3\xcc\x75\x3e\x6b\xbb\xb3\xb6\
\x3d\x2f\x2e\xb2\xcc\xf1\x9e\xdf\xa7\xac\x2f\xcb\x87\xfb\x5c\xe4\
\xda\x96\x2d\xbf\x88\xdb\xbd\x28\x6a\xb2\xec\xd8\xcb\xd6\x39\xce\
\x55\x43\x44\xb0\x6a\xc6\xfd\xe6\x27\xdc\x3d\xfa\x63\x8e\x9b\xdb\
\x4c\x75\x4c\x6b\x11\x44\x53\x46\xdb\x20\x58\x16\xd3\x90\xca\x04\
\x2a\x80\x76\x62\x98\x5c\x92\x4f\x2d\x1b\xda\xb9\x1c\x60\x88\x82\
\x04\x49\x0e\x74\xa8\xd2\x78\xa2\x98\x69\x12\xe0\xc3\x0a\x25\xf9\
\xa9\x08\xf8\x98\x7f\x57\x63\x48\xb1\x90\xd0\x05\xc6\xad\x2b\x33\
\xd8\xff\x69\x9d\x43\x0e\xd6\xe5\xbf\xc5\xc0\x22\x98\x69\xfe\x9e\
\x0b\x29\x0a\x93\x35\x7e\xc8\xfb\x29\x91\x09\xf7\xb9\x35\x39\xe2\
\xe1\xec\x43\x5e\xde\xfc\x39\xbe\xbc\xf3\x3d\xa4\xd9\x44\xf5\xc5\
\x8f\x9d\xb8\xe8\x76\x1c\xe7\x4a\xb2\xaa\xb3\x7d\x11\xd7\xfa\xbc\
\xf1\xe6\x5d\xeb\xb3\x44\xf6\x70\xfd\xa2\xe5\xab\x5c\xdf\xb2\x65\
\xf3\xa2\xfa\xac\x7a\xe1\xcb\xf6\x5b\x67\x7f\x17\xda\x8e\x73\x9a\
\xe4\x6c\xb7\xdc\x9f\xfe\x84\xbb\x47\x6f\x73\xd8\xdc\x62\xa6\x87\
\x28\x6d\xd9\x02\x33\x41\xbb\xdf\xa1\x40\x10\xc9\x13\x25\xad\xcf\
\x6d\x03\x6a\x9a\x63\x22\x59\xa1\x4b\xca\x66\x9b\x1a\x51\xb5\x13\
\xc0\x55\x80\xba\x12\xaa\x90\xe2\x27\x49\x11\x27\xa7\x3b\x45\x48\
\xd2\xd8\x42\xc9\x65\x1b\xaa\x4a\x1b\x8d\x10\x95\xba\x0a\x69\x5f\
\x11\x4c\x86\xee\x78\x79\x9d\x9d\x77\xcb\x55\x52\xca\xda\xce\x61\
\x2f\xdf\x17\xc5\x2e\xa7\x8f\xb7\xa4\x2b\xa1\xb5\x09\x87\x3a\x65\
\xa2\x07\x1c\x4e\x3f\xe5\xb5\xed\x6f\xf1\xda\xd6\xb7\x99\x4d\x5e\
\x6c\xd7\xdb\x45\xb7\xe3\x38\x57\x9a\x75\x44\xf3\x2a\xfb\x0c\xd7\
\xaf\x3a\x06\x3c\x29\xa6\x2f\x9a\xe1\x3e\xef\x1a\x17\x2d\x5b\xe4\
\x6c\x3f\x0b\x27\xdb\xc5\xb7\xe3\x80\xd4\x91\x87\xd3\x77\xf9\xf4\
\xf0\x4f\x39\x68\x3f\x62\x12\x0f\x30\xd5\x32\xfb\x31\xfd\x9e\x98\
\x25\x07\x5b\x40\x11\x4c\xf3\xc4\xc5\x00\x55\x6e\x5e\x23\x25\x31\
\x42\xca\x4e\xe7\xd1\xbb\x12\x81\x96\xd4\x77\x12\xee\xc5\xc1\x36\
\x43\x03\xd4\x41\x08\x21\x0b\xef\x9c\x0f\x3f\x35\xc1\x32\xa4\x66\
\x39\x88\x60\xaa\xb4\xad\xa1\x31\x52\x55\x81\xba\x4e\xc7\x27\xef\
\xc9\xe0\xd7\xba\x4b\xae\x20\xd9\xdd\x2e\x03\xe6\x98\x89\x19\xe4\
\x0a\x29\xc9\xa6\x97\x7c\x5e\x83\xb3\x37\x68\xda\x63\xee\xf3\x1e\
\xc7\xed\x7d\x1e\x4f\x6f\xf1\xd5\xbd\x5f\xa5\x8a\xfb\x2f\xac\xeb\
\xed\xa2\xdb\x71\x9c\x2b\xcb\x3a\x42\xfb\xbc\xed\xe7\xf7\x81\xc5\
\x25\x01\xcb\xfa\xf9\xf1\x16\x39\xda\xe7\x09\xf0\x45\xd7\xb3\xaa\
\x1b\xbd\xaa\x33\x3d\xbf\xef\xaa\x02\xdd\x05\xb6\xe3\x9c\xa6\xaa\
\x8d\xfb\xd3\x9f\x70\xef\xf8\x5d\x0e\x9a\x8f\x19\x37\x0f\x50\x9a\
\xe4\x3a\xc3\x40\x18\x97\x09\x8a\x92\xe5\x70\x76\x89\x4b\xbb\x1a\
\x81\x8a\xd0\xc5\x4d\x82\x80\xa2\x79\x8a\x64\xb7\xeb\x40\x78\xe7\
\xb1\x31\xa2\x1a\x9a\x63\x28\x15\xc9\xfd\xee\xe2\x1e\x68\x2f\xbc\
\xad\x9f\x44\x99\x8c\x6a\xa5\x8d\x8a\xaa\x62\x2a\x54\x35\x5d\xdc\
\xc4\x72\x4c\xa5\x9c\x67\x5a\x56\x44\x76\x8a\xbb\xf4\xcb\x2d\x0b\
\x67\x43\xa4\x42\xca\x18\x83\x3f\x21\xdd\x0b\xa8\xb4\x8c\x9b\xfb\
\x4c\xda\x43\x26\xed\x63\x5e\xd9\xfe\x26\xaf\x6f\xfd\x22\xed\xec\
\xc5\x13\xde\x2e\xba\x1d\xc7\xb9\xf2\x2c\x8a\x8a\x5c\x24\x5e\xb2\
\x68\x59\x79\x0d\x9c\x29\xc4\x87\xe7\x34\x64\xd5\x49\x94\xab\xba\
\xda\x67\xbd\xbe\x2c\x51\xbd\x8a\x68\x77\x9c\xab\x46\xa8\x85\xc7\
\xcd\x7b\xdc\x3b\xfc\x09\x0f\x9b\x8f\x39\x9c\xdd\xc1\x34\x66\x09\
\x5d\xe5\x3c\x34\x74\x42\xbb\x44\x35\x00\xd3\x4e\x4a\xa7\x58\x86\
\xa5\x68\x07\x01\xaa\x5c\x86\x4f\x24\xe4\x72\x7e\x11\x48\x82\xb4\
\xff\x75\x2b\x89\xeb\xb4\xca\x72\x3c\x25\x89\x5f\x43\x2b\xc9\xce\
\x75\x69\x8c\x13\xba\xf5\xdd\x08\x22\x94\x4a\x27\x31\x2a\xaa\x50\
\xab\x50\xd7\x01\x09\x74\xe3\x5b\xd7\x7c\x07\x30\x41\xad\x4c\x9c\
\xcc\xeb\x3b\x47\xdb\x3a\xc7\x3a\x68\xaa\xed\xcd\xf0\x3b\xa2\x98\
\xe7\xb9\x5e\x61\xb4\x29\xb7\x27\xef\x70\xd8\xde\xe3\x60\x76\x8b\
\xaf\xed\xfd\x06\xd2\xee\x9c\x72\xd8\x9f\x77\x5c\x74\x3b\x8e\x73\
\xa5\x59\x37\x93\xbd\xec\x19\xce\x9e\x48\x59\xc6\x2b\xeb\x87\xe3\
\x0f\xd7\x0d\x39\xcb\xed\x3e\xcf\xe9\x3e\x6b\xec\x45\xd7\x3a\xbf\
\xdf\xf0\xf5\xaa\x4e\xf8\xb2\xb1\x17\x6d\xef\x38\x57\x05\xa9\x8c\
\xe3\x78\x87\x7b\x87\xef\xf0\xb0\xf9\x90\x47\xd3\x8f\x89\xaa\xa4\
\x8a\xda\x21\xbb\xd2\xf6\x84\xcb\x5b\x5e\xf5\x22\x35\x17\xea\xcb\
\x6e\x75\x9f\xa7\x06\xaa\x8a\xd4\xb0\x5d\xb3\x63\xde\x92\x67\x52\
\xf6\x51\x8f\x2e\x63\x2d\xa0\xb9\x9c\x5f\x34\x14\x25\xb6\xa9\x0a\
\x4a\x3d\x0a\x20\x75\x17\x27\x49\x6b\x93\x7f\xae\x26\x64\x6f\x3a\
\x77\x91\x34\x54\x53\x96\xbc\x4e\xbb\xe4\x1c\xf9\xe0\x9c\xad\x9f\
\x54\xd9\x8b\x71\x1b\x5c\x97\x82\x41\x8b\x11\x2c\xa4\xd2\x86\x83\
\x8b\x2f\xdb\x58\xae\x74\x12\x10\x0e\x66\xf7\x39\x6a\xee\x31\xd3\
\x63\xde\xd8\xfe\x1e\xd7\xaa\x37\x40\xc3\x0b\xf1\x3d\xe3\xa2\xdb\
\x71\x1c\x67\xc0\x22\x07\x7b\xd1\xfa\x65\xee\x38\x3c\x29\x88\xd7\
\x8d\x9c\xac\x7a\xfe\x8b\x96\xad\xea\x74\xaf\xb3\x7e\x5d\x07\xdc\
\x71\xae\x04\xc1\x98\xda\x63\xee\x8e\xdf\xe1\xf1\xec\x03\xee\x1d\
\xbf\x4b\xa4\x01\x09\x88\x05\x40\xb3\x33\x5c\x5c\x6c\xe9\xc5\xe6\
\x60\x98\xe2\x1e\x17\xeb\xd7\x44\xc0\x34\xf9\xd9\x31\xd5\xdd\x36\
\xb3\x3c\xb9\x31\x64\xf1\x4d\xca\x78\xf7\x8a\x3d\x23\xdd\xfb\x64\
\x32\x4b\xb2\xbd\x4d\x69\x55\x19\x19\x8c\xea\x3a\x65\xad\xbb\xb0\
\x78\x12\xce\x6a\xc9\xdd\x8e\x5d\x1d\xef\x14\x67\x51\x05\x55\xa1\
\xaa\x03\xa1\xca\xa7\xa9\xc5\xe9\x06\x44\xba\x8e\x97\xa7\xc5\x74\
\xff\xfd\x91\xa2\x2e\x91\x60\xa9\xc4\x61\x7f\xed\xd6\xbf\x32\xc3\
\x2c\x80\x05\x94\x96\x0f\x0f\x7e\xc4\x49\x3b\xe6\x8d\x9d\xef\xf0\
\xea\xc6\x37\x09\xba\xf1\xdc\x7f\xc7\xb8\xe8\x76\x1c\xe7\xca\xb3\
\x4c\x68\x0f\xb7\x59\x75\xbf\x55\x9d\xee\xf2\xfe\xac\xd7\xc3\x6d\
\x87\xc7\x5c\xc4\xa2\x08\xc7\x79\x6e\xf4\x32\x87\xfb\x69\x1d\x70\
\xc7\xb9\x52\x88\xd1\x30\xe6\xd1\xf4\x03\x1e\x4e\x3f\xe4\xd6\xf1\
\x1f\xd3\xb4\x27\x04\xa9\x93\x0b\x9d\x5d\x6d\xcd\xdb\xf6\x0a\xbb\
\x64\xb6\xe7\x24\xb7\x59\x27\x58\x8b\x1b\x6e\x80\x98\x61\xa6\xb4\
\x16\x11\xa9\xc0\x52\x49\x40\x42\x40\xa8\xf3\xae\x6d\xe7\x30\x43\
\x9f\xef\x2e\xa2\xb7\x44\x40\xcc\x02\xda\xb6\xb4\xb1\x41\x37\x84\
\xd1\x28\xf4\x19\xf3\x72\x26\xa6\x73\x8d\x73\x40\xcd\x88\x18\x51\
\x85\xda\x84\xda\x02\x41\x2c\x45\x58\xca\xf5\xe4\x89\x94\x45\x5c\
\x1b\xa7\x9f\x8b\x0b\x4e\x11\xf4\xc1\x08\xd5\x50\x78\x97\xcf\xc6\
\x88\x16\xf3\x4d\x42\x8a\xe4\x7c\x3a\xfe\x33\xc6\xb3\x47\x4c\xf7\
\x8e\x79\x63\xfb\x97\xa8\xc3\x76\x31\xf8\x9f\x4b\x5c\x74\x3b\x8e\
\xe3\xb0\x9e\xa8\x5e\xb6\x2d\x3c\x19\x31\x29\xcb\xca\xb6\xe7\xbd\
\x3f\xcb\x59\x1f\xb2\xac\x64\xe0\x45\x9d\xee\x55\xb6\xbf\xc8\xfa\
\xe1\xb2\x55\xcb\x1d\x3a\xce\x0b\x89\x40\x64\xc6\x51\x7b\x9b\x07\
\xb3\x77\xb9\x73\xfc\x0e\xc7\xd3\xc7\x29\xb0\x1c\x2a\x8c\x34\xf9\
\x10\xb2\x6c\xb6\xd4\x2c\x66\xa0\xa6\x79\xa2\x5e\x76\x19\xda\xe8\
\xaa\x90\x14\xa7\xda\x72\xa9\x3f\x45\x92\xe3\x1d\x02\x2a\x45\x2a\
\x07\xcc\xaa\xd4\xe0\xa6\x4c\x8c\xec\x62\x1f\x36\x78\xa4\xe5\x6a\
\x46\xab\x86\xb5\x4a\x8c\x33\x36\x5b\xd8\xd8\x18\xa5\x71\x54\x72\
\x13\xcb\x74\xab\x60\xc5\xf9\x56\xed\x4e\xa7\x35\xa5\x55\x18\x45\
\x63\x54\xa7\xb2\x86\x90\x04\x77\xb4\xa1\xc8\x97\xce\xdd\x2f\xc2\
\xfb\xd4\x3a\x4b\x93\x34\x2b\xab\x72\x55\x95\xfe\xb3\xa5\x94\x33\
\x94\x9c\x43\x37\x80\x8a\xc7\xb3\xfb\x9c\x3c\xfc\xef\x34\x7a\xcc\
\x9b\x3b\xdf\x65\x53\x6e\xd0\x37\xde\x79\xbe\x70\xd1\xed\x38\x8e\
\x33\xe0\x22\x39\xee\xf3\xa2\x21\xeb\x38\xdd\xf3\xfb\x0c\x59\xa7\
\x64\xe0\x2a\x4e\xf7\xfc\x38\xe7\xb9\xec\xcf\x32\x7e\xe2\x38\x5f\
\x24\x4c\x22\x27\xfa\x90\x07\xd3\x9f\x71\x67\xfc\x0e\x0f\xc6\x3f\
\xa3\xe8\x54\x6d\x23\x6a\x59\x28\x46\x45\x35\xbd\xb7\x98\x9a\xc1\
\x58\x76\x7b\xf3\x40\x80\xe5\x89\x91\xe9\x11\xca\x73\x10\xaa\x52\
\x22\x50\x24\xb5\x89\x34\x25\x88\xa5\x1a\xdd\x44\x24\x80\xc6\x34\
\xb1\xd2\x08\x58\xee\x2c\x09\xe5\xf7\x3b\x9f\x93\x9e\x16\xdf\x6a\
\x96\xea\x79\x47\xa3\x6d\x5b\x9a\x99\xb2\x1d\x8d\xd1\x68\xd4\x39\
\xe1\x29\xba\x52\x21\xe4\xed\x07\xe3\xa8\x19\x51\x5b\x62\x2b\xc4\
\x51\x60\x63\x54\x67\xe1\x2d\x79\x12\x28\xd9\x25\x2f\xbe\xf5\xa0\
\x9a\x4a\x39\x27\xd3\x2e\x96\x12\xcd\xa8\xeb\x8a\x2a\x84\x39\xe3\
\xc2\x72\x2c\xa6\x7c\xb7\x44\x44\x02\x33\x9d\xf0\xd3\x07\xbf\x4b\
\x13\x27\x7c\x65\xf7\x57\xd9\x92\x97\x10\xab\x3e\xb3\x9f\xff\xaa\
\xb8\xe8\x76\x1c\xc7\xc9\x5c\x54\x70\xaf\x22\xbc\x61\x75\xa7\x7b\
\xb8\x6e\xb8\x7e\x7e\xf9\x79\xd7\x70\xd1\xf7\x17\x8d\x97\xac\x1a\
\x3f\x71\x9c\x2f\x1c\x02\x8d\x1d\xf3\x78\x7a\x8b\x4f\x8e\x7f\xc8\
\xc7\x07\x7f\x42\xd3\xce\x30\x85\x46\x5b\x9a\x36\x26\x11\xdb\xb6\
\xb4\x6a\x34\xb1\x45\x63\x4c\x42\x55\x95\x58\x72\xda\xe5\x39\x5b\
\xcf\x82\x20\x21\xe5\xb3\x83\xa4\x5a\xda\x55\x08\x8c\xea\x8a\xaa\
\xaa\x18\x85\x40\x5d\x55\x54\x02\x55\x5d\x53\x07\x4b\x4d\x6b\xaa\
\x9a\x5a\x02\x21\x54\x69\x52\xa2\x05\x54\x93\x83\x5c\xc4\x7a\xef\
\x28\xa7\x73\x48\x82\x5d\x51\x4b\xf1\x8e\x18\x15\xb5\x86\x68\xc6\
\x8e\x41\x15\xaa\x5c\xb4\x30\x8b\xee\xce\x35\xd7\xae\x21\x4f\x79\
\x44\xd3\x54\x8e\x50\x61\x34\xaa\x72\xa5\x95\xdc\x21\xf3\x94\xdb\
\xdd\x3b\xed\x96\xd7\x6b\x76\xdc\x55\x2d\xd5\x06\xa7\xcc\xe9\x94\
\xe1\x3f\x06\x50\xd4\xba\x59\x29\x8d\x98\xce\x21\x02\x7f\xf6\xf0\
\x0f\x68\xb5\xe1\xab\x7b\xbf\xc6\x6e\x78\xed\xb9\x13\xde\x2e\xba\
\x1d\xc7\x71\x06\x3c\x8d\xf0\x86\xb3\xf3\xd9\x67\xb9\xcb\xeb\x4e\
\xa2\x7c\x9a\xc9\x95\xf3\xd7\x76\xd6\x38\xcb\xf2\xde\xe7\x2d\xbb\
\xc8\x7a\xc7\xf9\x22\xa0\x34\x1c\x37\xf7\xb9\x75\xfc\x63\x7e\xf6\
\xe0\x0f\x79\x70\x7c\x8b\x36\xb6\xcc\x9a\x96\xa6\x6d\x92\x78\x45\
\x89\x59\xd8\x82\xa0\xe4\xb6\xeb\x45\x68\x67\x8a\x80\x34\xd3\x3e\
\x72\x11\xf3\xef\x8f\x01\x3a\x2c\xb7\x27\x54\xa4\x76\xec\x55\x10\
\xea\x7a\xc4\xa8\xde\x60\x73\xd4\x3f\x36\x46\x35\x75\x5d\x13\x42\
\xe8\x0b\xf9\x49\xaa\x58\x02\x24\xb1\x5d\x1e\x66\x44\x2b\xcb\x92\
\x6b\x1e\x35\x72\x32\x99\x10\x04\x36\xeb\x0d\x42\xbe\x01\x48\xf5\
\x43\x2c\x4d\xb4\x24\x60\x16\xbb\x4a\x26\xa9\x65\x3c\x59\x74\xb7\
\xa8\x19\x75\x1d\x08\x02\x5d\xe5\x94\x2c\xac\x7b\xa1\x6e\x9d\xa0\
\xd6\xc1\x4d\x87\x1a\xb4\xb1\x45\x30\xaa\xea\xb4\x70\xee\x1c\x7a\
\x14\x2c\xe4\x48\xce\x0c\xb3\x74\xad\xef\x3d\xfa\x03\x1a\x9b\xf2\
\x8d\xfd\xbf\xc4\x5e\xf8\x12\x3c\x47\xc2\xdb\x45\xb7\xe3\x38\xce\
\x9a\x3c\xad\xd3\x5d\xd6\x95\x65\x67\x09\xd3\xf3\x26\x50\x2e\x72\
\xba\xcf\xca\x4d\x5f\x86\xd3\x7d\xd6\xb5\x9c\xb5\xfd\xa2\xf5\x8e\
\xf3\x85\x41\x60\xd6\x1e\xf0\x70\xfa\x11\xef\x7c\xfa\x3f\x78\xff\
\xfe\x0f\x99\x36\x13\x54\xd3\x84\x42\x15\xc3\x42\x24\x04\x10\x35\
\xaa\x60\x54\x92\xb2\x18\x49\x2c\x5a\x2e\x54\x92\x0a\x66\x5b\xae\
\x62\x02\x86\x49\x16\xe8\x59\xa8\x16\x81\x5e\xe2\xdc\x9a\x5b\xc2\
\xab\x0a\x4d\x6b\x4c\x31\xec\xe4\x04\xd5\x34\xb9\x50\x10\xaa\x50\
\x33\x1a\x8d\xd8\xdc\xd8\x64\x6b\x73\x83\xcd\xcd\x11\x9b\xa3\x8a\
\x8d\x51\x4d\x55\x09\xa5\x38\x88\xe4\x16\xf3\x98\x80\x2a\x1a\xad\
\x77\xbd\x15\x54\x5b\x26\xd3\x19\x81\xe4\xaa\x07\x42\x8a\x56\x23\
\x04\xab\x72\xc9\x43\x03\x9a\x24\xa4\xa1\x8b\x91\x44\x4d\x65\x06\
\x37\x65\x44\x2d\x01\x11\x50\x0b\xb9\x41\x4e\xfa\x0c\x34\xd7\x1e\
\xb7\x52\x8a\xd0\x86\x5d\x33\x6d\xf0\xaf\x00\x10\xaa\xf2\x9d\x9a\
\x6d\x76\x4a\x61\x95\x98\x3e\x9b\x32\x79\x32\x9f\xc7\xfb\x8f\x7e\
\x84\x6a\xcb\xcf\x5f\xff\x4d\xf6\xe4\x4d\xc4\x9e\x0f\xb9\xfb\x7c\
\x9c\x85\xe3\x38\xce\x73\xc4\xaa\x6e\xf6\x22\xe1\x3d\xdc\x6e\xfe\
\x75\x79\x3f\xbf\xed\xfc\x39\x5c\xf4\xdc\x97\x5d\xd7\x59\xdb\x2d\
\xcb\x7b\xaf\xfa\x7a\x95\xf3\x70\x9c\x17\x99\xa9\x3e\xe6\x9d\x7b\
\xff\x89\x77\x6e\xff\x2f\x0e\x26\x07\xfd\xef\x70\x10\x82\x18\xc1\
\x2c\xbb\xae\x4a\xd5\x55\x01\x4c\x75\xb5\xe9\xa2\x12\xb1\x8b\x58\
\x24\xcf\xdb\xb2\x60\x34\xaa\x2e\x36\x51\x1c\xdd\x32\xe1\xb1\x4c\
\x1e\xec\xdd\xde\xa8\x82\x56\x21\xe5\x9c\x55\x52\x26\x5b\x5b\xa6\
\xe3\x09\x8f\x0f\x0f\xb0\x4e\x88\x07\xb6\x36\x36\xd8\xda\xda\x64\
\x67\x7b\x8b\x9d\x9d\x4d\x36\x37\xb2\x08\x17\xd2\x84\x4b\xd3\x41\
\xec\xc4\x88\x0a\xb3\x36\x32\xaa\x62\x9a\xc8\x29\x96\x73\xdd\xa9\
\x7b\x65\x90\x9a\x20\x46\x6b\xed\x20\x66\xd2\xe7\xc6\x9b\x26\x35\
\xea\xb1\x1a\xea\x2a\xc5\x5d\xba\xa6\x3c\xd9\x61\x2f\x95\x55\x34\
\x5f\xcf\x30\xe3\x0d\x42\xd3\xa6\x9b\x90\x11\x75\x6a\x9e\x93\x97\
\x8b\x80\x0c\x62\x2a\xc3\xcf\x04\x4b\xe7\xf8\xfe\xa3\x1f\x11\x6d\
\xca\xb7\x6e\xfc\x75\xf6\x78\x0b\xe1\xf3\x77\xbc\x5d\x74\x3b\x8e\
\xe3\x9c\xc1\x2a\x6e\xf6\x22\x51\x3e\xdc\x6e\xfe\x75\x79\x3f\xbf\
\xed\x3c\xab\x56\xfb\x58\x94\xf9\xbe\xa8\xd3\x7d\xd6\xba\x75\x44\
\xb9\xe3\x7c\x21\xa9\x1a\x7e\xf0\xfe\xbf\xe2\xa7\x9f\xfe\x1f\x66\
\xb1\xa5\x0a\x01\xc8\x82\x95\x22\xa8\x53\x8c\xa4\x8b\x90\x64\x15\
\x69\x62\xb9\x0c\xc9\x20\x1e\x91\xb1\x52\x15\x84\x2c\x38\x4f\x45\
\x2f\x0c\xf2\x78\xc9\x09\x2e\x62\x53\x09\xa1\xe4\xb3\x93\xdb\x1b\
\x82\x51\xa9\xa0\x01\xb4\x12\x54\x85\x18\xa1\x69\x85\xc9\xb4\xc1\
\x1e\x8f\xc1\x92\xdb\xbd\xb9\x59\xb1\xbb\xbb\xcd\xee\xde\x16\x3b\
\x5b\x1b\x6c\x6e\x6e\xe4\xfc\x36\x20\x2d\x46\xa4\x8d\x4a\xd3\x8e\
\x10\x02\x55\x48\xe3\xa7\x09\x9e\x20\x21\x10\xa8\x08\x5a\xd1\x36\
\x31\x47\x68\x52\x8c\x06\x4a\xd7\xca\x26\xb9\xdb\xa3\xd4\xb9\xb2\
\xa7\x9f\x64\x99\x9c\x7b\xed\x96\xf7\x51\x14\xeb\x6e\x02\x00\xea\
\xba\x66\xfe\x2b\x31\xe5\xbd\xcb\xf7\x4e\xda\x47\xac\xc2\x98\x11\
\x04\x3e\x79\xf4\x13\xd0\xc0\x2f\xbc\xfc\xb7\xd8\xb5\xd7\x61\xae\
\x0c\xe2\x67\x8d\x8b\x6e\xc7\x71\x9c\x73\xb8\x88\xf0\x2e\xeb\x60\
\x3d\xa7\x7b\xb8\x6c\x78\xfc\x8b\x9c\xf3\xb2\xeb\x59\x65\xec\x8b\
\xb8\xdd\x97\x91\x3b\x77\x9c\xe7\x99\x26\x1e\x30\xda\x1e\x73\xfd\
\xe6\x16\x93\x69\x4b\xdb\xcc\xd0\x28\x79\xb2\x62\xce\x42\xe4\x38\
\x48\xec\x1c\x58\xf2\xf3\xfc\xef\x47\xe9\x10\x39\x10\xe5\x70\x6a\
\x9b\x61\x0e\x9a\xe2\x08\x6b\xd6\xf1\x08\x2a\x24\x61\x0a\x58\xc8\
\x95\x4c\x44\x88\x92\x1a\xd6\x68\x4c\x29\xec\x20\x01\xad\x42\x16\
\xc2\xa9\xfb\xe4\x64\x12\x39\x3a\x9a\xc1\xad\xc7\xd4\x75\xcd\xf6\
\x76\xcd\xb5\x6b\x5b\xec\xed\x6d\xb3\xb1\x19\xba\xf3\x55\x6b\x50\
\x13\xc4\x04\x34\xf4\x13\x32\x49\x1d\x35\x83\x8c\x10\x51\xcc\x66\
\xfd\x0d\x03\xa1\x6b\x8a\x33\x6b\x15\x15\x65\x93\x98\x62\x2a\x92\
\x26\x58\x9a\x08\x2a\x31\x5d\x4f\xae\x1d\x3e\xbc\xe6\xe1\xe7\xd4\
\xb4\x29\xf6\x52\xd7\x15\x0c\x6f\x56\xfa\xb4\x49\xbf\x8c\x48\xca\
\x71\x57\x28\xc2\x47\x07\xef\x00\x91\x3f\xff\xea\x6f\xb1\x19\x5f\
\x79\xfa\xbf\x04\x4f\x81\x8b\x6e\xc7\x71\x9c\x05\xac\x2b\xbc\xe1\
\x62\x4e\xf7\x70\xd9\x3c\xeb\x96\x0c\x9c\x3f\xff\x45\xef\xe7\xcf\
\xe5\x22\x99\x6f\x77\xbb\x9d\xab\xc2\x86\xbc\xc2\x77\x5f\xff\x27\
\xdc\xdc\xfd\x5d\x3e\x39\xfc\x43\xc6\xd3\x03\x9a\xb6\xa1\x8d\x2d\
\xb1\x89\xb4\xb3\x88\xc6\x98\x6a\x4d\x87\x24\x50\x53\x95\x0f\xa0\
\x13\xdd\x31\x3f\x27\x27\xb7\xb8\xd8\x65\x12\x25\x90\xda\xb0\x97\
\x98\x49\x57\x9e\x3b\x89\x7b\x0d\x9a\xcb\xf6\xa5\x71\x55\x0c\x95\
\xe4\xb4\xab\x82\xe6\xb2\x82\x2a\xa9\xa2\x87\xa0\x54\x21\x62\x2a\
\x68\x90\x5c\xe6\x2f\xa5\xb1\x75\x43\xc0\x52\x0b\xf5\xe9\x74\xc6\
\xc7\x9f\x8c\x89\x2a\xec\x6c\x8d\xd8\xdb\xdf\xe6\xda\xfe\x36\xa3\
\x7d\x21\x99\xd4\x29\xa7\xdd\x97\x33\x4c\x27\x27\x24\x21\x9d\x5c\
\xe4\xd8\x25\xae\x4b\x4c\x24\x46\x03\x89\x69\x22\xa6\x41\x5d\xa5\
\x09\x99\x08\x69\x92\x65\x10\x2c\x16\xa7\xdc\xba\x68\xc9\xb0\xc4\
\x61\x19\x47\x44\x91\x92\x49\x3f\xe7\x5f\x02\x53\xaf\xce\x2a\xdf\
\x04\xcd\x30\xe0\x83\x83\x77\x31\x7e\x9b\x5f\x7b\xe3\xef\xc1\x64\
\xeb\x32\xff\x4a\xac\x85\x8b\x6e\xc7\x71\x9c\x25\xac\x9a\xed\x1e\
\x2e\x5b\xf4\xba\xbc\x2f\x63\x0f\x97\xcd\x8b\xf3\xb3\xb6\x59\x76\
\xae\xcb\xae\xe3\xbc\x6d\x97\x45\x4d\x3c\x5e\xe2\x5c\x75\xcc\x8c\
\xaa\xdd\xe7\xeb\xdb\x7f\x97\x9f\xdb\xfd\x3b\x4c\xed\x21\x0f\x67\
\xef\x72\xe7\xe8\xc7\x3c\x1a\xbf\xcf\xa4\x3d\x48\xe5\x01\x67\x46\
\x9c\x46\x4a\x1d\x69\x13\xa1\xd5\x98\x1c\x5e\x33\x34\x95\x26\xc9\
\x51\x8a\x30\xa8\x4c\x52\x84\x78\xef\xe2\xa6\x75\x01\x53\x45\x82\
\x12\x72\x14\x25\x0c\x84\xb8\x55\x55\xee\xe6\x98\x5b\xb2\x0b\x68\
\x48\xef\xad\x4e\x63\x97\x6e\x92\x29\x9e\x22\x18\x15\xaa\x21\x1f\
\x53\x50\xad\xd8\x68\x6a\x9a\xa6\x65\x36\x6b\xf8\xf4\xce\x94\x4f\
\x3f\x3d\x60\x67\x67\x93\xeb\xd7\x76\x78\xe9\xe6\x2e\xfb\x7b\xdb\
\x8c\x46\x23\xc4\x0c\xc9\xb1\x0f\x23\x65\xbc\x4b\xa7\xc8\xe2\x90\
\x03\xb9\x46\xb8\x40\x0b\x98\xe6\xcf\x82\x5c\xc3\xbb\x46\xc4\x08\
\xa2\xc9\xf5\xa6\x49\xd7\x00\x20\x9a\x2a\xb6\x9c\x72\xbc\x93\x8d\
\x5e\xd5\xe5\x66\xc6\x72\x55\x95\xdc\x78\xc8\x34\x6f\x2b\x9c\x6a\
\xe2\x43\x6a\x31\xff\xf1\xe1\xdb\x8c\x42\xe0\x57\x5e\xff\x87\xc4\
\xc9\xb3\xff\xbb\x72\x16\x2e\xba\x1d\xc7\x71\x56\x60\x15\xa7\x7b\
\xb8\xec\xac\xd7\x85\x45\x02\xfc\xbc\x6a\x26\x67\xed\x77\xde\x36\
\xc3\x73\x3e\xeb\x3a\xce\x5b\xb6\x8e\xd3\x7d\xd6\xba\x55\x33\xe8\
\x8e\xf3\xc2\x63\x01\x8b\x81\x91\xbd\xc2\xab\xd5\x4d\x5e\xb9\xf1\
\x2b\xd8\x8d\x86\x71\xbc\xc7\x9d\xf1\x8f\xb8\x7d\xf8\x03\x8e\x9b\
\xfb\xc4\x56\x69\x27\x50\xc5\x86\xd1\x48\x88\x80\x69\xae\x9d\x9d\
\xab\x96\x98\x59\x72\xa1\x4b\xb5\x12\x8a\x10\xb6\x3e\xeb\x2d\x60\
\x21\x64\x97\x3c\xe4\xca\x1f\x00\x8a\x48\x12\xf0\x41\x92\x7b\x5c\
\x85\x9c\xb8\x30\x72\x86\x3c\x8d\x5d\x9a\xe5\x98\x86\x2c\xf4\x03\
\xaa\x69\x12\xa6\x5a\x9a\x84\x59\x05\xa3\xaa\x53\xfe\x7a\x36\x83\
\xb6\x35\xc6\x27\x63\xc6\xe3\x13\xee\xde\x7d\xc4\xee\xf6\x26\xd7\
\x6f\xec\x72\xe3\xc6\x2e\xbb\x3b\x23\xea\x2a\x8f\x6d\x20\x52\xa1\
\x66\x84\x20\x5d\x0d\x70\xf2\xf5\xc5\x5c\x9b\x3c\x89\x64\x85\x2a\
\x74\xcd\x73\x44\x02\x12\xaa\x24\xe4\xad\xa5\xb4\x8d\xef\xe2\x37\
\xf9\x62\x62\xec\x6b\x73\xd7\x55\x00\x49\x35\xc5\x87\xed\xea\x45\
\x52\x4e\xbc\xc4\x7c\xca\xe7\x10\x80\xb6\x6d\xf8\xe0\xd1\xdb\x54\
\xfc\x4b\xbe\xf7\xda\x3f\xa0\x99\xb6\x9f\xc9\x5f\x95\x21\x2e\xba\
\x1d\xc7\x71\x56\x64\x99\xf0\x86\xc5\x4e\xf7\x70\x9c\xe1\xb2\xb3\
\x84\xf0\x59\x02\x76\x15\x61\x7b\x59\x4e\xf7\xfc\xfb\x45\x99\x6d\
\x77\xb8\x9d\xab\x8b\x20\xd4\xa4\x38\xf6\x06\xbb\xb2\xc9\xd7\x77\
\x5f\xe3\xad\xdd\xbf\xc4\xa3\xd9\x4f\x79\xf7\xf1\x7f\xe4\x68\xf4\
\x08\x9d\x6c\x63\xb1\xa1\x46\x91\x50\x03\x75\x6a\x8e\x93\x45\xa6\
\x4a\x89\x7d\x00\x94\x09\x84\x29\x3e\x62\x22\xc9\x09\xd6\x34\x49\
\xd1\xb2\xb0\x2d\xc2\x34\x04\xc9\x93\x38\x93\x88\x25\x97\x24\x04\
\x28\xdd\x24\xcd\xaa\x2c\xb4\x73\x79\x3e\xcd\x75\xb9\x83\x75\xa2\
\xbb\x0a\xd0\x04\x85\x36\x65\xc3\x25\x18\x55\xab\x54\xad\xe4\xdc\
\xba\x71\x78\x74\xc2\xe1\xd1\x98\xdb\x77\x1e\xb0\xb7\xb7\xcd\xcd\
\x1b\xbb\x5c\xbb\xb6\xcf\x68\x14\x72\x9b\x76\x83\x7c\xd3\x20\x21\
\x97\x08\x2c\x62\xd9\x22\x6d\x0c\xa9\x69\x4f\x99\x54\x2a\xe9\x66\
\x40\x20\xb9\xf3\xd2\x57\x36\x49\x1f\xaf\x9c\xfa\x57\x00\x8d\x8a\
\x88\xa0\x22\x48\x9e\x44\x3a\xfc\x46\x2c\x37\x2b\x4f\xa0\x01\x30\
\xc6\x1c\xf3\xe1\xe1\x3b\x5c\xdb\xfa\xcf\x7c\x7d\xef\x6f\x12\x9b\
\x78\xe9\x7f\x23\x16\xe1\xa2\xdb\x71\x1c\x67\x0d\x16\x45\x4c\xca\
\xfa\xe1\xf2\xf9\xd7\xe5\xfd\x70\xdb\xe1\xb2\xe1\x71\x2e\xc2\xd3\
\x3a\xdd\x67\x6d\xe3\x71\x12\xc7\x59\x0d\xa1\x4a\xff\x93\x4d\x5e\
\xdd\xf8\x1e\xd7\x5e\xfd\x2a\xf7\x67\x3f\xe2\xbd\xc7\xff\x8d\x93\
\xb1\x61\x2d\xa0\xc9\xad\xae\x82\x52\xe7\xee\x90\x29\xf7\x5d\xe7\
\xd2\x7b\x8a\x59\xcc\x91\x10\xb2\xdb\x5d\x62\x26\x25\x8e\x92\xa3\
\x1d\x1a\x3a\x37\xb7\xb4\x9d\x87\x90\x1d\x73\x40\x25\xd5\xc7\xb6\
\x34\x31\x32\x99\xdf\x86\x8a\xa5\x12\x7c\x69\xa6\x65\x2e\x3a\x22\
\x54\x92\x6a\x85\x13\x0c\x6a\x03\x8b\x04\xa9\xd0\xca\x52\x1d\x6f\
\x05\xd5\x8a\xd8\x2a\x0f\x1f\x1e\xf3\xe8\xf1\x98\x9d\xed\x03\x6e\
\x5c\xdf\xe5\xda\xf5\x2d\x36\x36\xab\xfe\x3b\xc8\x72\xec\x24\xe4\
\xf6\xee\x9a\x5a\xcc\xa7\x4e\x9b\x01\x02\x84\x50\x65\x47\x3e\x40\
\x10\x82\x5a\x76\xee\x63\x8e\xc2\x58\xf7\xaf\x01\xa9\x53\xa5\xd0\
\x9a\x01\x4a\x55\x49\x16\xfa\x7a\xea\x7b\xaf\x7c\xdf\xda\xd0\xea\
\x16\x4d\xd5\x5d\x62\xcd\x78\x7a\xc0\xbb\x0f\xff\x90\xfd\x8d\x37\
\xb9\x19\xbe\xf9\x99\x7e\x8f\xb9\xe8\x76\x1c\xc7\x59\x93\x65\x99\
\xee\xb2\xcd\x79\xb5\xb8\x97\x09\xf0\xf9\x75\xeb\x9e\xd7\xb2\x73\
\x3e\x6f\xfb\x75\x9d\x6f\xc7\x71\xce\xc1\x84\xc0\x26\xdb\xf2\x25\
\x5e\x1f\xed\x71\xfd\xb5\x6f\xf0\xfe\xe1\xf7\xb9\xf7\xe8\xcf\x68\
\x9b\x16\xcc\x10\x8b\x39\x9a\x51\x26\x53\xe6\xc6\x38\x16\x73\x35\
\x0f\x41\x2d\x62\x9d\x30\x0f\xd9\xf1\x2d\x13\x0e\x15\x15\xba\x31\
\x52\xb3\x98\xdc\xd9\x91\xec\x79\x87\x24\xb2\x4d\xd3\x04\xc7\xb4\
\x6b\xfe\xce\x29\xae\xb8\x6a\x76\xbe\x53\xcc\x45\x30\x82\x18\x16\
\x8c\xba\x4e\x5b\xc6\x56\xb0\x20\x44\x25\x35\xbe\x51\xf2\x6b\x38\
\x3e\x9e\x70\x32\x9e\xf2\xe0\x7e\xcd\xee\xfe\x26\xd7\x6f\xec\xb0\
\xb3\xb3\x45\xa8\x52\x67\x4a\x43\x40\x42\x76\xba\x95\xd0\xc6\xdc\
\x68\x27\xb9\xcf\x52\x62\x26\x25\x6a\x42\x6e\x5f\x6f\x91\x52\x71\
\xb1\xfb\x58\xb1\x94\xfb\x6e\x00\x84\xaa\x4a\xd1\x92\xc5\xdf\x47\
\xd6\x45\x79\xd2\x4d\x48\xe4\xe1\xf8\x2e\x6f\xdf\xfd\x3e\x7f\xf1\
\xad\x2f\x21\xd3\xdd\x4b\xfc\xc1\x2f\xc6\x45\xb7\xe3\x38\xce\x05\
\x59\x37\x5a\xf2\x59\xb9\xdd\x8b\xf6\x5d\xb4\x7c\x99\xd3\xed\x25\
\x01\x1d\x67\x4d\x4c\xa8\xd9\x63\x8f\x1d\x7e\x7e\x77\x8f\x9b\x9b\
\x3f\xe0\xfd\x87\xff\x8d\xc9\x49\x04\x0d\x04\x4b\x36\xb3\xd1\x62\
\xd6\x22\xda\x8b\x4c\x35\xcb\x65\xbd\x73\xed\x6a\x34\xd7\xb5\x3e\
\x2d\x34\x25\x4f\x18\x14\xcb\x2d\xd6\x8b\x0b\x5e\x9c\xe2\x52\x62\
\x70\xfe\x91\x4b\x0a\x6a\x76\xa1\x53\x2a\x25\xd7\xe0\x96\x64\x76\
\xa7\x19\x8b\x40\xc8\x4e\x3a\xa4\xaa\x23\xc9\xc0\xa6\x52\xd0\xa8\
\xc4\x16\x4e\x4e\x94\xe9\xb4\xe1\xf0\xe0\x84\xdd\xbd\x2d\xae\x5d\
\xdf\x66\x7b\x67\x93\x2a\x48\xaa\xee\xa2\x69\xfc\x56\x8c\x4a\x52\
\x19\x41\xa8\xd2\xf1\xf2\x0d\x80\x90\x1a\xee\x40\xc4\x34\xa6\xe2\
\x80\xf9\x3a\xcb\x9f\x62\xa4\x49\xa5\x31\xa4\xae\x9f\x92\xf6\x9d\
\xff\x5e\x1a\x56\x13\x2c\x9d\x2c\x4d\xd2\xbf\x1a\x34\x31\x72\xf7\
\xe4\x03\xfe\xe8\xee\xbf\xe3\xd7\x5f\xfd\x47\x34\x53\xe5\xb3\xc0\
\x45\xb7\xe3\x38\xce\x53\xb0\xce\x24\xca\xcb\x2a\x19\xb8\x4e\x09\
\xc1\x75\x8f\xe7\xee\xb6\xe3\x3c\x03\x34\xb0\x2d\xaf\xf3\xda\xe8\
\x2f\xb2\xf5\xea\xcb\xbc\xf7\xf0\xb7\x39\x1c\x1f\x20\x31\x20\xa6\
\x69\x12\xa5\x08\x26\xa5\x33\x64\xc8\x1d\x17\x63\x72\xae\x73\x56\
\x5a\x45\x93\xb8\x56\x01\x2a\x42\xe8\x27\x2c\x06\xe9\x9d\xeb\xd8\
\x95\xde\x23\x8b\xda\x3c\xa7\x72\x20\xc8\x93\x28\xef\x45\x7e\xa9\
\xf6\x51\x1e\xc3\xfa\xd7\xd2\x15\x02\x4c\x02\xb9\xe8\xf1\x50\xaa\
\xff\xd5\xe4\xc9\x93\x30\x9d\xb4\xcc\x66\x47\x1c\x1d\x9c\xb0\xbd\
\xb3\xcd\xb5\xeb\x1b\x6c\x6d\x6f\x52\x85\x9a\x36\x2a\xad\x1a\xb5\
\x1a\x92\xda\x68\xe6\xb8\x89\x76\x99\x74\x91\x0a\x91\x0a\x68\xe9\
\xab\x91\xf4\x79\xed\x14\x07\x4f\x1d\x33\xdb\x28\xa9\xdb\x65\x2e\
\x61\xd8\x7f\x45\x0d\xbf\xb7\x9e\xfc\x71\x98\x19\xd3\x66\xca\xad\
\xc3\xb7\x79\x7f\xfb\x77\x79\x6b\xf3\xaf\x0e\x1a\xf4\x3c\x3b\x5c\
\x74\x3b\x8e\xe3\x3c\x25\x97\xe5\x74\xcf\xaf\x9b\x1f\x7f\x7e\xdc\
\x65\xe7\xb3\xce\xba\x55\xa2\x25\x5e\x9d\xc4\x71\x2e\x8e\x99\x51\
\x73\x9d\x9b\xe1\x2f\x50\xdd\xdc\xe2\x67\xe1\xbf\x70\x78\x7c\x0f\
\xd3\x58\x1a\x55\xc2\x30\xe3\x4d\x72\xa3\xd3\xef\xbc\x60\x16\xa1\
\xab\x60\x92\xe3\x27\xda\xe7\x99\xa5\xfc\x11\x24\xc5\x48\x24\xb7\
\x90\x87\x3e\x6f\x92\xeb\x77\x07\xd2\xf1\x24\xa4\x69\x8c\x31\x0e\
\xcf\xb3\xcf\x50\x97\xee\x90\xa5\xe3\x25\xda\x8b\x75\xf2\xb8\x82\
\xe4\x9a\xdb\x06\x21\xb7\xaa\x57\x98\x9c\x28\xd3\x69\xe4\xe4\xb8\
\x62\x67\x77\x8b\x9d\xbd\x2d\xea\xcd\x0a\x91\x90\xbb\x50\xa6\x01\
\x02\xf9\x1a\xb2\x8d\x6e\x59\xc5\x9b\xb4\x98\xb6\xa7\xcf\x8b\xe4\
\x87\x8b\x19\xc4\x54\x6e\x30\x48\xc8\x31\x93\x52\x3b\x5c\xd3\xbd\
\x47\xbe\xfa\xae\x12\xcc\xd0\x40\xd0\xd4\x0f\x74\xda\x4c\xf8\xd3\
\xfb\xbf\xc7\x6b\x5f\xfd\x0e\xf5\xec\x7a\xf9\x14\x9f\x19\x2e\xba\
\x1d\xc7\x71\x2e\x89\x65\x13\x2a\xcb\xfb\xe1\xfa\xe1\xb2\xe1\x38\
\xcf\xe2\xdc\xe6\x8f\xb5\xae\xd3\xed\x38\xce\x25\x10\x6b\xae\x57\
\xbf\xc0\xcf\x5d\x17\x3e\xe0\x77\x38\x38\xbe\x8d\xaa\xd2\x6b\xd9\
\x2c\xa2\x2d\xa4\x7a\xd5\x56\xba\xc1\x24\x87\x17\x31\x44\xb2\xfc\
\xcc\x8d\x6a\x0a\x22\x96\x04\xb5\x08\x12\xe8\x4b\x0b\x06\x72\x9b\
\x78\xb2\xda\x2e\x9d\x69\x92\xc1\x2c\xd2\x1d\x76\x20\xfe\x4b\x0c\
\xa5\x3c\x92\x7b\xde\xdd\x20\x94\x8a\x29\xd6\xed\x94\x34\x3f\x82\
\x05\xa8\x72\xfe\x7c\x36\x0b\xc4\x38\xe1\x64\x32\x63\x6b\x6b\x83\
\xed\xdd\x4d\xc2\x7e\xa0\x0a\x75\x27\xe8\xd3\x25\x58\xf9\x3f\x90\
\x9a\xed\x94\x2a\x26\x82\x74\xd1\x19\xc9\x37\x05\xa6\x86\xb4\x46\
\x90\x94\x05\x0f\xa1\x7c\x0e\xa5\x9a\xcb\xf9\x3f\x82\x52\xa6\xb1\
\x6d\x95\x83\xd9\x7d\xfe\xf8\xfe\x7f\xe0\x57\x5e\xfe\x47\x68\xc3\
\xc2\xfd\x9e\x16\x17\xdd\x8e\xe3\x38\x97\xc8\x79\xee\xf6\xb3\x9e\
\x44\x39\x7f\xfc\x75\xd7\xbb\xd8\x76\x9c\xcf\x0e\x8b\xc2\xb5\xea\
\xdb\x7c\xe5\xba\xf2\xbe\x7e\x9f\xc3\x93\x3b\x58\xb4\x4e\x60\x27\
\x1f\xb6\x94\xfb\xd3\x9c\xe9\x0e\x60\x55\x57\x9f\x1b\x53\x04\x21\
\x88\xa4\x5e\x91\x5d\x12\xc3\x08\x92\xfa\x47\x16\x61\x4d\x16\xb6\
\xa7\x7e\xaf\xd3\xfc\x46\xc4\x2c\x65\xb4\x2d\x95\x26\x0c\x21\xe7\
\xc9\x8b\x08\x17\x40\x84\xfe\x2b\x49\x28\x1d\xeb\x4d\x7a\xa1\x6c\
\xe5\x66\xa1\x38\xce\x75\x79\x9d\x5b\xc2\xb7\xca\xf8\x78\xc6\x6c\
\x16\x99\x4d\x1b\xf6\xf7\x95\xed\x9d\x1d\xea\x51\x48\x37\x0f\x83\
\x31\xd2\x38\xa9\xc4\xa1\xe9\xd0\x5a\x17\xba\x14\x48\x11\xfa\x51\
\x09\x55\x6a\x49\x2f\xf9\x66\x20\x1d\xd3\xc0\x4e\x97\x04\xec\xaf\
\x3f\x7d\x2e\x31\x46\x2a\x15\x3e\x78\xf8\x43\xde\xdc\xff\x0e\xaf\
\xca\x77\x60\x50\xf7\xfb\xb2\x71\xd1\xed\x38\x8e\xf3\x0c\xf8\xbc\
\x26\x51\x9e\x57\xdf\xfb\xac\xf5\xab\x96\x14\x74\x1c\xe7\xf2\xb1\
\x28\x5c\xaf\x7f\x81\x2f\xef\x4f\xf8\xd0\x7e\x8f\xc3\xf1\xa7\x83\
\x86\x39\x15\x96\x33\x1d\xa6\x21\xb7\x48\x0f\xdd\x04\x48\xb3\xd8\
\x37\xd6\xc9\xae\xb4\x9a\x61\x56\xe5\xb2\x83\x96\xab\x9a\x48\x76\
\x8b\x9f\xfc\x5e\x90\x5c\xcf\x3b\x64\x8d\x59\x15\x97\xb9\x37\x8c\
\x53\x75\xc3\x3c\xcd\x51\x25\x95\x30\x44\xb3\x20\xb7\x12\x16\xa7\
\x97\xdb\x59\x3c\x4b\x10\x42\x08\x79\xb0\x90\x47\xa8\x88\x66\xb4\
\x4d\xe4\xf0\x71\xcb\x64\xd2\xb2\xb3\x3b\x63\x6f\x7f\x37\x65\xbe\
\xab\x8a\x92\x3a\x4f\x25\xff\x24\x5f\x73\x37\x85\x33\xe5\xc9\xad\
\xcf\x5e\x47\x03\x51\xa5\x52\x4d\xe5\x07\x81\x14\x32\x4f\x4e\x3f\
\xb1\x6f\xd0\x53\xbe\xdb\x6c\x90\x8f\x51\x53\xda\x36\xc0\xc8\xf8\
\xf1\xbd\xff\xca\xcd\x2f\x7d\x8d\xca\xf6\x28\x15\x5e\x2e\x1b\x17\
\xdd\x8e\xe3\x38\xcf\x90\x45\x62\x7b\x99\x00\xbe\x88\xdb\x7d\x59\
\x4e\xb7\xe3\x38\xcf\x1e\x6b\x03\x2f\x8d\xfe\x3c\x71\x6f\xc6\x47\
\xfa\x3f\x39\x3c\xb9\x8b\x69\x16\x9b\x94\xfa\xda\x79\x5b\xeb\xdb\
\xa2\xab\xa5\x6d\x34\x77\x6f\x54\x15\xb4\x44\x30\x54\xf2\xe4\xcb\
\xb9\x49\x91\x9d\xf8\x16\x44\xac\x6b\x58\x99\x84\x77\x8a\x6e\x54\
\x52\xaa\x97\xe4\x9a\xdc\x59\x78\x6b\x10\x44\x93\x17\xad\x46\x6e\
\xce\x93\xbf\x9f\x24\xcf\xa6\xcc\xa2\x3b\x84\x5c\xfa\x4f\x72\xbd\
\xf0\xee\xfc\x93\x43\x1e\x24\x10\xa3\x31\x3b\x99\x31\x9b\x36\x4c\
\x4e\xa6\xec\xee\xed\xb0\xbd\xbb\xc5\xc6\xc6\x06\x52\xa5\x89\x9a\
\xdd\x35\xa4\x83\x60\x58\xaa\xa8\x92\x5f\x43\xaa\xcc\xd2\xa2\x54\
\x51\xa9\x82\x51\xcb\x20\x8a\x23\x81\x10\xaa\x53\x13\x24\x4f\x7f\
\xcf\xa5\x9b\x93\xb6\x55\x42\x50\x1e\x1c\x7f\xc4\x87\xc7\xff\x97\
\xaf\x6d\xff\x65\x44\x37\x9e\x49\xcc\xc4\x45\xb7\xe3\x38\xce\x67\
\xc4\xb2\xd2\x7b\x97\xe1\x76\xaf\xe3\x74\x5f\xf4\x18\x8e\xe3\x5c\
\x1e\x16\x47\xbc\xbc\xf9\x5d\x9a\xfd\x31\xad\xfe\x3e\xc7\x93\x87\
\x9d\x68\x34\xaa\x1c\x93\x08\xb9\x49\x4e\x11\xbb\xb9\xd9\x8d\x42\
\xa9\x76\x92\x32\xcf\xe4\x66\x38\x9a\xdc\x72\x1b\x94\xf4\x90\x62\
\x65\x0f\xbf\x0f\xf2\x39\xe4\x98\xb7\x64\x01\x9e\xa4\x79\x97\x1b\
\xe9\x26\x4c\x0a\x82\x75\x0e\x76\x1a\x20\xd5\xdb\xae\xba\x65\xfd\
\xc4\xcf\xb4\x5f\xc9\x86\xe7\xb9\x9d\x5d\x89\xc0\x20\x15\x6d\x54\
\xc6\x87\x27\x4c\x4e\x26\x6c\x1d\x6f\xb2\xbb\xb7\xcb\xf6\xee\x16\
\x75\x5d\xe7\x69\x90\x92\x6f\x30\xac\x9c\x51\xf9\xd4\xd2\xf2\xec\
\x60\xc7\xa8\x68\x65\x58\x2d\xa7\x02\x2a\x49\xfc\x4b\xb7\xcf\xa9\
\xcf\x9d\x3e\xbf\xde\xb6\x91\xcd\xba\xe6\xed\x7b\xdf\xe7\xb5\xaf\
\x7c\x9b\x1d\x5e\xe3\x59\xc4\x4c\x5c\x74\x3b\x8e\xe3\x7c\xc6\xac\
\x13\xf7\x38\x6b\xbb\x65\x63\x5e\xc6\x76\x8e\xe3\x7c\x76\x48\xdc\
\xe6\xd5\xcd\x5f\x25\xee\x37\x7c\xac\xbf\xcf\xf1\xe4\x51\x72\x73\
\xbb\x92\x24\x70\x4a\x03\x5b\x72\xb3\xfb\x08\x49\x76\xb7\x73\x9b\
\xf8\xe4\x10\xdb\x60\x7b\xeb\x04\xea\xe9\x86\x33\x83\x8c\x33\xf4\
\x2a\x3c\xbf\x0c\x55\x7a\xae\xba\xed\xc3\x60\xf2\x66\x48\xa1\x70\
\x93\x6e\xe2\x65\x6a\x29\x9f\xab\x85\x68\xef\xb6\xab\x26\x21\x1f\
\xf3\x64\x4e\xb1\x92\xde\x4e\xd1\x93\xa6\x69\x39\x7c\x74\xcc\x64\
\x3c\x65\x67\x6f\x87\xdd\xfd\x1d\x36\xb6\x36\x4e\x9d\x0f\x66\xa9\
\xfd\x7b\x11\xf5\xf9\xfa\x82\x19\x51\x95\xa8\x4a\x65\xc9\xad\xef\
\xaf\x29\xe7\xbb\x91\xd3\xff\x62\xd0\x55\x35\x49\xdb\xc4\xa8\x68\
\x84\x13\x3d\xe0\xa3\xa3\xff\xcb\x37\x76\xff\x06\x23\x76\xb8\xec\
\xaf\x4b\x17\xdd\x8e\xe3\x38\x9f\x23\xab\xc6\x4a\x2e\x2a\x96\x97\
\xb9\xe9\x8e\xe3\x3c\x1f\x8c\xec\x3a\xaf\x6d\xfd\x2a\x4d\x7b\xc2\
\xc7\xed\x1f\x70\x32\x3b\x3c\x65\xce\x8a\xa4\xac\xb4\x90\x4a\x05\
\x9a\x19\x26\xa9\x34\x9e\x76\x61\xec\x9c\x5b\xa6\x38\xcc\x45\x84\
\x97\xf7\x65\xdb\x44\xa9\x42\xd2\x05\x44\x04\xac\x58\xde\x03\x41\
\x1e\xb2\xf3\x5e\x84\x6c\xdf\x31\x33\x0b\xe0\x68\x5d\x7e\x3c\x55\
\x24\x49\x8d\x77\x8c\x14\x4f\x11\xc9\xb5\xc5\x4b\x45\x95\x50\x8e\
\x9f\x5a\xd2\x57\x95\x40\x14\x66\xd3\x19\xb3\x59\xc3\x64\x3c\x61\
\xf7\xda\x1e\x5b\x7b\x9b\x5d\xdc\x84\x1c\x57\x29\x17\x28\xf9\x06\
\x43\x01\x6d\x95\x58\x47\x54\x2b\x42\xa8\xf3\x85\xe4\xda\xdf\x96\
\x9c\x78\xc5\x52\x46\xde\xfa\xcf\x07\x11\xa2\x2a\x44\xa3\x69\x23\
\x9b\x9b\x1b\xbc\x73\xef\xf7\x78\x73\xe7\xbb\xd4\xb2\x7d\xe9\xd9\
\x6e\x17\xdd\x8e\xe3\x38\xcf\x19\xee\x46\x3b\xce\xd5\xc3\x0c\x36\
\xe5\x55\x5e\xdf\xf9\x0d\x9a\x38\xe6\x93\xc7\x3f\x60\xda\x4e\x53\
\x82\x39\x4f\x8e\xb4\x5c\x55\x24\xe5\xa6\x41\x54\x08\xb9\x69\x8e\
\xe5\xf2\x80\x91\xe4\x24\xab\x66\xe7\x1b\x4a\x13\x74\x08\xb9\xc6\
\x75\x11\xda\x45\x53\x56\x7d\xf4\xad\xbf\x2f\x2f\xf1\x8a\x5c\x5a\
\x30\x3f\xab\xf6\xce\x7a\x71\xcf\x35\xd7\x1e\x0c\x46\xae\x36\x92\
\x44\x7a\xa9\xc5\xad\x9a\x52\xea\xc5\x7a\xd7\x52\x22\x50\x14\x09\
\x5a\xaa\x73\x43\xde\xe7\x64\x3c\x65\x3a\x69\xd8\x3e\xd9\x66\x77\
\x7f\x87\x7a\x6b\x44\xa8\x73\xbc\x85\xac\xe6\x2d\x45\x5b\x54\x95\
\x08\xc4\x68\x68\x05\x16\x04\xe9\x72\xec\x69\x02\x6a\xba\x61\x08\
\xc4\xfc\x39\x96\xeb\x4a\x37\x21\x8a\x08\xb4\xad\xb2\x51\xd7\x4c\
\x99\x70\x6b\xfc\x23\xbe\xbe\x73\x83\x91\xec\x5d\x6a\xb6\xdb\x45\
\xb7\xe3\x38\x8e\xe3\x38\xce\x73\x80\x99\xb1\x23\x6f\xf2\xe6\xee\
\x5f\xa1\x89\x27\xdc\x8a\x3f\xa4\x69\x34\xb7\x7a\xb7\x54\xd1\x04\
\x2d\x5e\x73\x9e\x52\x98\xcb\x06\xe6\xe2\x1d\x41\x72\xbc\xa4\xb4\
\x6e\x37\xf2\x84\xcc\x1c\xc8\xe8\xaa\x78\xe4\x83\x4a\x1f\xbe\x2e\
\x8b\xca\x76\x7d\x0b\x7a\xe9\x7c\x74\x09\x8a\x64\x81\x9d\x44\xb8\
\xe5\x89\x95\x74\xdb\x42\xaa\x0c\x22\xf4\x39\x6e\x72\xd9\x71\x11\
\xed\x8e\x9b\x2a\xfb\x49\x57\x41\x25\x89\xfe\x54\x7f\x3c\x46\xe3\
\xf0\xe1\x31\xe3\xf1\x84\xbd\xeb\x7b\x49\x7c\x6f\x54\x98\x41\xa8\
\x2a\xda\x26\xa6\xc9\x9d\xd9\x61\x57\x35\xa2\x5a\x6a\x4f\xdf\xdd\
\x2f\x84\x74\xbc\x6e\x1e\x4d\x3f\x21\x15\x4a\x9d\xf3\x24\xdc\x1b\
\x53\x62\xa3\xc8\xe6\x26\x3f\x79\xf0\x3f\x79\x7d\xfb\x3b\x6c\x84\
\xbd\x4b\x9d\x4f\xe9\xa2\xdb\x71\x1c\xc7\x71\x1c\xe7\x39\xc1\xcc\
\xd8\xab\xbf\xc6\x57\xae\xfd\x15\x66\xf1\x11\x77\x1e\xbd\x87\xc6\
\xec\x76\x53\x72\xd9\x9a\x27\x56\xe6\x2a\x1e\xa6\xd9\x6d\x1e\x64\
\x96\xd3\x68\x5d\xe3\x99\xae\x4d\x7a\xa9\xd7\x9d\x55\x74\x27\xb5\
\xbb\xae\x90\x79\xcc\x6e\xfe\xa1\xe6\x7d\x73\x7d\x40\xa0\x78\xe7\
\x25\xd5\xd2\xff\xe3\x5c\x18\xcc\xbd\x1c\x34\xd8\x61\x58\x79\xa5\
\x3f\x3f\x4b\x33\x46\x93\xeb\x5e\x0d\x5c\x72\xb2\x8b\x8d\xd2\x4e\
\x1b\x1e\xdd\x7d\xc8\xf4\x64\xc6\xb5\x9b\xfb\x6c\x6e\x8f\xba\x4e\
\x9c\x3a\x48\xc1\x68\x19\x3b\x57\x77\x29\xed\xea\xad\x74\xfe\x91\
\xe2\xd4\xe7\x6b\x1c\xd4\x2d\x2f\xa6\xf8\xa4\x9d\xb1\xb5\xb9\xc1\
\x49\x3c\xe1\x61\xf3\x3e\x3b\x1b\xaf\x50\xb1\x7d\x69\x3f\x5b\x17\
\xdd\x8e\xe3\x38\x8e\xe3\x38\xcf\x11\xa6\xc6\xf5\xd1\x2f\xf0\x8d\
\x1b\x30\x6b\xfe\x05\xf7\x0f\x3f\x40\x9b\x5c\x73\x1a\x4d\xcd\x70\
\x30\x2c\x37\xc9\xd1\x4e\x3c\xf6\x93\x04\x8b\x18\x3d\x55\xa3\x9a\
\xde\xe5\xcd\x2b\x31\x91\x7e\x9f\xbc\xbd\x74\x82\xb9\x08\xfb\x94\
\x8d\x36\xcb\xa5\xfc\x8a\x68\xee\xca\x12\x66\x71\xad\x6d\x9a\x4c\
\xa9\xa9\x8a\x8a\x5a\xce\x9c\xab\x76\x93\x3f\xbb\x9b\x01\x52\x03\
\x9c\x53\xd5\x9c\x4a\x9c\x5c\x92\x23\x2e\x95\x51\x4b\x85\x46\xe3\
\xe4\xf1\x09\xd3\xf1\x94\x1b\x2f\xed\xb3\x7b\x7d\x0b\xa9\x02\x84\
\x72\xcb\x20\xf4\x93\x4b\x73\xa1\x16\x19\x9c\x9f\xf4\x02\xbc\xcb\
\x73\x77\x25\x14\x93\x5b\x8f\x08\xd3\xa8\x6c\x34\x4a\x55\xd7\xbc\
\xf7\xe0\x0f\x78\xf9\xf5\x6f\xb0\x5f\xed\xa0\xf1\x72\xfc\xee\x67\
\xd7\x76\xc7\x71\x1c\xc7\x71\x1c\xc7\xb9\x10\x1a\x8d\x1b\xa3\x6f\
\xf3\xed\x57\xff\x3e\xfb\xbb\xaf\x63\x02\x51\x5b\xd4\x14\xd5\x98\
\xb2\xcc\x51\x89\x9a\xf4\x63\x54\x45\x63\xff\x28\x15\x3d\xa2\xe5\
\x87\x6a\x9a\xc4\x68\x73\xae\xb3\x2a\x16\x73\x26\x3c\x2a\xa8\x11\
\x63\x24\xc6\x98\x6a\x74\x47\x21\x46\x88\x16\xd3\x43\x23\x1a\x2d\
\x1d\xa3\x6c\x57\xce\x47\x35\xad\xcf\xe7\x68\x49\x7d\x93\xe7\x30\
\xd2\xab\xee\x54\x87\x1c\x29\x35\xc3\xfb\x7a\xde\x40\xce\xa4\x14\
\x07\x1e\x42\x15\xa8\xab\x80\x35\x91\xfb\x77\x1e\x70\xf7\x93\x07\
\x34\x93\x96\x3a\x84\x7e\xce\xa7\x05\xfa\xf6\xf5\x92\x27\x41\xe6\
\xe3\x58\x20\x48\x95\xcc\x7d\x9b\xfb\x0c\x34\x77\xff\x54\x25\x46\
\x61\xda\x28\xa6\xc2\xe3\xe9\x5d\xc6\xdc\x47\xa5\xb9\xb4\x9f\xa9\
\x8b\x6e\xc7\x71\x1c\xc7\x71\x9c\xe7\x10\x55\xb8\x5e\x7f\x93\x5f\
\x7e\xfd\x9f\x70\x63\xef\x15\x2c\xb4\xc4\x98\x3a\x34\xc6\x18\x3b\
\x01\x19\xa3\x62\xaa\xe8\xe0\x61\xaa\x59\xfc\x6a\x17\x39\x51\xcb\
\xcb\x2c\xf6\xa2\x5c\x95\x38\x28\xbb\xd7\xc6\x24\xce\x35\xa6\x9c\
\x74\x7a\xad\xc4\x68\x69\xb2\x62\x4c\xc7\x8b\xb1\x54\x2a\xc9\x8d\
\x74\xb2\xa8\xd7\x1c\xe1\x28\xe5\x03\xa3\x6a\x76\xa0\xad\x7b\x8e\
\x9a\x23\x31\x83\x1b\x81\x7e\xc6\x62\xff\xba\x2b\xa4\x42\x72\xd7\
\x43\x08\x04\x09\x1c\x1f\x4e\xb9\xfd\xe1\xa7\x1c\xdd\x3f\x46\x6c\
\x84\x84\x80\x4a\x9b\xfe\x05\xa0\x2b\x8d\x98\xbd\x74\x09\xa9\x96\
\xf8\xa9\xbc\xb9\xe5\x1c\xf8\xf0\x33\x33\xb4\x55\x9a\x46\x69\xf3\
\x67\xf2\xc9\xc1\x1f\x73\x3c\xbb\x7f\x69\x3f\x4f\x17\xdd\x8e\xe3\
\x38\x8e\xe3\x38\xcf\x29\xa6\xc2\x5e\xfd\x0d\xbe\xf7\xe5\x7f\xca\
\x8d\x6b\xaf\x21\x61\x96\x44\x36\x45\x70\xc7\x1c\x34\x39\xe3\x91\
\x05\xf7\x50\x5c\x16\xf1\x7c\xfa\x91\xaa\x7f\xb4\x31\xd5\xd2\x6e\
\x15\x5a\x9b\x7b\xa8\xe5\x47\x5a\x1f\x15\x62\x94\xbc\xbf\x66\xf7\
\xdb\xd0\x3c\x56\x71\xe2\x93\x00\xcf\xe7\x90\x45\xb7\x91\x22\x31\
\xe5\x3c\x87\xce\x73\x97\xfc\xc8\x75\x57\x4a\x1e\x3d\x4d\xc6\x4c\
\x62\x7c\xa3\xda\xc0\x66\x70\xef\xd6\x23\xee\xdf\x7a\x44\x9c\x25\
\x39\xdd\x05\x6f\x4e\xd5\x24\xcf\x53\x4e\xb3\x7a\x57\xc8\x37\x19\
\x46\xcc\xd7\x15\x2d\xb5\x94\x37\x33\x9a\x46\x69\x66\x86\x59\xe0\
\xd6\xe1\x9f\x32\x95\xc7\x54\xf5\xe5\xc8\x65\x17\xdd\x8e\xe3\x38\
\x8e\xe3\x38\xcf\x33\x1a\xd8\x0b\x5f\xe7\xd7\xde\xfc\xe7\xdc\xbc\
\xf6\x15\x10\x88\x6d\xef\x74\xf7\xb1\x11\x1b\x2c\xd3\x27\x9e\x3b\
\x87\xd7\x7a\xb7\x37\x9a\x0d\x84\x67\x12\xa3\x6d\xec\x1f\xa7\x84\
\x79\x11\xe4\x0a\x6d\xe4\xd4\xfa\x36\x42\xab\x42\xd3\x6d\x93\xc6\
\x8e\xa9\xc8\x1f\xd1\x24\x0b\xe2\x7e\xb2\x67\xa1\x4b\x9c\x97\x70\
\x78\x87\x74\x4f\xd2\x4d\xb8\x14\xa2\xb6\x84\xaa\x42\x10\xc6\x07\
\xc7\xdc\xfd\xf8\x3e\x47\x8f\x66\x68\x43\x8a\xba\x58\x8a\xb8\x0c\
\xf3\xec\x7d\x7d\xf1\x61\x15\x93\xc1\x67\xd4\xb9\xfb\xc9\xed\x6f\
\x5b\xe5\xa4\x9d\x72\xac\x0f\x68\xed\xe4\x52\x7e\x8c\x2e\xba\x1d\
\xc7\x71\x1c\xc7\x71\x9e\x77\xac\x62\x2f\x7c\x95\x5f\x7f\xeb\x9f\
\xf1\xca\xcd\xaf\x50\x8f\x02\x6d\x8c\xb9\xf2\xc6\x20\x56\x72\x8e\
\xf0\x56\xb5\x94\xdb\x2e\xb1\x8e\x6e\x9b\x14\x05\x89\x31\xd5\xe0\
\x8e\x83\x58\x48\xd4\x12\xb5\x50\xa2\xf6\xdb\x9e\x72\xaf\xe7\x96\
\x5b\xb7\x8e\xfe\x98\x5a\xaa\xac\x94\xa9\x9e\xd2\x09\xed\xae\x5a\
\x4a\x99\xdb\x79\x96\xc3\x4d\x9f\xf1\x16\x4b\x75\xca\x55\x14\x2a\
\xa5\x12\xa1\x99\x28\x77\x6f\x3d\xe6\xde\xad\x47\x4c\x8e\xa7\xc4\
\x36\xe7\xcf\x73\x33\x9c\xdc\xfa\x07\x23\x74\xc7\x4e\x31\x18\x19\
\x44\x61\xd2\x44\xcb\x18\xa1\x69\xda\xec\x84\x57\xdc\x3e\x7e\x87\
\xa3\xf6\xde\xa5\x34\x16\x73\xd1\xed\x38\x8e\xe3\x38\x8e\xf3\x22\
\x60\x15\xbb\xe1\xab\xfc\xfa\x9b\xff\x8c\x37\x5f\xfa\x45\x46\x5b\
\x81\x56\x1b\x40\x3b\x87\x78\x28\xbe\x29\x99\xeb\x48\x57\xc7\xba\
\xb8\xe2\xc9\xe5\xce\x15\x45\x06\x8e\x79\xc9\x64\xa7\xf6\xed\x9c\
\x16\xe6\xad\xf5\x31\x92\x81\x58\x55\x65\xe0\x20\x0f\x4f\x78\xae\
\xba\xc9\x29\x61\xdd\x97\x13\x64\xee\x31\xac\xc2\xd2\x47\x4d\x72\
\x99\xbf\x5c\xd9\x24\x00\x41\x42\x92\xf0\xc1\xb0\x18\x39\x7c\x38\
\xe6\xd3\x4f\x1e\xf2\xf8\xd1\x11\xd3\xa6\xa5\x1d\x4e\x22\xed\xe2\
\x26\xfd\xd9\xc5\x12\x71\xc9\x59\xf7\xa8\x46\x54\xa1\xc9\x1d\x2a\
\x4d\xe1\xfe\xf8\x23\x26\x76\x40\xa8\x5c\x74\x3b\x8e\xe3\x38\x8e\
\xe3\x5c\x1d\xac\x62\x27\xbc\xc5\x2f\xbf\xf1\x4f\xf9\xd6\x97\x7e\
\x93\xdd\xed\x11\x26\xb9\x6e\xb6\x59\xef\xc8\xf6\x55\x03\x9f\x1c\
\xc2\x8a\x23\xad\x9d\xf3\x6d\x65\xd2\xe3\x13\x6e\x39\x9d\xf8\x3e\
\x55\x7e\xf0\x54\x15\x90\x61\x19\xbe\xb9\x09\x91\xa2\x7d\x25\x92\
\xb2\xd6\x06\xef\xec\xec\xb3\x94\xee\xb9\x1f\x2f\x35\xce\x21\xc7\
\x4d\xca\xeb\xb4\x65\x55\x55\x98\x29\xc7\x87\x27\xdc\xbd\xf5\x88\
\x07\x9f\x3e\x66\x32\x9e\xd0\x6a\x8b\xd2\xe6\x92\x84\x82\x04\x4e\
\x47\x6d\xf2\xcd\x48\xcc\x71\x18\xb5\x14\x2d\x69\xda\x94\x49\x9f\
\x4c\xc7\x4c\xe3\x31\x4a\xbb\xce\x4f\xe9\x4c\xbc\x4e\xb7\xe3\x38\
\x8e\xe3\x38\xce\x8b\x84\x05\x76\xc3\x9b\x7c\xfb\xa5\x7f\xcc\x66\
\xf5\x12\x6f\xdf\xfe\x8f\x1c\x1f\x1f\xa3\x5a\xba\x3a\xca\xa9\x2c\
\x73\x52\xb9\xfd\x73\xf1\x93\xc9\x19\xe7\x2e\x4f\x5d\x86\x37\xc9\
\x82\x5a\xe6\x44\x76\xdf\xd9\x71\xb0\xf1\xe0\xa9\xeb\xa8\x33\x78\
\x4e\x65\x01\xd3\xaa\x7c\xbc\x5c\x48\xfb\x54\x62\x43\xca\xf8\xa5\
\x8c\xe0\xfc\x19\x4b\xbe\xa9\x28\xa5\x04\xd3\xb6\x75\x08\xdd\x71\
\x55\x85\xd8\x1a\xb3\x69\xe4\xd1\xdd\x43\x66\xb3\x86\xeb\x2f\xef\
\xb1\xb5\xbd\x91\x27\x6f\x6a\x57\x21\xbc\xbb\x7e\xa4\xab\x73\x2e\
\xe5\x06\x02\xa3\x6d\x94\x66\xc3\x08\x95\x71\xd4\xde\x67\xaa\x47\
\x6c\x70\x6d\xdd\x9f\xd4\x29\x5c\x74\x3b\x8e\xe3\x38\x8e\xe3\xbc\
\x60\x98\xc1\x96\x7c\x89\xaf\x5f\xff\x2d\x46\xd5\x75\x7e\x7c\xeb\
\xdf\x72\x70\x74\xaf\xab\x3b\x2d\x21\xb5\xa0\xc9\x6f\x73\x92\x3a\
\xc5\x3d\x4e\x69\xdd\xc1\x1b\x79\xe2\xd5\x9c\xc8\xce\x2a\xb8\xdf\
\x47\x52\x66\x42\x8b\x90\x3d\x3d\xf6\xa9\x91\xf3\x4e\x01\x72\x35\
\x91\xd3\xe2\x5d\xc2\xe9\x28\xca\x59\x67\xd5\x9f\xb3\x74\x2d\xdc\
\x85\x0a\x24\xb5\xb9\x97\x98\x9c\x75\x89\x4a\x6c\x95\xa3\x87\x63\
\xda\x26\xb2\xff\xd2\x0e\x5b\x7b\x23\x28\x15\x5d\x24\xc7\x62\xa0\
\xab\xa0\x02\xd9\x90\x37\x90\x28\x34\x51\x69\x5b\xa3\xae\x84\x87\
\x93\x4f\x38\xd9\x7c\xc4\x66\x75\xfd\xd4\xcd\xc9\xba\xb8\xe8\x76\
\x1c\xc7\x71\x1c\xc7\x79\x01\x31\x33\x36\xe5\x15\xde\xda\xfd\xeb\
\x6c\xbe\xb5\xc7\xdb\xb7\xff\x0d\x77\x0f\x3f\xa2\x6d\x5a\x4a\xd3\
\x76\x09\x82\x22\x08\x31\xc9\x4b\x2d\x4e\x37\x9d\xd8\xcc\x5b\x66\
\x4d\x7d\x5a\x3a\x27\xd7\xbc\x24\x47\xa4\x8b\x87\x94\x6e\x8f\xe4\
\x09\x88\x45\x30\xa7\xfe\x37\x79\x24\x29\x99\x71\xe9\x0b\x91\xc8\
\x20\xff\xdd\x4d\xaa\x94\xae\x9d\xfc\xb0\xcb\xa5\x6a\x76\xb6\xad\
\xef\x52\x1f\x44\x80\x0a\x91\x54\xb3\x1b\xc9\x93\x24\x2d\xb5\xae\
\x0f\x0a\x31\x57\x3b\x89\x51\x39\x39\x9c\xd1\xb6\x91\xbd\xe9\x26\
\x3b\xfb\x9b\x10\x4a\xf0\x45\xfa\x7a\xde\x26\x68\xce\xc5\x8b\x55\
\x08\x46\x6c\x8d\xd8\x2a\x71\x54\xf1\xe8\xe4\x01\x93\xfd\x23\xc2\
\x28\xdf\xc4\x5c\x10\x17\xdd\x8e\xe3\x38\x8e\xe3\x38\x2f\x2a\x06\
\x23\xae\xf3\xc6\xce\x6f\x52\xbf\xb9\xc5\xdb\x77\xff\x35\x9f\x3e\
\x7a\x8f\x66\xd6\x74\xeb\x2b\x01\xb3\x3a\x65\xb4\x43\x5f\xc3\xba\
\x24\x35\x52\xc4\x02\x44\x0d\x2d\xb3\x15\xbb\xbc\xb6\xa4\xe8\x07\
\x7d\x64\xfb\x74\x96\x5b\xba\xb1\x2c\x47\xb8\x3b\x51\x0b\x50\x44\
\x7b\xd9\xbf\x08\xe4\x6e\xdf\x41\x7b\x78\x13\xa4\x13\xdc\x10\x42\
\x9f\x51\x17\x29\x8d\xe3\x03\x22\x01\xa4\x4a\x4d\x6f\xd2\x5a\x30\
\x50\x31\x82\xa6\xea\x26\x21\x18\x41\x42\x2a\xff\x37\x8e\x1c\xb6\
\x27\xc4\x36\xb2\xb5\xbf\x41\xa8\x03\x91\x98\x6e\x3a\x2c\x0b\x7f\
\x15\x54\x23\x01\x41\x0c\x34\x42\xd3\x46\x36\x34\x30\x6e\xc6\x34\
\x36\x45\xc2\xc5\x5d\x6e\x70\xd1\xed\x38\x8e\xe3\x38\x8e\xf3\xc2\
\x23\xba\xcd\x6b\xdb\xbf\x4e\xf5\xfa\x88\xad\xd1\x7f\xe2\xd6\xc3\
\xb7\x39\x99\x8c\xc9\x6a\x3a\x45\x4b\xb4\x42\xf2\x04\xc8\xd4\x6b\
\xa6\x17\xcf\x01\x43\x03\x04\x04\xd3\x5e\x34\xe7\xe0\xc5\xa9\xda\
\x22\x29\x77\xcd\x9c\x78\xce\x2e\xb5\x08\xaa\x9d\x9a\x47\x2c\x50\
\x2a\x8f\x14\x97\x7b\x58\xc7\xc3\x28\x91\x93\x7c\xac\xbc\x4d\x48\
\x36\x3d\x22\xa9\x4a\x89\x88\xa4\xf7\x56\x32\xdc\x49\xb0\xf7\x69\
\x0f\xc9\x25\x06\xfb\xf6\xf2\xa9\x9d\xbc\xa0\x2d\xe8\x4c\x39\x7a\
\xd4\xd0\x36\xc6\xf6\xb5\x8a\x30\x0a\x90\x85\x77\xe7\xe2\x5b\x76\
\xff\x35\x1d\xa1\x8d\x91\x18\x03\x4d\x3b\x63\x66\x27\xa8\xb4\x3c\
\x4d\x0d\x12\x17\xdd\x8e\xe3\x38\x8e\xe3\x38\x5f\x04\xe2\x88\x57\
\x37\x7f\x8d\xea\xe5\x1d\xb6\x47\xaf\xf0\xf1\xfd\xff\xc7\xe1\xf8\
\x1e\xaa\x25\xc2\x31\xc8\x47\x67\xa1\x59\x9c\x6b\x1d\x08\x6d\xa0\
\x9f\xc5\xf8\x04\xd2\x8b\xe7\x12\xcf\x28\xd9\x6f\xba\x0a\xdb\xb9\
\x0e\x78\x1f\x4b\xa1\x6c\x3e\x38\x6e\x09\xa2\x24\x91\x4c\x37\xdf\
\xb3\x17\xd9\xc9\xe1\x4e\x91\x92\x90\x63\x2f\x49\xf4\x9a\xf6\x8e\
\x78\x71\xe5\x53\xd2\xa4\x8f\xb2\x54\x66\x58\xaa\x2d\x98\x4a\x20\
\x36\x70\x72\xd0\xa0\xb1\x65\x6b\x7f\x93\x30\x0a\x68\x50\x4c\xfb\
\xa0\x8d\x9a\x82\xa5\x7a\xe5\x6d\x34\x62\x0b\x31\x2a\xd3\x98\xdc\
\xee\xc0\xf6\x85\x7f\x3c\x2e\xba\x1d\xc7\x71\x1c\xc7\x71\xbe\x20\
\x68\x14\x6e\x8e\xbe\xc3\xc6\x8d\xeb\xec\x54\x2f\xf1\xc1\xfd\xff\
\xc1\x83\xa3\x4f\x68\x62\x8a\x89\x08\x86\x29\xa0\xb9\x45\xbb\x25\
\x67\x3b\x9a\x76\x75\xba\x4b\x7d\xed\x22\x66\x61\x90\xc3\x3e\xf5\
\xbe\x54\x2e\xe9\x63\x22\x7d\xdd\xef\x3e\xff\xfd\xc4\xfe\x56\x26\
\x55\xa6\x89\x98\xa1\x44\xb3\x11\x42\x08\x84\x20\x5d\x9c\x44\x3a\
\x8b\x3c\xed\x57\x26\x83\x6a\x16\xfe\x42\xba\x61\x90\x3c\x21\x32\
\x58\x99\xd7\x99\x43\x2e\x02\x12\x2c\x99\xde\xb9\x79\xcf\xf4\x48\
\xd1\xb6\x61\xb4\x57\x13\xb6\xaa\xd4\x3e\xbe\xc4\x4c\xf2\x49\xa6\
\x3a\xe5\x59\x74\xab\x31\x89\xc7\xcc\xe2\x09\x5b\x2e\xba\x1d\xc7\
\x71\x1c\xc7\x71\x1c\x00\x8d\xc6\x8e\x7c\x99\xaf\xee\xff\x6d\x36\
\xab\x6b\xbc\x57\xff\x57\xee\x1e\xfe\x8c\xa6\x31\x4c\x03\x55\x45\
\x97\xd0\x40\x43\x76\x77\x43\x6e\x48\x93\x4a\xef\x95\xe7\xe2\x84\
\x97\x92\xda\x25\x7b\x0d\x65\x22\x24\x9d\xb0\xd6\x4e\x68\xe7\x1c\
\x36\x60\x62\xdd\xfa\xae\x95\x7b\x4a\x80\xe4\xec\xb5\x10\xaa\x54\
\x6d\x45\xb2\xc3\x5d\xb2\xda\x49\x54\x0f\xda\xb7\x6b\x3f\xf1\x31\
\x48\xb9\x41\xc8\xc7\x26\xd7\xdd\xce\xe7\x63\x96\xea\x92\xa4\x09\
\x9d\x06\x21\x45\x6c\x50\xc1\x2c\xd0\x9c\x44\x62\x54\x36\x62\x8d\
\x6d\x05\x8c\x36\x37\xd0\x49\xe7\xab\xa4\x89\x98\xa9\x33\x27\x4c\
\x9a\x63\x1a\x3d\x61\xeb\x29\x7e\x2e\x2e\xba\x1d\xc7\x71\x1c\xc7\
\x71\xbe\x60\x98\x19\x35\xd7\x78\x73\xef\xaf\xb1\x51\xef\xb3\x31\
\xfa\x2f\xdc\x3d\x78\x97\xc9\xf4\x08\x33\xa8\x08\x49\x5c\xab\xd0\
\x46\xa8\x62\x72\x74\x63\x84\x98\xdb\xc2\x0b\x74\x62\xd7\xca\x4c\
\x49\x4a\x34\x44\xfa\xd7\x79\x46\x66\xe8\x96\x0f\xd4\xb0\xf4\xdb\
\x4b\x8e\x91\x54\x41\xa8\xb2\xe0\x96\x90\xe3\x23\x02\x0c\xf3\xda\
\x48\x6e\x23\xdf\x8b\x7d\x95\xdc\x5a\xbe\xab\x72\x92\x3b\x4a\xa2\
\x5d\x67\xcc\x68\xa5\x3d\x7d\x6e\xf4\xd3\x4d\xeb\xcc\xe7\x19\x24\
\x37\xf0\x14\xe2\xd4\x98\xe8\x8c\x91\xd5\xb0\x21\x59\xa8\x5b\x9a\
\xcc\x09\x58\x34\xa2\x46\x34\xc2\xb4\x9d\xd0\xc4\xe9\x53\xb5\x95\
\x74\xd1\xed\x38\x8e\xe3\x38\x8e\xf3\x05\x45\x74\x83\xd7\xb6\x7e\
\x83\xad\x57\x5e\x66\x77\xf4\x7d\x6e\x1f\xfc\x90\xc7\xe3\xbb\x98\
\x41\x2d\x10\x46\x42\xa5\x15\x23\x95\xae\x4d\x7c\x8c\x42\x8c\x96\
\xbb\x56\x5a\x27\x66\x4b\xa4\xa4\x34\xc9\x81\xe2\x7c\xf7\x13\x27\
\xcb\xc4\xcb\xf4\xff\x14\x17\x81\x1c\xb5\x2e\xce\xb6\xf4\xd5\x48\
\xba\x00\x76\xce\x86\xf7\x25\x03\x8d\x10\xb2\x9b\x9e\x5b\xd2\x77\
\x51\x95\xec\x6a\x47\x35\x2c\x9f\xb3\x2a\xc4\x98\xba\x6a\x46\xd3\
\xec\x8a\x73\x4a\xff\xf7\x1f\x4a\x7f\xe4\x38\x53\xa6\x87\x0d\xa3\
\x9d\x11\x6c\x14\x67\x3c\x45\x6f\x4c\xab\x7c\x13\x62\x34\x6d\x43\
\xd4\xe8\xa2\xdb\x71\x1c\xc7\x71\x1c\xc7\x39\x1b\x8d\xb0\x5f\xfd\
\x3c\xdf\x7a\xe9\x65\xf6\x37\xdf\xe2\xfd\x07\xbf\xc3\x83\xe3\x8f\
\x89\xb1\xc5\x50\x46\x55\x05\x75\xe8\x4a\xfa\xa5\x6c\x77\xae\xe9\
\x6d\x86\x46\x21\x96\xd7\x45\x7c\x33\x28\x21\x38\x57\xef\x9b\xc1\
\x7b\x09\x69\x02\x64\xe9\x4a\xd9\xd5\xfd\xee\x44\xb4\xe4\xb2\x82\
\x7d\x3d\x70\xd5\xd3\x4d\x79\x2c\xc7\x45\x34\x57\x17\x89\x66\x68\
\xd4\xae\x7d\xbb\x46\x4b\x82\x3b\x5a\xd7\xde\xbd\x2f\x6f\x58\x9e\
\x4b\xa9\xc2\x9c\x43\xcf\x7f\x04\x2a\xe2\x34\x32\xd3\x86\x6a\x47\
\x90\x91\xe4\x0a\x26\x8a\x49\x40\x63\x8a\xeb\xa8\x6a\xaa\xfa\x72\
\xaa\xdb\xe7\x7a\xb8\xe8\x76\x1c\xc7\x71\x1c\xc7\xf9\x82\x93\xe2\
\x26\xd7\x79\x6b\xef\x6f\xb0\xbf\xf9\x65\x7e\xf2\xe0\xdf\x73\xff\
\xf0\x7d\x26\xd3\x87\x29\x35\x2d\xbd\x31\x5c\xd7\x21\x8b\xe9\xd3\
\x95\x42\x7a\xa7\x3b\xc9\x6c\x1d\x88\xe2\xf4\x5c\xf2\xd7\x43\x11\
\x5e\x26\x5c\x86\xce\xdd\x36\x95\x94\x24\xc9\xf1\x94\x54\xf5\xc4\
\x4e\x8d\x95\x47\xcc\x22\x3c\x4f\xf2\x8c\x96\x23\x30\xd9\xd1\x8e\
\xc9\xe5\x6e\xdb\xbc\x5e\xa5\x13\xc7\x7d\xc5\x14\x1b\x44\x52\xca\
\x98\xb9\x05\x90\x04\x54\x53\xd6\x5b\x1b\x45\x8f\x03\x61\x0b\x64\
\x94\x6e\x1c\xd4\xb2\x90\x8f\xc6\x05\x75\xf6\x29\x5c\x74\x3b\x8e\
\xe3\x38\x8e\xe3\x5c\x11\x44\x47\xdc\xa8\x7f\x91\xef\xbd\xfe\x06\
\x1f\xee\xfc\x67\x3e\x78\xf0\x7b\x1c\x8e\x1f\x60\x31\x22\xa1\x4a\
\x71\x10\x13\x90\xaa\xec\x01\x55\x4e\x46\xab\xa1\xb9\xdc\x9f\x9a\
\xa5\x6a\x20\x9d\xe0\x36\x4c\x42\xd2\xba\xdd\x44\x4b\xe9\x84\x6e\
\x69\xdb\x5e\xda\xc5\x77\xb5\xbc\xb3\x31\x2e\xd6\xfb\xe5\x45\x18\
\x53\x04\x7e\x16\xce\x49\x70\x6b\x76\xb5\xfb\x67\x55\xf2\x63\x28\
\x8e\x8b\x60\xb7\xee\xbd\x48\xae\xed\x0d\x39\xb7\x6d\xa9\x43\xa5\
\x1a\x41\x04\x6b\xd2\xe4\xcc\x4a\x03\x36\x32\x54\xfa\x7c\x78\xae\
\x3d\x78\x61\x97\x1b\xe0\xff\x03\x00\x00\xff\xff\xec\x9d\xdd\xb2\
\x1c\xb7\xb5\xdf\xff\x40\xf7\xcc\xfe\xe6\x37\x29\x52\xa2\x64\xc9\
\x92\x65\x59\x72\x7c\x62\x9f\x8b\xd4\x29\x9f\xe4\x9c\x8b\x54\x6e\
\x53\x95\x54\xaa\x52\x95\xab\x3c\x40\x5e\x20\x2f\x93\x17\x48\xee\
\x92\xca\x4d\x72\x93\xaa\xa4\x2a\xa7\x62\x2b\xb6\x73\x6c\xc9\x92\
\x65\x5b\x12\x29\x52\xe2\x37\xc5\xbd\xf7\xec\xe9\x06\x72\x81\x06\
\x7a\x61\xf5\x42\xcf\x90\xdc\x9b\x9a\xd9\x5c\xbf\x2a\x72\xcf\xf4\
\x34\x80\x05\x34\xb0\xd6\xc2\x6a\x34\x5a\x9d\x6e\x45\x51\x14\x45\
\x51\x94\x97\x08\xef\x80\xda\x9c\xc3\x5b\x7b\xff\x1c\x97\x76\xfe\
\x02\xbf\xbd\xfd\x1f\x71\xef\xf1\x1f\xd1\xcc\x5b\x4c\xa2\x23\x0a\
\x03\x6b\xaa\x18\x7f\x0e\x8f\x22\xda\xf0\xb0\xa4\xf7\xfd\xdf\xfe\
\x61\x47\xb2\xec\xc4\xc4\x48\xb3\xe9\xb6\xef\x43\xb7\x17\xb7\x0d\
\x6b\xad\xc9\x9a\x6e\x1f\xd7\x7f\xc4\xb7\xe2\x20\x46\xa7\x83\xb3\
\x1b\x97\x8d\xb4\x4d\x17\xf1\x6e\x1d\xda\xd6\xa1\x71\xf1\x1c\xdb\
\x45\xb9\x7b\x39\xa2\xc3\x4d\xb7\x38\x8c\xf9\x86\xa5\x2d\xb4\xdc\
\x7e\xc9\x8b\xb1\xdd\xc3\x93\x47\x3e\xbd\x68\xc7\xfb\xb0\xbc\xc4\
\x62\x02\x6b\x9e\xcf\x6d\x56\xa7\x5b\x51\x14\x45\x51\x14\xe5\x65\
\xc3\x03\x68\x2b\x9c\x31\x6f\xe3\x1f\xbd\xf6\xef\xf0\x87\x87\xff\
\x15\x9f\x7d\xf3\x3f\x31\x3b\xbc\x07\xe3\xeb\xee\x8d\x90\x15\x6c\
\x8a\x4e\xe7\xeb\xb6\x3d\x75\xba\x7d\xf7\x40\x63\x17\x01\x07\x90\
\x76\x1d\xa9\xbb\xf5\xda\x81\xb0\x2d\xa1\x03\xc2\x1a\xef\x6c\xf9\
\x09\xfa\x68\x7a\xb7\xa4\xa3\x71\xfd\x5a\xed\xfe\x21\x4f\x9f\x96\
\x95\xb8\xb6\x77\xb2\xe3\x9e\xe2\x9e\x44\xc7\x7d\xe7\xf8\x87\x97\
\xf9\x98\x24\x27\xf5\xf3\x23\xf1\xbd\x41\xc6\x18\xb8\xd6\xc1\xcc\
\xc3\x03\x9f\xa8\x0c\xda\xc6\xa3\x36\x53\x4c\xec\xe4\xb9\x9a\x5c\
\x9d\x6e\x45\x51\x14\x45\x51\x94\x97\x14\xef\x01\x7f\xb4\x85\xb7\
\x77\xff\x05\x5e\x3f\xfb\x57\xf8\xe5\xcd\xff\x80\x7b\x0f\xc2\x43\
\x96\x40\x03\x6b\x2b\x58\x1b\x36\xf6\xa6\x3b\x8e\x44\x47\xd9\xda\
\x10\xbd\x76\xd6\xc3\x76\x8e\xb6\xf3\xae\x7f\xd0\xd2\xd8\x6e\x89\
\x47\x97\xb6\xdb\xab\x3b\xbc\xd4\x86\x44\xa4\x1d\xd9\x2d\xc5\xfb\
\xf4\xa2\x9d\xf0\xcf\x10\x07\x1f\xe8\xdf\x68\x19\x1d\xff\x3e\xaa\
\xdd\xff\x23\x6f\xca\x8c\xe7\x27\xe7\xdf\x67\x0e\x77\x8f\x83\x81\
\x85\xf5\x16\xbe\x09\xcb\x4b\x50\x1b\x18\x6f\x31\xad\x36\x31\xa9\
\x36\xe4\xdd\x50\x96\xe4\x39\x36\x3e\x51\x14\x45\x51\x14\x45\x51\
\x4e\x03\xbe\x05\x26\x47\xd7\xf0\xf3\x57\xff\x3d\xfe\xf2\x9d\x7f\
\x8d\x9d\xed\x73\x68\x5c\x8b\x79\x7b\x04\xe7\xda\xee\x61\xcb\xb8\
\xec\x22\xbe\x39\xd2\xa2\xaa\x0c\xaa\xba\x42\x55\x55\xa8\x2a\x1b\
\xfe\x76\x6b\xc3\xc3\x76\x81\xa6\x7b\xe9\x4d\xee\x72\xe6\xcb\x3e\
\xe2\x9b\x2c\x7b\x9f\x36\x2d\x05\x49\xbb\x9a\x90\x1d\x4e\x92\xe3\
\x4f\xb7\x1d\xa4\x13\x82\xb8\x7c\x05\xe1\xbb\x8b\x3b\xa2\x58\x52\
\xa6\xcf\xca\x0f\x5f\xc3\x03\xa4\xd6\x74\x6b\xbe\x1b\x87\x76\xde\
\xc2\xb7\x06\xae\x3d\x82\xf3\xf3\xe7\x6a\x63\x8d\x74\x2b\x8a\xa2\
\x28\x8a\xa2\x28\x00\x80\xe6\x08\xb8\x8c\xbf\xc2\x5f\xbf\xf9\x01\
\x3e\x7a\xf0\x9f\x70\xf3\xee\x6f\x30\x9f\x1d\x25\xe7\xda\x5a\x07\
\x00\x30\xa8\x10\x9d\x58\x63\x00\x53\x79\x78\x1b\x9c\x59\xe3\xaa\
\x14\xf5\x6e\xbb\xd7\xcd\x87\x08\xb5\x4d\x2f\xab\x01\x68\x44\xda\
\x86\xac\xbc\x8b\x1b\x7a\x77\x87\x3c\xbc\xed\x5e\xf3\xde\x39\xfb\
\xe1\x8d\x95\xd4\x61\xa6\x6b\xb3\x3d\xd9\xd6\x0f\x7d\x54\xbc\x5b\
\x62\x42\xc3\xd4\xf1\xc1\xce\xe8\x7c\x1b\x63\x50\x55\x16\xb6\x72\
\x30\xa6\xdb\x09\xa5\x71\x70\x8d\x87\x35\x16\xb7\xbe\xfa\x04\x37\
\xed\x59\xbc\x7d\x75\x0b\xb5\x3d\xff\x4c\x0f\x54\xaa\xd3\xad\x28\
\x8a\xa2\x28\x8a\xa2\x24\x0c\x6a\x54\xcd\x39\xfc\x68\xef\xdf\xe0\
\x8d\xdd\x2f\xf0\xc9\xdd\xff\x82\xdb\x0f\x7e\x8f\x66\xd6\xa2\xae\
\x37\x50\x55\x80\x31\xae\x5b\xf7\x1d\xd3\x84\x6d\x01\xad\xb1\x88\
\x1b\x98\x84\x87\x13\x6d\xda\x7d\xc4\x39\xc0\xfa\xf0\xe2\x1d\x84\
\x95\xdd\x61\x59\x09\x00\x0b\x03\x6f\x2c\x2c\xc2\xb2\x0e\x6b\x00\
\x6f\xda\x90\xb7\x31\x59\x94\x1d\xc9\x81\xf6\x54\xe8\xb0\x6a\xc4\
\xf4\x4b\x48\xfa\xb5\xe4\x0e\x30\xfd\xce\x26\x1e\xae\x73\xc6\x1d\
\x8c\x01\xea\x89\xc5\x74\x52\xa1\x9e\x78\x78\x53\xc1\xfb\x0a\xde\
\x01\x47\xcd\x1c\xad\xb3\x30\x47\xc0\xb7\xf7\xe7\xf8\xf0\xe1\xdf\
\x61\x76\x78\x88\xf7\xdf\xfa\x1b\x4c\xec\x25\xb2\x33\xca\x72\xa8\
\xd3\xad\x28\x8a\xa2\x28\x8a\xa2\xe4\x78\x03\x8b\x2d\xec\xe2\xfb\
\xf8\x07\x97\xfe\x2d\xae\xef\x7d\x8c\xcf\xbe\xf9\xef\xb8\xfb\xf8\
\x8f\x98\xdb\x0a\x75\xbd\x89\xaa\xaa\x60\xbb\xe8\x33\x8c\x49\x0f\
\x23\x5a\x6b\x92\x83\x1b\x02\xd8\x06\xce\xf6\x0f\x31\x56\xd6\xa0\
\x75\xb6\x7b\x50\xd2\xc1\x18\x87\xb6\x8d\x5e\x7a\x88\x70\xb7\xe9\
\xd1\x4d\xb2\xe5\x1f\x62\xc4\x3b\x96\x11\x22\xed\x61\x4b\x3f\xf4\
\x2f\xb7\x8c\xd1\xeb\x94\xda\x76\x65\xfb\x6e\x1f\x16\x0b\x53\x01\
\x93\x89\xc5\x74\xa3\xc6\x74\x5a\xa1\xae\x0d\xac\x0d\xcb\x5c\x5a\
\xe7\xd1\x1c\x1d\xe1\xe8\xb0\xc1\xde\x86\xc5\xab\x67\x2b\xb8\x99\
\xc1\xdd\xfb\x07\xf8\xc5\xef\x3e\xc4\x6c\x36\xc3\x8f\xdf\xf9\x5b\
\xec\x6c\xbc\x86\xb6\x75\x4b\x37\xa9\x3a\xdd\x8a\xa2\x28\x8a\xa2\
\x28\xca\x10\x1f\xa2\xde\x53\x9c\xc3\xc5\xfa\x2f\xb0\x77\xed\x75\
\x7c\x73\xee\xd7\xf8\xf3\xbd\xbf\xc3\xfd\x27\xb7\x00\x18\xd4\x75\
\x8d\xaa\xae\x51\x59\x1b\x22\xdf\xe8\x1d\x63\xa0\x5b\x1b\x6d\x01\
\xe3\xbb\xad\xae\xbb\x07\x1f\xad\x07\xac\x33\x68\x2a\x8b\xb6\x05\
\x6c\x0b\xd8\xd6\xc0\x36\x2e\x78\xea\x16\xf0\x8d\x01\xc8\x76\x84\
\x70\xbe\x7b\xb5\x7c\x78\xc5\x7c\xda\x7b\x1b\xdd\xcb\x75\x5c\x10\
\x3a\x3a\xdb\x3e\x45\xbb\xc3\x37\x5b\x01\x75\x65\x51\x4f\x2c\x26\
\x53\x8b\xc9\xb4\xc2\x64\x5a\xa3\xaa\xba\x25\x29\xce\x60\x36\x9f\
\xe1\x68\x36\xc7\x76\x75\x1e\x3f\xff\xd9\xdf\xe0\xf5\xcb\x97\x71\
\xf0\xe4\x77\xb8\x71\xf7\x4f\x68\xd0\xe2\xee\xfd\x7d\xfc\xf2\x93\
\x5f\xe3\xe1\x93\x47\xf8\xc9\x0f\xfe\x1a\xd7\x2e\xfe\x04\xf3\xa3\
\x66\xa9\xe6\x54\xa7\x5b\x51\x14\x45\x51\x14\x45\x29\xe2\x3d\x60\
\xb1\x81\x2d\x73\x0d\xd7\xb6\xf6\x70\xee\xea\xbb\xf8\xe6\xe0\xb7\
\xf8\xfc\xfe\xff\xc1\x83\x6f\x6f\x01\xf3\x39\xa6\xf5\x06\xaa\xaa\
\x46\x65\x81\xca\xf8\xb0\xbc\xc4\x9a\x10\x09\x47\xd8\xbb\xdb\x76\
\xa1\x68\x63\xc2\xcb\x70\x60\x00\x58\x03\x6b\x2c\x5a\x0b\x58\xeb\
\x61\xad\x81\x69\x0d\x6c\x13\x96\x94\x34\x30\x30\xc6\xc1\x98\x16\
\xe1\xad\x96\x1e\xa6\x73\xdc\x4d\xeb\xd1\xa0\x73\xca\x5d\x1b\x57\
\x76\x87\x48\xb8\xb1\xa8\xba\x59\x80\xad\x10\x1e\xf2\xac\x2d\xea\
\x49\x58\x4e\x52\x57\x06\x93\xda\xc0\xdb\x16\xf3\xa6\x41\x33\x07\
\x7c\x5b\xe3\xf2\x99\x37\xf0\xc3\x1f\xfc\x0c\x57\x76\xbe\x87\xf3\
\x3b\xaf\x60\xa3\x9e\x00\x7b\x6f\x60\x6f\xf7\x23\xd4\x1b\xbf\x80\
\x99\xdc\xc4\xbd\x87\x47\xf8\xf8\xcb\x3f\xe0\xc1\xe3\x7d\xfc\xf8\
\x9d\xfb\x78\xff\xcd\x9f\xa3\x59\xe2\x19\x4b\x75\xba\x15\x45\x51\
\x14\x45\x51\x94\x85\x78\x0f\xd4\xd8\xc5\x99\x7a\x07\x1b\x3b\x17\
\x70\x7e\xe3\x07\xb8\x7b\xf0\x29\xbe\xb8\xff\x21\xee\x7e\xfb\x25\
\x60\x0c\xa6\x93\x29\xa6\xb5\x41\x85\x29\xac\x0d\x5b\x09\x86\x58\
\x73\xdc\xa6\x2f\x84\xc1\x2d\x90\x9e\x9f\x74\x06\xb0\xad\x45\x6b\
\x3c\xac\x05\x6c\x65\x51\x55\x2d\xaa\x0a\x68\x2b\x8f\xba\x71\x98\
\x37\x15\xe6\x6d\x8b\x66\xee\xd0\xcc\x5d\xda\xab\xc4\x77\xd1\xee\
\xb8\xad\x61\xc4\x18\x1b\x22\xe2\xc6\x77\xce\x3c\x60\x2a\x8b\xba\
\xaa\x00\x6b\xe0\x8d\xc3\x6c\xde\xa0\xf2\x13\x5c\xde\xbd\x8e\xb7\
\xae\x7e\x80\x0b\xdb\xaf\x61\xab\x3a\x83\xb3\x9b\x97\xb0\x51\x6f\
\x77\xdb\x7f\x7b\x58\x7b\x11\x97\x76\xff\x21\x36\xdf\xbc\x82\xed\
\x9d\x5f\xe0\xf7\x5f\xfe\x3d\xee\xdd\x3f\xc4\xad\x6f\x6f\xe3\xe0\
\x77\xff\x03\x8f\x9f\x3c\xc2\xcf\x7e\xf8\x4f\x61\xfc\xf8\x3e\xde\
\xea\x74\x2b\x8a\xa2\x28\x8a\xa2\x28\x4b\xe3\xbd\xc1\x04\x67\x70\
\x7e\xba\x87\x9d\xfa\x2a\xce\x4d\xbf\x8f\x7b\x67\x3f\xc3\xcd\x87\
\xbf\xc2\xd7\x8f\xbe\xc0\x13\xef\x31\xad\x3d\x36\x2b\x83\xaa\xae\
\x61\x6d\x05\x63\xe3\x0b\x71\x7c\xf7\xc2\x1d\xc0\x76\x4b\x43\xac\
\x0d\x9f\xeb\x2e\x82\xdd\x3a\x87\xa6\x32\xa8\x2a\x8f\xb6\xf6\xa8\
\x1a\x83\xaa\x35\xa8\xe6\x06\xf3\xca\xa1\xae\x5a\xb4\x4d\x58\x7b\
\x5d\x3b\xd7\xbd\x6e\x3e\xec\xc5\xed\xd1\x3f\x78\x09\x13\x5e\xef\
\x6e\xac\xe9\x5e\x78\xd9\xc0\xb5\x2d\xfc\xbc\xc2\x99\xed\x2b\x78\
\xfb\xb5\x9f\xe0\xd2\xf6\x6b\xd8\xa9\xcf\xe0\xdc\xce\x25\x6c\x4d\
\xf7\xe0\xdb\x6e\x0f\x72\xf2\x8c\xa4\x73\x1e\xd6\xec\xe0\xcc\xe4\
\x2d\xbc\x7b\x65\x0f\xbb\x9b\x97\xf1\xc9\xad\xff\x8b\x1b\x5f\x7f\
\x8d\xfd\x83\x87\xf8\xdd\x9f\xff\x37\xe6\xf3\x19\x7e\xf2\x83\x7f\
\x82\xdd\xcd\x4b\x68\xdb\x56\x6c\x37\x75\xba\x15\x45\x51\x14\x45\
\x51\x94\xa7\xc6\x3b\x83\x09\xf6\x70\x69\xf3\x87\x38\xbb\xf1\x1a\
\x2e\x6c\xbc\x89\xfb\x67\xbe\xc4\xad\x6f\x3f\xc5\xcd\x07\x9f\xe0\
\xfe\x6c\x1f\x13\x3b\xc1\xa4\x9a\x60\x32\xa9\x61\xab\xf0\x00\xa4\
\xb5\xf1\xa1\x48\x1f\x17\x9c\xf4\x99\x1a\x1f\x76\x0c\x34\x06\xc6\
\x1b\x18\xb8\xb0\xcf\xb7\x0d\xfb\x67\x57\x95\x81\xab\x2d\x9a\xd6\
\xa1\x6d\x1c\xda\xfe\x85\x94\x88\x9b\x89\x84\x80\x7a\x88\x83\x3b\
\xe7\xd1\xb4\x2d\x9c\x03\x76\xa7\x17\xf0\xda\xc5\x77\xf0\xca\x99\
\xef\x61\x6f\xe3\x22\x2e\xef\xbd\x86\xed\xe9\x19\xa0\x7b\x2d\xbc\
\x4f\x6f\xb8\x14\xea\xea\x3d\xe0\x2b\x6c\x57\xaf\xe0\x8d\x73\xdb\
\xd8\xdd\xb8\x8c\x8b\xbb\xbf\xc5\x67\x37\x7e\x8d\x27\xdf\xee\xe3\
\xf7\x37\x7e\x89\xc3\xd9\xb7\x78\xf7\x8d\x9f\xe1\xf5\x57\x7e\x8c\
\xa6\x19\x3a\xde\xea\x74\x2b\x8a\xa2\x28\x8a\xa2\x28\xcf\x8c\xf7\
\x40\xe5\x77\x70\x71\xf3\x3d\x9c\xdf\xfe\x3e\x2e\xed\xbc\x83\xab\
\x3b\xef\xe3\xe1\xd1\x57\xf8\xea\xc1\xc7\x78\xf8\xed\x1d\xb8\x83\
\x19\xaa\xba\xc6\xa4\xae\x50\xd5\x61\xbd\x75\x95\xf6\xde\xee\xf2\
\x01\xfa\x27\x30\xd3\xfe\xda\x16\x95\xed\x77\x35\xa9\x2c\xe0\x2a\
\xa0\x72\x06\x4d\x65\xd0\xfa\x3a\xbc\xa9\xb2\x7b\x0d\x3d\x3c\xd0\
\xba\x06\x6d\xe3\xe0\x5b\x83\x69\xbd\x8b\xab\xe7\x5e\xc3\x95\xbd\
\x37\x70\x7e\xeb\x2a\x2e\xee\xbc\x8a\xf3\xbb\x57\x50\xa1\x0a\xe9\
\xa2\xd7\xbe\x24\xce\x79\x4c\xcc\x1e\xae\x6c\xbf\x8f\xdd\xc9\x25\
\x9c\xd9\x38\x83\xcf\xbe\xfe\x0d\xbe\xbe\x73\x0f\x9f\x7f\xf3\x3b\
\x3c\x79\x72\x1f\xf7\xee\xdd\xc4\x7b\x6f\xff\x1c\x75\xb5\x95\x39\
\xf1\xea\x74\x2b\x8a\xa2\x28\x8a\xa2\x28\xcf\x8d\xf7\x80\x69\xa7\
\x38\x5b\xbf\x89\x73\x17\xbe\x87\x99\x7b\x80\xcb\xdb\xef\xe0\xe1\
\xfe\x6d\xdc\xdb\xff\x1c\x5f\x3f\xfe\x13\xf6\xf7\x0f\xe0\xbc\x83\
\xb5\xdd\x4e\x22\x75\x05\x63\xbb\x1d\x49\xba\x17\xd6\xd8\xee\x61\
\x48\xef\xc3\x2b\xe1\x43\xde\xfd\x36\x80\xf1\x83\xb5\x16\xae\x05\
\xbc\x77\x68\xda\x16\x4d\xd3\xc2\x7b\x83\x69\xb5\x8d\xcb\x67\xae\
\xe1\xe2\xf6\x75\x9c\xd9\xbc\x8c\x4b\xbb\xaf\xe2\xd2\xde\xab\xd8\
\xa8\xb7\xd0\x36\x0e\x70\xdd\x6e\x27\xcf\x5c\xcf\xb0\x15\xcb\xce\
\xe4\x2a\xde\xbe\xf2\x8f\xb1\xbd\x79\x11\x5f\xec\xfe\x16\x5f\x7c\
\xf5\x09\xee\x3d\xba\x89\x47\x7f\xf8\x1a\xfb\x07\x8f\xf1\xfa\xb5\
\xf7\x70\xed\xca\xbb\x49\x6a\x75\xba\x15\x45\x51\x14\x45\x51\x94\
\x63\xc5\xb5\xc0\x04\xe7\xf0\xfa\xde\x5f\xe2\x8d\xb3\x0e\x0f\x67\
\x37\x70\xfb\xf1\x27\x78\xb8\xff\x00\x0f\x0f\xef\xe0\xc1\x93\x5b\
\x78\x32\x7b\x80\x83\xa3\x79\x78\x8b\x24\x82\x13\x6d\x8c\x85\x35\
\x9d\x13\x6e\xc3\xae\xda\xf0\xa6\x7b\xb9\x8e\x43\xdb\xfd\x6b\x9a\
\x16\xae\x75\x70\x2d\x60\x30\xc1\x99\xad\x2b\x38\xb3\x77\x11\x3b\
\xd3\xf3\xd8\xdd\xb8\x80\x2b\x7b\xaf\xe3\xca\x99\xeb\x98\xda\x6d\
\xf8\x6e\xdd\x89\x6b\x9f\xdd\xd1\x96\xf0\x0e\xa8\xcd\x2e\xae\xef\
\xfd\x14\x67\x36\x2f\x63\x77\x73\x17\x7f\xba\xf5\xf7\xf8\xf6\xe1\
\x3e\x7e\x7f\xe3\x7f\xe1\xfe\xc3\x2f\x71\xff\xfe\x57\xb8\x7e\xed\
\x87\xd8\xdd\xdd\x51\xa7\x5b\x51\x14\x45\x51\x14\x45\x39\x19\xbc\
\xf3\xf0\xce\x60\xd7\xbe\x86\xb3\x17\x5e\x87\xbb\x74\x84\xc7\xf3\
\x3b\xf8\xe6\xd1\xe7\x78\xb0\x7f\x1b\x4f\x66\x8f\x70\x70\xf4\x6d\
\xfa\x77\x38\xdf\xc7\x61\x3b\x87\x73\x2d\xbc\x77\x61\xc9\x88\x33\
\xe1\x61\x49\x18\xd4\x76\x8a\xcd\x7a\x07\xbb\xd3\x1d\x6c\x54\x5b\
\xd8\xaa\xb7\xb1\x51\xed\xe2\xd2\xde\x75\x5c\x39\x77\x1d\x67\xb7\
\x2e\xa1\xb2\x93\xe0\x68\x7b\x24\x87\xfb\xc4\xea\xe7\x3d\xbc\xaf\
\x70\xa6\x7e\x03\xef\x5f\x3d\x8f\xcd\x7a\x07\x37\x77\x3e\xc2\xd7\
\x5b\xb7\x70\xf7\xc1\x0d\xdc\xfb\xe8\x06\x1e\x3c\xbc\x81\x47\x8f\
\x6e\xab\xd3\xad\x28\x8a\xa2\x28\x8a\xa2\x9c\x3c\x6d\xeb\x80\xb6\
\xc6\x2e\xae\x62\xef\xec\x35\x98\xf3\x1e\x2d\x8e\x70\xd8\x3c\xc4\
\xe3\xd9\x3d\x3c\xdc\xbf\x83\xc7\x07\xf7\x71\x38\x3f\xc0\xbc\x99\
\xa3\x69\x1c\xda\xd6\xc1\x7b\x03\x03\x0b\x8b\x0a\x9b\xf5\x36\xf6\
\xb6\x2e\xe0\xfc\xee\x65\xec\x6e\x9d\xc7\xee\xc6\x59\xd4\xb6\x86\
\x6b\x7d\x7a\x33\xa5\x3f\xe6\x88\xf6\x32\x78\x6f\x50\xb9\xb3\xf8\
\xe1\x95\x7f\x86\x33\x1b\x57\x30\xdd\xfa\x10\x77\xb6\xbe\xc0\xec\
\xe1\x1c\x7f\xfc\xe6\xff\xe1\xc6\x57\xbf\x57\xa7\x5b\x51\x14\x45\
\x51\x14\x45\x79\xb1\x78\xef\xe1\x1a\x0f\x60\x82\x4d\x5c\xc2\xe6\
\xc6\x25\x5c\xde\x78\x17\xf6\x52\xf7\x5a\x79\x74\x0f\x46\xa6\xb5\
\xd7\xa6\x8b\x9a\x77\xce\x75\x97\x07\xba\x2d\x06\x57\x01\xef\x3d\
\xda\xb9\xc1\x2b\x3b\x3f\xc5\xb9\xed\xeb\xf8\xb8\xfa\x6f\xb8\xb9\
\xf1\x27\x4c\x76\xe6\x98\x3d\x38\x50\xa7\x5b\x51\x14\x45\x51\x14\
\x45\xf9\xee\xf1\xde\xa3\x6d\x7c\xf6\x9d\xff\xbe\x0e\x38\xe7\x31\
\xc1\x25\xfc\xf4\xfa\xbf\xc2\xf4\xd6\x7f\xc6\x37\x93\xcf\xf0\x78\
\xcb\x85\x17\x02\x29\x8a\xa2\x28\x8a\xa2\x28\x8a\x72\x7c\xcc\x67\
\x15\x7e\x7c\xf5\x5f\xe2\x07\xe7\xfe\x16\x57\x76\xae\x69\xa4\x5b\
\x51\x14\x45\x51\x14\x45\x51\x4e\x82\xa3\x59\x83\xab\x67\xff\x12\
\x57\x2f\xbc\xa5\x91\x6e\x45\x51\x14\x45\x51\x14\x45\x39\x29\xda\
\xb6\xc5\xce\xe6\xeb\xea\x74\x2b\x8a\xa2\x28\x8a\xa2\x28\xca\x49\
\xa3\x4e\xb7\xa2\x28\x8a\xa2\x28\x8a\xa2\x9c\x30\xea\x74\x2b\x8a\
\xa2\x28\x8a\xa2\x28\xca\x09\xa3\x4e\xb7\xa2\x28\x8a\xa2\x28\x8a\
\xa2\x9c\x30\xea\x74\x2b\x8a\xa2\x28\x8a\xa2\x28\xca\x09\xa3\x4e\
\xb7\xa2\x28\x8a\xa2\x28\x8a\xa2\x9c\x30\xea\x74\x2b\x8a\xa2\x28\
\x8a\xa2\x28\xca\x09\xa3\x4e\xb7\xa2\x28\x8a\xa2\x28\x8a\xa2\x9c\
\x30\xea\x74\x2b\x8a\xa2\x28\x8a\xa2\x28\xca\x09\xa3\x4e\xb7\xa2\
\x28\x8a\xa2\x28\x8a\xa2\x9c\x30\xea\x74\x2b\x8a\xa2\x28\x8a\xa2\
\x28\xca\x09\xa3\x4e\xb7\xa2\x28\x8a\xa2\x28\x8a\xa2\x9c\x30\xea\
\x74\x2b\x8a\xa2\x28\x8a\xa2\x28\xca\x09\xa3\x4e\xb7\xa2\x28\x8a\
\xa2\x28\x8a\xa2\x9c\x30\xea\x74\x2b\x8a\xa2\x28\x8a\xa2\x28\xca\
\x09\xa3\x4e\xb7\xa2\x28\x8a\xa2\x28\x8a\xa2\x9c\x30\xea\x74\x2b\
\x8a\xa2\x28\x8a\xa2\x28\xca\x09\xa3\x4e\xb7\xa2\x28\x8a\xa2\x28\
\x8a\xa2\x9c\x30\xea\x74\x2b\x8a\xa2\x28\x8a\xa2\x28\xca\x09\xa3\
\x4e\xb7\xa2\x28\x8a\xa2\x28\x8a\xa2\x9c\x30\xea\x74\x2b\x8a\xa2\
\x28\x8a\xa2\x28\xca\x09\xa3\x4e\xb7\xa2\x28\x8a\xa2\x28\x8a\xa2\
\x9c\x30\xea\x74\x2b\x8a\xa2\x28\x8a\xa2\x28\xca\x09\x53\x7f\xd7\
\x02\x28\x8a\xf2\x8c\x78\xc0\xc3\x2f\x3c\xcd\x18\xf3\x5c\x65\xc0\
\x74\x7f\x11\xca\xcb\xf2\x8b\xbf\xbf\x68\xa8\x5c\x44\xbe\x4c\x16\
\xd2\x3e\x51\x66\xef\x57\x44\x7e\x45\x51\x9e\x9b\xc1\x78\x3e\x96\
\x4c\x73\xbd\xea\x7d\xae\x63\xe3\xf7\xe7\x29\x37\xca\xed\xbd\x87\
\x81\x49\x65\xa6\x3c\x99\x3e\x4b\xf5\x7c\x51\xfa\x8a\xe8\x55\x8f\
\x4e\x46\xaa\x36\x69\x9b\x50\x99\xb8\x5e\xe6\x79\x2a\xea\x74\x2b\
\x2f\x06\xef\x01\x49\x47\x95\x8e\x7f\x17\x64\x8a\xb0\x20\x14\xfd\
\x6d\xf4\xbc\xa8\xa8\x58\xda\x22\x06\xf0\x2e\xe4\xb7\xac\x32\x5f\
\xe4\x70\xc7\xba\xa4\x72\xa9\x73\xfa\x34\x78\x64\xc6\x20\x39\xb2\
\x82\x22\xa6\xb2\x8f\xd6\x77\x44\xe6\xe5\x4e\x2c\xfc\x65\xe7\xf0\
\x6b\x30\xc8\x7f\xc9\xe2\x4e\xc4\xb8\x2b\xca\x09\x52\xd6\xb9\xfe\
\x85\xf4\x67\xae\x2b\x47\xcf\x15\x9c\x5c\x49\x3e\xae\x57\xa3\x8e\
\x8b\x38\xe7\x42\xba\xe8\x30\x7a\x9f\x74\xab\xb5\xcb\xdd\xd8\x7f\
\x5a\xbd\x1a\xcb\x48\x81\x09\xa1\xae\xa5\x63\xa9\x7d\xc0\xf2\xe2\
\x6a\x2a\xb6\x05\x71\xc2\xa5\xc9\xc0\xa2\xf6\x5e\xfa\xba\x13\xbd\
\xca\x75\x28\x95\x27\xc9\x2b\xa4\x1b\x94\x6d\x7c\xd1\xfe\xbc\x4c\
\xfa\x55\x9d\xee\x53\x42\xf2\xab\x4e\xb0\xdf\x8e\x29\xf1\xa8\x75\
\x4a\x0e\xa9\x2c\xd7\xb3\x0d\xb4\xa7\x51\xe6\xc6\x18\x38\xe7\xd2\
\xe7\x92\x42\xa7\x0e\xf7\xa2\x7c\xe9\x6f\xfc\x7c\x2a\x17\x8f\x0a\
\x0f\x1c\x52\xea\x04\xd3\xc0\x41\x41\x99\xf2\xe3\x8b\x8c\xc8\xa0\
\x2e\x3e\x28\x50\x1a\xfd\x1d\x33\x70\x59\x5d\x78\x64\x03\x43\xe3\
\x44\x27\x2c\xcf\xaa\x44\xa9\x3c\xcb\x5c\xdb\x52\xfa\x93\x20\x19\
\xf4\x91\xf2\x95\xd5\x26\xea\xb0\x65\x27\xfb\xbd\x6e\x1b\x9e\x9f\
\xf7\x35\xf9\x1c\xf9\xdc\x2e\x45\x41\x87\x3d\xef\x77\x7a\x2c\x0d\
\x7d\x3f\x1c\xab\xf4\xdc\xd8\xb7\x25\x5d\x53\xd2\x47\x51\xaf\xc6\
\xfc\xa8\x9e\xcd\x65\x90\xf5\x17\xff\x2e\xe9\x69\x5a\x46\x4c\xe3\
\xe1\x33\x19\xa4\x89\x7e\x0c\x60\xf0\x3c\x79\xbd\x4a\xfa\x7e\x6c\
\x6c\x8b\x79\x8c\xe8\x6f\xde\x06\x31\xb0\x92\xc9\x43\x93\xf8\xe5\
\xae\xf1\x32\xb2\x49\xbf\xf1\xeb\x41\x65\x29\xe9\x6e\x1f\xa2\x2d\
\x4f\xd5\xf7\xc6\x64\x18\x93\x8b\x7f\x3e\x6d\xa8\xd3\xfd\x9c\x2c\
\x13\xc1\x2d\x45\x00\xfb\x0e\x06\xc4\xfb\x31\x4f\xd3\xcf\xf2\x7c\
\xc7\x3b\x69\x49\xe9\xf3\x81\x27\x39\xa3\xbc\x5e\x52\x3e\xd1\x90\
\x8d\x0d\xb8\x82\x64\x45\x59\x4b\x4e\x55\x49\x81\x4a\x75\x68\xdb\
\x56\x94\x47\x2a\xa3\xd4\x46\x63\xe7\x2c\x6a\x2f\xe9\xb7\x24\x2b\
\x89\xbe\x48\xf2\xd0\xb2\x25\xe3\x31\xd6\x4e\xa5\xe3\xd4\x51\xa6\
\x06\x6d\x91\xa1\xa0\x79\x2e\x2a\x77\xac\xfc\x65\x7e\xe3\xf2\x48\
\xce\xc0\xd3\x96\xcd\x1d\x01\x6a\xf8\xa4\x73\xc6\x26\x4b\x2f\x83\
\x61\x38\x49\x9e\xb6\xdd\xb8\x8e\xe5\x8e\x73\xb9\x9f\x02\x51\xaf\
\x46\xfd\x98\x02\x86\xc5\xe0\x81\x28\x41\xcc\x75\xe1\x39\x51\x07\
\x2e\x33\xf1\x5c\xa4\x1f\xa5\xe0\xc2\xd3\x8c\x01\xee\x54\x2e\x9a\
\xc8\x52\xc7\xbb\xe4\xa0\x96\x26\xe2\x92\x03\xcb\x8f\x8d\xe5\xc7\
\xd3\xd1\x73\xb8\x83\x3d\xe6\x4c\xc6\x7a\xc4\xef\x3c\x4d\x69\xbc\
\x4b\xf5\x88\xe7\x2c\x33\x59\x18\x9b\xb0\x48\x91\xf1\x45\x79\x3e\
\xad\x73\x4b\xbf\x4b\xf6\x51\x6a\x03\xda\xae\x3c\x7d\xac\x93\x34\
\xe9\x29\xb5\x1b\xff\x7d\xec\x1c\x49\x2e\x49\xee\xd3\x88\x3a\xdd\
\x0b\x28\xcd\x0a\x73\x24\x83\x9e\xa7\xcf\xce\x1e\x28\xcb\xde\xe1\
\x5e\x34\xe0\xb9\x32\x1f\x3a\xf0\x65\xe7\x89\xe7\x21\x29\x51\xc9\
\x09\x2f\x0d\x82\x45\x03\x70\x2c\x12\x29\x29\x3f\xc9\x81\x5d\xc6\
\x40\x4b\x91\x95\x98\xee\x59\x9c\x22\xda\x3e\xd6\xda\x41\x04\xa7\
\x17\x10\xe9\x51\xe4\x78\xae\xd4\xae\xf4\x2f\x3d\x47\xaa\x23\x8f\
\x1e\x2d\xd3\x7f\xe8\xc4\x82\xb6\xe5\x32\x7d\x43\x6a\xf3\xd2\xf5\
\x78\x9a\xb4\x63\xe9\x63\x5b\xf1\xbc\x68\x7f\x8b\xed\xc4\xeb\x12\
\xa1\xe9\xa5\xbe\x44\xe5\x29\x39\xca\x52\x7f\xa7\xd7\x29\x42\xa3\
\x69\x61\x8c\x2e\x3f\xc9\x51\x7a\x24\x1d\x31\x76\x0e\x6d\x4f\xe7\
\xb8\x31\xe7\x7f\xc7\x1c\x38\x39\x32\xcb\xcb\x1a\x9b\xdc\x45\x07\
\x6e\xac\x6e\xd2\x44\x8e\xca\x41\x27\xd8\xdc\x09\x2a\x39\x86\x25\
\x67\x75\x58\x47\xa9\xde\x18\x1c\xa7\x79\x94\x9c\xc4\x31\x19\x24\
\xe7\x6a\x91\x33\x5c\xca\x7b\xd4\xd6\x75\x73\x25\x7e\x2e\xd7\x75\
\x92\x53\x48\xf3\x8b\xb2\x49\x3a\x50\x92\x9b\xf7\x21\xe7\xdc\xa8\
\x9c\x92\x43\xcd\xed\x45\xcc\xa3\xe4\x8c\x3e\xcb\xf7\xa7\x49\xc3\
\xdb\x82\x5e\x77\x1e\x78\xa1\xf5\xa3\x75\x2f\x4d\xb6\xa4\x3b\x0d\
\x63\xe3\x7c\xac\xaf\xc7\x8b\x9e\xeb\xed\x41\xb5\xd7\x1e\x75\xba\
\x19\x8b\x3a\xf7\xd8\x80\x2b\xe5\x51\x52\x84\x5c\xb9\x97\x14\xc8\
\x32\x79\x01\xc3\x5b\x71\x52\x39\x52\x7d\x4a\x8e\x3c\x4d\x3f\x36\
\x83\x8f\xe7\x48\xb2\x72\x27\x8e\x0f\xfc\x6c\xc0\x3a\x0f\xe7\x3b\
\x85\xc5\x96\x41\xf0\xfc\x73\x47\x88\x39\x5a\xe1\x60\xf9\x1c\x00\
\x61\x79\x59\x34\x84\x1e\xb4\xca\xf4\xdc\xb6\x6d\xc5\x76\x49\x75\
\x6f\x81\x6c\xfd\x60\x96\x57\x67\x39\x48\x1a\x1e\x79\x97\xfa\x0f\
\x00\x58\x6b\xe0\xdc\xd8\x32\x0b\x0f\x18\x03\x6b\x82\xfc\xce\x0d\
\x1d\x8b\x45\xcb\x4f\xa4\x3e\x97\xea\xd6\xad\x9d\x2c\x19\x99\xf8\
\xb9\x98\x37\x00\x53\x28\x7f\x4c\x11\x8f\x4d\x10\x96\xc9\xa3\xfb\
\x06\x63\x6c\xe1\x37\x22\x63\x61\x52\xd3\xe7\xdf\x5f\xbf\x6c\x32\
\x83\x36\xad\x73\x8c\x6d\x3c\x96\xd7\xcb\xcc\x40\xef\x84\x59\x4b\
\xfc\x33\xe8\x4f\xd2\x44\x4e\xfa\xbc\xa8\xac\x08\x75\x7c\xe8\x44\
\x6e\xac\xff\x48\x0e\xe9\xa2\x3e\xc4\x65\x28\x8d\xeb\x52\x1d\xa8\
\x83\xc3\x9d\xa5\x52\x1e\xd4\x39\x1a\x0b\xc6\x70\xe7\xca\xc0\x24\
\x3d\x1b\xcf\xa1\x7a\x4e\x92\x93\xd7\x87\xa7\xe1\x4e\x5d\x9f\x47\
\x94\xa3\x6f\x7b\xf8\xa0\xd9\x17\x5d\x03\xfa\x9c\x4b\x2e\x43\x67\
\x19\x7c\x5e\x4f\x49\xee\xd2\x84\x80\xb7\x4d\x2e\xb7\x03\x60\x60\
\x6d\xb8\x5b\xc2\x1d\xd3\xac\x2f\x74\x32\x0e\xea\x01\xc0\x11\xfd\
\xf1\x34\x7e\x05\xff\x4e\xf5\x74\xb4\x6d\x8b\xd2\xf0\x63\xc6\x84\
\x89\xeb\xe0\xf7\x6e\xd9\x48\x7e\x2e\x9d\xec\xd2\x7e\x12\xc6\x6c\
\xe6\xb3\xb4\x8e\x9a\xb8\xa2\x7f\x34\x1c\x5b\xfd\xf8\x8f\xc7\xad\
\xb5\x80\xf1\xf0\x0e\x30\x26\x06\x5e\xca\x63\x6f\x5d\x79\xa9\x9d\
\xee\xd0\x41\x7a\x43\xdd\x1f\xcb\x59\xa4\xfc\xe8\x67\x29\x5a\x12\
\x8f\x73\xc5\x40\x7f\x8f\x0a\x4c\x52\xb8\x3c\x4f\xee\xec\xf3\xbc\
\x4b\x91\xc1\x71\x47\xa5\x5c\x4f\x1e\xed\x95\x0c\x51\xc9\x98\xa4\
\x73\x3a\x27\x97\x97\xc1\xa3\x4f\x5d\x22\xf8\x42\x5d\xe9\x79\x92\
\xc2\x0d\x4e\x11\xe0\x0b\xb7\xfc\x78\x9a\xa6\x69\x06\x93\x0a\x5a\
\x66\x6c\x37\xae\x88\xe2\x39\x92\xd3\x25\xc9\x4a\x91\x94\x9a\x8f\
\x56\xa4\xfb\xbd\x69\x82\x93\x10\xfb\x85\x6c\x4c\x1d\x9c\xc9\xaf\
\x4b\x50\xac\x3e\x4d\x3a\xc6\x1c\xef\x52\x3b\xb6\xce\x05\xa7\x79\
\x81\x93\x31\xd6\x77\x8c\x31\x00\x99\x60\x70\x16\x39\x50\x80\xdc\
\x67\xb9\xec\xf2\xc3\xa1\x06\xc6\xb4\xa3\xca\x9a\x3b\x29\x71\xa2\
\x11\xf3\xe2\xe9\xe2\x77\x6b\x0c\x8c\xb7\xe9\x9a\x84\x36\x36\x70\
\x4f\xf1\xa0\xd6\xcb\x40\xc9\xa1\xf0\x59\x7f\xcf\x7f\x1f\x9f\x00\
\x8d\x4d\x40\xc7\xef\xaa\x2c\x72\x66\x25\x1d\xb6\x48\x9f\xf3\xb2\
\xf9\x58\x93\xd2\x48\x7a\x9f\x06\x22\xa8\xbc\xe9\x3b\x09\x44\xd0\
\xf3\xa5\xfc\xc6\x74\x2b\xb7\x1f\x7c\xf9\x80\xa4\xfb\xc6\xea\x3d\
\x74\xd4\xfb\x89\x7f\x5f\x46\x1f\xa9\xf4\xbe\x29\xda\x0b\xea\x84\
\x95\x9c\x36\x5e\x77\xfa\x3d\xe6\xcb\xdb\x32\xe6\x1d\x75\xa2\x64\
\x07\x24\x62\x19\x5c\x7d\x95\x6c\x88\x94\x5f\x3f\xa9\x28\x4f\xf2\
\xf8\xf7\x31\x7b\xba\xc8\xff\x78\x96\xef\xfd\xb1\xa0\x44\x07\xbf\
\x93\x09\x45\x7c\x68\x9e\x8f\x55\xef\x7b\x9d\x49\xcb\x28\xf5\x9d\
\xec\xbb\x31\x30\xb1\xde\x00\x5c\xf0\xc2\x53\xe1\x7c\x32\x74\x5a\
\x1c\xef\x97\xd6\xe9\xa6\xca\x87\x1e\x93\x3e\x47\xc6\x2e\xfa\x70\
\x36\x3e\x3c\x5e\x4a\x57\x72\x1e\xf9\x67\xa9\x13\x0f\x14\x8d\x07\
\x1c\x86\xd1\xcb\xbc\x6e\x7d\xdf\xce\x95\x54\x3e\x01\xe1\x69\x33\
\xc5\xdd\x9d\x65\x4c\x88\x62\x48\xe5\xc4\xef\xa5\xa5\x00\x71\xc0\
\xf3\x66\x8d\x0a\x38\x46\x32\x82\x7c\x06\xc6\xf4\x51\x64\x3e\x43\
\x2e\x5d\x2f\xc9\x69\xa7\xe9\x69\xb4\x83\xcb\xcd\x0d\x10\x77\x0a\
\x32\x27\x37\xcf\x1d\x54\xc9\x4b\x93\x25\x5a\x3e\x77\x00\x69\x79\
\xbc\xcd\x4a\x93\x31\x1e\xed\x72\x9d\x41\xe4\x46\x68\xac\x0d\x68\
\x59\x7c\x67\x92\xb1\xf4\xbc\xde\xd2\xef\xf4\xce\x45\xfe\x5b\x9f\
\x86\xd7\x4d\x8a\xc2\xc7\xbe\x2b\x5d\xf3\x65\x14\x74\xec\x5b\x63\
\x63\xd9\x7b\x0f\x63\x2d\x2c\x69\xcf\x74\x6d\x8c\x81\xed\xf2\x8f\
\xfd\x9a\xdf\x91\x38\x2d\xc6\xe1\x59\xa1\x7d\x69\x91\x63\xc8\xaf\
\x21\xbf\xae\x63\x7d\x9c\x97\xc9\x97\x24\xd1\xdf\xa4\xb1\xc7\xc7\
\xa6\xe4\x8c\xf7\xc1\x10\xe2\x0f\x8c\xd4\x9b\x9e\x57\xd2\x39\xc3\
\x34\x52\x30\xa4\xef\xa7\xbc\x0d\xb9\x23\x2a\x7d\xce\x1d\xde\xa1\
\x1e\xe1\x65\x4a\xce\x6c\x9e\x5f\x3e\x16\xb9\x5e\x8d\x9f\xf3\xeb\
\x17\xf5\x63\xdf\xd6\x3c\x3a\x5e\x72\x04\x63\x5e\xf9\xa4\xc0\x74\
\xce\x59\xbf\x64\x84\xfe\x5e\x6a\x93\x38\x21\x8a\x0e\xba\xa4\x6b\
\xa5\x7e\x59\xb2\xdd\x52\x00\x8a\xd7\x91\x4f\xc0\x63\xd9\x7c\x79\
\x21\x4d\x3b\xfc\x9e\xac\x2c\xa8\x5e\x95\xfb\x4b\xb8\x7b\x61\x20\
\xdb\x9a\x4c\xce\x98\x63\xfa\x4d\x9e\x78\x65\xc7\x3a\xfd\x3d\x26\
\xb7\x31\x40\xdb\xca\x0f\xb6\x66\xdf\x4d\xbf\x1f\x0a\x2d\xcb\x5a\
\x3b\xdc\x65\xb0\xe0\x0b\xad\x33\x2f\xa5\xd3\x4d\x15\x49\xa9\x13\
\x85\xc1\x0d\x24\x87\x00\x26\xac\xdf\x8d\x3d\x16\xc3\x0e\xc1\x3b\
\x28\x45\x52\xea\xb4\x4c\xaa\x60\x58\x42\x40\x70\x9c\xb8\x71\xa0\
\x9f\x25\xe5\x6a\xe3\x39\xcc\x01\xa4\xe9\x25\x67\x8e\xe7\x29\x19\
\x26\xf8\xb6\xe8\xa0\x71\x65\xc8\xf3\x70\xae\x1d\x44\x8b\xb9\x2c\
\x7d\x33\xf4\xe5\x4a\xd1\xa1\xac\xbe\x85\xb5\xd8\x92\x21\x94\x8c\
\x70\x24\x2e\x07\xa1\xeb\x31\xf3\xb6\x90\xae\x8d\xcb\xf2\x8b\x9f\
\x25\xc3\xc6\x95\x70\xc9\x30\xd3\x34\x51\x9e\x92\xd1\xe2\xed\x48\
\x0d\x14\xcf\x5f\x72\x6a\x22\x63\x91\xe6\xd8\x67\xc5\xfe\x40\x7e\
\xe7\x7d\x51\xba\x73\x30\xe6\xf4\xc8\x65\x97\x27\xb1\x92\x1c\x8b\
\x14\xb5\x24\x0b\x9c\x43\xcb\xce\xa1\xb2\xd3\x7e\x36\x94\xef\x74\
\x18\x87\x67\x41\x72\x82\xe2\x71\x0f\x8f\x68\x56\xa3\x6e\x0d\xfa\
\xa3\x3b\xc9\x0c\xd7\xbf\xf2\x71\x63\x8d\x25\x5b\x56\xe6\xd3\xdd\
\x45\x8e\xcc\x32\xfd\x60\xac\x5f\x49\x4e\x98\xf7\x3e\x4c\xce\x90\
\x8f\x17\x49\x16\xbe\xa6\x3b\xc2\x75\x19\x3d\xdf\xb5\x6e\x60\x4b\
\x68\x94\xba\x54\x27\x71\xd7\x0f\xc1\x19\xa3\xbf\x95\xe4\x2d\xad\
\x49\x96\x76\x2b\x89\x77\x0e\x79\x19\x34\x9f\x98\x86\xae\xb7\xa6\
\xfd\x26\xa6\x1f\xda\x67\x1f\xa2\xa1\x44\x66\xde\xde\x25\x39\x4b\
\x0f\x54\x52\x5f\x80\xd7\x85\xd6\x9b\xea\x2e\xe9\xd9\x00\x6e\x1f\
\xf9\x9d\xeb\xf8\x37\xda\x93\x71\xe7\x35\xa6\x8b\x69\x87\x81\x41\
\x5e\x6e\xdf\x42\x7d\x79\x52\x9d\x52\x7d\x58\x5b\x4b\x32\x2d\x92\
\x73\x59\x99\x06\xe9\xbc\xef\x02\x76\x79\x3f\xa1\xfd\xd9\x1a\x03\
\x08\xcf\xfd\x9c\x06\x5e\x3a\xa7\x9b\x0f\x54\xa9\xc3\x79\x1f\xd7\
\x8c\xb1\x59\xac\xeb\x1e\x76\x04\xc8\x8c\x32\x9e\x21\x38\x4b\xf0\
\x30\x31\x5a\x61\xe8\xac\xb5\xdc\xe1\xfb\x3c\xcb\x4e\x89\x64\x1c\
\x32\xc7\x38\x96\x44\x07\x5b\xc1\x99\xa3\x4e\x27\x6f\x07\x9a\x77\
\xfc\x2b\x19\x88\xcc\x70\x2e\x28\x63\xcc\x89\x2b\x6d\x39\x45\x3f\
\x4b\xf5\x8e\x8a\x8c\xb6\x01\x3d\xb6\xa8\x5e\xb4\x5c\x1a\x89\xa1\
\xb7\x8c\x5b\x61\xa9\x84\xe4\x28\x4b\xca\x53\x92\x81\x2a\x5f\x5e\
\x4f\x9e\x4e\xca\xbb\x69\x1a\xf1\x76\x36\x3d\x8f\x1b\x70\x7e\x7c\
\xcc\x08\x49\x6d\x4f\x19\xeb\x0b\x63\x4a\x5c\x32\xe0\xb4\x1c\xc9\
\x19\x90\xce\x2d\xb5\x0d\x35\x90\x63\xf2\xd3\x73\x79\x5e\xce\x39\
\x54\x55\x25\xca\x4e\xeb\xed\x5d\xb8\xa7\x14\xfb\x37\x77\xcc\x5f\
\x36\xa4\xdd\x2f\x52\xff\xf6\x21\x42\xe9\x3b\x83\x8f\x42\x1f\x31\
\xb6\xac\x4b\x00\x7a\x17\xcf\x47\x25\xd7\xa7\x15\xfa\xc4\xe8\xe4\
\x8b\x18\x7f\x9a\xbe\xe4\x34\x48\x91\x74\xef\x7d\x92\x48\x5a\xce\
\x41\xbf\x8f\xe9\x3e\xae\xd3\xa9\x3e\xe4\x3a\x85\x1e\x97\x26\xdf\
\x92\x8c\x52\xde\xd4\xa6\x48\x01\x0a\xee\xac\x96\x1c\xb0\xcc\x99\
\x13\x3e\xc7\x7c\xf9\xf9\xf1\x7b\x69\xb9\x8c\x34\xfe\xe5\xbb\x5f\
\x79\x99\xa5\xf5\xfb\x92\x9e\xe5\xe9\xb9\x2d\xa1\x72\x72\xdb\xc0\
\xdb\x38\x5e\x9b\xdc\x96\xf7\x32\x71\xfb\x5d\x6a\x4f\xce\xa2\xc8\
\x7a\xc9\x27\xe0\x79\x52\xfd\x55\x3a\x57\xb2\x21\x25\x1b\xc6\x65\
\x90\x8e\x49\x69\xc7\xec\x5a\x3a\xd6\xe9\xd7\x18\x3c\x8b\xba\xf5\
\x34\xf0\x52\x39\xdd\xbc\x23\xd1\xcf\xbc\xa3\x94\x07\x68\x38\x46\
\xd7\xd9\x01\x23\x51\x39\x9a\x08\x65\xc5\x9e\x2b\xe8\x94\x72\x50\
\x7e\x3c\x97\x2b\xb3\x2c\x7d\xf7\x57\x5a\xdf\xc6\x29\xad\xfb\x95\
\x14\x37\xff\x3e\xe6\x3c\x49\xc6\x4e\x7a\x1a\x1a\x18\x3a\xb4\xa5\
\xb6\x1f\x93\x9d\x1a\xa3\x65\x64\x29\x95\xc5\x8f\x49\x0a\x9c\xb6\
\x7f\xc9\x10\xf3\xef\x25\xe5\x23\xc9\x1c\x8f\x55\x55\x25\x46\xb3\
\x24\x45\x37\xf6\x60\x29\x4d\x53\x7a\xd8\x56\x6a\x0f\x29\xa2\x43\
\xe5\x96\x1c\x6c\x6a\xc8\x69\xb9\x92\x9c\xdc\x68\x48\xf5\xa3\x32\
\x73\x19\xe8\x5f\xde\x26\x7c\x4c\xf3\x76\xe1\x75\xe5\x65\x52\x03\
\x4b\xcb\xc8\xfa\x82\x31\x83\xb1\xcd\xf5\xc9\xcb\x02\x75\xa0\x68\
\x1b\x48\xba\x96\x47\x35\x29\xc6\x97\xa3\xcd\xb1\xfd\xb3\xbe\x4f\
\xda\x5a\x32\xf4\x3c\x2d\x97\x37\x2b\xbb\xa0\x27\x24\xbd\x40\xd3\
\x94\xe4\x5d\x54\x3e\xd7\x0f\x34\xb2\x5c\xca\x97\x47\x50\x69\x7b\
\x73\x99\xa4\x31\xc0\xaf\x4b\xc9\x1e\x71\xbd\x23\xe9\x21\xee\x78\
\xf2\xc8\x30\x1f\x5f\x92\xc3\x36\xd6\xb6\xf4\x38\xad\x2f\x80\xf4\
\xbc\x0b\xd7\xcd\x52\x3d\xc7\xea\x45\xcf\xe1\x13\x0c\xc9\xc1\xe6\
\xf2\x48\xe7\x95\xce\x2f\xa5\x2d\x5d\x0b\xc9\x36\x8d\xb5\xdd\x58\
\xfe\x3c\x0d\xcf\x73\x99\x89\x80\x54\x67\x9a\x86\xf7\xcb\x52\x7d\
\xe8\x84\x8f\x53\xd2\xe7\x92\xbc\xeb\xca\x4b\xe3\x74\x73\x03\x5e\
\x32\x08\x25\x45\x50\x72\x10\xe8\xef\x40\xf9\x76\x3d\x1d\x98\x25\
\xa7\x79\x4c\x81\x4b\x03\xa4\xe4\xdc\xf0\xc1\xcc\x15\xbe\x94\xb7\
\xd4\xc9\xa3\xbc\x3c\x6d\x69\x70\x8e\x0d\xba\x31\x03\x50\x92\xad\
\x34\x8b\xa7\x6d\x3b\x88\x3e\xb2\xeb\x53\x72\xea\x78\x9b\x4b\x46\
\x36\xfe\x5e\x5a\x62\x22\x39\xbe\xb4\x4c\xfa\x10\xa4\xa4\x58\x63\
\xdd\xa5\x6b\xee\xbd\xcf\xa2\xd9\x25\x03\x42\xe5\xe4\x46\x90\x2e\
\xb1\x91\x96\x7a\xf0\x3a\xf3\x2d\x0f\xe3\xb1\x65\x0c\x70\xa9\x1d\
\x78\x7b\xd2\xef\x52\x9a\x88\xe4\x00\x79\xef\x07\x63\xaa\x64\x70\
\xb8\x03\xc3\xcb\x2b\x39\x68\xbc\x8d\x62\xfd\xad\xb5\xe2\x76\x8f\
\xd2\x18\xe4\x86\xe8\xb4\x13\xeb\xcb\x9d\x0e\xee\x80\xc7\x73\xc7\
\xfe\x4a\xd7\x96\x22\x45\x7f\x69\x3a\x2a\x53\x29\x6d\xfc\x5d\xea\
\x03\x25\x27\x94\xa7\x91\x90\xd6\xa3\xd3\xb1\x20\x2d\xf9\xa0\x7f\
\x69\xdd\x68\xbf\xe5\x7a\x85\xdb\x0e\x69\x12\x23\x45\x6c\xa5\x3a\
\x94\xc6\xa2\x24\xaf\xb4\xc3\x09\xd7\xd1\xb4\x3d\xc7\x96\x37\xd0\
\x7a\x51\x39\xf9\x67\x7e\x5e\xcc\x87\x3a\xdc\x51\x2e\x49\xdf\x49\
\x63\x3c\xf6\xcb\x18\xd4\x90\xf4\x6a\x1c\xfb\xdc\x6e\x53\x19\xa4\
\x3e\x2b\x2d\x65\xa1\x69\xf8\xe7\xb1\x7a\xf2\xf3\x24\xfd\x35\xd6\
\x46\x52\x79\xf1\x73\xc9\xd6\x97\xc6\x11\xef\x3f\x63\x77\x1c\xa4\
\xba\x8d\xd5\xbb\xa4\xdf\x4b\xac\xbb\x4e\x7d\x69\x9c\x6e\xa0\xdc\
\x81\x17\x19\x06\xfa\x99\x3a\x21\xa5\x8e\x43\xff\x2e\x3b\x00\xb9\
\x62\x88\xc7\x25\x63\xc0\xeb\x41\x1d\x8c\x78\xae\x54\x1e\x57\x84\
\x63\x0a\x78\xcc\x11\xe1\x8e\x10\x2f\xb3\xe4\xdc\x44\x19\xf9\xfa\
\x75\xe9\xd6\x26\x2d\x4f\x8a\xa8\x48\xf5\x97\xe4\xe3\x93\x1f\xae\
\xf4\xa5\xfd\x98\x63\x9e\x3c\x2f\x69\x8f\x58\x7e\x7d\xa8\x0c\xa5\
\x76\xe1\x86\x89\x4f\x1a\xaa\xaa\x1a\xb4\x17\x95\x9d\xe6\x2d\xdd\
\xb6\xa4\x72\x94\x1c\x7e\x7e\xed\x68\xbb\xd2\xb4\xd4\x81\xe2\x86\
\x4b\x9a\x2c\x8d\x45\xd2\xc7\xc6\x0b\x6f\xa7\xb1\x87\x6f\x25\x03\
\xcf\xdb\x9d\xd7\x81\xf7\xad\x65\xfa\x3f\x2f\x47\x72\x22\xda\xb6\
\x4d\xd7\x8b\xca\xc3\xff\x9e\x56\xb8\xee\xa4\xc7\xe3\x83\xd0\xb4\
\xed\xd2\x6f\xc2\x5f\xc9\x81\xe3\x48\x4e\x1f\x30\x1c\x27\x34\x3f\
\x7a\x3d\xb9\x0c\xa5\x31\x21\x8d\x97\xb1\x67\x1c\xa2\x0c\xf4\x7c\
\xfe\x1b\x7f\x26\x60\xac\xec\xf8\x97\x9e\xcf\xc7\x16\x77\x2c\x69\
\xdd\xe2\x18\x92\xa2\xb7\xd2\xd8\xa1\x72\x96\x74\xb9\x34\x56\x79\
\x60\x21\x8e\x37\x9a\x4e\xba\xf6\xb4\x8d\x97\xb5\x99\xbc\x1e\xdc\
\xc1\xa6\x4b\xf6\x4a\x6b\xaa\xb9\xfd\x2c\xd5\x95\xca\x21\x21\x4d\
\xb6\xf9\xd2\x12\x8a\xf4\x9d\xb7\x19\xff\xad\x24\xe3\x98\xbe\x2b\
\xc9\xc7\xcf\x59\x24\xa7\x94\xd7\x58\x7e\xa5\xef\xbc\x7d\x4a\xed\
\xc9\x75\xae\x84\x64\x33\xd6\x91\x97\xc2\xe9\xe6\x1d\x66\xd1\xf7\
\x52\x44\x02\xe8\x95\x8c\x14\xb1\x96\x8c\x2c\x55\x80\x5c\xa9\xd0\
\xbc\xf9\xc0\x93\x96\x34\xf0\xce\xcf\x9d\xa5\x52\x87\x95\x3a\xb4\
\x64\xf0\xa4\x74\x3c\x0f\x9e\x36\x46\x18\xe8\x77\xae\x28\x68\x9d\
\x25\x23\xc1\xf3\x2d\xc9\xc0\xdb\x8e\x9f\x17\xaf\x1d\x77\x9c\x25\
\xa7\x92\x1e\x93\xda\x8d\x1a\x93\x52\xba\x18\x09\xe1\xc6\xb6\xa4\
\x14\xf9\xa4\x47\x6a\x1b\x20\xac\xd7\x06\x90\x9c\x39\x69\x5b\x43\
\xda\x0e\xa5\xbd\xc4\xf9\x84\x82\x42\x27\x0b\x52\x54\x8c\xf7\x67\
\xea\x78\x48\x11\x2a\x5e\x77\xa9\x0d\x78\x1f\xe6\xe3\x27\xc2\xdb\
\x2d\x1e\xe3\xed\x47\xaf\x05\x95\x8f\xf6\x05\x2a\x23\xcf\x4b\x6a\
\x33\xc9\xa9\xa3\xd1\x6e\xfe\x3b\x77\xa4\xa8\xec\xa5\x89\xc9\x69\
\x83\xb7\x77\x69\x89\xc9\x22\x27\x40\xea\xe3\x25\xdd\x12\x7f\xe7\
\x63\xb4\xe4\x94\x70\xbd\x0c\xf4\xe3\x51\x2a\x9b\xeb\xf8\xf8\x9d\
\xdf\xf9\xa1\x65\x70\x7d\x43\xf3\xe2\x76\x45\x92\xad\xd4\x47\xa5\
\xb6\xa3\xb2\xf3\x7e\x46\x6d\x94\xa4\x6f\x63\xdb\xf1\x76\x91\xc6\
\x8b\xd4\xaf\x4b\xfa\x9d\xa7\xe1\xc4\x76\x93\xd6\x46\x97\xf2\x96\
\xfa\x8a\x94\x7f\xc9\xae\x49\x7f\x69\xd9\x8b\xee\xc8\xd2\x74\x54\
\x56\xda\x2f\x4b\x77\xdf\xa8\x6c\x63\x6d\x57\xaa\x7f\x49\x07\x4a\
\xb6\x4e\xea\x3f\x52\x7d\xa4\xf3\x25\xdd\xca\xe5\xe6\x48\x7d\x55\
\x6a\x63\x6e\x4f\x4a\xd1\x74\x3e\x61\xe6\x6d\x59\xea\x53\xeb\xe8\
\x78\x9f\x7a\xa7\x5b\x52\x3a\xb4\x73\x48\x86\x32\x22\x39\x2a\x52\
\xc7\x06\xe4\x08\x38\x57\x4a\x92\x5c\x92\x91\xf7\xde\x67\x8a\x93\
\xff\xbe\xec\xa0\x94\xe4\x2e\x19\x05\x1a\x35\x90\x26\x14\xb4\x8c\
\xb1\xb7\x2a\xd2\xe3\x92\xb1\xe1\x75\x92\xea\x45\x8f\xf3\x7c\xf8\
\x39\xdc\x70\xd2\xf3\xc7\x94\x06\x2d\x97\xdf\x02\x96\x9c\xb1\x92\
\xd1\x93\xda\x97\xa6\xe1\x72\xf0\xf6\xe5\xca\x86\xf7\x01\xda\xfe\
\x25\xd9\xa4\xef\x25\xf9\x79\xfa\x52\x1b\xf1\xbe\x2b\x3d\xb9\xbf\
\x68\x12\x43\xfb\x0d\xbf\x86\xfc\x4e\x82\x74\xfb\x96\x7f\x1e\x33\
\x48\x49\x26\xef\x01\xd6\x57\x68\x7a\xe9\xae\x88\xd4\x3e\xdc\xa9\
\x97\x9c\x2f\x2e\x27\xcf\xb3\x34\x86\x4e\x0b\xf1\x7a\x72\x87\x24\
\xfe\xa5\xce\x81\xa4\x2f\x68\x3e\xf1\x2f\x9f\xb4\x95\x26\xc5\xf4\
\x0e\x51\x3c\x3f\x2e\x39\x58\x74\xb7\x45\x1a\x4f\xd2\x35\xe5\x32\
\x1b\x63\xd2\x04\x58\xba\x7b\x26\xf5\x39\x5a\x0e\x3f\x27\xca\x5d\
\x72\x7e\xa8\x2c\x52\xbb\xd1\x63\xb4\x3d\x4a\xba\x88\xa7\xa3\xe5\
\x53\xfd\x4f\x7f\x2f\x05\xa0\x4a\x6d\x54\xaa\x07\x3d\x97\x8f\xe3\
\xb1\x31\x5d\x1a\xfb\xf4\xba\xd1\x71\xcd\x75\xb2\xd4\x16\x7c\xe2\
\x2e\xc9\x41\xbf\x53\xd9\xc7\x6c\x43\xa9\x8d\xa8\x3c\xbc\xcd\xa4\
\x89\x60\x94\x71\xac\xdf\x97\xf4\x38\xed\x67\x25\x9d\xba\x48\xf7\
\x8f\xd9\x67\x6e\x6b\xf9\xe4\x8d\x4f\x4c\xa4\x89\xa6\x64\xc3\x79\
\x7f\xe4\x36\x44\xfa\x7d\x5d\x39\xf5\x4e\x37\x85\x3b\x41\xa5\x41\
\xb0\xac\xe2\xa2\xd0\x5b\x5b\x92\xf3\xb8\x68\xa7\x09\x2e\xe7\x98\
\x53\x47\x3b\x34\x37\x52\x25\xc5\x27\xad\xe9\x8d\xf9\xd0\xc1\xc0\
\xd7\xed\xd1\xbc\xe8\x3a\xba\x45\x4a\x97\x0e\x54\xa9\xfd\xa9\xc2\
\x5b\xe4\x48\xb5\x6d\x9b\xbd\x89\x2b\xca\x11\x65\xaa\xaa\x2a\x73\
\x86\xb8\x22\x28\x39\x75\x25\x27\x9f\xf7\x85\x92\x02\x28\x0d\xfe\
\x52\xc4\x28\xfe\x96\xae\x99\x20\x4b\xca\xcf\x7b\x60\xc4\x99\x97\
\xfa\x8f\x01\xb2\xad\x98\x92\x0c\xce\x65\x1b\x42\xf0\xbe\x25\x4d\
\x6a\xa8\x1c\xd2\x64\x2a\x93\x1f\x24\xf2\x8f\x72\x9f\xa6\x6d\xc2\
\xc7\x98\x64\x60\x24\x32\x19\x48\x1b\xa5\xf4\x5e\x5e\x27\x4f\xc7\
\x43\xba\x62\x6c\x52\xc0\xf3\x77\xce\x65\x4b\x7d\xe8\xef\x74\x22\
\xc2\xeb\xc5\x9d\xb1\xd3\x88\x34\xee\xe9\xb8\xa3\xc7\xe8\xe7\x31\
\xa7\x92\xe7\x1f\xe1\x77\x00\x4b\xf9\x48\x7a\x44\xba\x06\x54\x0f\
\xf1\x3b\x90\x40\xef\xc0\xd3\xb1\xc0\x27\x5d\x63\xe5\x47\xb8\x13\
\xc2\xc7\x2d\xcd\x8b\x4f\x18\xb8\x83\x52\xaa\x1b\x3f\x8f\xeb\x40\
\xee\x54\x66\xba\x11\x08\xbb\xef\x90\xeb\xc8\xa3\xd0\x7c\x52\xb2\
\xec\x98\x95\x74\xa4\xa4\x0b\x79\x5d\x78\x3d\x4a\x7d\x8c\xe6\x23\
\x4d\x80\x25\x5b\xd4\x1d\x18\xc8\x2e\xd9\x35\x49\x3e\x4a\xd2\x23\
\x4c\x87\xd0\xfe\x4e\x91\xfa\x13\xa2\xbe\x88\xed\x54\xb0\xd1\x29\
\x5d\xa1\x1d\xb8\x5c\x34\x7d\x94\xd1\x39\x17\xea\x1e\xdb\x40\x68\
\xaf\x4c\xee\xd8\x7e\x85\xdf\x4b\xe3\xca\xd0\x34\x85\xc0\x87\xf4\
\xc2\xb7\xd2\x64\x43\xb2\xd1\x92\x2d\x5a\x27\x4e\xb5\xd3\x4d\x2f\
\xd0\xc0\x79\xf1\xc8\xbf\x03\xe2\x79\x5c\x89\xf2\xf3\xe8\x71\x9a\
\xcf\x32\xbf\x71\xc5\x48\x3b\x98\x64\xbc\xa9\x4c\x3c\xb2\x24\x9d\
\xc7\xcb\xa5\xd1\x4a\xc9\x19\x95\x94\x38\x37\x38\xf4\x3c\xa9\x3d\
\x78\xdd\x4b\x4a\x77\x30\xc8\x59\x1a\xfa\x9d\x3a\x54\x52\x39\xc3\
\x6b\xd8\xeb\x42\x0f\x9f\xbd\xa6\x37\x9d\x6b\xd0\xbf\x6d\xcb\x98\
\xe4\xb1\x96\x1c\xf4\xc1\x5f\x52\x48\xc9\xf0\x24\x47\xd4\x8c\x44\
\x47\x9d\x4b\x8e\x23\x75\x04\x60\x86\x93\x08\x3e\x09\xe0\xed\xd4\
\x16\xa2\x23\x54\x71\x72\xa8\x81\xa3\xe7\x64\x6d\xc0\xf3\xeb\xbe\
\x73\xa3\x98\x14\x7e\xe7\xe8\x4b\x4e\xe9\xd8\xc4\x87\xb7\x3d\x77\
\x6c\x68\x5d\x53\x1e\xc4\x01\xa2\x06\x9b\xd7\x37\x73\x96\xa2\x71\
\x70\x2e\xed\xb1\xcc\xf3\x17\xdb\xa1\xfb\x4e\xb7\x13\xa4\xe7\x8d\
\x3d\x70\xbc\x8e\xc6\x61\x0c\xae\x5b\xfb\xba\x9a\x34\xae\xf8\x5d\
\x11\xc9\x00\x8f\xe5\x0f\x0c\xf5\x41\x29\x0a\x27\x8d\x51\x71\x2c\
\x90\x3e\xc8\xd3\x49\x79\x95\xae\x21\x3d\x5e\x7a\xfe\x40\xd2\x23\
\x63\x0e\x99\x63\x7d\x39\xa6\xe1\x41\x84\x52\x59\x34\x3f\xe9\x9c\
\x81\xde\x16\xea\x5d\x72\x7e\xfa\x32\xc2\xb6\xb9\xdc\x99\xa7\x32\
\x0c\x1c\x7d\xef\x06\xf6\x36\xbd\x7d\xd0\x0f\x27\xaa\xf0\xb9\xf3\
\x2d\x4d\x54\x4a\x6d\x5c\x9a\xf4\x8e\xd9\x0b\x5a\x6e\xd4\xbb\x99\
\xf3\xc8\xfa\x62\xaa\xa7\xed\x5f\xb8\x23\x95\x1d\x91\xec\x64\xd6\
\x8f\x3b\x9d\x04\xe1\x99\xa1\x4c\xc6\xec\x3a\xc8\x8e\x2f\x95\x23\
\xd3\x75\x31\x8f\x28\xa3\xcf\x1f\x46\xe5\xd0\xb6\x96\xfc\x13\x5a\
\x1f\x3a\x69\x68\xe9\xf5\x30\x79\x70\x87\x4e\xa4\x4a\x3e\x85\x14\
\x1c\xe4\x72\x51\xf9\xc6\x74\xc8\xaa\xf2\x52\x38\xdd\x91\x2c\x8a\
\x80\xe1\xed\x4f\xe9\xd6\x24\xef\x00\x8b\x1c\x49\x1e\x11\x89\xbf\
\xf1\x19\x7a\x29\x8a\xcd\x8f\x71\x39\xa8\x13\x2a\x0d\xba\x31\x83\
\xd6\xb6\xed\xd2\x9d\x55\x32\x10\x41\x6e\x0f\x60\x18\xf9\xa6\x72\
\x97\xf6\x8e\xe5\x4b\x14\xb8\x72\xa4\xed\x62\xad\x4d\x4e\x36\xaf\
\x27\x37\x0c\x43\x65\x4f\x64\x1e\xbc\xa1\xab\xf3\x95\x3d\x77\xde\
\x86\x46\x5b\x52\x02\xb4\x9c\x54\x50\x97\x69\x49\x01\xc6\x17\x13\
\x79\xe2\x60\xa7\x7c\x10\xfc\x7d\x1e\x65\xa3\xed\x66\x8c\x01\x48\
\xb4\x9a\xf7\x05\x90\xef\xbc\x6c\xfa\x90\x5f\xde\x6e\x80\x31\x96\
\xbc\x96\xbb\x9b\xd4\xa4\x76\xcb\x91\xfa\x26\x6f\x97\xa4\xec\xd9\
\x79\xa6\x73\xc2\x63\xdd\x0d\x82\xd1\xb5\x9d\xec\x62\x7f\xf4\xe1\
\x45\x18\x49\xf1\x87\x8c\x52\x19\xd2\x04\xc6\xb9\x36\x93\xdc\xb0\
\xf2\xa2\x21\x4d\x72\x75\xdf\x7b\x87\xb9\x73\x1a\x7d\xe8\xe3\xde\
\xf7\xdb\x36\xd2\xf5\xdc\xd4\x70\xd2\x2d\x2b\xc7\xc6\x71\xc9\x40\
\xae\x23\x92\x83\xdb\x7f\x0e\x2f\x73\x89\xb7\xb7\x01\x0c\xfe\xc6\
\x6b\x2a\x19\xd7\x6c\x92\x2d\x94\x19\xa1\x3b\x0a\x49\xe7\x52\x1d\
\xc9\xf3\xe6\x0e\x65\xfc\x5b\xba\xab\xb1\x48\x5f\x52\xe7\x90\xeb\
\x34\x5e\xbe\x24\x27\x85\xb6\xd5\xa2\xb1\x06\x20\x45\x2e\x17\xd9\
\x0c\x2e\x07\xef\x97\xe1\x4d\x82\x21\x9d\xa8\x7f\x48\x90\x82\xe7\
\xcd\x27\xca\x25\x67\x77\x60\x5b\xe3\x5e\xeb\x60\x0e\x3b\x72\xe7\
\xd0\x93\xb6\xcb\xda\x85\xb6\x1f\xd1\xc1\x5c\xd7\xf5\xf5\xa0\x2a\
\x9b\x4c\xbe\x88\x9c\x9e\x39\xdc\x51\xa6\x98\x26\x73\x9c\xdb\x76\
\x30\x61\x0f\x2f\xb2\x11\x26\x09\xbe\x8f\x2e\x73\x2d\x20\xf9\x1c\
\x63\xfd\x9f\xfb\x18\x59\x1b\xf4\x09\x06\x5b\x07\x17\xf5\x53\xac\
\x4f\xb4\xc3\xa4\xcc\x3e\x5d\xd0\x87\x99\x8f\x13\xf3\x8f\xb2\x78\
\x12\xb5\x27\x63\x5c\xf2\x89\xa4\xb7\x76\x72\x9b\x41\x65\xe7\xe7\
\x49\x6d\xb2\x2e\x9c\x5a\xa7\x9b\x2b\x4f\x7e\xdb\x8e\x0f\x20\x60\
\xf8\xc2\x12\xea\xac\x48\x0e\x98\x64\x7c\xe8\xdf\xb1\x19\xa2\xf4\
\xb9\xa4\x64\x25\x25\x96\x2b\x77\x00\x18\x96\xc5\xe5\xef\x4a\xc9\
\x06\x40\xa8\x13\x00\xa6\x3e\x68\xa7\xcf\x1c\x9c\x6e\x50\x3a\xe7\
\x00\x03\x38\xef\xc2\x5b\xe2\x32\xc3\xdb\x47\xbd\x62\xbe\xf1\x1a\
\x70\x43\x13\xdb\x35\x3a\xa7\x7c\x70\x02\xc3\xbd\xb0\xb9\xd3\x1a\
\xd3\xc5\xb4\xbd\x0e\x4a\x6e\x6a\x5f\xc7\x6e\xe2\x40\xeb\x4f\x91\
\xda\x37\xd6\x44\x72\x16\x52\x7b\xa5\x32\x98\x42\x37\xa6\x7f\x8b\
\x5a\xf8\x31\x2b\x8b\x4f\x34\xe2\xab\x7c\x43\x3d\xbb\xb5\xb0\xf0\
\xa9\xcd\xf9\x83\x65\xe9\xb6\xa5\x6b\x61\x6d\x95\x5d\x07\x71\x42\
\x92\x42\x4e\x06\xce\x0d\x6f\x25\x67\xed\x48\xca\x49\x06\xd2\xa4\
\x3f\x03\x63\xc1\xfb\x5e\xbe\x74\x89\x8c\x8f\xee\xfc\x36\xb6\x93\
\xd0\xe7\x63\x9b\x59\xea\x28\x01\x03\x83\x90\x97\x09\x58\x6b\x72\
\x99\xa9\xa1\x65\xed\x1f\xd7\x7f\xc7\xfc\x72\xe7\xdb\x0e\xc6\x3b\
\xbf\xe5\x4d\xaf\xe3\x98\x43\xc3\x3f\xaf\x33\x03\xc7\xc3\x91\x87\
\xf5\x5c\x1f\xcc\x90\xce\xa7\x69\xe2\x6f\x92\x8e\xe4\x7a\x59\x1c\
\x6f\x82\xe1\xa5\x79\x2e\x13\xa1\xe3\x50\x47\xbe\x94\x5e\x2a\x97\
\xf6\x3f\xaa\xef\xb8\x4c\xa5\x3e\x92\x64\x02\x73\x00\xb9\xf3\xd2\
\xbd\x38\x28\x4e\x20\x93\x53\xca\xfb\x5f\x37\xc1\xe5\x75\x8d\x8e\
\x12\x5f\xae\x17\x3f\xd2\xb1\x0f\xc8\xcb\x3f\xe2\xf8\xe2\xfa\xa7\
\x75\x2d\x8c\x47\x7a\x09\x5b\x2f\xb3\xcd\x74\x05\x6d\x8b\xd2\x38\
\xca\xaf\x61\x6c\x53\x76\xf7\x49\x08\xe0\xf8\x24\x6f\xef\x20\xa6\
\x32\x6d\xb8\x03\xd3\x97\xed\xe0\x7d\xb7\x25\x2c\x99\x30\x45\x1b\
\x97\xd7\xbf\x2f\x3f\x4c\x40\x4c\x72\xf2\x53\xfb\xc3\x77\x6f\xa2\
\x06\xe0\x5d\x52\x33\xa9\x1f\x91\xfa\x39\xc3\xa2\xe2\x5d\xda\x38\
\xb1\x91\x26\x86\xb4\x7d\xf8\xe4\x31\xfd\x4e\x26\x46\x71\xa2\x22\
\xf6\xb3\xd8\x57\xac\xc9\x26\x52\xe9\x3c\x33\x5c\x72\x48\x83\x19\
\xe1\x1c\x74\x93\x23\x96\x3f\xfa\x7a\x47\xf2\xe5\x24\xbe\xd3\xd3\
\xe3\x7b\xe6\x47\x5d\x9b\xfb\x1e\x21\x88\x46\x83\x49\xf1\xda\xaf\
\x13\xa7\xd2\xe9\xe6\x8a\xbe\xa4\x70\xf9\xed\x1b\xaa\xe0\x24\xc7\
\x85\x2b\x21\x29\xba\x20\xdd\x22\xa4\x6b\x90\x4b\xca\x66\xcc\xb1\
\x0f\xff\x40\x3a\x2d\x39\xcf\x44\x65\x92\x3f\x3d\x2e\x19\xff\xde\
\xf9\x01\x00\x0f\x63\x2c\x71\x34\xf2\x41\xed\x32\x45\x14\xce\x07\
\xa8\x1b\x1d\x3e\x78\xef\xe1\xed\xb0\x0d\x82\x1c\xc3\x89\x4b\xe6\
\xc0\xb1\xf3\xd3\x4c\x9b\xc9\x1e\x23\x98\x52\x7b\xc3\x7b\xb8\xa8\
\xb4\xc0\x95\x19\x88\x93\x15\x1d\xbc\x70\x5b\xd0\x0b\x4a\x8d\x5f\
\x13\xc4\x6b\x22\x19\x21\xf8\x6c\xb0\x67\x6d\x54\x98\x64\x49\xc6\
\x9b\x7e\xf6\x3e\xb4\x8b\x4f\xf9\xd8\x5e\xb1\x09\xce\xb1\x23\xc6\
\x95\x2b\x45\x6b\x85\x08\x9a\x01\x8c\xef\xf2\xf1\x9d\x03\xe9\x7c\
\x4a\x9a\xda\xae\x9b\x98\x58\x4b\xda\xb0\xeb\x7b\xae\x8d\x4b\x34\
\xc2\x21\x5a\x8f\xe8\x0c\x44\x87\x39\x8b\x2e\xbb\xbc\x0f\xd0\x49\
\x40\x6f\xac\x42\xff\x24\x22\xa5\x3c\x62\xeb\x7a\x20\xad\x41\xe5\
\x6d\x1b\xeb\xe5\x3d\x60\x0d\xe0\xdb\xce\x2e\x76\x93\x16\x18\x9b\
\xfa\x43\xde\x1f\xd3\x05\x24\xfd\x3e\xae\xdb\x34\xc1\x38\xf9\xe1\
\xf3\x0f\xf1\x7c\x7a\xcb\x34\x4d\x1e\x91\x3b\xf2\xb4\xbc\x75\x87\
\xea\xd5\x45\x77\x0f\x79\x3a\xfa\x99\xeb\x56\xde\x46\x92\xfe\x5a\
\x56\x36\x9e\x3e\x18\xfa\xe1\x58\xec\xf3\xec\x97\x4d\x24\x1b\x10\
\x12\xa3\x6d\xdb\xcc\xd0\x27\xfd\x68\xfb\xfe\x14\xf2\xcc\xbe\x76\
\x93\x5a\x79\x6f\xff\xf0\xd9\xf6\xfd\xac\x1b\x77\x5c\x76\x5a\xff\
\xe0\x70\x77\x77\x73\x8c\x1c\x00\x48\x4e\x63\xa9\xed\xa3\xa3\xd8\
\xd5\x0d\xf0\xe1\xee\xa5\xc9\xf5\x07\xb5\x15\x3c\x60\x15\x69\x5d\
\x1f\xd9\xb4\xc6\x76\x93\x5c\xd3\x8d\xe3\x3e\x8a\xda\xc7\x5c\x63\
\xbb\xf4\x77\xbd\xc4\xe5\x0d\x74\x82\xee\xa3\x4c\x41\xcb\xc7\x03\
\xde\xe5\x13\x7e\x9a\x37\x0f\xbc\xc4\xb6\xcb\x9d\xd6\x7c\xfd\x7c\
\x2a\xda\xf4\xfd\xa5\xef\x87\xc8\xdb\x34\x6b\xbf\xd8\x68\x44\xee\
\x4e\x51\xc5\x7a\xa7\xbe\x14\xdb\x9e\xe9\xc2\x34\x91\x22\x7a\x98\
\xca\xe5\x3d\xd5\x61\x51\xcf\xe5\xfa\x8a\xd6\x95\x3b\xd8\x41\xbf\
\x0e\xc7\x12\x75\x98\xfb\x74\xbd\x8f\x91\xf2\x21\x0a\xb9\x3f\xd6\
\x8d\x27\x62\xcb\x69\x9b\x70\x9b\x4f\xd3\x52\x3d\x2a\xed\xee\x94\
\x05\xbc\xa8\x7e\x67\x6d\xba\xae\xba\xf4\x54\x3a\xdd\x14\xee\x78\
\x97\x14\x39\x8f\xf4\xd1\xb4\x91\xaa\xae\x61\x8c\x49\x6b\x6e\x33\
\xc7\xa9\x54\xfe\xc8\x6f\x19\x63\x1d\x28\xea\xc4\xcc\xe3\x65\x65\
\xf4\x5a\x46\x54\xba\x30\xa6\x7f\xd0\x2e\xa6\xf3\x3e\xcd\x1e\x25\
\x59\x07\xb2\xa7\x0c\x72\x59\x07\x9d\x3f\x39\x69\x4c\x04\x52\x6e\
\x72\x76\xba\xf4\x7d\xd5\x42\xa9\x46\xc8\x87\x2a\x8f\x98\xdf\x20\
\x62\xc3\xca\xa3\x0e\x1b\xfd\xdd\xc4\x75\xb9\xbc\xdd\x04\x62\x3b\
\x44\x99\x53\x1e\x52\x3b\xc7\xb2\xa2\xe2\x30\x7d\x64\x24\x7d\x26\
\xf2\x78\x9a\x0f\x31\xbc\x99\x52\x8f\xe9\xe8\x6f\x29\xaf\xa0\x8e\
\xa3\x93\x17\xcb\x8c\x8f\x0b\x1a\x9f\xb7\x58\x4c\x6f\x8c\x41\xdb\
\x5d\xff\xa4\xc0\x88\xb3\x08\x03\xfa\xc2\xed\xa0\x65\x41\xea\x6f\
\x72\x25\x1b\xdb\xd6\x21\x89\x35\x74\x00\x3c\xa9\xb5\x8f\xf2\x05\
\x83\xda\x5f\x87\xae\xac\xae\x4f\xa4\x4c\x63\x9d\x63\x1d\x93\x1c\
\xe4\x9a\x91\xf2\x5a\x27\x5d\x4b\x97\x52\x1a\x7a\x0b\x1d\x7d\x1f\
\x8c\xd7\x19\x06\xbd\x23\xd1\x89\x4d\x1d\xec\xb1\xbb\x24\xc9\x74\
\x0d\x9c\xac\xf5\x34\x12\x11\xee\x08\x72\x3d\x29\x39\xc5\x74\x99\
\x09\x4f\x47\xd7\x32\xcf\x9b\x26\x39\x91\xf4\x0e\xc4\x60\x7c\xf2\
\xe3\x4f\x41\xae\xcb\xd8\xd8\x35\x83\x33\x72\x9d\xd0\x7d\x96\x54\
\x30\x3d\x16\xfb\x64\x70\x76\x16\x09\x93\xf7\x67\x2a\x01\xd5\x8d\
\xc9\xc9\xa3\x65\x8d\x38\xd7\x31\xa8\x10\xeb\x69\xd0\x3b\x69\xd4\
\x4e\x78\x40\xac\x4f\xaa\x2f\xfd\x9a\xfe\x17\xda\x88\x27\xe5\x72\
\x76\x72\x44\x99\xa9\x43\x3f\xc8\x8b\xfd\x30\xc8\x5d\x94\x4b\xca\
\x27\x0a\x92\xf7\x99\xb4\x9c\x8e\x04\x6a\x42\x12\xb6\x5c\x42\x2a\
\xa3\xd4\xe6\xe8\xc7\x7b\x22\x55\x97\x4d\x16\x89\xce\x88\xc1\x03\
\x63\x4d\x88\x34\x74\x32\x1a\xd6\x27\xa4\x4d\x47\x33\x09\x68\xbb\
\xa6\xcc\x4d\x3e\x31\x11\x74\xe7\xc0\xde\x4b\xba\x35\xb3\x1f\x58\
\xae\xfd\xc9\xb9\xb1\x0f\xc4\x3b\x95\x4d\xd3\xa0\x75\x6d\xba\x3b\
\x2e\xdd\x3d\xa4\xce\x38\xd7\x29\xd2\x9d\xa6\x75\xd3\xab\xa7\xd2\
\xe9\x96\x0c\x00\x9d\x31\x51\x43\x30\x88\xd6\x30\x43\x52\x4f\x26\
\x98\x6e\x6c\x60\x32\x99\x84\xc8\x86\xb2\x96\x1c\xd7\xb0\x34\xec\
\xef\xd2\xc6\x7f\xe4\x3c\xcf\x7f\x17\xce\xf5\xc2\x6f\x9e\x4a\x42\
\x26\x31\xf4\xf3\x20\x1d\x73\xfa\x07\x69\x4b\xe7\x48\xe5\x14\x64\
\xcc\x86\x9e\x60\x94\x3b\x4d\xcc\x8e\x15\xbe\x2f\xcc\xab\x94\x6e\
\xcc\x1c\x8c\x9a\x0a\x00\x80\x69\x0d\x2a\x6b\x51\xdb\x0a\x55\x95\
\xdf\xa5\xca\xef\x70\xe4\x0e\x78\x69\x29\xd4\x69\x61\xcc\xd9\xa6\
\xce\x34\x90\xef\x5c\x12\xdb\x29\xb6\x49\xdb\xb6\x98\x1d\x1d\x61\
\x76\x74\x84\xa3\xf9\xfc\x3b\xa8\x89\xa2\x3c\xc3\xd8\x2c\x8c\x67\
\xf1\x68\xd4\x95\x25\xdd\x4f\x83\x45\x95\xf0\xf3\x88\x18\x4b\x59\
\x9d\x4a\xc8\x74\x05\x70\x6d\x8b\x66\x3e\x47\xd3\x34\x61\x67\x2d\
\xc1\x81\x96\xf4\xa6\xa4\x4f\x4b\x77\x8f\x57\x99\x53\xe7\x74\x4b\
\xd1\x18\x7a\x8c\x47\x5d\xf8\xe7\xf8\xb7\x9e\x4c\xb0\xb1\xb5\x85\
\xba\x3e\x75\x4d\xa4\x28\xca\x02\xbc\xf7\x68\xda\x16\x4d\xdb\xa2\
\x76\x15\x26\x75\x8d\x4a\x78\x11\x8e\xb4\x83\x0b\xbf\xdd\x1b\x3f\
\xaf\x73\xb4\x9b\xea\xd2\xe1\xbf\x61\xa0\x43\x72\xcc\xe3\xbf\xc3\
\xd9\x0c\x8f\x9f\x3c\x19\x3c\x13\xa0\x28\xca\xe9\xc7\x56\x15\xa6\
\x55\x85\x29\x80\xa3\xd9\x21\x66\x07\x87\xa3\x5b\x2a\xf3\x20\x07\
\x80\xc1\xb1\x75\xd2\xab\xa7\xd2\xa3\x8c\xca\x3d\x3c\x35\x4c\x23\
\x70\xb2\x21\xa0\xbf\x55\x75\x8d\xcd\xad\x2d\xd4\x93\xc9\x77\x21\
\xba\xa2\x28\x2b\x46\x72\xbe\xab\x0a\x9b\x1b\x1b\xe2\x43\xa7\xf9\
\x33\x10\xc3\x87\xc5\xa8\xbe\x59\x27\x03\x11\x91\xd6\x8a\xf6\x4e\
\xb6\xfc\xdc\x0c\xbf\x83\xd8\x34\x0d\x1e\x3f\x79\xa2\x91\x6d\x45\
\x51\x00\x00\xd3\x8d\x4d\xd4\x93\x29\x8e\x0e\x0f\xd1\x76\x4b\xcc\
\x16\x3d\xdb\x41\x3f\xf3\xbf\xeb\xc0\xa9\x5a\x2f\x21\x45\x55\xe2\
\xfa\x40\x6e\x30\x78\x3a\x20\xdc\x1a\xde\xda\xde\x56\x87\x5b\x51\
\x94\x01\x4d\xdb\xe2\x70\x36\x03\xd0\xeb\x0c\xfa\xe0\xb5\xe4\x98\
\x3a\x3f\xdc\x35\x69\x1d\xe1\xf2\x3b\x37\x8c\x72\xf3\x65\x7b\xf4\
\x41\xc9\xf9\x7c\x8e\xfb\x8f\x1e\xa9\xc3\xad\x28\x4a\x86\xb5\x16\
\x9b\xdb\xdb\x98\x4c\xa7\x00\x86\xba\x35\x22\xe9\x56\x29\x70\xba\
\xea\x9c\x2a\xa7\x9b\x13\x77\xfb\x00\xca\xb7\x3f\x23\xd6\x5a\x6c\
\xef\xed\xa1\xd2\xe5\x24\x8a\xa2\x14\x68\xda\x16\xdf\xee\xef\x0f\
\x14\x7d\xe9\xd9\x90\xf4\x40\x29\x61\x5d\x8c\x03\x65\x78\x77\x30\
\x8f\x72\x73\xdd\x4a\xa3\x4f\xfb\x07\x07\xb8\xf7\xe0\x81\x2e\x27\
\x51\x14\xa5\xc8\x74\x73\x13\xd3\xcd\xcd\x6c\xb2\x0e\xe4\xfa\x34\
\xd3\x21\x7e\xf8\xfb\x3a\x70\xea\x9c\x6e\x29\xa2\xbd\xe8\xb3\x73\
\x0e\x5b\x3b\x3b\xe2\xf6\x35\x8a\xa2\x28\x94\xa6\x6d\x71\x30\x9b\
\x89\x2f\x9d\xe0\xce\x37\xff\xbb\x4e\xc6\x21\x22\x2d\xc5\xf3\xde\
\xa7\x9d\x6e\xa4\x65\x27\x31\xea\x7d\x38\x9b\xe1\xe1\xe3\xc7\xcf\
\xf2\xc8\x9a\xa2\x28\x2f\x19\xf5\x64\x82\xaa\x5b\x69\x50\x5a\x02\
\x5c\x62\x5d\xf4\xeb\xa9\xf1\x32\xa5\x75\xda\x74\x6f\xce\x78\x0e\
\x3d\x37\x7e\xde\xda\xd9\xd1\x08\xb7\xa2\x28\x4b\x73\x34\x9f\x63\
\x76\x74\x24\xea\x16\xe9\x6f\xdc\x83\x7e\x1d\x91\xd6\x6b\x03\x80\
\xef\x1c\xeb\x92\x61\x6c\xdb\x16\x0f\x1e\x3d\x7a\xb1\xc2\x2a\x8a\
\xb2\xd6\x4c\x37\x36\x60\x85\x9d\x57\xe8\x84\x9e\x2e\x1f\x5e\x17\
\x67\x3b\x72\x6a\x9c\x6e\x40\x78\x50\x12\xc3\x08\x0c\xff\x17\xb7\
\x04\x54\x14\x45\x79\x1a\x62\xb4\x3b\x7b\x2b\x63\x61\x0d\x22\x98\
\xb1\x58\x17\xa4\x28\xb6\x54\x4f\x6a\x0c\xe3\xdf\x87\x8f\x1f\xeb\
\x92\x12\x45\x51\x9e\x9a\x8d\xad\x2d\x00\xf9\xfa\x6e\x09\x69\x9f\
\xf1\x55\xe7\x54\x38\xdd\x52\x63\x7b\xb2\x6b\x89\x74\x6e\x34\x14\
\x9b\xdd\xc5\x55\x14\x45\x79\x5a\xf6\x0f\x0f\xd3\xe7\xd2\x52\x0b\
\x43\x7e\x87\xf0\x79\x9d\x08\x75\x42\xf6\x32\xa6\xe1\xef\x61\x5b\
\xc0\xd9\xd1\xd1\x8b\x17\x50\x51\x94\xb5\xc7\x18\x83\x49\x17\x0c\
\x5d\x18\xd0\x10\xfe\xae\x32\xa7\xc2\xe9\x06\x84\x0b\x63\x86\xb7\
\x3f\xe9\x85\xb1\xd6\x16\x6f\x63\x28\x8a\xa2\x2c\xc3\xbc\x69\x30\
\x6f\x9a\xf4\x5d\xda\x2a\x30\xde\x02\x8d\x6f\xff\x5c\x07\xc3\x40\
\x19\xca\xec\x07\xba\x95\xee\x34\x60\x8c\xc1\xa3\xc7\x8f\xbf\x1b\
\x61\x15\x45\x39\x15\xd4\x93\x49\x7a\xd3\x66\x84\x2f\x2f\x59\x37\
\x5d\x0a\x9c\x22\xa7\x1b\xc8\xdf\x66\xe4\x0b\xb7\x72\xbd\xef\x9f\
\xac\x8f\x5b\xd4\x28\x8a\xa2\x3c\x2b\x71\x1b\x3c\x6e\x08\x06\xcb\
\x49\x5c\x58\x66\x12\x59\x75\x83\x51\x7c\x80\x52\x58\xc3\x4d\x1f\
\x28\x3d\x3a\x3a\x42\xd3\xbd\x95\x52\x51\x14\xe5\x59\xa1\xdb\x37\
\x97\xa2\xdd\xdd\x97\xb5\x89\x76\x9f\x1a\xa7\x5b\x32\x08\xd6\xda\
\x6c\xfb\x99\x2c\x2a\x03\xe8\xc3\x93\x8a\xa2\x3c\x37\x4d\xd3\x64\
\x93\xf9\xd2\x9a\x67\x0f\xa4\x57\x3f\xaf\xba\x61\xe0\xc4\x88\xbd\
\x74\x3c\xea\x54\x20\x4c\x34\x0e\xba\xbd\xcc\x15\x45\x51\x9e\x87\
\xaa\x5b\x89\xc0\x1f\x42\x1f\x3e\xbf\xb7\x3e\x0f\xa9\xaf\xbd\xd3\
\x3d\x76\x8b\x81\xde\xf2\xe4\x1b\xad\x4f\xf4\x05\x38\x8a\xa2\x1c\
\x03\xce\x7b\xcc\xbb\xb7\xa9\x89\x6b\xba\x85\x6d\x05\xd7\x85\x4c\
\xde\x05\x91\xef\x78\x7c\xa6\x4e\xb7\xa2\x28\xc7\x40\x5c\xfe\xcb\
\x75\xeb\xf0\xef\x7a\x44\xb9\x81\x53\xe0\x74\x97\x28\xed\x95\x1b\
\xa9\x74\x2d\xb7\xa2\x28\xc7\x44\xdb\xb6\xc5\x07\x7d\x24\x23\xb1\
\x0e\xc6\x61\xac\x3e\x7c\x19\x0d\x3d\x4f\x97\x96\x28\x8a\x72\x5c\
\xd8\xaa\x5a\xea\x81\x49\xbe\x5b\xdd\xaa\x72\x6a\x9c\x6e\x6e\x08\
\x8c\x70\x1b\x97\x7e\x36\xfa\x22\x1c\x45\x51\x8e\x09\xbe\xbc\x44\
\xfa\x9d\xfe\xe5\x9f\x57\x95\xd2\x44\xa1\xf4\x20\x53\xab\x0e\xb7\
\xa2\x28\xc7\x48\xf4\xd5\x4a\x3a\x34\xe9\xa1\xd5\x57\xa7\x00\x4e\
\x89\xd3\xdd\x5f\x84\x3c\x0a\xc3\xa3\xdd\xf4\xb3\xbe\x7d\x52\x51\
\x94\xe3\x22\xee\xd7\x0d\xc8\x0f\x54\x52\xd6\xe1\x25\x39\x8b\xa2\
\xdc\xfc\xb7\x78\xfb\xb7\xd5\x7d\xb9\x15\x45\x39\x46\xa2\xb6\x34\
\x6c\x27\x13\x69\xef\xee\x75\x08\x64\xac\xfd\x93\x84\xb9\x01\xc8\
\x8f\x95\xd6\x52\x7a\xef\x35\xd2\xad\x28\x27\xc0\x58\xb4\x77\x15\
\x30\xc6\x0c\x94\xf7\x71\xe0\x98\x9e\xa1\xed\x60\xad\xcd\x74\x8f\
\x73\x2e\x3d\xe4\xbd\xca\x8c\x45\xb6\x4b\xc1\x0d\x8d\x74\x2b\xca\
\xc9\x40\x37\x85\x58\x45\xa8\x9e\x3b\x4e\x4c\x97\x6f\xdb\xb6\x49\
\x6f\x52\x1d\xdb\xeb\xd1\xf5\x78\xeb\xef\xda\x3b\xdd\x11\x69\xcd\
\x8f\xf4\x06\xb8\x55\x76\x08\x14\x65\xad\xf1\x1e\xb7\x6f\xdd\xc2\
\xa3\x47\x8f\xe0\x56\xd0\xf9\xf2\x00\xea\xba\xc6\x85\x0b\x17\x70\
\xe1\xd2\xa5\x63\xd7\x03\xd1\x00\x48\x11\x99\xaa\x5b\x97\x68\x8c\
\x81\x59\xa3\x27\xed\xa5\x36\xe2\x7a\xd5\x18\x93\xd6\xb4\xab\x6e\
\x55\x94\xe3\xc5\x5a\x8b\x83\xfd\x7d\x7c\x7d\xfb\x36\x0e\x0f\x0e\
\x56\x76\x15\xc5\xd6\xd6\x16\x5e\xb9\x7a\x15\x9b\x5b\x5b\xc7\x3a\
\x39\x88\x7a\xa5\x22\x0f\x55\xd2\x67\xf2\xfa\xe5\x25\x16\xde\x01\
\x30\xab\xed\x7c\xaf\xb5\xd3\xcd\x15\x3c\x8f\xc2\xac\x7a\xd4\x4d\
\x51\x4e\x0b\x55\x55\xe1\x57\xbf\xfc\x25\x1e\x3d\x7a\xf4\x5d\x8b\
\xb2\x90\xdb\xb7\x6e\xe1\x95\x57\x5e\xc1\x7b\x1f\x7c\x80\x79\xb7\
\xc7\xf6\xf3\x12\xdf\xd0\x48\x75\x0f\x20\xaf\xf5\x0e\x1b\x5c\xd9\
\xec\xf7\x55\x66\x6c\x79\x89\xa2\x28\x27\x87\x31\x06\x77\xbe\xf9\
\x06\x1f\x7f\xf4\x11\xfc\x0a\x47\xb9\x23\x5f\x7c\xfe\x39\x7e\xf4\
\xfe\xfb\xb8\x78\xf9\xf2\x89\x38\xde\xfc\x59\xbd\x2c\xa0\x9a\x22\
\xdd\xab\xad\x4f\xd7\xda\xe9\x96\xe0\xb7\x40\xf9\x3a\x4b\x45\x51\
\x8e\x17\xef\x3d\x7e\xfd\xe1\x87\xc9\xe1\xae\xaa\x0a\x3b\x3b\x3b\
\x2b\xe7\x4c\xb6\x6d\x8b\x27\x4f\x9e\xc0\x7b\x8f\xdb\xb7\x6f\xc3\
\x5a\x8b\xb7\xde\x7e\x3b\xed\x9d\xfd\x3c\x18\xf4\x4b\x57\xe2\xf2\
\x11\x40\x5e\xa2\xd1\x7d\xc3\xaa\x1a\x87\xb1\xbb\x83\x92\x6e\x5d\
\xe5\x5b\xde\x8a\xb2\xce\x1c\x1e\x1c\xe0\xb3\x4f\x3f\x0d\x0e\xb7\
\x31\xd8\xda\xdc\xc4\x64\x3a\x5d\x29\xcd\xe1\x01\xcc\x8f\x8e\x70\
\x70\x70\x00\x00\xf8\xc3\xa7\x9f\x62\x3a\x9d\x62\x67\x6f\xef\x58\
\xf2\x2f\xe9\x55\x6a\x5f\x72\xdf\xce\xc3\xfb\xd5\x7d\x76\xe6\x94\
\x38\xdd\x64\xad\x36\x99\x09\x39\xe7\xd2\xc5\x5a\xb7\x5d\x03\x14\
\x65\x5d\xb8\x7b\xe7\x4e\x72\xb8\x77\x77\x77\xf1\xa3\x0f\x3e\x58\
\xcd\x67\x26\x3a\x9d\xf0\x9b\x5f\xfd\x0a\xb3\xd9\x0c\x77\xee\xdc\
\xc1\xe5\x57\x5e\xc1\xee\x31\x18\x07\x8f\xde\xf9\xe4\x0f\x69\x53\
\x63\x11\xc4\x18\xea\xab\xd5\x64\xf1\x2e\x2c\xf9\xee\x01\xaa\x57\
\x15\xe5\xb8\xa8\xab\x0a\xbf\xfd\xf4\x53\x1c\x1d\x1d\x01\x00\xae\
\x5f\xbf\x8e\x6b\xaf\xbe\xba\x92\x3a\xc3\x77\x4b\x0b\xbf\xf8\xfc\
\x73\x1c\x1d\x1d\xe1\xc6\x97\x5f\xe2\xbd\x0f\x3e\x38\x96\x09\x39\
\x7d\x0e\x86\x1f\xe7\xdf\xa5\xbb\x8c\xab\xc6\xda\x3b\xdd\xa1\xa1\
\xc7\xb7\xb6\xa2\x7f\xc3\x97\x17\x2a\xa2\xa2\x9c\x6a\xbe\x7d\xfc\
\x38\xad\xb9\x7b\xf7\xbd\xf7\x30\x99\x4e\xbf\x6b\x91\x46\x79\xf3\
\xad\xb7\xf0\xf1\x47\x1f\x61\x3e\x9f\xe3\x68\x36\x83\xdf\xdd\x3d\
\x16\xe5\x6c\xd8\x03\x93\x52\x24\x86\xff\xbe\xaa\x86\x01\x40\xd2\
\xab\x7c\x59\x09\x5f\xd3\x9d\xff\xa6\xca\x55\x51\x8e\x83\xa6\x69\
\xf0\xe0\xfe\x7d\x00\xc0\xe6\xe6\x26\xde\xfa\xfe\xf7\x57\x7a\x77\
\xa0\xd7\xdf\x78\x03\xb7\x6f\xdd\xc2\x6c\x36\xc3\xdd\xbb\x77\x31\
\x9d\x4c\x70\x78\x4c\x2f\xca\x92\x22\xdc\xeb\xba\x7a\x61\x05\xc3\
\x51\xcb\x53\x6a\x70\x69\xdd\x4f\x34\x70\xe1\x15\xf0\x1a\x95\x51\
\x94\xe3\x80\xee\x58\xb1\xb5\xb5\xb5\x16\x5b\x71\xd6\x75\x9d\xe4\
\x3c\xb6\xb7\x27\x7a\x9f\x1e\x1e\xa5\x4b\xda\xa8\x83\xba\x4e\x06\
\x62\x4c\x56\x69\xf7\x80\x7e\xb9\xc9\xfa\xd4\x51\x51\x56\x99\xa6\
\x69\xd2\xe7\xcb\x97\x2f\xaf\xb4\xc3\x0d\x84\xa0\xc3\xc6\xc6\x06\
\x80\xa0\x3f\xf6\xf7\xf7\x8f\x25\x5f\x49\x8f\xae\xf3\x73\x26\xab\
\x6f\x21\x0b\xa4\x27\xe7\x51\xde\x16\x90\x1e\xcb\x23\xdd\xab\xbb\
\x9e\x52\x51\xd6\x8d\x38\xc9\x35\xc6\x1c\xcb\xfa\xe8\x93\x86\xaa\
\xe7\xe8\x20\x1f\xd7\x36\x82\x63\x6b\xa1\xc5\xbb\x6e\xc2\xf7\xef\
\x1a\xa9\x0e\xfc\x1f\x5d\xb6\xb7\x6e\x46\x4f\x51\xd6\x01\x7a\x07\
\xac\xaa\xd7\x6f\x51\x42\x0c\xc6\x3c\xef\x56\x82\xdc\xa2\x94\xf4\
\x68\xe9\xd8\xaa\xb1\xb6\x4e\x77\xa2\xbb\x22\xfc\x01\x1f\xc9\xb0\
\xa5\x5d\x04\xc2\x91\x17\x2a\xa6\xa2\x28\xab\x8b\x6b\x5b\xfc\xf9\
\xb3\xcf\xf0\xe8\xc1\x83\x67\x5e\xee\x41\x75\x0e\x7f\x35\xfa\x49\
\xed\x0f\xfe\xa2\xa0\xce\xb5\xf4\x22\xa0\x75\xae\x9b\xa2\x28\x27\
\xc7\xfc\xe8\x08\x7f\xfe\xe3\x1f\x9f\x79\x0f\x7f\xba\x33\x54\x3a\
\x26\x2c\xe3\x1b\x73\xc6\x57\x89\xb5\x77\xba\xb9\x71\xa3\x48\x11\
\x1b\x6b\xed\x5a\x6c\xbd\xa3\x28\xca\x8b\xc3\x03\x78\xf8\xf0\x21\
\xfe\xf0\xe9\xa7\xd8\x7f\xf2\xe4\xd9\xf2\x20\x4e\xe9\xd8\x0e\x20\
\xd2\xf7\x55\x64\x99\x88\x3c\xad\xc7\xaa\xbf\xbc\x43\x51\x94\x17\
\x8f\x77\x0e\x5f\xdd\xbc\x89\x2f\xfe\xfc\xe7\xe7\x7e\x7e\x85\x06\
\x54\xf9\xda\xee\x55\xd7\xa7\x91\xb5\x77\xba\x4b\x17\xb1\xb4\xbc\
\xc4\x39\xb7\x9a\x3b\x2b\x28\x8a\xf2\x9d\x73\x70\x70\x80\xbb\x77\
\xee\x3c\x53\xda\xb0\xbc\x06\x83\x07\x28\xa5\xb5\x88\xeb\x42\x49\
\x6e\x69\xe9\x8c\xeb\x82\x1a\x8a\xa2\x28\x14\xef\x3d\x6e\xde\xb8\
\x81\xc3\x6e\x5b\xc1\x67\xc2\xe4\x8e\xf6\xd8\x96\xa5\xab\xac\x67\
\xff\x3f\x00\x00\x00\xff\xff\xec\x9d\xdf\x8f\x24\x59\x76\xd7\xbf\
\xf7\x47\x64\xd6\x8f\xae\xae\xfe\xdd\x33\xbd\xbd\x4c\xef\x8c\xb5\
\x1a\xc3\xee\x62\x6c\xd9\x42\x02\xff\x01\xbc\x58\xc2\x12\x92\x25\
\x0b\x1e\xe1\xc9\x4f\x08\xf1\x0a\x12\x0f\xf0\x80\x00\xed\x0a\x6c\
\x9e\x10\x7e\xf0\x83\x41\xc8\x66\xb1\x85\x77\x41\x02\x56\x86\x65\
\x19\xaf\xbd\x63\xb3\xb3\xb3\xeb\x19\x33\xab\x9d\x9d\xdf\xd3\x3f\
\xaa\xab\x2a\x33\xe2\xde\xcb\x43\xc4\x89\x3c\x71\x33\xa2\xba\xbb\
\x3a\x32\xf3\xde\xac\xf3\x91\x4a\x99\x95\x95\x55\x15\x91\x91\x79\
\xee\xb9\xe7\x7c\xcf\x39\xd9\x5b\xc8\x21\x0d\x77\x7c\x9f\x47\x61\
\x16\x12\x13\x41\x10\x84\x2e\x1f\xbc\xff\x3e\x26\xcf\xd8\x81\x85\
\x9c\x4e\x6e\x58\x86\x0c\x7f\xca\x0b\x02\x71\xd6\xb1\xf7\x39\xe2\
\x54\x9c\x9e\xc3\xb9\x09\x82\xb0\x19\xde\xf9\xb3\x3f\x3b\xd7\xc6\
\xdc\x87\x80\xe0\x03\x78\x7b\x68\xba\x4d\xb5\xfb\xd3\x10\xd9\x3b\
\xdd\xb1\x96\x70\xa8\xf0\x87\x9e\x4b\xcf\x11\x04\x41\xe8\xe3\xf4\
\xf4\x14\x27\xe7\xa8\xbc\xd7\xf1\xe4\xc9\x27\x14\x78\xf3\xdb\xd4\
\xe8\xd3\x49\xf6\x05\x34\xda\xe3\x6f\x6e\x44\x5e\x22\x08\xc2\x10\
\x47\x47\x47\x70\xac\x2b\xcb\xd3\x42\xc3\xc7\x02\x6b\x0f\xdd\x27\
\x2f\xe9\xd3\x7d\xa7\x46\xd6\x4e\x77\x5f\xda\x93\x17\x2c\xc5\xa9\
\x88\x8e\x1e\x68\xed\x47\x2b\x08\x42\x2e\xf8\x73\x14\xfd\x74\x0b\
\xb8\x97\x9d\xea\x5c\x1c\x6e\x60\x58\x73\x4e\xb6\x74\xc8\xb6\xe6\
\x16\x75\x12\x04\x61\x7d\x9c\x57\x62\xc7\xe5\x24\x64\x62\xfa\x8a\
\xd5\xe3\xfb\x29\x92\xb5\xd3\x1d\xc3\x0b\x99\x38\x4a\x37\x17\x80\
\x6b\x2d\xd7\x79\x60\x82\xb0\xcd\x24\xec\x3c\x9e\x17\x6d\xcc\xb9\
\x7f\xb7\xb6\x41\xfd\xc3\xba\x80\xa8\xc5\x62\x06\x3c\xcd\x26\x81\
\x06\x03\xe5\x72\x4e\x82\x20\x6c\x80\x26\x28\xfa\x2c\xc4\x0e\xb5\
\x73\x5d\x67\x3b\xee\x9e\x94\xba\x0d\xda\x0a\xa7\x7b\x28\xbd\xd0\
\x76\x11\xa0\x29\x69\x03\x4e\xb9\x20\x08\xcf\x41\xe2\x46\xee\x59\
\xd9\xd9\xd9\xc1\xee\xde\xde\x33\xff\x1e\xb7\x3d\x0a\xcb\x51\x6e\
\x5e\xcc\x1d\x3f\x3f\x15\xce\x92\xea\x71\x9c\x73\xd1\x39\xb9\x66\
\x41\x3c\x5f\x5b\x30\x41\x10\xba\x6c\x97\x55\xad\xb9\xb4\xbf\x0f\
\x7b\x8e\x9e\xe3\xdc\xa1\x56\x91\x8c\x8f\x3b\xdc\x71\xe0\x35\x45\
\x1b\xbb\x15\x4e\x37\xa7\xb7\x67\x63\x58\x5c\x2c\x75\x8e\x9d\x96\
\x20\x08\x17\x87\x5b\xb7\x6f\x63\x3e\x9f\x3f\xd3\xef\xb4\xa2\x12\
\xd6\xc9\x03\x18\xae\x2f\x49\x9d\xce\x06\xa2\xb1\x97\x14\xc4\x68\
\xbb\x06\x38\x0f\x85\xc6\x9e\x36\x36\x56\xba\x97\x08\x82\x30\xc4\
\x4b\xf7\xee\x9d\x6b\xb2\x66\x5f\xc0\xe2\xac\xd9\x00\x29\xfb\x78\
\xd9\x5b\xc8\xc1\xc2\x1e\xf0\x05\xd0\x23\x34\xba\x43\x89\x72\x0b\
\x82\x30\xc4\xee\xee\x2e\x6e\xdc\xbc\xf9\x5c\x7f\x63\x61\x77\xfa\
\x23\x2d\xa9\x0f\x92\x89\x8f\x8d\xa7\x70\x3b\x8f\xa3\xb6\xad\x32\
\x99\x52\x10\xc6\x67\xdb\x3e\x49\x77\xee\xdc\xc1\xee\xfe\xfe\xb9\
\x7e\x37\xee\x3e\xe7\x43\xb7\x65\x60\x2e\x45\x94\x00\x90\xdf\x6c\
\xd1\x88\xbe\x1d\x0d\x5f\x00\xb4\xd2\xf0\x58\x14\xf9\xf4\x4d\xab\
\x14\x04\xe1\x62\xa3\x00\x5c\x3e\x3c\xc4\xb5\xeb\xd7\xb1\xbb\xb7\
\xf7\xec\x36\x22\x4a\x77\x52\xf4\x17\x3d\x0e\xb6\xf7\xfe\xb9\x47\
\x23\xaf\x92\xbe\x3e\xe3\x7d\xf7\xb5\xd2\x08\x58\x38\xe4\xce\x39\
\x09\x6a\x08\x82\xd0\x41\x69\x8d\x17\x5e\x7c\x11\x9f\x7d\xe9\xa5\
\xf3\xd9\x87\x9e\x4d\xbf\x56\x0a\x40\x6d\x5b\xe3\xec\x5a\xea\xb5\
\x25\xd9\x3b\xdd\x7d\x51\x99\x45\x95\xab\x5a\xda\x05\xa5\x1e\x65\
\x12\x04\x61\xfd\x68\x63\x70\xef\xe5\x97\x9f\xcb\x3e\xf0\x94\x67\
\x7d\x1f\x00\x02\x94\x5a\x38\xd8\xde\xfb\x8e\xa6\x31\x45\x5b\xc4\
\x1d\xeb\x58\x3f\x19\xbc\x6f\x0b\x67\x7d\xe8\x46\xb8\x45\xba\x27\
\x08\x42\x4c\x51\x14\xb8\xf7\xf2\xcb\xe7\x96\x9e\xd1\x18\xf8\xb6\
\x2b\x1d\xd0\xd4\x11\xd5\xb6\x95\x77\x53\xca\x81\x6c\xe5\x25\x71\
\xd4\x85\xdf\xc6\x0b\x67\xdc\xcf\x31\xa7\x0b\x24\x08\xa9\xf3\x34\
\xdd\x2d\x52\x82\x7f\xfa\x69\x21\x18\xcb\x2e\xf4\xc9\xdd\x62\xc7\
\x34\x07\x19\xc6\x90\xe3\x1d\xd0\x0c\xaa\xe8\x39\xfe\xd4\xcf\x49\
\x10\x72\x22\x6e\x0a\x91\x1b\xa6\xe9\x00\xf5\xbc\x93\x6a\xa9\x28\
\xbd\x0d\x5c\x44\x85\x92\x71\x66\x2e\x75\xb2\x74\xba\xb9\x73\xcd\
\x59\x5e\xd0\xfa\x75\x86\x39\xbe\x81\x05\x21\x45\x78\xf1\xdc\xc9\
\xc9\xc9\xb9\xfa\x5b\xaf\x9b\x8a\xc9\x20\xa6\xd3\xe9\x68\x7f\xb7\
\x6f\xf3\xcf\xbf\xa7\xfb\x7d\xd9\xb9\xd4\x88\x17\xb2\x21\xc9\x09\
\x7d\x4f\x5d\x4b\x52\x3c\x17\x41\xc8\x11\xc3\xda\x96\x7e\xf8\xc1\
\x07\x9d\xef\x53\x24\x84\xd0\x16\xa0\x2b\xa5\xb0\x77\x8e\x0e\x50\
\xbd\x7f\x37\xfa\x1f\xf4\xf7\xe3\x3a\x92\x1c\xec\x2a\x90\xb9\xbc\
\x64\x48\x38\x4f\x69\x4e\xea\xe7\x98\xcb\xc5\x10\x84\xdc\x50\x4a\
\xe1\xe0\xe0\x00\xef\x35\x9a\xde\x37\xdf\x78\x03\x7f\xfe\x0b\x5f\
\x48\x36\x9b\x14\x42\xc0\xdb\x6f\xbd\x05\xa0\x4e\x7b\x4e\xa6\xd3\
\xd1\x8e\xb5\xcf\xb9\x8e\xdb\x59\x9d\xf5\xbb\x9b\x7e\xcd\x7a\x8b\
\x25\xa3\x48\x3d\xd0\x2c\x78\x08\xf0\xac\x5f\xae\xd6\xba\x6e\x23\
\x28\x01\x0d\x41\x18\x85\x62\x32\xc1\xe1\xe1\x21\x1e\x3c\x78\x80\
\x93\x93\x13\xfc\xbf\xb7\xdf\xc6\x9d\xcf\x7c\x66\xd3\x87\x35\xc8\
\xfb\xef\xbd\x87\xd9\x6c\x06\x00\xb8\x76\xed\x1a\x66\xcf\xd8\x01\
\xea\x2c\xfa\x7c\x38\x9e\xa5\x3c\xeb\xb9\xa9\x91\xb5\xd3\x1d\x6b\
\xb6\xfb\x76\x3e\xb4\xe8\x91\xee\x27\x85\xc5\x4d\x10\xb6\x85\x10\
\x02\xae\xdf\xb8\x81\xf7\xdf\x7b\x0f\x0f\x1e\x3c\xc0\xd1\xd1\x11\
\x5e\xfb\xd6\xb7\xb0\xbf\xbf\x9f\x5c\xfb\x38\xe7\x1c\x8e\x8e\x8e\
\x5a\xfb\x70\xfd\xc6\x0d\xec\x5f\xba\xb4\xd2\xff\x99\xfa\x02\x70\
\x16\x43\x45\x94\x00\xda\x56\x81\xbc\x8d\xa0\x52\x6a\xeb\x7a\xb6\
\x0b\xc2\xa6\xa8\xaa\x0a\xaf\xfc\xc4\x4f\xe0\x8f\x5f\x7f\x1d\xf3\
\xf9\x1c\x3f\x7c\xe7\x1d\x7c\xf4\xe1\x87\xa3\x66\xe7\xc6\x62\x36\
\x9b\xe1\xf8\xf8\x18\x40\x1d\xcc\xf8\xcc\xdd\xbb\xa3\xda\xbe\xbe\
\x69\x93\x3e\x04\x98\xa8\x8e\xa4\xaf\xb0\x32\x35\xb2\x76\xba\x87\
\xd2\xb8\x21\xf4\x0f\xa0\xa0\x85\x43\xe4\x25\x82\x30\x1e\x4a\x6b\
\x7c\xe9\xa7\x7e\x0a\x7f\xf4\x87\x7f\x88\x87\x0f\x1e\xc0\x39\x87\
\x87\x0f\x1f\x6e\xfa\xb0\xce\xe4\xd6\xad\x5b\xf8\xfc\xab\xaf\xa2\
\xaa\xaa\x51\xfe\x1e\xe9\x9d\xe3\xf4\xa7\x52\xaa\x9d\xd6\x98\x53\
\x44\x66\x48\xc2\xc7\x6d\xe8\x50\xa0\x43\x10\x84\x71\xd8\xdd\xdf\
\xc7\xe7\x5e\x7e\x19\x6f\x7e\xef\x7b\x08\x21\xe0\xf8\xf8\xb8\x75\
\x6e\x53\xe5\xe5\x57\x5e\xc1\xc1\xe1\xe1\x68\xb6\x80\x17\xa1\x77\
\x8a\xb5\x07\x02\x02\xa9\xd7\xee\x6d\x85\xd3\x1d\x5f\x5c\xa5\xba\
\x69\x51\x3e\xdc\x41\x2a\xec\x05\x61\x7c\x9c\xf7\xf8\x0b\x5f\xfc\
\x22\x3e\x7c\xff\x7d\x3c\xb8\x7f\xff\x5c\x03\x10\x86\x88\x3f\xad\
\xe7\x36\xe5\x21\xc0\x16\x05\xae\x5d\xbf\x8e\xeb\xd7\xaf\x8f\xe6\
\x70\x2f\xff\x9b\xb0\xb4\x50\xa0\x89\xbe\xa4\x3c\x29\xad\xaf\xc8\
\x33\x76\xaa\x11\x42\x5b\x48\x39\x94\x59\x14\x04\x61\x1c\x42\x08\
\xb8\x79\xfb\x36\x2e\x1d\x1c\xe0\xc7\xef\xbe\x8b\x93\xe3\xe3\xd1\
\xfa\x77\xf7\x7d\x52\x9f\xe7\x6f\xef\xed\xed\xe1\xc5\x3b\x77\xb0\
\xbb\xb7\x37\x7a\x60\x93\x07\x01\x3a\xdd\x4a\x02\x00\xb5\xec\x78\
\xa7\x4c\xd6\x4e\xf7\x93\xda\x7b\xf5\x75\x2d\xc9\xe9\xe2\x08\x42\
\x4e\x28\xa5\x70\xfb\xc5\x17\x71\xeb\x85\x17\xc6\xd3\xf6\xf6\x39\
\x71\xe7\xfc\xfc\x06\x2c\x8a\x93\x56\x61\x03\xc8\xbe\xf0\xf4\x66\
\x6b\x73\xd8\xf7\x9d\x63\x1a\x88\x28\xa7\xc4\xa2\xef\x78\x73\x1e\
\xa1\x7f\x1a\x5c\x08\xe1\xdc\xd7\x46\x10\x84\x7e\xbc\xf7\x98\xee\
\xec\xe0\x73\xaf\xbc\x92\x6c\xa1\x3a\xd9\xd6\x75\x2b\x09\x3c\x02\
\x0c\x96\x03\xa9\x29\xdb\xd3\xac\x9d\x6e\xa0\xbf\xd0\xc7\x47\x69\
\x87\xb8\xa0\x89\x16\x10\x41\x10\xc6\xa5\xfd\x8c\xad\x52\x57\x77\
\x4e\x83\x4a\xad\xa7\x56\x05\x0d\xbd\x89\x1f\x33\xc6\xb4\x03\x1e\
\x96\xb4\xd1\x09\x2d\x0e\x7d\x4e\x34\x97\x92\x40\xa9\x76\xf3\xc0\
\xe5\x25\x14\x7d\xd2\x5a\xa3\x5c\x51\xf6\x40\x10\x2e\x3a\x21\x84\
\xd5\xda\xd5\xe7\x60\x9d\xb6\xb5\xf3\x7f\x7a\xd4\x0e\xa9\x07\x55\
\xd3\xbc\x82\xe7\xa0\xa3\xeb\x0e\x01\x71\xa2\x84\x4f\xa2\x14\x4d\
\xb7\x20\x08\xab\x20\xd6\x3b\xc7\xd9\xb6\xb8\x30\x31\x45\x2d\xf4\
\xd0\x94\x5f\xdf\xd8\xd6\x38\x3a\xcf\x8b\x29\x53\x3a\x0f\x41\x10\
\xb6\x8b\x3e\x1b\x33\x54\xbf\x97\x2a\x5b\xe1\x74\xc7\x6d\xb9\xea\
\xaf\xc5\xe0\x0b\xae\xe5\x16\x87\x5b\x10\x84\x55\xd0\x16\x4e\x0e\
\x44\xaf\xe3\x9f\xa5\x56\x5f\x12\x6f\x10\x62\xbc\x73\x4b\xda\x4a\
\xfe\x7b\xb9\x4d\x86\x13\x04\x21\x03\x7a\x32\x83\x4a\xa9\x7e\x4d\
\x7a\x06\x72\xbd\xad\x70\xba\x6b\xcd\x24\x8f\xc0\xd4\x8f\xf3\x45\
\x21\xf5\x8a\x56\x41\x10\xf2\xc7\x7b\xdf\x7e\x91\xdd\xa1\xfe\xd5\
\x7d\xf2\x92\x94\x18\x3a\x2e\xb2\xad\x43\x93\xdf\x62\xe7\x5b\x10\
\x04\x61\x34\xa2\x8c\x1a\xb0\xc8\xbc\x71\xbb\xca\x49\xd5\xc6\x02\
\x99\x3b\xdd\x9d\xaa\x79\xf0\x05\xa1\xbf\xb5\x15\xe1\xbd\x1f\xad\
\x02\x58\x10\x04\xa1\x6f\x6a\x1a\x39\xa3\x5a\x6b\xa0\x69\x1b\xb8\
\xf4\x7b\x09\x2f\x0e\xad\xdd\x0c\xcb\xd3\x28\x87\xda\x06\xa6\x7c\
\x3e\x82\x20\xe4\x09\x97\x90\x74\xea\xf4\xd0\xad\x1f\xca\xc1\xfe\
\x64\xeb\x74\xf7\xed\x6c\x96\xfb\x75\x2f\xd2\xbd\x12\x85\x11\x04\
\x61\x55\xf0\x42\xa2\x58\xeb\x4c\x75\x26\x43\xa3\xd4\x9f\x65\xa1\
\x38\x9a\xbf\x37\xde\x41\x0f\xb0\xec\x3c\x77\x8f\x93\x1c\x6e\xad\
\x75\x6b\x5b\xa5\x5e\x46\x10\x84\x55\xd1\xe7\xbf\xb5\x72\xb6\x48\
\x7e\x92\xba\xe3\x9d\xad\xd3\xdd\x47\x1d\xc1\xee\x2f\xa0\xe4\xd1\
\x19\x41\x10\x84\x31\xe9\x73\xa0\x79\x27\x93\xc0\x1c\xd7\xf3\x16\
\x4f\xce\xfd\x63\xfc\xd6\xeb\xff\x00\xcf\xd7\x4d\xf7\xc9\x0c\x15\
\x52\x52\x06\x91\xd7\xc7\x38\xa6\xf3\xee\xeb\xde\x22\x08\x82\xf0\
\x3c\xc4\xd2\x60\xb2\x31\xb1\x83\x9d\xba\xb3\x4d\x6c\x85\x85\xe4\
\xe2\xfa\xe0\x97\xab\xe8\x25\xf5\x29\x08\xc2\x4a\x61\x19\xb5\xde\
\xa8\x6f\x8f\xe9\x79\x96\xa8\xcc\x69\xf5\x08\xbf\xfe\x7f\x7e\x05\
\x73\x77\x8c\xfe\xb1\x16\xe3\x31\x7c\x4c\xcb\xb2\x92\xb8\x15\xab\
\x04\x35\x04\x41\x18\x13\x85\xee\x84\xdf\xbe\x0e\x26\xb1\xba\x21\
\x65\x7f\x2f\x7b\xa7\x3b\x8e\x1c\x29\xa8\x36\xed\x19\x2f\x00\x9d\
\xce\x01\x6b\x3d\x4a\x41\x10\xb6\x1d\x2a\xa0\xe4\x4e\x28\xcf\xae\
\xf5\x2d\x02\x4f\x23\x7b\x73\x61\x8e\xaf\x7f\xef\xcb\x78\xff\xd3\
\xef\xc3\x9a\xbd\x71\x0f\xba\x87\x3e\x99\x1e\x6d\x1a\x7a\x7f\xd6\
\x10\x42\x90\x48\xb7\x20\x08\xa3\x12\xd0\xad\xd1\x6b\x1f\x8f\xf5\
\xdd\x91\x7d\x4d\x55\x52\x9c\xfd\x70\x1c\xa0\xab\xa5\x0c\x58\x5c\
\x00\xad\x35\x1c\x9b\xe0\xd4\x59\x00\x37\x72\xa4\x82\x20\x6c\x25\
\x91\x13\x4a\x7a\x43\xad\x35\x74\x53\x44\xb9\x70\xbe\x9f\x7e\x6c\
\x71\x40\xc0\xef\x7c\xe7\x9f\xe3\x3b\xef\xfe\x2e\xa0\x1c\x26\x66\
\x67\x75\xe7\x40\xff\x33\x2a\x3a\xe7\x76\x75\x28\x3a\xdf\xd1\xaf\
\x27\xba\xd8\x09\x82\x90\x2f\x7d\x75\x7b\x74\x9f\x37\xd3\x48\x35\
\xc2\x4d\x6c\x55\x58\x82\xa7\x1f\x00\xb6\x60\x44\xf2\x92\xd4\x2f\
\x8a\x20\x08\xf9\xf1\xc4\x48\x4b\xfb\xed\xd3\xb6\x2e\x0d\xf8\xc6\
\xf7\xff\x2d\xbe\xfd\xc3\xdf\x86\xd6\x80\x51\x06\xfd\xdd\x69\x57\
\x47\x3c\x03\x21\xce\x1e\xc6\x6d\xbc\x04\x41\x10\xc6\x24\xb6\x2f\
\xce\xb9\x8e\xa4\xb8\x45\xe5\x31\x20\x67\x2b\x9c\xee\xbe\xe1\x38\
\xf1\xe3\x94\xfa\x95\xf4\xa7\x20\x08\xab\xa2\x4f\x4e\xb2\xe8\x60\
\x02\x84\xb0\xfc\xb3\x21\xbe\xf5\xd6\x7f\xc0\xef\xbd\xfe\x15\x18\
\x6b\xe0\x7d\x80\xd2\x00\xd4\xfa\x17\x92\xf8\x3c\x28\x72\xcf\x17\
\x41\x1e\x85\x12\x04\x41\x18\x0b\x1e\x48\x8d\x03\xab\x39\xb6\x2b\
\xcd\xda\x03\x6d\x5f\x6c\xdf\xdd\xdd\xc4\x17\x05\x40\x9b\xea\x95\
\x42\x1f\x41\x10\xc6\xe6\xac\xc2\xc2\x6e\x96\x6d\xf1\xfc\xb3\xf8\
\xe3\x1f\x7e\x0d\xbf\xfb\x47\x5f\x46\x61\xf7\x00\xd7\x38\xb4\x6a\
\x7d\xd1\x9b\x78\x31\xe3\xff\x97\x22\x4d\xf4\x18\x49\x68\xc4\xb6\
\x0a\x82\x30\x36\x71\x10\x95\x6f\xee\xb9\x9a\x81\x3f\x27\x65\xb2\
\x75\xba\x79\xeb\xaa\x38\xe3\x1a\x3b\xde\x31\x12\x91\x11\x04\x61\
\x4c\x78\x1d\x09\xd7\x70\xf3\xc7\x9f\x96\x1f\x7e\xf2\x3a\x7e\xf3\
\x7f\xff\x43\x54\xde\xc3\x1a\x0f\x68\x40\x6b\x05\xad\x01\x17\x4e\
\x57\x78\x16\x0b\xe2\x71\xf5\xc4\x50\x50\x43\x8a\x28\x05\x41\x58\
\x15\xdc\xe1\xe6\x4e\x75\x2c\x33\xc9\x41\xea\x96\xb5\x95\x8c\xa5\
\x24\x7c\x21\xa0\x08\x13\x15\x53\xf2\x0b\x26\x11\x19\x41\x10\xc6\
\x64\x48\x6a\xd1\xd7\x3e\xb0\xb5\x45\x3d\x7f\xe7\xa4\xbc\x8f\x5f\
\xff\xc6\xdf\x07\x1c\xb0\x53\x00\xde\x6b\x68\xbd\x68\x47\x58\xba\
\xe3\x95\x9f\x47\x5f\xaa\x96\x3f\xce\xc7\xbe\xf7\xc9\x4c\x04\x41\
\x10\xc6\xe4\x49\x36\x89\xbe\x07\x90\xfc\x30\xc4\x6c\x9d\xee\x78\
\x87\xc3\x17\x35\x3e\x85\xb2\x9d\x5a\x04\xa0\xaa\x2a\xd4\xc5\xf5\
\xe9\x5e\x10\x41\x10\xf2\x25\x76\xb2\x87\xb4\xce\x75\xb5\x7d\x77\
\x11\x99\xbb\x63\xfc\x9b\xff\xf6\x77\x71\x7a\xf2\x00\xa6\x30\x50\
\x5a\x41\x1b\x92\x6f\x28\x28\x05\x9c\x94\x9f\xae\xfc\x1c\x86\x26\
\x67\xf2\x9f\xc7\x8b\x9d\x73\xae\xed\x55\x2e\x08\x82\x30\x1a\x3d\
\xc5\x91\x67\xb5\x0a\x4c\x5d\xdf\x9d\xad\xd3\x0d\x2c\xeb\x77\xe2\
\x82\x4a\xfe\x98\x52\x0a\xc6\x18\x18\xa3\x93\xbe\x20\x82\x20\xe4\
\x49\x1c\xcd\xa6\x6c\xdb\x50\x9f\xee\xc0\x5a\x5c\x29\x05\x7c\xed\
\x3b\x5f\xc1\x8f\xee\xbf\x01\xab\x0a\x14\x3b\x00\x54\x68\x65\x25\
\x74\x3b\xf7\xc7\x80\xde\x8c\xfd\x8a\xa5\x24\x7c\xe1\xb3\xd6\x42\
\xcb\x70\x1c\x41\x10\x56\x00\x0f\x9e\xf6\x39\xdc\x0b\xdb\xba\xf0\
\xfb\xba\x8f\xa7\x43\xd6\x7d\xba\x87\x76\x38\x71\x65\x6b\xdc\x36\
\x30\xc5\x0b\x21\x08\x42\xde\x18\xa3\xdb\x0e\x49\x7d\x5a\xc3\x25\
\xdb\xc3\xee\x7f\xf3\xad\x7f\x8f\xff\xf9\x83\xdf\x42\xa1\x2d\xcc\
\x54\x21\xb8\x00\x6d\x34\x8c\x69\x1c\x6e\x03\x28\xa5\xe1\x43\xed\
\xaa\xaf\xd2\x82\xc5\xc7\xd9\x57\x54\x49\x1b\x0a\xb2\xad\xad\xb4\
\x44\x22\xdd\x82\x20\x8c\x09\x6b\x82\x41\xb6\x75\x48\xe3\x1d\x42\
\xba\xce\x36\x91\x6d\xa4\x3b\x4e\x33\xc4\xe9\xce\xa1\x2f\xa5\xb4\
\xa4\x40\x05\x41\x18\x1d\xef\xbb\x63\x8a\xfb\x0a\x10\xfb\x9c\xef\
\xfb\x27\x3f\xc2\x7f\xfe\xf6\x57\x30\x31\x16\x46\x6b\x58\x53\x17\
\x63\x6a\xa3\x9b\x08\xb7\x6e\x16\x1b\x0d\xbd\x72\x97\x7b\x41\xdf\
\xc2\x35\x64\x6b\x01\x48\x21\xa5\x20\x08\x2b\x81\x17\x70\xc7\xb5\
\x7b\x74\xbf\xb6\x43\xe9\x3a\xdb\x44\xb6\x56\xb2\xb7\x39\x7a\xf4\
\xb3\xf8\x7e\x7d\x61\x7c\xd2\xbb\x20\x41\x10\xf2\x84\x9c\x4e\x1e\
\x7d\xa1\x89\xb8\x71\xbb\x2b\xfa\xfe\xd3\xe3\x1f\xe1\x57\xbf\xf6\
\xb7\x11\x10\x80\x60\x30\x99\x1a\x00\xd4\x05\xa5\x8e\x9e\x2f\x1c\
\x6f\x05\xc0\x00\x61\xf5\x66\x7b\x48\xd7\x3d\xa4\x4f\x97\x02\x75\
\x41\x10\x56\x0d\xaf\xe1\x23\x7b\xba\x54\x38\x99\xb8\x7b\x97\xad\
\xd3\x7d\x96\xe3\xcc\x17\x89\xb8\xc0\x92\x4f\x50\x13\x04\x41\x18\
\x8b\xb8\x27\xb7\xf7\x1e\xc6\x98\x25\x49\x06\xd0\x44\x69\x50\xe1\
\xeb\xaf\xff\x1a\xaa\x30\x83\x0a\x0a\xc5\xc4\x43\xa9\xda\x79\x37\
\x4d\xb4\xbb\x2e\xa6\x5c\x74\x30\xb1\x7a\xba\xd6\x35\x25\xb6\x95\
\xdc\x9e\x76\x16\xbe\x26\xfd\x2b\xb6\x55\x10\x84\x51\x61\xf6\x34\
\x76\xb4\xfb\x32\x87\x21\x71\xaf\x3b\x5b\xa7\xbb\xaf\x2f\x23\x3d\
\xc6\x75\x3f\xf4\xb3\xb6\xc2\x1e\x69\xeb\x7d\x04\x41\xc8\x13\x6e\
\x73\x86\xba\x2a\x11\x21\x04\x7c\xf5\xdb\xff\x18\xdf\x7d\xf7\x7f\
\x40\x01\xb0\x85\xc6\x74\x3a\x05\x80\xa6\xe0\xbb\xfe\xb2\xd6\xc2\
\x68\x03\xad\x34\x54\x30\xd8\xb7\x37\xd6\x12\xc9\x19\xaa\x7d\xe9\
\x5b\xf0\x9c\x73\xf5\x79\x8a\x59\x15\x04\x61\x74\xd4\x92\xdd\x01\
\x7a\x26\xfe\xa2\xeb\xdb\xa5\xea\xe7\x65\xeb\x74\x03\xcb\xed\xb8\
\xe8\xc5\xaf\x5b\x03\x76\xfb\xc9\xd2\x6d\x08\xbe\x37\x45\x2a\x08\
\x82\x70\x5e\x02\xb0\x70\x3e\xd1\x3f\x0e\xbe\x7d\x6e\x08\x78\xfb\
\xe3\x6f\xe1\xcd\x77\xbf\x89\xc2\x4c\xa0\x14\x30\x99\x18\x38\xe7\
\x60\xac\x81\xd2\x68\xa4\x25\x8d\xf3\xad\x15\x8c\x36\x50\xca\x60\
\x7f\x72\x7d\x6d\xe7\x14\xdb\x49\x3a\x3f\x3a\x37\x9a\xf2\x5b\x9f\
\x93\x47\x50\x52\xa4\x2e\x08\xc2\xd8\x2c\x7c\x3a\x82\x0f\x1e\x4b\
\xbd\x2f\x77\x4c\xd6\x4e\x37\xd0\x6d\x0d\x48\x50\x3b\xab\xa5\x0b\
\x11\x00\x85\xa6\x65\xa0\x2c\x0e\x82\x20\x8c\x84\x02\x3a\x91\x98\
\xbe\x4c\x1b\xdd\x7f\x38\x7b\x1f\xff\xee\x9b\xff\x08\x3e\x04\x68\
\x68\x58\x6b\x1a\x09\x89\xa9\x0b\x29\x6d\x1d\xe1\x9e\x58\x85\x42\
\x1b\x14\xc6\xc2\xc0\x40\x79\x8f\x7d\x7b\x6d\x6d\xe7\xd4\xe7\x40\
\x0f\x8e\x7b\x6f\x6a\x98\x72\x5a\xfc\x04\x41\xc8\x83\x38\xbb\x16\
\x4b\x85\xfb\xfc\xc0\x54\x6d\x51\xb6\x2d\x03\xfb\xa2\x47\x7c\xf7\
\xd3\xd1\xfa\xb0\x9f\x01\x80\x82\x92\xd6\x56\x82\x20\x8c\x46\xdb\
\x25\x96\xe9\x0f\x7b\xbb\x97\xc0\xe3\xb7\x5f\xfb\x27\xb5\x93\x0e\
\x0d\xa3\x81\xdd\xdd\x29\xbc\xab\x60\xac\x81\xb1\xb5\x9e\xdb\x1a\
\x03\x63\x14\x8c\xa9\xa5\x72\x2e\x38\x54\xae\xc4\xc1\xf4\xe6\x7a\
\xce\x27\x8a\x2a\x85\x50\x17\x77\x96\x65\xb9\x54\x2f\x13\x17\x88\
\x0a\x82\x20\x8c\x09\x1f\x74\x48\x3e\x9e\xb5\xb5\xfb\x1a\xb7\x0e\
\x4c\x3d\xdb\x96\x6d\xa4\x3b\x5e\xd0\x88\xb8\x5d\x57\x08\x0b\x59\
\x3d\xa5\x43\x6b\xfd\x61\xda\x17\x46\x10\x84\xbc\x08\x00\x7c\x58\
\x2c\x0c\x3c\x2a\xac\x94\x42\x55\xcd\xf1\x5f\xbe\xfb\xaf\xf1\xe1\
\x83\x77\x60\xb5\x81\xd6\x01\xd3\xa9\x85\xab\x2a\x18\x63\x17\x0e\
\x77\x61\xea\x2f\x6b\x51\x14\xb6\x75\xbc\xcb\x79\x85\xbb\xd7\xff\
\xe2\x5a\xce\x25\xd6\xa4\xc7\xbd\xb9\x9d\x73\x4b\x13\x7f\x81\x7a\
\xea\xaf\x20\x08\xc2\x58\xd4\x76\xb5\x3b\xe2\xbd\xb6\xa7\x55\xfb\
\x58\xb7\x2d\x74\x77\x62\x6e\x6a\x64\xeb\x74\x0f\x15\xf9\xd0\x6d\
\x7c\x01\xea\x05\xc2\xb5\xc5\x94\x12\xe9\x16\x04\x61\x2c\x14\x00\
\xef\x5c\x9d\x45\xc3\xa2\x3d\x29\xb7\x45\x6f\xfc\xf8\xbf\xe3\xff\
\xbe\xf3\xf5\xda\xe1\x56\x0a\x85\xb5\xd0\xd6\xb4\xdd\x4a\x16\xc5\
\x93\xfc\xd6\x02\x4a\xc1\x87\x80\xe0\x1c\x5e\x3c\xfc\xc9\x95\x9f\
\x0b\xb7\xad\xb1\x5e\x92\x1c\x6d\xd2\x72\x93\x94\xcf\x33\x3d\xbb\
\x20\x08\xc2\x58\x90\x5a\x21\x8e\x66\xf3\xa9\xb8\xf1\xe6\x3f\x65\
\xb2\x75\xba\x89\xbe\xca\x55\x5a\x14\xea\x48\x53\x80\xf7\x6d\xac\
\xbb\x7e\x5e\xfd\xe4\xf5\x1f\xac\x20\x08\x5b\x49\x40\xd4\x43\x16\
\xa1\x35\x31\x21\x04\x7c\xf4\xf8\x4f\xf1\x8d\x37\x7f\x03\xd6\xec\
\x40\xa9\x7a\x01\x99\x4c\x2c\xbc\x73\xb5\xc3\x6d\x6b\x2d\x77\x51\
\x58\x14\x45\xd1\xde\x6a\xad\xa1\x95\x86\x77\x01\xd7\xf6\xef\x62\
\x6a\x2f\xaf\xe7\x7c\x62\x89\x5e\x03\x39\xe1\xf5\x90\x0a\xd6\x9b\
\x5b\xe9\xf6\xf7\x04\x41\x10\xc6\xa2\xaf\x36\x86\xbe\xa7\x5b\x3e\
\x98\x2b\x75\x1b\x94\xbd\xd3\x1d\xb7\x91\xa1\xc7\x16\xa9\x50\x34\
\x43\x25\xd8\x80\x8a\xfa\x9b\xcd\x1c\xb0\x20\x08\xdb\x07\x2d\x00\
\x8d\x98\x4d\x37\x93\x6f\x43\x08\x98\x55\x47\xf8\x8f\xaf\xfd\x33\
\xf8\x50\xc1\x84\x12\x4a\x59\x4c\x77\x2c\x7c\xa8\xbb\x95\xe8\xa6\
\x90\xb2\x8e\x76\x17\x30\xc6\xc2\xda\x82\x8d\x93\x0f\x28\xab\x12\
\x3f\xf3\xf2\x2f\xaf\xb5\x2d\x5f\x1c\x39\xe2\x12\x93\x7a\x91\xab\
\xc7\xbe\xd3\x31\xc6\x8b\x9f\x20\x08\xc2\x18\x90\x5d\x8d\xa3\xdd\
\xb1\x94\x98\x9e\x93\x32\x59\x16\x52\xf6\xb5\x0a\xe4\xb7\x74\x9f\
\x74\x87\x71\x71\x53\xec\xa4\x0b\x82\x20\x3c\x2f\x21\xd4\xb9\x34\
\x6d\xba\x5a\xee\xdf\xff\xfe\x6f\x60\x5e\x1d\x63\x6a\x27\x80\x9e\
\xc2\xda\xba\x88\x52\xab\x00\x6d\x34\x26\xda\xc2\x34\x51\x6e\x3b\
\x69\xa2\xdd\xa6\x76\x5e\xab\x46\x12\x17\xbc\xc7\x9d\xc3\x57\xd7\
\x70\x0e\x3d\x5d\x9f\xd8\xe3\x14\xc8\x70\xae\xd1\x7a\x3b\x57\x37\
\x2e\xc9\x64\xc1\x13\x04\x21\x47\x16\x81\x53\xee\xc7\xc5\xfa\xed\
\x94\xb5\xdc\x44\xb6\x61\x89\xbe\xd4\x27\xa7\x8d\xb8\xa8\xc5\xb0\
\x1c\x7a\x2c\x27\xfd\x8f\x20\x08\x79\xe0\xbd\x6b\xa3\xc1\xbe\xf1\
\xc0\xff\xe4\xdd\xff\x8a\x3f\x7d\xef\x9b\xb0\xda\x22\xc0\x03\xca\
\xc3\x5a\x03\x0f\x07\x6d\x1b\x1d\xb7\xd5\x28\x0a\x83\x62\x62\x30\
\x29\x2c\x26\xd6\xc2\x18\xd3\x16\x62\x56\x95\xc7\x9e\xbd\x8a\x83\
\xe9\x0b\x6b\x39\x8f\xbe\xe1\x13\x74\x5b\xdb\xcd\x66\x01\xd4\xf5\
\x24\x4a\x6e\x4b\xdb\x9a\x19\x41\x10\x84\x11\xa0\x9a\x11\xe7\x5c\
\x5b\x50\xc9\xe1\x91\xee\x1c\xfc\xba\x6c\x9d\xee\x98\xf8\x05\xe7\
\x51\x6e\xd7\x44\x63\xea\xe7\xe5\xb1\x1b\x12\x04\x21\x1f\x02\x42\
\x2b\x63\x03\x6a\xb7\xf4\xd1\xec\x23\xfc\xc1\x5b\x5f\x85\x51\x13\
\xc0\x2b\x28\xad\xb0\xb3\x33\x05\x10\xa0\x9b\x69\x93\x96\xf4\xdc\
\x85\xa9\xb5\xdc\xb6\x96\x97\x98\x46\xbe\xe1\x9d\xc7\xac\x3c\xc1\
\x8d\x83\x7b\x98\xda\x83\xf5\x9f\x17\xb3\x95\xb4\x09\x68\xc7\xdd\
\xfb\x10\x3d\x77\xed\x87\x27\x08\xc2\x05\xa0\x2e\x36\x37\x40\xe8\
\xd6\xca\xc4\x5d\x95\x88\x94\xfd\xbb\x6c\x9d\xee\xa1\x17\x38\x9e\
\x96\xd6\xa6\x20\xbc\x87\x0f\x1e\x24\x8a\x4c\x7f\x3f\x24\x08\x42\
\x2e\x28\x2c\x22\xc0\x21\x04\x9c\x96\x8f\xf0\xd5\xd7\xfe\x29\x9c\
\x3f\x05\x14\xa0\x0c\x60\xac\x6a\xa6\xe8\x68\x14\xda\xc2\x28\x5d\
\x8f\x79\x9f\xd6\x0e\xf7\xc4\x14\x98\x18\x0b\xab\x35\x10\xea\xc0\
\x41\x55\xcd\x31\x9f\x1f\xe3\xe7\x5f\xf9\x3b\x1b\x3d\x3f\xa0\x1b\
\xc5\xb6\xd6\x76\x64\x7b\x81\xd9\x56\x41\x10\x84\xb1\x71\xce\x35\
\x75\x23\xc3\x33\x01\x72\x90\xb9\x65\xeb\x74\xf7\xe9\xb8\x79\xcb\
\xaa\x36\xcd\xeb\xd8\xd4\xa2\xa6\xda\x5e\x8a\x7d\x04\x41\x58\x05\
\x64\x5b\xfe\xe0\xed\xff\x84\xc7\xb3\x87\x30\xca\xd6\x3a\x6f\x05\
\x4c\x0a\x0b\x28\xc0\x16\xba\x1d\x7c\x63\x8d\x81\xd5\xf5\x97\xd1\
\x1a\x5a\x01\x1a\x01\xc1\x7b\x94\x6e\x8e\xb9\x3b\xc1\x2b\xd7\xff\
\x2a\xae\xec\xde\x5b\xeb\x79\xf4\x75\x0a\xe0\x69\xdc\xaa\xaa\x98\
\xb3\x8d\xb6\x43\x94\x11\xdb\x2a\x08\xc2\xd8\x34\x32\x61\x0a\x46\
\x10\xdc\xc9\xee\xeb\x64\x97\xa2\xaa\x21\x5b\x0b\x39\xf4\x42\x0e\
\xbd\xc8\x14\xf5\x36\xc6\x74\x06\xe6\x08\x82\x20\x3c\x2f\x3c\xd5\
\xf9\xe3\x87\xdf\xc5\xf7\xde\xfd\x06\x26\xda\x20\x84\xba\xb0\x72\
\xba\x53\xc0\x37\x8e\xab\xd6\x1a\xba\x19\x82\x63\x0a\x83\x89\x9d\
\x60\x62\x2d\x0a\x53\xcb\x4d\xa0\x14\x9c\x72\x28\xcb\x53\x9c\xcc\
\x8e\xf1\xc5\xbb\xbf\xb0\xe9\xd3\x3b\x53\xdf\xad\x94\x6a\xa7\xc3\
\x09\x82\x20\x8c\x4a\x08\x40\x23\x0b\x86\x56\x9d\xcd\xff\xe2\x29\
\xfd\x1e\x5d\x3c\x67\x20\x05\xb2\x75\xba\x89\xb8\x1b\x09\x8f\xc8\
\xf0\x82\x49\xba\x2f\x85\x3e\x82\x20\xac\x02\xef\x3d\x8e\x67\x0f\
\xf0\x7b\xdf\xfe\x35\x28\xad\xe1\x83\x87\xb6\x1a\xd3\xa9\x85\x0f\
\x01\x5a\x1b\x18\x6d\x9a\xbe\xdc\xf5\x60\x1c\x63\x34\xac\x55\xb0\
\x5a\x41\x9b\x5a\xa0\x51\xf9\x12\xb3\xf2\x14\xa7\xe5\x1c\x87\x3b\
\xb7\xf0\xd9\x2b\x3f\xbb\x91\xf3\x89\xbb\x3c\x2d\xdb\x4e\xd5\xd9\
\x6c\x84\x10\xe0\x64\x40\x8e\x20\x08\x23\x12\xb0\x90\x96\xb4\xad\
\x59\x43\x77\x3a\xe5\xb3\x06\x61\x37\x49\xd6\x4e\x77\xdf\xb8\x4f\
\x9a\x52\xb4\xa0\xdb\xe5\x84\x8a\x81\x52\xdb\xfd\x08\x82\x90\x37\
\x5a\x6b\xfc\xe0\xc3\xff\x85\x00\x40\x43\x35\xc5\x92\xba\x1d\x9c\
\xa3\x54\x80\xb5\x1a\x5a\x2b\xd8\x42\xc1\x58\x40\x9b\x26\x5a\xac\
\x55\xdd\x8a\xcf\x97\x98\x55\xa7\x38\x9d\x3d\x42\x55\x9d\xe2\x17\
\xbf\xf4\x65\xa8\xb0\x19\x33\x1d\x07\x32\x48\x3a\xb3\xb0\xaf\xdd\
\xd1\xcb\x82\x20\x08\x63\x43\x0a\x05\x3e\x5d\x1c\x40\xbb\xd1\xcf\
\xcd\x9f\xcb\xd6\xe9\x1e\xda\xdd\xc4\xa3\x88\x43\x00\x54\xe3\x88\
\xbb\xa6\xed\x8c\x52\x4a\x4a\xed\x05\x41\x18\x95\x93\xea\x01\x5e\
\xfb\xc1\xef\x40\x35\x43\x63\x8c\x01\xb4\x69\xb4\xce\x8d\x86\x5b\
\xe9\xe6\x56\x69\x18\x65\xa0\x95\x86\xd5\x0a\x50\x01\x95\x9f\x63\
\x56\xcd\x31\x9b\x9f\xe0\xa4\x3c\xc5\x4f\xdf\xfd\x25\xec\x99\x5b\
\x1b\x3e\xab\x85\xad\xed\xd4\xcc\xd0\xad\xef\x46\xba\x65\x14\xbc\
\x20\x08\x63\x43\x5d\x93\x80\x3a\xea\xed\xbd\xab\xbb\x99\x34\x0c\
\xcd\x6a\x01\xd2\x2b\xaa\xcc\xd6\xe9\x3e\x8b\x25\x19\x49\xf4\xe2\
\x8b\xa6\x5b\x10\x84\xb1\xf9\xfd\x37\x7e\x13\x46\xd7\x13\xd1\x95\
\x0a\x98\xee\x4c\x11\x7c\xad\xe9\x56\xca\xd4\xad\x00\x8d\x86\xb1\
\xb5\xe3\x6d\xb4\x46\xd1\x44\x70\xbc\xaf\x50\xba\x39\x66\xd5\x09\
\x8e\xcb\x23\x4c\xd4\x04\x3f\x7d\xe7\x6f\x6d\xfa\x94\x00\xa0\x93\
\x25\xa4\xe0\x45\x6b\x53\x75\x77\x44\xb3\x14\xa9\x0b\x82\x30\x2a\
\x51\xb1\x24\xd5\xe7\xc5\x72\x37\x3e\xc0\x8b\x9e\x4f\x8f\xa7\x44\
\xb6\xd5\x2f\x7d\xc3\x71\xe8\xbe\x73\xae\x91\x91\x04\x84\xe0\x3b\
\x7d\x1c\x25\x15\x2a\x08\xc2\xd8\x38\x3f\xc7\x7b\x0f\xdf\x84\x56\
\xaa\x9e\x32\x39\x2d\xe0\xaa\xaa\x96\x65\x28\x05\x28\x0f\x6d\x2c\
\xb4\x56\xd0\xca\x00\x08\x08\x0a\x08\xf0\xa8\xe0\x11\x5c\x89\xca\
\xcf\x71\x52\x1e\x61\xaa\x2e\xe1\xaf\x7f\xe9\x57\x61\x30\xdd\xc8\
\xb9\xc4\xb6\x95\x7f\x4f\x8b\x1e\xd7\x72\xc7\xbf\x27\x08\x82\x30\
\x1a\x3d\xb2\x12\x60\x59\x2a\xdc\x09\xaa\x26\x6c\x8b\xb2\x75\xba\
\xb9\x88\x9e\xbe\xe7\x3f\x23\xe1\x3d\x5d\x2c\xa5\x35\x7c\x23\x2d\
\x91\x14\xa8\x20\x08\x63\xf2\xe8\xf4\x13\x38\x57\xd6\xd1\x6b\x6b\
\x9a\x5e\xb2\x0a\x45\x51\xeb\xba\xad\x51\xd0\xba\xd6\x6e\x43\x01\
\x4a\x07\x28\xe5\xe1\x03\xe0\x5d\x09\x17\x4a\x9c\x56\x27\x38\x9d\
\x1d\xe3\x6f\x7c\xe1\x5f\x60\xcf\xdc\xdc\xe8\xf9\x70\x7b\xca\x27\
\xf9\x72\x0d\x25\x8f\x28\x91\x4d\x15\xdb\x2a\x08\xc2\xa8\xb0\x79\
\x00\x5a\x2b\x68\x5d\x0f\xc9\x51\x8d\x5d\x8a\x9d\xed\x14\x3b\x96\
\x70\xb2\x75\xba\x81\xb3\x7b\x31\xf2\xa8\xb6\xf7\x1e\x1a\x52\x44\
\x29\x08\xc2\x6a\x38\x3a\xfd\x04\x5a\x29\x4c\x26\x16\xda\x00\x08\
\x01\x45\x61\xa1\x15\xa0\x14\xb5\x2c\x05\xb4\xa2\x31\x3a\x06\xde\
\x7b\xcc\xab\x39\xbc\x2f\x31\x73\xc7\x50\x5e\xe3\x17\x5f\xfd\x57\
\xb8\x36\xf9\xfc\xa6\x4f\x67\x50\x1b\xb9\xd4\x2d\xa0\x59\xfc\x28\
\xfa\x2d\xb6\x55\x10\x84\x31\x21\x4b\xd4\x69\x92\xd1\x0c\x3c\x54\
\xcd\x90\xae\xa1\x7e\xdd\x29\x92\xad\xd3\x7d\x56\x8b\x18\x20\x40\
\x29\x74\xa2\xe0\x8e\x45\x67\x52\xbe\x20\x82\x20\xe4\x87\xd6\x1a\
\xb6\xd0\xb0\x45\xb3\xc9\x9f\x28\x04\x85\xba\x6a\xa6\x71\xbc\xeb\
\xfa\xed\xd0\x74\x29\x99\x23\x78\x07\x8f\x0a\x55\xf9\x08\xd7\x76\
\xee\xe2\x17\x7e\xf2\x5f\xa2\xc0\xfa\x47\xbd\x9f\x45\xec\x7c\xd3\
\x44\xb8\x36\xa0\xcd\xb4\x95\xde\x7b\x68\x56\xdc\x24\x08\x82\x30\
\x06\x67\x0d\xbe\x19\xda\xe8\xa7\x1a\x00\xc8\xd2\xe9\x1e\x4a\x21\
\xd4\xa9\xcf\x80\xba\x7f\x6c\xfd\x98\xf3\xbe\x95\x95\x50\xe7\x92\
\x54\x2f\x86\x20\x08\x79\xa2\x94\x42\x31\xb1\xf0\x41\xc1\x14\x05\
\xb4\x51\xd0\xda\xd7\xbd\xb9\x8d\xa9\xa3\xc1\xaa\x29\x00\xf2\x25\
\x82\xaf\xa0\x2a\x87\xd2\x3f\xc4\xcf\x7f\xee\x57\xf0\xf9\x6b\x7f\
\x2d\x09\x87\x3b\x8e\x18\x11\xb5\x5c\x8f\xa4\x24\x68\x0b\x2a\x79\
\x1d\x8d\xd8\x56\x41\x10\x56\x01\x0f\xa0\x52\x60\x55\xeb\x7a\x83\
\x1f\x4f\xcb\x1d\x92\x1d\xa7\x42\x96\x4e\x37\xd0\x8d\xc0\x70\x29\
\x89\x52\x80\x67\x45\x3e\x0a\x80\x31\xa6\x1d\xff\x4e\xba\x44\x41\
\x10\x84\xb1\xd0\x5a\xd5\xfd\xb9\x75\xdd\x1e\x50\x41\xc1\x68\x83\
\xd6\xe4\x87\x00\xe7\x1d\x94\x77\x70\x55\x09\xef\x4b\xdc\x3c\xb8\
\x8b\x9f\xb9\xfb\xf7\x70\xef\xca\x5f\x81\xd1\x69\x45\x88\xe3\x85\
\xac\x4e\xed\x96\xad\xfd\xe4\x85\xe9\x21\x04\x18\x63\x50\x55\x95\
\x0c\x1f\x13\x04\x61\x65\xf0\xe0\x29\xd0\x2f\x31\x7e\xda\x48\xf8\
\xa6\xc8\xd6\xe9\x06\xfa\x7b\x33\x52\xb7\x80\xd0\x0c\x73\x88\x0b\
\x2a\x01\x29\xf6\x11\x04\x61\x6c\x42\xdd\x7b\xdb\x00\x50\xbe\xf6\
\xbe\x55\xdd\x3e\x30\x04\x0f\xc0\xc2\x07\x87\x59\x35\x83\x2b\x4f\
\xf1\x73\x2f\xfd\x12\xfe\xd2\x67\x7e\x19\x45\x31\xd9\xf4\x81\x0f\
\xd2\x57\x27\xc3\xa3\x48\xe4\x6c\x97\x65\x29\x2d\x03\x05\x41\x58\
\x19\x7d\x19\xb5\x3e\x87\xba\xcf\x27\x4c\x8d\xac\x9d\x6e\x2a\x92\
\x1c\x6a\x6d\xc5\x1d\x6e\xfe\x3b\xb2\x30\x08\x82\x30\x2e\x0a\x46\
\x03\xde\x07\x14\xb6\xa8\xf5\xdb\xa8\xe7\x01\x54\x55\x09\x65\x14\
\xee\x5c\x7a\x15\x77\x0f\xbf\x80\x97\xae\xff\x2c\x2e\xef\xde\x06\
\x90\x56\x04\xa6\x8f\x8e\x4d\xc5\x62\xe1\x23\xbb\x5b\x96\xe5\xa2\
\x58\x5d\xec\xaa\x20\x08\x2b\x44\x37\x45\xdb\xbc\x21\x86\x0f\x7e\
\x29\xb0\x9a\x5a\x74\x9b\x93\xa5\xd3\x1d\xa7\x3d\xe3\x17\x98\x16\
\x04\x63\x4c\x2b\x33\xa9\x9a\x9e\xb9\x29\xef\x80\x04\x41\xc8\x18\
\xa3\x60\x75\x3d\x1d\x67\x6a\xf7\x31\xd5\xbb\xb8\xba\xf7\x59\xdc\
\xbb\xf5\x73\xb8\xbe\x7f\x0f\x85\x99\x62\x32\x99\x60\xc7\xee\x6c\
\xfa\x48\xcf\x64\x30\x2d\x1b\x16\x91\x26\xee\x60\x93\x13\x0e\x00\
\x36\xe1\xc5\x4e\x10\x84\x3c\xe1\xd2\x60\x2e\x71\x0b\x21\x40\x63\
\x59\x9a\x97\xb2\x9f\x97\xa5\xd3\xcd\x89\xa5\x22\x3c\x05\xca\xf5\
\x85\x74\xd1\xe8\x56\x10\x04\x61\x2c\x0e\x77\x5f\xc0\x5f\xfe\x73\
\x7f\x13\xbb\x93\x03\x18\x35\xc5\xde\xe4\x00\x1a\x05\xb4\xb6\xd0\
\xda\x40\x37\xa6\xb6\xaf\x83\x52\x4a\x51\x19\x7e\x2c\x9d\xa2\xa4\
\xe6\x61\x63\x0c\xe6\xf3\x79\xfb\x73\x7a\x0e\xef\xe5\x2d\x08\x82\
\x30\x16\xa4\x5a\xa0\x20\xea\x72\xd1\x24\xfa\x83\x04\x89\x92\xa5\
\xd3\xdd\xd7\x97\x91\x3f\x1e\xf7\xe8\x26\x62\x39\x8a\x20\x08\xc2\
\x18\x4c\xcd\x01\xae\x4e\x3e\x07\xad\x75\xdd\xad\x24\x34\x3d\x02\
\x9b\xf6\xa5\xde\x7b\x98\x81\x76\x7a\x29\xd9\xa3\xf8\x58\x78\x44\
\x89\xcb\x48\x48\xba\xc7\x37\x11\x21\x04\x69\x19\x28\x08\xc2\xb8\
\x30\x3d\x77\x57\x5a\x52\x0b\xde\xbc\xf7\xb0\x36\x1f\x57\x36\x5b\
\x11\xde\x59\xbb\x9a\x7a\xfc\x7b\x9d\x86\x88\x9d\xec\x9c\x76\x44\
\x82\x20\xe4\x03\xcf\xb2\x51\xf4\xd7\xfb\xd0\x5b\x77\x92\x8b\xd4\
\xad\x3d\x5e\x2c\x02\x18\xe4\x70\xc7\x69\x5e\x20\xad\xa8\xbd\x20\
\x08\x5b\x40\x63\x53\x62\x29\x71\x08\x40\x68\x6c\x52\x6c\x87\x16\
\xcf\x49\xcf\xc6\xe6\xb3\x3d\x78\x02\xfc\x05\xd7\x4a\xc1\xb3\x85\
\xaf\xaf\x95\x8c\x70\x71\x59\x14\x86\x01\x18\xba\xc5\x72\x57\x1c\
\xa0\xc9\xb2\x47\xc5\x1a\x0a\xcb\x9d\x1d\x84\x8b\x0b\x45\x83\xbb\
\x85\x3d\x4d\x61\x65\xa6\x36\xa8\xaf\x45\xab\x31\xa6\xd3\x4d\x80\
\x82\x1c\xc2\xc5\xc5\x7b\xff\x44\x7b\xda\xd7\x15\xa7\x73\x5b\x7f\
\xd3\xb9\x95\x22\xdd\x8b\x4d\xdb\x02\xba\xf1\xe9\xe2\xa0\x05\xd9\
\xd6\x1c\xec\x6a\xf6\x4e\x37\x19\xf9\xc5\x07\x56\x75\x2e\x00\x5d\
\x28\xba\x95\x3e\xb2\x17\x07\xc7\x32\x1d\xe4\x10\xf8\x35\x7c\x30\
\xa9\xc2\x5a\x37\x06\x42\x33\x43\x21\x6c\x2f\xf4\x3e\x23\x87\x3b\
\xf8\x00\xa5\x15\x68\x68\x97\x8a\xba\x95\xa4\x1e\xed\x5e\x6c\x1a\
\x98\x6d\x65\xc7\x4b\xc5\xe9\x64\x83\xc5\xe1\xbe\x18\x90\x1d\xe5\
\xb7\xa1\xb9\xbf\x4a\xb4\x52\xf5\x90\x29\x6e\x5b\x9b\xfb\xc2\xc5\
\x81\x6c\xac\xd1\xba\x1d\x05\xaf\xd0\x1f\xf4\x4a\x71\xcd\xcd\xd2\
\xe9\xe6\x2f\xa4\xd6\x1a\x55\x55\xb5\x06\x3f\x60\x91\xca\xed\xeb\
\xe1\x48\xd1\x19\x61\xbb\x70\xde\xc3\x39\x57\x77\x52\x68\x16\x82\
\x4d\x31\x14\xf1\xa3\x5d\xba\xd1\x1a\xd6\x98\x41\x8d\xaf\x90\x1f\
\xdc\xe6\x50\x54\x2e\x20\x00\x01\xad\xe3\x3a\x24\x2b\x49\xc9\xf1\
\xe6\x36\x73\xe1\x50\x37\x12\x93\x26\xd8\x38\xd4\xdd\x24\xc5\x05\
\x4e\x78\x3e\x42\x08\xa8\x1a\xbb\xea\x36\x9c\xc9\xf0\x21\x00\xcd\
\xb1\xc4\x90\x5d\x35\xc6\xc0\x1a\x23\xef\xc5\x6d\x82\x14\x0c\x2c\
\xdb\x11\x42\x80\x6b\xea\x64\x62\x5b\xd4\x37\x30\x27\x25\xb2\x74\
\xba\xe3\xe9\x43\x5c\x43\xb9\xf8\x3c\x2e\xa2\x4e\x71\xbb\x40\xad\
\x75\x7b\x21\x85\x3c\xf1\xde\xd7\x8b\x41\xe3\x6c\xc7\xa4\x6a\x74\
\xc9\x21\x2f\xab\x0a\x00\xda\x85\xc2\x18\x03\x23\x29\xd4\x6c\xe1\
\x05\x85\xbc\x4b\x12\x8d\x80\xaf\xdf\x8e\x5d\x67\x35\x45\x1d\x34\
\x5f\xa4\x78\xef\x6d\x6d\x34\xe6\xf3\x85\x7e\x32\x1e\x34\x46\x45\
\x4e\x29\x2e\x72\xc2\xd3\x43\xce\x8c\x73\x0e\x55\xa3\xdd\xe7\xa4\
\xf4\x5e\xe5\xd0\xe6\xa0\x72\x0e\x33\xd4\xc7\x69\x99\x5d\x4d\xf5\
\xb8\x85\xa7\xa3\x5f\xb2\xa7\x5a\xa9\xe7\x50\x90\x2b\xc5\xeb\x9e\
\xa5\xd3\x4d\xc4\x06\xa1\x76\x68\xe8\xb1\xfe\x17\xbc\x95\x98\x24\
\x78\x31\x84\x61\x7c\xd3\x36\x88\x22\x2e\xdb\xb2\xb8\x3b\xef\xe1\
\xbc\x07\xca\x12\x40\xdd\x92\xcd\x36\x8e\xb8\xe8\x18\xf3\xc2\x18\
\xd3\x31\xfe\x5a\x6b\x28\xbd\x10\x95\xd0\x5b\x36\x87\xf7\x6e\xdc\
\x99\xc4\xbb\xc5\x30\x8a\xb8\xed\x2a\x65\x10\xf9\xc0\x0a\x21\x1f\
\x9c\x73\xa8\x1a\x47\x7b\x5b\x24\x42\x21\x04\x94\x55\xd5\x06\x37\
\x34\x65\x17\x1b\xdb\x2a\x64\x84\x52\xad\x7d\x21\xc7\xdb\x34\xd9\
\x8c\x3a\x87\xb8\xa8\xdd\x8b\xb3\x89\x29\xda\xda\xac\x9d\x6e\x22\
\x8e\x7a\xf3\xc7\xb8\xee\xb0\xb3\x30\x24\x78\x31\x84\x2e\x6d\xf4\
\xa2\xaa\x6a\xc7\xf4\x02\x40\x1b\x0b\x94\x65\xbb\x50\x58\x71\xc0\
\xb3\x80\x47\x7b\x43\xa8\x07\x77\x05\x1f\xda\x1e\x51\x0a\xa8\x75\
\xde\x03\x23\x8c\x53\x61\x68\xa1\x0a\x2c\xaa\x4d\x19\x1b\x6e\x6f\
\x53\x5c\xe0\x84\x7e\x28\x92\xdd\x17\xcd\xde\x46\xbc\xf7\x98\xb3\
\xfa\x2f\x92\xa1\x58\x71\xc0\xb3\x80\xfa\x74\x7b\x26\x29\x69\xd7\
\x44\x6a\xc9\xaa\x4d\xf2\x75\x32\xc0\x96\x38\xdd\x00\x5a\xed\x64\
\xdc\x9e\x8b\x47\x65\x3a\x5a\xdb\x44\x17\xbc\x8b\x4e\x2b\x1b\x69\
\x22\xda\x17\x19\x5a\x28\xe6\xcc\x01\x17\x19\x4a\xba\xb4\x53\x19\
\x9b\x9e\xb1\xe4\x58\xd3\x82\x81\x66\xc8\x4c\xca\x51\x98\x3e\x78\
\xb7\x9f\x58\xbb\x1e\xdb\x5b\x21\x5d\xc8\xc9\x76\x17\xc4\xd1\x1e\
\x22\x84\x80\xaa\xaa\xda\x80\x9c\x38\xe0\x69\xc3\x65\x7b\xdc\xf1\
\xe6\x7e\x9d\xb5\x16\x8b\x3e\x39\x69\xb3\x15\x4e\xb7\x52\xaa\x79\
\xc1\x97\xc7\xc2\x73\xcd\xb7\x4c\xa4\x4c\x17\xe7\x7d\x6d\x08\x99\
\x3e\x3b\xd5\x48\xe0\x26\xe0\xe9\x52\xa3\x35\xac\xb5\xb2\x48\x24\
\x04\xd9\x19\x4a\x5d\x93\xcd\x89\xb3\x6f\x5c\x8f\x98\x83\xb3\xba\
\xb0\x9f\xe8\x3d\x76\x2e\x41\xc9\x21\xca\x74\xd1\xa0\x6c\x61\x59\
\x55\xbd\x2d\x50\x85\x45\x76\x71\xae\x14\x8a\xc6\xae\xca\xeb\x93\
\x16\x5c\x9f\xdd\x16\xaa\x47\xd9\xc2\xbe\xc6\x19\x29\xb2\x15\x4e\
\x77\xfd\xe2\x2e\x3a\x04\x10\x7c\x27\x44\x1a\x20\xea\x2b\x2b\xf2\
\x92\x34\x20\x47\x32\xd5\x0f\x48\x8a\x38\xef\xe1\xe6\x73\xcc\x51\
\x47\x55\x0b\x6b\x65\x91\x48\x80\x38\xfa\x32\x99\x4c\x58\x81\xb7\
\x43\x51\x14\x83\x05\x3f\x69\x53\xdb\xd6\x58\xc7\x4d\x51\x6e\x3a\
\x3f\xe7\x1c\x6c\x51\x6c\xee\x30\x85\x16\x2a\xd6\xe6\x41\x0c\xe1\
\x6c\x42\x08\x98\x97\x25\xe6\x65\x09\x6b\x0c\x0a\x6b\x45\xd6\x97\
\x00\x7d\x59\xb5\xa2\x28\xda\x4d\x7e\xdf\x90\x2e\xfa\xbd\x14\xc9\
\xd2\xe9\xee\x44\xb2\xdb\x07\xbb\x6d\x62\x5a\x4d\x65\x54\x10\xb4\
\xd0\x01\xa5\x79\x41\x2e\x02\x43\xd1\x17\xe1\xd9\x08\x58\x6c\x5a\
\xc8\xf9\x96\x9e\xb5\x9b\x81\xf7\xab\xa6\x68\x37\x9f\x11\x50\x4c\
\x26\xe0\xd9\xcf\x94\x35\xdd\x00\x00\xa5\xea\xc3\x8d\xba\xae\x74\
\x3a\x40\xa1\xae\x99\x01\x16\x9a\x4b\xf9\x3c\x6f\x16\xd7\xd8\xd5\
\x8b\x2e\xcd\x7b\x5e\x48\x8a\x63\xb4\x46\x61\xad\x14\x5f\x6e\x10\
\x3e\x6f\x85\x77\x4d\xa2\x3e\xed\x7c\x0e\x0b\x3d\x3f\x65\xb2\x74\
\xba\x01\xa6\x2d\xa4\x8e\x00\x7e\xd9\xd9\xa6\xe7\xf0\x08\x4d\xbb\
\x38\xa6\x7d\x5d\xb6\x12\x92\x48\x5c\x94\xe2\x9d\x75\x42\x1a\x45\
\x6b\x0c\x8a\xa2\x10\xe7\x7b\xcd\xc4\xbd\xab\x29\xfa\x6b\xad\x6d\
\x87\x87\xc4\x9a\xc3\x94\x3f\x03\xb5\xaf\x5d\xf7\x19\xe7\x9a\x4a\
\x00\x9d\x88\x13\xb0\x18\x0b\x9f\xfc\x46\x62\x8b\x71\x4d\xed\x87\
\x48\x27\xc7\x85\xb2\x8a\x5a\x6b\x4c\x8a\x42\xea\x69\x36\x08\xd9\
\x17\xee\xdf\x55\x55\x85\xc9\x64\xd2\xfe\x1c\x40\xc7\xf9\x4e\xd1\
\x1e\x65\xe9\x74\x77\x5e\x4c\xf6\x9a\xd2\x05\x39\x3d\x3d\xed\xec\
\x7e\xe8\x22\x75\x17\x8b\x74\x17\xbc\x6d\x44\x64\x24\xeb\x81\x7a\
\x97\x53\x7a\x34\x45\xa3\xb3\xcd\x70\xbb\xc3\x1d\x70\xa5\x54\x3d\
\x51\xaf\x47\xe7\x9d\xfa\x67\x22\x8e\x30\xc5\x3f\xa3\x16\x5e\xdc\
\x31\x17\xd6\x83\xf7\x1e\xf3\xaa\x92\x81\x6f\x2b\xc6\x7b\x8f\xd3\
\xd9\x0c\xa6\x71\xbe\x45\x76\xb2\x5e\x06\xe7\x07\xb0\x39\x02\x43\
\x03\x72\x52\x23\x4b\xa7\x1b\xe0\x8b\x15\x2d\x64\x8b\x17\x98\xf4\
\x3f\xbc\x73\xc0\xbc\xd9\xad\xb6\x0b\x83\x38\x23\x6b\x81\xf7\x4a\
\x05\xd2\xd5\x59\x6d\x1b\x94\x1e\x15\xe7\x7b\x7d\x28\xa5\xda\xc8\
\x0b\x77\x52\xe9\xbe\xf3\x1e\x36\x04\xe8\x44\x0b\x0e\xe3\xec\xa0\
\x6a\x46\x50\x92\x43\xd7\x1d\x42\xb6\x98\x0c\xd8\x4e\x03\x0e\xa1\
\x6d\x2b\x28\xac\x16\xd2\x6c\x93\x8c\x44\x3e\xdf\xeb\xc1\x87\x80\
\xd3\xf9\xbc\x96\x9d\x48\x46\x71\x6d\xf0\x60\x45\x1c\xa8\xa8\xed\
\x4e\xff\x10\xa7\x14\x3f\x17\xd9\x3a\xdd\x8b\xee\x00\xbe\xb9\x18\
\xf5\xe3\xf1\x0e\x27\x8e\xc4\xb4\x17\x2b\xc1\x45\x6f\x9b\xa0\x08\
\x8c\x44\xbe\x36\x0b\x45\xbe\x27\xa2\x4b\x5c\x39\xd4\xba\x8a\x5a\
\x93\x52\x84\xbb\x95\x5e\xe8\x7a\x82\x5a\xed\x7c\x6f\xfa\x68\xfb\
\xe9\x46\x8b\x1a\x87\x2e\x9a\x34\x19\xa7\x71\x79\x91\x93\x96\xf7\
\xd8\xca\x89\x03\x19\xc2\xfa\x71\xde\xc3\xcd\x66\x28\x9a\x5a\x1a\
\x61\x3d\xb4\x8d\x30\x10\x65\x09\xa9\xa8\x32\x84\x36\x00\x9b\x6a\
\x16\x71\x0b\xde\x2d\xaa\x77\x41\xe0\xd3\x8b\xb8\xac\xa4\x5e\x20\
\xa8\xdb\x89\x30\x36\x5c\xb7\x2d\xa4\x41\x08\x01\xb3\xb2\x84\x71\
\x0e\x93\xa6\xea\x5b\x18\x97\x80\x85\x13\x4a\x9d\x4a\x28\x30\xd0\
\x46\x69\x82\x42\xf0\x1e\x5a\x69\xa4\x2a\x6f\xe3\x2d\x56\xe9\xfb\
\xc0\x22\xd9\x40\x57\x62\xc2\x65\x0d\x5a\x49\xca\x7d\x95\x90\x6e\
\x3b\x45\x47\xe2\xa2\x42\x6b\x9d\xe8\xbd\x57\x0f\xd9\xd1\xa2\x28\
\x5a\xe7\x3b\x0e\xa2\x36\x56\x2b\xd9\x11\xf0\xc0\x56\x38\xdd\x0b\
\x7d\xa4\x8f\xda\xc5\x50\xf3\x7b\x72\xbc\x17\xfd\x1d\x3d\x52\x5d\
\xf4\x72\xc6\x39\x87\xb9\xe8\xb6\x93\xc5\x35\xba\x44\x2b\xd1\x99\
\x95\x40\x0e\xa8\x8d\x5e\xdb\x56\xc3\xad\xea\xce\x26\x54\x50\x99\
\xe2\xa2\x10\xa7\x6f\x95\x52\x6d\xa4\xdb\x47\xce\x37\xbf\x9f\x6a\
\x54\x69\x1b\x08\x21\x88\x6e\x3b\x61\x42\x08\x98\xcd\xe7\x30\xc6\
\x60\x22\x52\xbe\xd1\x09\xac\x35\x29\x49\x86\x01\xb4\xdd\x4b\x88\
\x58\x67\x9f\x6a\x21\xe5\x56\x6c\xcd\xe2\xdd\x0e\x4f\x2d\xf0\x62\
\x4a\xfa\x59\x8a\x17\x22\x67\xc8\xe8\xcc\x24\x0a\x93\x3c\xd4\x66\
\xf0\x74\x36\x13\xe9\xcf\xc8\x90\x8d\xf1\xde\x2f\x39\x48\x64\x8b\
\xf8\x34\xc0\x94\x3f\x2b\xdc\xf9\x0e\x4c\x37\x4c\xf6\x94\x07\x32\
\x78\x0d\x8d\xbc\xa7\xc6\xa5\x72\x0e\xa7\xf3\xb9\x38\xdc\x19\xe0\
\x9a\x6b\x25\x59\xde\x71\x51\x91\x62\x81\xa2\xdc\xce\xb9\xf6\xb1\
\x3e\x9b\x9b\xea\xb0\xae\xec\xc3\x5d\xf1\x44\xb4\xf8\x67\x7c\x67\
\x04\xa4\xbd\xd0\xe5\x08\x97\x92\xc8\x66\x26\x1f\x02\x50\x4b\x4e\
\x9a\x3e\xb4\x72\xed\x9e\x93\x1e\x9d\x33\xd0\x2d\xa4\xec\xcc\x09\
\xe8\xfc\x6a\xba\x36\x29\x8e\x6a\x6b\xad\x51\x96\x25\x00\x74\xe4\
\x7b\x7c\x30\x90\xf0\xfc\xf8\x10\x50\x96\x65\x9b\xbd\x95\xcf\x67\
\x3e\x94\x4d\x56\x42\x0a\x2d\xc7\x25\xae\x21\xe1\x73\x01\xe2\x49\
\xe4\x40\xba\x76\x35\xdb\x48\x77\xfd\x82\xb2\x14\xe8\xc0\x78\x65\
\x1e\x81\xe9\xa4\x42\x37\x72\xd4\xdb\x03\xe9\x84\x65\x57\x9f\x37\
\xce\x7b\xcc\xa4\xbf\xef\x28\xf0\xcd\x3f\x8f\xcc\xf0\xd7\xd6\x7b\
\x97\xbc\x03\x45\xb6\x35\xde\x40\xc4\xc5\xe8\x74\x6e\xf2\xde\x19\
\x97\xca\x39\xcc\xe6\xf3\x8e\x5c\x52\xc8\x0b\xdf\x64\x7f\x65\x7d\
\x1c\x87\xd8\x81\xa6\x1e\xdd\xfc\xfb\x3e\xd9\x5b\x8a\x64\x1b\xe9\
\xae\x17\x84\xe5\x09\x44\x43\x85\x94\xb1\xe3\x2d\x9c\x1f\xe7\x3d\
\xca\xb2\xdc\xaa\x8d\x0b\x77\x84\xfa\xda\x0d\x71\x09\x53\x88\x1f\
\xcb\x1c\xda\x40\x51\x7b\x41\xe1\x9c\x30\x67\x94\x17\x50\x52\x14\
\x86\x6c\x56\x68\x2a\xec\x89\x34\xd3\xa0\xdd\xe0\x05\xb0\x90\xcd\
\xf0\xcf\x07\xd7\x79\x8b\xf3\xfd\x7c\x50\x11\xfa\xb6\x4c\x93\xb4\
\xd6\xc2\xb0\xf7\x3e\x7f\xdf\x28\xa5\xa0\x50\x87\xcd\xb8\x1c\x94\
\x7f\x6d\xc3\x5c\x07\xba\x9e\xa2\xf5\x3e\x3f\x71\x27\x3a\xe2\x49\
\xd1\xed\x54\x5f\xef\xac\x57\xd8\x38\xb2\xc4\xbf\xa7\x14\x04\x77\
\xb8\x97\xda\x06\x0a\xcf\x4c\xee\x9d\x49\x26\x45\x81\xdd\x9d\x1d\
\xec\xee\xee\xd6\xb7\x3b\x3b\xd8\x99\x4e\xcf\xfd\x01\x9d\xcd\xe7\
\x38\x39\x3d\xc5\xc9\xc9\x09\x8e\x9b\xdb\xd9\x7c\x3e\xf2\x51\xaf\
\x87\xca\x39\xf8\x10\x64\x81\x38\x07\x4a\xd5\x63\xd3\xc9\xde\x90\
\xad\xa1\x8d\x3f\xa5\x9b\xdb\xe7\x27\xbc\x65\x8d\x17\x37\xea\x83\
\x4b\xe7\x43\x76\x35\x84\x00\x6b\x6d\x1b\x71\xaa\x5b\x52\xca\xfb\
\xe6\x3c\xf8\x10\xb2\xed\x4c\x62\x8c\xc1\x5e\x63\x4f\xe9\x76\x67\
\x67\x67\x14\x69\xc5\x36\xd8\x57\xdf\x64\x13\x27\x22\x37\x39\x17\
\x64\x8f\x78\xc7\x92\xbe\xce\x74\xf1\xc6\x2e\x55\xb2\x75\xba\xe3\
\x5e\xb1\xfc\x3e\x5f\x10\xca\xb2\x6c\x17\x05\xd2\x76\x87\x10\x64\
\x69\x78\x46\xa8\x82\x3e\xb7\x42\xd4\xfd\xbd\x3d\x5c\xbe\x74\x09\
\x97\xf6\xf7\xb1\xb7\xbb\x3b\x7a\xaf\xea\xe9\x64\x82\xe9\x64\x82\
\x2b\x97\x2f\xb7\x8f\x79\xef\x71\x72\x7a\x8a\xa3\xc7\x8f\xf1\xe8\
\xe8\x08\x47\xc7\xc7\xd9\x44\x01\x29\xea\x2d\x0b\xc4\xb3\xc1\x37\
\xfc\xf4\x1e\x8b\x1d\xa8\x4e\xa6\x4d\xa5\x99\x29\x89\x3b\x97\xd0\
\x63\x4a\x2f\x24\x33\x00\xda\x81\x63\x74\x4e\x14\xd8\xb0\x45\x7a\
\xe7\x94\x3a\xce\x39\x94\x19\xd5\xc5\x58\x63\x70\x70\xe9\x52\xfd\
\xb5\xbf\x8f\xe9\x74\xba\xb2\xff\xd5\x67\x5f\x9d\x73\x38\x7a\xfc\
\x18\x0f\x8f\x8e\xf0\xe8\xe8\x08\xa7\xb3\xd9\xca\xfe\xff\x98\xcc\
\xcb\x12\x85\x31\x32\x2f\xe1\x19\x09\x6c\xc2\x2f\x6d\xfa\x01\x3e\
\xab\xa5\x2b\x79\x03\x96\x6d\x58\x4a\x64\xeb\x74\x13\x7c\xe1\xe2\
\x95\xf5\xd4\x32\x10\x40\x5b\xe4\xd3\xa6\xb3\x10\x64\x22\xe5\x33\
\x40\x45\x3d\x39\x2c\xa7\xbb\x3b\x3b\xed\x82\x70\x69\x7f\x7f\x23\
\xbd\x53\xb5\xd6\xd8\xdf\xdb\xc3\xfe\xde\x1e\x6e\xdf\xbc\x89\x10\
\x02\x1e\x1f\x1f\xe3\x51\xb3\x48\x3c\x3e\x39\x49\xd2\xe1\xe2\xcc\
\xcb\x12\x45\x93\x1e\x16\x9e\x0e\x2e\x61\xe3\x8e\x37\x45\xbd\xf9\
\x62\x9b\xf2\xe5\x8f\x5b\xb0\xc6\xa3\xeb\x79\xe6\xb0\xd3\xb1\x44\
\x4c\xea\x33\x93\x8b\x9c\xe4\xf2\xa5\x4b\x38\x38\x38\xc0\x41\x13\
\xbc\xd8\x24\xc6\x18\x1c\x5e\xbe\x8c\xc3\xc6\x11\x2f\xab\xaa\xb5\
\xad\x0f\x1e\x3d\xea\x68\x7d\x53\xa3\x6c\xb2\x89\x22\xe3\x7b\x06\
\x7a\x64\x25\xf5\xc3\x0b\xbb\xc4\x6d\x2f\xb7\xad\x29\xae\xb3\xd9\
\x5e\xf9\x78\x2a\x11\xbd\xf8\x34\xf6\x3d\x16\xd9\x03\x75\xeb\x19\
\xef\x7d\x1d\xc1\x4b\xf0\x62\xa4\x88\x6b\xc6\x0d\xa7\xcc\xde\xee\
\x2e\xae\x5e\xb9\x82\xab\x87\x87\x98\xb0\x14\x7e\x2a\x28\xa5\x70\
\x69\x7f\x1f\x97\xf6\xf7\xf1\xe2\xed\xdb\x70\xde\xe3\xfe\x83\x07\
\xf8\xf4\xfe\x7d\x3c\x3c\x3a\xda\xf4\xe1\x0d\x52\x56\x15\xbc\x31\
\x28\x24\x32\xf3\x54\xf0\x89\x94\x94\x02\xa5\x0d\x3f\xef\xee\x11\
\x5b\x9e\x14\x17\x06\xca\x06\xc6\xed\x57\xb5\xd6\xed\xfc\x03\x9e\
\xee\xad\x35\xba\xe2\x75\x3f\x2d\x01\xe8\x74\x27\x49\x91\x4b\xfb\
\xfb\xb8\x7a\x78\x88\xab\x87\x87\x4b\xbd\xe7\x53\xa2\xb0\x16\xd7\
\xae\x5c\xc1\xb5\x2b\x57\x10\x42\xc0\xa3\xa3\x23\x7c\x72\xff\x3e\
\x1e\x3c\x7c\x98\xe4\x86\xc6\x79\x8f\xd0\x04\x35\x52\x8c\xc4\x26\
\x47\x58\x0c\x33\xac\xaa\xaa\xd3\xa6\x94\x4f\xfd\x8d\x6b\x07\x52\
\xb4\xab\x40\xc6\x4e\x37\x80\xce\x8b\x1c\x4f\x7f\x03\xba\xe9\x5c\
\xae\x09\xf2\x5e\xba\x97\x3c\x0d\x3c\xed\x99\x1a\xd3\xe9\x14\xd7\
\x1a\x47\x7b\x67\x85\xe9\xcd\x55\x60\xb4\xc6\xf5\xab\x57\x71\xfd\
\xea\x55\x94\x55\x85\x4f\xef\xdf\xc7\x27\xf7\xef\xe3\xf8\xe4\x64\
\xd3\x87\xb6\x84\x73\x0e\x90\xc8\xcc\x93\x61\xd1\x16\x8a\xc4\xf0\
\xfe\xd5\x00\x1b\x24\xc3\x1c\x81\xd4\xe4\x5a\x7d\x9a\xc8\x38\xb2\
\x04\xa0\x6d\x1b\x08\x44\x23\x97\x13\x5d\xe8\x52\xc2\x27\x5c\x24\
\x98\x7a\x00\xe3\x49\x28\xa5\x70\xf9\xe0\x00\x97\x0f\x0e\xe0\x43\
\xc0\xc3\x87\x0f\xf1\xc9\xfd\xfb\x78\xf8\xe8\x51\x52\x1b\x1c\xdf\
\xc8\x35\x0b\x6b\x45\xc6\xf7\x14\x28\xb5\x50\x32\x2c\xd9\x53\x6e\
\x7f\xd0\x75\xb6\x53\xb2\xad\x44\xd6\x2b\x69\x5f\x1b\x99\xb8\xb0\
\x32\xee\xed\x48\xba\xee\xf4\x2e\x45\x5a\x54\xce\x25\x59\x30\x79\
\xe5\xf2\x65\xdc\xbe\x79\x13\xfb\x7b\x7b\x9b\x3e\x94\x51\x28\xac\
\xc5\xad\x1b\x37\x70\xeb\xc6\x0d\xcc\xe6\x73\x7c\xf8\xf1\xc7\xf8\
\xe8\xe3\x8f\x93\x5a\x20\x9c\xf7\x08\x55\x85\x89\x38\xde\xc3\x44\
\x0b\x00\x80\x76\x93\xcf\xa3\x84\x14\x01\x07\xb0\x14\x24\x48\x81\
\xf8\x58\xe2\x0e\x25\x14\xe1\xe6\x1b\x0a\xad\x75\x3b\xa8\x22\xa5\
\xf7\x6d\x8a\x78\xef\x51\xb2\x01\x49\xa9\x70\x78\x70\x80\x17\x6e\
\xdd\xda\x1a\xbb\x0a\x00\x5a\x29\x5c\x39\x3c\xc4\x95\xc3\x43\x54\
\xce\xe1\x83\x8f\x3e\xc2\x07\x1f\x7d\x94\x4c\x7d\x0d\x75\x68\x29\
\x8c\xe9\xed\xdf\x2f\x34\xb0\x48\x36\xef\x46\x47\xb6\xe7\xac\x56\
\x81\xa9\x7d\xce\x00\xe0\xff\x03\x00\x00\xff\xff\xec\xbd\x69\x73\
\x24\xc9\x91\x25\xf8\xcc\xcc\xaf\xb8\x03\x67\x26\x90\xc8\xab\x32\
\xab\xc8\xee\x61\x4f\x0f\x47\x64\x76\x57\x76\x57\x66\x7a\xa5\x65\
\xff\xed\x8a\xec\x2f\xe8\xaf\x3b\xcd\xe6\x4e\x0f\x97\x9c\x26\x9b\
\x4d\x16\xab\x2a\xef\x4c\xdc\x81\xb8\x3c\xdc\xdd\x6c\x3f\x98\xab\
\x85\xb9\xc3\x23\x00\x64\x22\xdc\x3d\x90\x78\x52\xa8\xc8\x38\xfd\
\x32\x57\x7d\xf6\x54\x4d\x75\xad\xbd\xe8\xa2\x59\x0c\x39\x00\xba\
\x20\xb6\xe3\x60\x9c\x01\xea\xbe\x09\xfc\x32\x44\x71\x0c\x59\x33\
\x05\xae\xdf\xed\xe2\xe1\xee\x2e\x1a\x41\x50\xf5\xae\xac\x0c\xbe\
\xe7\xe1\x60\x6f\x0f\x0f\x76\x76\xf0\xe9\xe8\x08\x47\x27\x27\xb5\
\x72\x10\xa4\xcc\xd4\x67\x54\xd4\x0f\x14\xfa\xb4\x15\x99\x24\x49\
\xe0\x38\xce\x25\x25\xa6\xce\x95\x94\x8a\x16\xa8\x03\xb8\x94\x52\
\x62\xa7\xd2\xdc\xc7\x0f\x97\x23\x91\xb2\x76\x8d\xc4\xbe\x06\xbb\
\x0a\xe8\xc5\x9f\xfb\x0f\x1e\x60\x77\x7b\xdb\xd8\xd6\xba\x74\xf9\
\x8c\x92\x04\x0e\x70\xbf\x7e\x66\x11\xd4\xbc\x01\x8e\x7e\x9a\x25\
\xd9\xb6\x70\x51\x97\xfb\x6a\x19\xd6\x9a\x74\xdb\x69\x24\xb6\xa2\
\x4d\x33\xa0\x28\x8a\x8c\x0a\x43\xea\x0c\x03\x83\xc2\x7d\xf5\x92\
\x45\x20\xc2\x5d\x07\xb0\x54\xa9\x78\xb8\xb3\xb3\x76\x29\x24\x5f\
\x02\xd7\x71\xf0\xe8\xe1\x43\x43\xbe\x0f\x8f\x8f\x6b\x41\xbe\x6d\
\x65\x66\x1d\x8c\x5b\xd9\xb0\x73\x9f\xed\x45\x86\xf9\xfa\xc4\xf9\
\x28\x5c\x9d\x90\xaf\x00\x65\x4f\x0c\x84\x10\x48\x92\x04\x71\x2e\
\x35\x82\x88\x38\x07\xbb\x0f\x95\x2f\x80\x4d\xb8\xeb\x80\xaf\x85\
\x6c\xe7\x41\xe4\xfb\xc1\xf6\x36\x0e\x8f\x8f\xf1\xe9\xf8\xb8\x16\
\xe4\x9b\xc6\xc6\x3d\xf1\x5e\x0c\xc3\xe1\xac\x54\xbe\x3c\xef\xcb\
\xa7\xa0\xd4\x11\x6b\x4d\xba\x09\xb6\x53\xb3\x1d\x85\x1d\xc6\x25\
\xa5\x69\xd1\x62\xa6\x7b\xd4\x8b\x70\xf7\x3a\x1d\x3c\xda\xdb\x83\
\xef\x79\x55\xef\x4a\x65\xb0\xd5\x99\xf7\x1f\x3f\xe2\xe8\xe4\xa4\
\xea\x5d\xd2\xc4\x3b\x49\xee\x89\x77\x0e\x76\xed\x58\x7a\x6e\x13\
\xeb\x3c\x81\xa5\xd7\xea\x86\xfc\x7e\xdb\x8f\x71\x1c\x5f\x9a\xfc\
\x51\x89\x44\x4a\x2d\xa9\xdf\x11\x55\x8f\x3a\x11\xee\x66\xa3\x81\
\xc7\xfb\xfb\x95\x57\x20\xa9\x1a\x42\x08\x3c\xdc\xdd\xc5\x4e\x6a\
\x5b\x0f\x8f\x8f\xab\xde\xa5\x7b\xe2\xbd\x04\x99\xf2\xa5\x16\xd1\
\xb6\x6b\x75\xdb\x7d\x04\xea\x68\x5b\x09\x6b\x4f\xba\x6d\x27\x67\
\x37\xc3\xa1\x0b\x40\xa9\x26\x04\x7d\xa1\xaa\x57\x0d\xeb\x86\xba\
\x10\x6e\xcf\x75\x71\xb0\xbf\x8f\x5e\xa7\x53\xf5\xae\xd4\x06\x8e\
\x10\x78\xbc\xbf\x8f\xad\x8d\x0d\xbc\x79\xff\x1e\xa3\xf1\xb8\xd2\
\xfd\xb9\x27\xde\x8b\x41\x51\x36\x42\x51\x8e\x61\xfe\x9c\xd5\xf9\
\x1c\xda\xea\x3d\xc1\x4e\x9b\xa1\xcf\x30\xe8\xea\x50\xf5\x3d\x92\
\x6a\x20\x6b\x42\xb8\x1d\x21\xb0\xf7\xe0\x01\xb6\x37\x37\xab\xde\
\x95\x5a\x41\x70\x8e\x83\xbd\x3d\x6c\xf6\xfb\x78\xfd\xee\x5d\xe5\
\x8b\xd9\xe3\x24\x01\x03\xee\x73\xbc\x6d\x58\xd1\x37\xd7\x75\x2f\
\x45\x0f\x81\xcb\xa2\x46\x9d\x9b\xe4\xac\x3d\xe9\x26\x14\x39\x06\
\xbb\x71\xc3\xbc\x72\x89\x34\x35\xbb\xef\xa1\x41\xb5\x43\xab\x04\
\x63\x0c\xbb\xdb\xdb\x78\xb8\xb3\x73\x6f\x70\x16\xa0\xd9\x68\xe0\
\xbb\x6f\xbe\xc1\xf1\xe9\x29\xde\x7d\xf8\x50\xa9\x33\xbf\x27\xde\
\x59\xd8\x0b\x0c\x09\x79\x82\x6d\xa7\x97\xd8\x79\x88\x75\x52\x65\
\x16\x5d\xcb\xbc\xc2\x9d\x17\x3b\xe8\xd1\xfb\x8a\xd2\xc0\xae\x82\
\x94\x12\x71\x0d\xd2\xc2\xb6\x36\x36\xb0\xff\xf0\x21\x9c\xfb\xd2\
\x9f\x0b\xd1\x6c\x34\xf0\xb3\x17\x2f\x70\x78\x72\x82\x0f\x1f\x3f\
\x56\x6a\x5b\xe3\x24\x81\xc0\xbd\xe2\x4d\xb0\xcb\x95\xda\xd5\xa1\
\xf2\x24\x3b\x9f\xf1\x40\x9f\xa9\x1b\xee\x0c\xe9\x06\xe6\x8b\x98\
\x28\x0c\x6a\x9f\x70\x6a\x50\x61\x52\x50\x2a\xdc\xcf\x3a\x21\x4e\
\x57\xd2\x57\x49\x9c\x5a\xcd\x26\x1e\xef\xef\x7f\x55\x79\xdb\x5f\
\x82\xad\x8d\x0d\xf4\xba\x5d\xbc\xff\xf8\x11\xc7\xa7\xa7\x95\xee\
\x4b\x9c\x2e\x12\xbc\xa7\xdd\xda\xc6\x70\xae\xc9\xb7\x23\x84\xe9\
\x0b\x40\xb6\x07\xc8\x2f\x9e\xac\xdf\x59\xb3\xf7\x33\x5f\x36\x30\
\x1f\xce\x25\x5b\x6a\xdb\xd6\x3a\xac\x3d\xa8\x03\x6c\xc2\x5d\x95\
\x6d\xf5\x3d\x0f\x4f\x1e\x3d\xba\x53\x15\x49\x56\x8d\x9d\xcd\x4d\
\x6c\xf6\x7a\x78\xf3\xfe\x3d\x4e\xcf\xcf\x2b\xdb\x8f\x24\x15\x06\
\xef\x05\x28\x80\xf3\x79\x95\x92\xa2\xc8\xe1\xe5\x94\x92\xfa\xd9\
\x55\x1b\x6b\x4d\xba\x8b\x2e\x80\x9d\x48\x4f\xea\x53\xa6\xdc\x8c\
\x92\xf7\xcd\x28\x53\xc4\x15\x2b\xdc\x8c\x31\x3c\xd8\xde\xc6\x83\
\x9d\x9d\x7b\xb5\xf4\x86\xa0\x94\x93\x6e\xa7\x83\x57\x6f\xdf\x56\
\xb6\x18\x48\x41\x8f\xa3\xaf\xbd\x81\x8e\x52\x2a\xd3\xb8\x01\x16\
\x01\x25\x9b\x74\xb9\x99\x43\xc5\x3b\x7d\x05\xf2\xf9\xe7\xb6\x6d\
\xb5\x73\x28\xa9\x59\x8e\x54\xf5\xce\xa5\x2c\x0b\x75\x50\xb8\x7b\
\x9d\x0e\x9e\x1e\x1c\xdc\x93\xb6\xcf\x80\x10\x02\x4f\x0f\x0e\xd0\
\x6d\xb7\xf1\xfa\xdd\xbb\xca\x7c\x64\x2c\x25\x1c\xdc\x13\xef\x24\
\x91\x99\x45\x94\xf6\x7a\x3d\x60\x4e\xbc\xe7\xaf\xd5\xb7\x2a\x14\
\x00\xac\xe5\xd5\x5c\xb4\x18\x29\x5f\xf7\x96\x56\xd9\x33\xc6\x4c\
\xeb\x77\xc1\x05\x18\x5b\xcb\xc3\xbe\x55\x24\x15\xd7\xd4\x75\x5d\
\x17\x2f\x9f\x3d\xc3\xc3\xdd\xdd\x7b\xc2\xfd\x05\xe8\x75\x3a\xf8\
\xf9\x8b\x17\x95\x2e\x8c\xa2\x54\x93\xaf\x1d\xb6\xfd\x31\xfd\x00\
\x72\x8b\xbb\xa5\xa5\x7e\x56\x1d\x61\x2a\xc2\xa2\xb0\xac\xbd\x9f\
\xf6\xf1\x28\xa5\x74\x19\x56\x00\x8e\x58\x6b\x0d\xe7\x56\x20\x95\
\xaa\x94\x70\x73\xc6\x70\xb0\xb7\x87\xe7\x4f\x9e\x7c\xf5\x64\xed\
\x4b\xb1\xd1\xef\xe3\xbb\x17\x2f\x2a\x8d\xc0\xc6\xf7\xb5\xef\x33\
\x22\x6a\x51\x9a\x5b\xd1\x22\xf5\x3a\x57\x30\x59\xcb\xbb\x32\x53\
\x77\x7b\xc1\x89\xa5\xb0\xe7\xfc\x05\x1d\x74\x90\x69\xf9\xc0\xaf\
\x19\x89\x94\x95\xb6\xc7\xed\xb4\xdb\xf8\xf9\x8b\x17\xf7\x61\xcf\
\x5b\x82\xeb\xba\xf8\xf6\xf9\x73\xec\x6c\x6d\x55\xb6\x0f\x4a\xa9\
\x5a\x2c\x18\xab\x0a\xf9\xc6\x0d\x54\x32\x90\xfe\x5d\xa4\xce\xd8\
\x8f\x75\x41\x51\x3e\x64\x3e\x0f\xdd\x7e\x5d\x4a\xa9\xfb\x1e\x48\
\x85\x38\x8a\x2b\xdb\xef\x3a\x40\x29\x55\xa9\x5d\x0d\x7c\x1f\xdf\
\xbd\x78\x71\xbf\x58\xf2\x16\x41\xe7\x74\xa3\xdf\xaf\x6c\x1f\x92\
\x9a\x57\xe3\x28\x03\x49\x32\xef\x07\x40\xbc\x2e\x2f\xb2\xe6\x45\
\x8c\xba\x9e\xb3\xb5\x94\x26\x96\x9d\x5c\x3b\xd4\x60\xaf\xae\x8f\
\xe3\x58\x3b\xbf\xd2\xf7\xb6\x5e\x90\x4a\x55\xda\xf8\x66\x6f\x77\
\x17\xbb\xdb\xdb\x95\x6c\xfb\x2e\x83\x31\x86\x47\x0f\x1f\xa2\xdb\
\x6e\xe3\xa7\x8a\xd2\x4d\x14\xd2\x90\xe8\x57\xaa\xb0\x29\xa5\xe0\
\xa6\xad\xb3\x4d\xed\xea\x34\x17\xd1\x75\xdd\xda\x3a\x01\x1b\x64\
\x5b\x8b\x6a\x8a\xdb\x13\x0a\xaa\xd7\x0d\x64\xfb\x24\xd4\x3e\x67\
\x66\x85\xa8\x32\x87\xbb\xd7\xed\xe2\xd9\xc1\x41\xe9\xdb\xfd\x1a\
\xc0\x19\xc3\xd3\x47\x8f\xd0\x6d\xb7\xf1\xea\xed\xdb\x4a\xf6\x21\
\x96\xf2\xab\x4e\xe1\xa3\x68\x1a\x00\xd3\x7f\xc5\x6e\x7e\x48\x28\
\xca\xfb\xae\x1b\xd6\x92\x74\x17\x19\x35\x5b\xf9\xa6\x32\x81\xb6\
\x3a\xc3\xb9\x56\x9b\x04\xe7\x95\xaa\x11\x55\x42\x56\xa8\xc4\x30\
\xc6\xf0\xfc\xf1\x63\x74\xda\xed\x4a\xb6\xff\xb5\xa0\xd3\x6e\xe3\
\xe5\xb3\x67\xf8\xcb\xab\x57\x88\xa2\xa8\xf4\xed\x93\xda\xf7\xb5\
\xad\xbc\x27\x5b\x13\xc5\xb1\x5e\x44\x69\x11\x6e\x7b\xa1\xa1\xad\
\xcc\xd0\xf7\xea\x84\x45\x69\x24\xf4\x1e\xa5\xce\xd0\x71\x65\x1a\
\x54\x08\x66\xba\xc7\x7d\x6d\xa8\x32\xa5\x64\x67\x73\x13\xfb\x0f\
\x1f\x56\xb6\xfd\x22\xe8\x71\x83\x34\xcf\x1f\x00\x0d\x8d\xb4\x1b\
\xb4\x1e\x26\x76\x79\xb7\x74\xdc\x28\x80\x31\x52\x34\x75\x33\xbb\
\xba\x60\xa3\xd7\x83\xeb\x38\xf8\xf1\xcd\x9b\x4a\x44\x8d\xaf\x55\
\xd0\x30\x76\x08\x0a\x0c\x2c\x93\xc1\x60\xe7\x78\x5f\xe6\x85\xf5\
\x6c\x82\xb8\x9e\x57\x30\xbd\x3f\x8b\x94\x18\x00\x99\x8b\xa0\x5f\
\x63\x60\x2c\x6d\xf0\x90\x3a\x8c\xaf\x0d\x0a\xa8\x8c\x70\x0b\xce\
\xf1\xcd\xd3\xa7\xf7\x84\xbb\x24\x04\xbe\x8f\x6f\x9f\x3d\xab\x2c\
\x17\x51\xae\x81\xda\x70\xdb\x30\x39\x87\xa9\x7d\x21\xfb\x63\x77\
\xa6\xb4\xc5\x00\xfb\x7b\xb5\x42\xce\xb6\xd2\xbf\xf3\xdd\xdf\x00\
\xa4\x9d\x7e\xe7\xa5\xbc\xa4\xfc\xfa\xae\x3b\x50\x6d\xf8\x7f\xff\
\xe1\xc3\xda\x10\x6e\xa5\x14\xc6\xe3\x09\xce\xcf\x87\x18\x0c\x27\
\x18\xcd\x62\xcc\x12\x86\x04\x1c\x09\x04\x24\x04\x12\x70\x48\x08\
\x28\x2e\x00\xe1\x82\x09\x57\x3f\x67\x0e\x12\x25\x30\x4b\x14\x26\
\xb3\x08\x67\x83\x0b\x1c\x1e\x9f\x62\x38\x1a\xd5\xaa\x22\x4e\xbb\
\xd5\xc2\xcb\x67\xcf\xe0\x38\xe5\xeb\x95\x55\xa7\x2f\x55\x05\xc6\
\x74\xa7\x5b\x19\xcf\x27\x3a\xf6\xa2\x4a\x5b\x08\xc8\x7d\xb3\x96\
\x99\x0d\xeb\x49\xba\x17\xf8\x29\x72\x7c\xf9\x12\x32\xca\x52\xbd\
\xbf\xd6\xc5\x25\x55\xdd\xac\xae\xeb\xe2\xe5\xf3\xe7\x68\xdf\xe7\
\x6f\x97\x0a\x5a\xa8\x5a\xd5\x02\xcb\x58\xca\x5a\x1a\xbc\x55\x42\
\x01\xc6\x19\x27\xe9\xda\x11\x22\xda\xf6\xea\x7a\xbb\x73\x65\xed\
\x90\xda\x56\x3b\x6c\x6b\xe7\xa3\x53\xde\x3a\x91\x70\xce\x2f\x57\
\x13\xf8\x9a\xa0\xd2\x74\xbd\xb2\xc1\x00\x3c\x3d\x38\xc0\x4e\x4d\
\xf2\xb7\x19\x63\x18\x0c\x06\x98\x86\x31\x18\x17\x70\x1c\x57\x17\
\x2c\x60\x0c\x0a\x2c\x55\xbb\x59\xfa\x7c\x1e\x41\x49\xa4\x84\x82\
\x4a\xbb\x99\xea\x62\x07\x4a\x31\x80\x39\x50\x8a\x61\x30\x18\xe2\
\xe2\x62\x58\xab\xfb\x25\xf0\x7d\xbc\x7c\xf6\xac\x92\x6e\xc9\xb2\
\xa2\xf1\x56\x35\x14\x00\xe1\x38\x90\x52\xdb\x9f\x24\x4e\x32\x29\
\x7c\x97\x3e\x5f\xe3\x73\xb4\xd6\x96\xd2\x56\x62\xf2\xa1\x4f\x7a\
\x9f\x73\x0e\xa9\x64\xa6\xc6\xec\xd7\x86\xaa\x94\x18\xcf\xf3\x2a\
\x55\x5c\xaf\x82\x9d\xbb\xfa\x25\x7f\x75\x85\x10\x02\x2f\x9e\x3e\
\x45\xb7\xa2\xee\x9e\x5f\x9b\x2a\xa3\xd2\x89\x46\x9e\x84\xda\xe4\
\xd5\x7e\xac\x3b\x6c\xc5\xde\xee\xec\x6b\x2f\x0e\xb5\xa3\x8c\x75\
\xac\xc6\xb2\x4a\x28\x00\x49\x05\xd7\x92\x73\x8e\xe7\x4f\x9e\xa0\
\xdf\xed\x96\xbe\xed\x45\x48\x92\x04\x0a\x7a\xb2\xef\xb8\x0e\x58\
\x41\x03\x13\x5b\xf8\xa2\x71\x95\xb7\xa1\xf4\x19\x47\x08\xb8\xae\
\xab\x9b\x2d\x31\x56\x3b\x5b\xe2\x7b\x5e\x65\xa2\x86\xfc\x0a\x05\
\x0d\x80\xc6\x46\xfa\x84\x21\x23\x04\xd8\x9f\xa9\x3b\xd6\x32\xa7\
\x9b\x90\x2f\xc7\x95\x07\x5d\x14\xbb\xb2\xc0\xd7\x06\xad\x20\x94\
\x1f\xc6\x0e\x7c\x1f\xdf\x3c\x7d\x5a\xab\x2e\x68\x57\x9d\x83\xeb\
\x9e\xa3\x65\xe5\xd4\x8a\xde\xaf\x12\x9c\x73\x3c\x7f\xfc\x18\x3f\
\xbe\x7e\x8d\xc1\x70\x58\xfa\xf6\xbf\x96\xfc\x6e\x5a\x2f\xc2\x18\
\x03\xd4\x7c\x21\x65\x5e\x2d\xae\xf3\x58\xc9\xc3\x26\xd3\xf9\xd7\
\xa9\x01\x50\x94\x36\x22\xe3\x9c\x23\x89\x93\xaf\x8a\x74\x27\xb2\
\xfc\x85\x93\xb4\x36\xa6\xdd\x6a\x95\xb6\xcd\xeb\x20\x4e\x24\x1c\
\xd7\x87\x02\x87\x2a\x38\x1f\x57\xa5\x54\x65\xd2\x99\x94\xee\xa7\
\x41\x15\xc7\x54\xfa\x98\x5f\x0f\x51\x35\x1c\xc7\xc1\x8b\xa7\x4f\
\xf1\xe7\x1f\x7f\xc4\x34\x0c\x4b\xdd\x76\xf2\x95\xe5\x77\x93\x0f\
\x51\x52\x47\x44\xf2\xcd\x72\x8a\x26\x6f\xf6\x63\x9d\xb0\xf6\x57\
\xad\x48\x75\x24\x15\x26\x8e\x63\x5d\xab\x1b\xe9\x4d\x9c\xa2\x8e\
\x17\x62\x15\x50\x40\x25\xa1\x28\xd7\x71\xf0\xfc\xc9\x93\x5a\x10\
\xee\x45\x8a\xf4\x97\x28\xd6\x57\x29\xde\x75\x54\xc1\x9f\x1e\x1c\
\x54\xe2\xa8\x49\xf9\xbd\xeb\xd0\x6b\xc4\x28\x8c\x9e\x55\xb7\xed\
\x36\xe9\x74\x2e\xea\x9a\x62\x52\x54\x09\x2a\x3f\xce\x49\xf5\x8e\
\xd2\x3e\x08\xc6\xc1\x41\x7d\x35\xe5\x58\xab\x50\xb8\x01\xe0\x60\
\x6f\xaf\x36\x84\x3b\x6f\xe7\x14\xe3\x00\x9f\xe7\xd1\xe6\x6d\x22\
\x8d\x25\x7b\x4c\xe5\x27\xa2\x3a\x7f\x97\x43\x30\x6e\xb2\x48\x69\
\x51\x66\xd1\x36\xab\x06\x45\x1d\xbc\x0a\x52\x4d\xaa\x1a\x83\x65\
\x83\xec\x8b\x54\x12\x8c\xcf\xaf\x7d\x5e\x10\xb0\x23\x71\xf4\x99\
\xba\x8c\x13\x42\x92\x24\xeb\x4f\xba\x09\x76\xb7\x34\x72\x0a\x7a\
\x11\x93\x5e\x01\x2d\xb8\x26\x80\xb4\xb0\xe9\x6b\x40\x15\xca\xbe\
\x10\x02\xcf\x9f\x3c\x81\x5b\xc1\x42\x13\xc2\x55\x44\xf8\x3a\x04\
\xfc\x73\x52\x4b\xea\x4c\xc0\x19\x63\x78\x76\x70\x50\x49\xaa\xcf\
\xd7\xe0\x1c\xb4\x12\x07\x24\x49\x6c\x14\x39\xce\xf9\xa5\x30\x30\
\x39\x09\x9b\x9c\xd6\x89\x7c\xe7\xc7\x69\x3e\x6d\x84\xf2\xb9\x79\
\xda\x64\x8c\xec\x69\x92\x24\x10\x42\x7c\x15\xb9\xdd\x55\x95\x25\
\xdb\x7f\xf0\x00\x1b\xbd\x5e\xe9\xdb\xb5\xb1\xc8\xc6\x65\xa0\xd2\
\x54\x80\xa2\xf7\xc0\x20\xe5\x5c\x85\xa4\xd3\x68\x14\xcb\x74\xf1\
\x5b\x76\xb2\x5e\xac\x66\xd6\xc5\xb6\xba\x8e\x83\x6f\x1e\x3f\xce\
\xf6\x05\x29\x01\xeb\x50\x1e\xef\x36\x40\x11\x37\x9d\xf2\x3f\x5f\
\xd4\x4d\x11\xfc\x7c\x0a\x93\x5d\x50\xa3\x6e\xe7\x67\x3a\x9d\xae\
\x37\xe9\xce\x87\x10\xcc\x8c\x48\xce\x57\xd4\xd3\xfd\xa8\x00\x53\
\xbb\xbb\x6e\x17\x62\x15\xa0\xb4\x92\x32\x41\xa1\xcf\xaa\x72\xb8\
\xaf\x63\x94\xaf\xab\x70\x7f\xee\xe7\xae\xb3\xed\xaa\x40\xaa\x4c\
\x15\x13\xa2\xaf\x81\x78\xcf\x8d\xbc\x55\x4e\xcf\x7a\xdf\x38\x0b\
\xa5\xae\x35\xb6\xaa\x42\xde\x59\x15\x95\x0e\x24\x6d\x5f\x1f\x0b\
\xff\x6a\x6c\x6b\x55\x79\xdc\xbb\x5b\x5b\x95\x36\xbd\xb9\x8e\x7d\
\x53\x71\x0c\x99\x48\x28\x25\x81\x74\xbc\xd0\xc2\x3f\x9a\xac\x51\
\x95\x1b\xa9\x3f\x92\x92\x24\xa5\xd3\x06\xd2\x45\x72\xb1\x4c\x10\
\xcb\x04\x92\x16\x5c\x4a\x95\x29\x45\x59\x47\xdb\xea\x79\x1e\x9e\
\x3f\x7e\x5c\xfa\x3e\x24\x15\xf8\xf9\xb2\xa1\x53\x8c\xc8\xf6\xcc\
\x17\xab\x33\x56\x6c\x9b\xea\x6c\x5b\x5b\xad\xd6\x7a\x93\x6e\x60\
\xbe\xf0\xc2\x3e\xf1\xf9\x19\xa7\x94\x12\xca\x52\x7d\x19\xab\x53\
\xf5\xcf\xdb\x47\x15\x69\x25\x8c\xe9\x06\x02\x55\x2c\x2c\xb9\xca\
\x00\x7f\x8e\xc2\xbd\x6c\x3b\xcb\x3e\x7f\x9d\xd7\xaa\x34\x06\x94\
\xfa\x73\xaf\xca\xdc\x3e\x28\xba\x16\xc7\xf3\x8a\x25\xb6\x32\x63\
\x37\x73\xa8\xf3\xe2\x1f\xdb\x9e\xda\xff\x36\x6b\x64\x90\x15\x3a\
\x94\x9a\xab\xe1\x75\x73\x72\xb7\x8d\x2a\xd2\xf5\x36\x7a\x3d\x3c\
\xdc\xdd\x2d\x7d\xbb\xc0\xf5\x6d\xab\x4c\x62\x44\xb3\x29\x64\x1c\
\x43\xc5\xda\xdf\x2a\x99\x00\x4c\x81\x0b\x0e\xd7\x75\xf5\x22\x4b\
\x47\x40\x08\x5d\xf5\x86\xfe\x1c\x27\x5d\x34\x99\xfe\x89\x94\x54\
\x51\x99\xcd\x68\x16\x21\xb6\xd6\x48\x5c\x67\x7f\xaa\x40\xb3\xd1\
\xc0\xd3\x47\x8f\x4a\xdf\xfe\x5d\xaf\x66\x22\x2d\x5b\x13\x45\x31\
\x18\x4b\xfb\x1f\xf0\xcb\x9d\x7e\xe9\x73\x45\xff\xae\x0b\xd6\x7a\
\x21\x25\x90\x6d\x51\x0c\xc0\x54\x30\x21\x28\xa9\x8c\xea\x0d\x20\
\x75\x8a\xb1\x59\x5d\x7d\x17\x51\x45\xc7\xc9\xbd\xdd\xdd\x4a\xaa\
\x64\x2c\x0b\x73\x5e\xf5\xfc\xba\xef\x2d\xc2\xa2\xc5\x41\x59\x45\
\xb0\xf8\xb5\xfc\x98\x2d\x13\x81\xef\xe3\xf9\xe3\xc7\xf8\xfe\xa7\
\x9f\x4a\xdd\xae\x04\x50\x7d\x96\xff\xea\x90\x27\xa7\x9a\x6c\x73\
\x38\x8e\xb8\x14\xf6\xb4\x89\x77\xdd\x88\xaa\x5d\x65\xc2\x26\xd3\
\xa4\x64\x73\x21\x20\xa3\xd8\xbc\x47\x9d\x29\x4d\x18\xf8\x8e\xa2\
\x8a\xeb\xd5\x08\x02\x1c\xec\xed\x95\xb6\x3d\xc2\x32\xdb\x59\x74\
\xfc\xd3\xe9\x04\x52\x26\x70\x90\x5e\x7f\xc5\x90\x24\x00\xb8\x26\
\xe0\x89\x8a\xd3\xf3\x27\xa1\xb3\xff\x35\xc6\xa3\x31\x94\x92\x70\
\x84\x07\x99\x68\x92\xcd\x20\x11\x45\x31\x92\x38\x86\x94\x31\x38\
\x63\x68\xb7\x9b\x69\xea\x49\xb1\x6d\xcd\xdb\xd2\xaa\x6c\x6b\xb7\
\xd3\xc1\xde\x83\x07\x78\xff\xf1\x63\xa9\xdb\xfd\x1a\x2a\x07\x29\
\xa5\xe0\x38\x0e\xa4\xd4\xfc\xce\x2e\xc5\x9a\xaf\x90\x53\x57\xdb\
\x0a\xac\x29\xe9\xce\x93\x9d\xfc\x0d\xc6\x19\xc3\x2c\x49\xa0\xeb\
\x84\x2a\x24\x69\x51\x75\xce\x39\xa2\x28\x4e\x67\xd7\x6b\x79\xe8\
\x57\xa2\x8a\x59\x6f\xbf\xdb\x2d\x3d\xf4\xb9\xc8\x09\x5c\x87\x68\
\xdf\xd6\x8d\x98\xff\x9d\xeb\x92\x6d\x7a\x5e\xf4\xef\xb2\xd0\x6c\
\x34\x2a\x71\x0e\x52\x29\xf0\x1a\x1a\xc2\x2f\x85\xef\xfb\x86\x70\
\xf3\xcc\x78\xbc\xd9\xe4\xaf\x6a\x2c\x1a\xc3\xb6\x33\x8b\xe3\x18\
\x5c\x70\xa8\x24\xfd\x77\x3a\xc9\x88\xe3\x04\x5e\x8d\x8f\xed\x4b\
\x51\xf6\x74\xc2\x11\xa2\x12\xe5\xf4\x73\x6c\x2b\xe7\x02\xaf\x5e\
\xff\x80\xe9\x34\x84\xeb\x7a\xf0\x7c\x0f\x8e\xe7\xa3\xd9\x6a\x83\
\x0b\x07\x8e\x70\xe0\x0a\xa1\xbb\x96\xa6\xe5\xde\x1c\xce\xe1\x7b\
\x2e\xa4\x54\xe0\xe0\xe0\x42\x20\x49\x38\xe2\x78\x86\x08\x12\x51\
\x14\x22\x0c\x43\x78\xae\x9b\x6e\x10\x99\x0e\x95\xd7\x11\x32\xaa\
\xb0\xad\xdb\x1b\x1b\x18\x8d\x46\xa5\x56\x8b\xba\xcb\x82\x86\x9f\
\xa6\xab\x0a\x31\x17\x33\x68\x2d\x89\xe3\x38\x88\xe3\xd8\x2c\x64\
\xad\xb3\x6d\x25\xac\x25\xf3\xb4\x4f\x2c\xe5\x89\xd9\xaf\x4b\xa5\
\x20\x1c\x61\xc8\x36\x29\x30\x94\x6f\x29\x73\xea\xf7\x5d\x42\xd9\
\x94\xdb\xf7\x3c\x3c\x2a\xb9\x23\x9a\x9d\xa6\x91\x7f\xed\xba\xcf\
\xaf\x7a\xfd\x26\xb8\x0e\xd9\xa6\xd7\x16\x39\x88\x2a\x94\x99\x2a\
\x9c\x03\x2d\x92\xaa\xbf\x69\xbc\x19\x5c\xd7\x05\x63\xba\x0d\x3c\
\x4f\x9d\x81\x02\xc0\x52\x92\x9a\x9f\xe4\x67\xd3\x33\xea\x13\x02\
\xb5\xc7\x61\x7e\x11\xa5\x56\xb9\x39\x58\x92\x4d\x39\x99\x77\xab\
\x54\xb5\xa8\x58\xb4\x0a\x54\x21\x66\x3c\x79\xf4\x08\x2e\x11\xce\
\x12\xf0\xb9\x42\x06\x63\x0c\x51\x14\x63\xef\xe1\x3e\x84\x1f\x68\
\x92\xcc\x00\xc6\x39\x98\x70\x21\x1c\x17\x8e\x70\xc0\x15\x10\xa7\
\x0d\xa3\xd2\xd5\x57\x70\xac\xa8\x8a\x94\x12\x4c\x4a\xf0\xc4\x01\
\x73\x5c\x38\x9e\x07\x3f\x0c\x31\x9b\x4c\x31\x0d\x43\x74\x52\xb2\
\xb5\x4c\xc8\xa0\xe7\x55\xdb\xd6\x83\xbd\x3d\x7c\xff\xea\x15\xc2\
\x12\x4b\x09\xde\x55\x41\xa3\xd1\x68\x40\x2a\x85\x24\xd2\x8b\xb5\
\xb5\xda\x2d\xcd\x3a\x12\xba\x47\xec\xfc\x6e\x3b\x2d\xae\x6e\x58\
\xeb\x1c\x8b\x22\xc5\xdb\x9c\x68\x3b\x07\x31\x75\x82\xf9\x36\xf1\
\x77\x0d\x65\x3b\x06\xce\x39\x9e\x1e\x1c\x94\x76\x2e\xf3\x79\xd1\
\xf6\xeb\x45\x9f\x59\xf6\xbc\x28\xf7\x2f\xff\xde\xa2\xbf\x45\xfb\
\xb5\x68\x3b\x8b\xf6\x7f\xd1\xbf\xcb\xc4\xc1\xde\x9e\x51\x12\xca\
\xc2\x5d\xcc\x41\x34\x8b\x7b\x40\xe5\x00\xd3\xdc\x67\xa9\xc0\x59\
\xb6\x51\x8e\x4d\x04\xaa\xcc\x41\x5d\x86\xa2\x7d\xd4\x6b\x63\xb2\
\x8e\x8d\x2a\x96\x98\xf4\xbd\x3b\x18\x41\xa4\x89\x62\x99\x78\xb0\
\xbd\x8d\x56\x89\x5d\x7c\xaf\x43\xb8\x8b\x6c\x16\x3d\x1f\x8e\xc6\
\x88\xe2\x04\x51\x1c\x63\x1a\xce\x10\x45\x09\x62\x09\x80\x71\xc8\
\x34\xd5\x24\x4a\x80\x28\x51\x88\x25\x43\x2c\x19\x12\xc5\x91\x28\
\x8e\x58\x71\xc4\x09\x20\xc1\xa1\xc0\x21\x19\x83\x62\x0c\x52\x97\
\x30\x81\x82\xc4\x2c\x0c\x4d\xda\x68\x7e\xdb\x45\x76\xf6\xaa\x7f\
\xaf\x1a\x42\x08\x3c\xdd\xdf\x2f\x95\x67\x54\x31\x4e\xcb\x80\xeb\
\xba\x60\x98\x57\x9e\x33\x62\x00\xe6\x9c\x0f\xb8\x9c\xf5\x50\x57\
\xdb\xba\x96\x16\x32\x3f\xb3\xcd\xab\xd6\x3a\x8d\x24\xca\x74\x53\
\xa3\xcf\xd3\x45\xab\xe3\xc5\xf8\x12\x28\x00\x60\xe5\x2e\x10\x7d\
\xf4\xe0\x41\x69\xad\x70\x8b\x8c\x67\x55\x29\x26\x45\xdf\xbd\x8d\
\xd4\x92\x3c\x21\x2b\x63\x96\x2e\xd2\x10\xf6\xf7\x3f\xfd\x54\x6a\
\xe4\xe7\xae\xa9\xdd\xf6\xa2\x49\x0d\x2a\xd8\x0d\x24\x32\xc9\xa8\
\xc2\x36\x69\xad\x1b\xf2\x63\xd6\xb6\x9f\x73\x75\x5e\x42\x08\x07\
\x49\x9c\x20\x8a\xa3\xcc\x18\x6e\x96\x48\x14\xcb\x02\x95\x26\x2b\
\x0b\xad\x46\x03\xbb\xdb\xdb\xa5\x6d\xef\x26\xf6\xb4\x58\xe5\x8e\
\x10\xcd\x42\x70\xc7\x85\x8a\x62\xc4\x88\x21\x84\x03\x1e\x49\xc4\
\xb3\x18\x82\x0b\xbd\x86\x4a\x29\x28\x95\xe8\x9c\xab\xb4\x6f\x46\
\xda\xba\xcd\xfc\x6e\x92\x24\x48\x66\x21\xa6\xd3\x29\xe2\x78\x06\
\x95\xcc\x20\x13\x89\x30\x9c\x64\xfc\xf6\x4d\xd4\xed\xfc\xbf\xcb\
\x52\x3f\x7d\xdf\xc7\xa3\x07\x0f\xf0\xe6\xc3\x87\x52\xb6\x07\xdc\
\x3d\xbb\x0a\x68\x41\x83\x73\x0e\x99\x48\x70\x67\xbe\xce\x24\x91\
\x09\x98\xd4\x82\x6a\x86\x8c\xd7\xd0\xae\xda\x58\x4b\xd2\x9d\xbf\
\xf1\xec\x9b\x89\x1c\x1b\xe7\x1c\xd1\x2c\x82\xeb\xba\x7a\x95\x6b\
\xda\xb8\xc1\x18\x98\xca\xf6\x7e\x35\x28\x7b\x86\xbb\xd1\xeb\xa1\
\x5f\x52\xcd\xd8\xcf\x75\x0a\xd7\x21\xdf\xcb\x5e\xbf\x0e\x6e\x4a\
\xb6\xe9\xf9\x75\x9c\x42\x59\x0e\xc2\xf7\x3c\xec\xed\xee\xe2\xed\
\xbd\x73\xf8\x6c\xd0\xc2\x6c\x21\x38\xa4\x52\x70\x38\x87\x5e\x65\
\x2f\x8d\x53\x00\xe6\xe4\x3c\x13\x95\xab\x11\xec\xb1\x98\x0f\xd5\
\x3a\x8e\x83\x28\xd2\x84\x4a\xca\xec\x62\x4b\x2a\x91\x58\x54\x9b\
\x7c\x9d\x51\xf6\xb1\x08\x21\xf0\xe4\xd1\xa3\x52\xb6\x75\x95\xdd\
\xbc\xae\x2d\xfd\xf8\xf1\x23\x7e\xfc\xe1\x7b\x48\x05\x24\x4a\xc2\
\x11\x02\x42\xb8\xf0\xfd\x00\x9e\xe7\xc1\x71\x1c\x08\x41\x0b\xde\
\x24\x38\x13\xe0\x82\x9b\x7c\x5c\x29\x25\x1c\xc1\x21\x93\x04\xa3\
\xd1\x08\x93\xc9\x18\x27\x27\x27\x18\x8d\x46\xe0\x9c\xc1\xf7\x7d\
\xf4\x7a\x7d\x6c\x6e\x6d\xa3\x91\x56\xc7\xba\x89\x6d\xad\x52\xd4\
\xe8\xf7\x7a\xb8\x18\x8f\x71\x3e\x18\xac\x7c\x5b\x84\xbb\x66\x5b\
\x29\xa5\x48\x38\xda\xc6\xd8\x59\x0b\x76\x2b\xf8\x7c\x5b\xf8\xba\
\xd9\x56\xc2\x5a\x92\x6e\x42\x3e\x9c\x00\x50\xc5\x00\x40\x49\x09\
\xe1\x68\xb2\x1d\xa7\x0d\x2b\x84\x10\xba\x23\x10\xe7\x7a\xb6\x7d\
\x47\x50\x85\x63\x78\xb8\xb3\x53\xca\xb6\xf2\x0e\xe0\x36\xc8\xf6\
\x55\x24\x7b\xd9\xfb\xf9\x1b\x79\x19\xd9\xa6\xd7\xae\x72\x10\x45\
\x4e\xa1\x6c\xe2\xbd\xd1\xeb\xe1\x7c\x30\xc0\x70\x3c\x5e\xf9\xb6\
\x08\x77\xcd\x39\x98\x05\x3e\x20\xd2\x9a\xe8\xdc\x6e\x4b\x0c\xb0\
\x95\xee\x3a\x23\x1f\xbe\xa7\x1c\x6f\xc6\x14\xe2\x38\x01\xe3\x97\
\x9b\x52\xd0\x71\xde\xa5\x9a\xec\x65\x1f\xc9\xde\xce\x4e\x29\xe5\
\x3c\x3f\x37\x72\x58\xf4\xef\xa3\xa3\x4f\x08\xc3\x10\x9c\x73\xbc\
\x79\xf3\x23\x20\x25\x5c\xd7\x45\x10\x04\xf0\xfc\x00\x42\x08\x78\
\xae\x07\xd7\x73\x31\x9b\xe9\xc8\x88\xef\xfb\x70\x84\x83\x69\x38\
\x45\x1c\xc5\x80\x92\x48\x64\x8c\xe9\x74\x8a\xd9\x74\x86\xf1\x78\
\x8c\x69\x38\x83\x70\x5d\x6c\x6d\xef\x60\x36\x8b\x10\x47\x51\x66\
\xbb\x57\x2d\x9c\x2c\x22\xd9\x55\xd8\xd6\xfd\xdd\x5d\x5c\x0c\x87\
\xa5\x45\x12\xef\x9a\x5d\x05\x70\xc9\xd6\x90\x7d\xb2\x3b\x9a\xda\
\x4a\x77\x9d\xed\xeb\x5a\x93\x6e\xe0\xf2\xcd\xc6\xd3\x36\xb4\x4c\
\x70\xa8\x24\x3b\xc8\x93\x74\x11\x47\xdd\xc3\x0f\x37\xc5\x5d\x77\
\x0c\xcb\x9c\xc2\x75\xc9\xf6\x6d\xa5\x98\x7c\x49\x6a\xc9\x22\x07\
\x51\xe4\x14\xaa\x08\x89\xee\x3d\x78\x80\x3f\xff\xf0\x43\x69\xe3\
\xe9\xae\x3a\x07\x52\x66\xf4\x35\x54\x80\xd2\xa1\xcf\x32\x17\xc5\
\x7d\x29\x8a\x26\x97\x9c\x33\x30\xc6\x35\xe1\xb6\xba\x0a\x02\xf3\
\x05\xed\x52\xca\x3b\x23\x68\x94\x6d\x57\x1b\x41\x50\x4a\xf4\xf0\
\xba\x76\xf4\xba\xa2\xc6\x37\xdf\xbc\xc4\xf3\xe7\x2f\x10\x4e\x27\
\xf8\xbf\xff\xaf\x37\x88\x93\x89\x16\xbb\xa0\xa0\x64\x02\xcf\x0b\
\x20\x18\x03\x53\x0a\x52\x6a\xff\x2b\x63\x01\xe6\x38\xf0\x1c\x07\
\x32\x49\x20\x25\x00\x26\xf4\xa2\x4b\x47\x5b\x06\x21\x04\xf6\xf6\
\xf6\xf0\xbf\xff\xe7\xff\x82\x8d\x8d\x4d\xf8\xbe\x9f\x29\x0f\xf7\
\xb9\x91\xc3\xb2\x89\xb7\x10\x02\x0f\xb6\xb7\xf1\xfe\xd3\xa7\x95\
\x6e\xc7\xc6\x5d\xb5\xad\x3a\xcd\x24\x01\x4f\xf9\x07\x09\x1d\xc0\
\x5c\x28\xb0\xaf\x67\x1d\xc9\xf7\x5a\x92\xee\xfc\x89\xcc\x3e\x67\
\xda\xcf\xa5\x15\x4a\x8c\xb2\x8d\x79\x7e\xa2\x10\x02\xa8\xe1\xc5\
\xf8\x1c\x94\x7d\x14\xad\x66\xb3\x54\xc7\xf0\xa5\x4e\x61\x55\x29\
\x26\xf9\x45\xbc\xf9\xd7\xbf\x34\xfc\xb9\xec\xb5\x55\xc1\xf7\x3c\
\x6c\x6e\x6c\xe0\xf8\xf4\x74\xa5\xdb\xb1\x71\x67\x9c\x83\xa5\xbe\
\xe8\xeb\xa5\x5f\xd6\x95\x92\xec\x28\x1c\xbb\x34\x5e\xea\xe8\x18\
\xec\x7d\x9c\x2f\x40\x4f\xf7\x37\x4d\x2d\x31\xe9\x24\xa9\x33\x34\
\xe3\xb4\xaa\x9d\xbe\x65\x94\x79\x1c\x0c\xba\xcd\xfb\xca\xb7\xb3\
\xc4\x8e\x7e\xae\xd2\xdd\xef\xf7\xa1\x94\xc2\xd9\xa9\xc2\xe9\xe9\
\x29\x1a\xbe\x03\x97\x7b\x70\x84\x03\x3f\x68\xa2\xd7\xdf\xc0\xc6\
\xe6\x26\x94\x54\x98\x4e\xa7\x60\x82\xc1\x75\x3c\xb4\x3b\x6d\x4c\
\xa7\x3a\x7f\x5b\x29\x85\x30\x0c\x71\x7e\x7e\x8e\x10\x21\x14\x74\
\xd3\x25\xdf\xf3\xd1\xef\xf5\xd1\xe9\x74\x96\xda\xd6\x9b\x2a\xdd\
\x65\x13\xef\xcd\x8d\x0d\x9c\x0d\x06\x98\x4c\xa7\x2b\xdd\x0e\xe1\
\xce\xd8\x55\xc0\xd8\x56\x93\xee\xc6\xe7\xd7\x2b\xaf\x7e\x03\x5f\
\x96\x2e\x5a\x06\xd6\x92\x74\xe7\x6f\x12\x72\x00\x4a\xa9\x0c\xc9\
\xce\x97\x12\xa4\xd2\x5d\x49\x92\xdc\x19\x35\x06\xac\xbc\xc5\x93\
\x65\x3b\x86\xdb\x22\xde\xd7\x79\xbe\x6c\x5f\x8a\x0c\x72\xfe\xfb\
\x37\x49\x2d\xf9\x5c\xa7\x50\x86\x73\x78\xb0\xbd\x8d\x8b\xe1\x10\
\x51\xda\xf0\xa4\x14\xd4\x90\x74\xde\x18\x6c\xbe\x40\x9b\x48\x28\
\x0d\x05\x52\xbe\xed\xbf\xf9\xd7\xea\xb9\xc2\x3e\x0f\x52\xb1\xcd\
\xc4\x02\xd9\xb1\x69\xa7\xd0\xe0\x0e\x54\x86\x2a\x7b\xf1\xe4\xd6\
\xc6\x06\x1a\x41\xb0\xd2\x6d\xdc\x94\x70\xdf\xc4\xb6\xd2\x5f\x14\
\x45\x68\x37\x02\x70\x21\xe0\x78\x3e\x3c\xcf\x83\xeb\xf9\xf0\x3c\
\x5f\x8b\x5e\x00\x92\x24\x46\xa2\x14\xa6\x61\x84\x59\x94\x20\x91\
\x34\x7e\x04\x5c\xe1\x20\x08\x5c\x8c\x86\x0a\x49\x12\x21\x8e\x23\
\xc3\x1e\x6f\x22\x64\xd8\xff\x5e\x64\x47\xcb\x24\xde\xe4\x3b\x7f\
\x78\xf5\xaa\xbc\x48\xa2\x52\x77\x83\x78\xa7\x62\xa9\xbe\x46\x12\
\xc0\xdc\xb6\x12\xf7\xb3\x4b\x49\xda\xe9\x27\x75\xb4\xad\x6b\x6b\
\x1d\xf3\x4a\x0c\x63\x0c\x9c\xf1\xec\x8d\x64\xbd\x9f\x59\x44\xc9\
\xd8\x9d\x70\xf4\x65\x1f\xc1\xe6\xc6\xc6\xca\xab\x95\xdc\x36\xe1\
\xb6\x6f\xbc\xfc\x8d\x68\xdf\xa4\x44\x2a\x28\x05\x89\xfe\x68\xa1\
\xcf\xbc\xce\xfb\xe5\xdf\xb9\xea\xb5\xab\xfe\x7d\xd5\xb1\x2f\x7a\
\x6d\x15\xe0\x9c\x63\xaf\xe4\x96\xd3\xaa\x86\x86\xf1\xc6\x50\xf3\
\x85\x3c\x54\xda\x8a\x6c\x4e\x94\xe6\xa2\x12\xf2\xe3\xaf\x6e\xb0\
\x89\x34\x39\x30\xdb\xb6\x2a\xa5\x80\x94\x28\x25\x49\x72\xa9\xd3\
\xe6\x9d\x40\x89\xc7\xe1\x3a\x0e\x76\xb7\xb6\x4a\xdb\xde\x32\x1b\
\x7b\x95\xed\x59\x66\xdf\x84\xe3\x20\x8a\x67\x68\xf7\x3a\x08\x9a\
\x2d\x34\xdb\x2d\x04\xcd\x26\x3c\xdf\x47\x18\xc5\x98\xc5\x31\xa4\
\x54\x26\x62\x32\x9b\x85\x50\x4a\xa6\xf7\x0d\x03\x90\xc0\xf3\x1d\
\x30\xa6\xc0\xa0\xe0\x30\x40\xc9\x24\xb3\xf8\xd8\xde\xee\x75\x6d\
\xeb\xa2\xd7\xf2\xc7\xb9\x6a\x34\x82\x00\x1b\x25\x15\x1f\x00\x70\
\x77\x84\x45\xc0\x94\x26\x15\xc2\xc9\xe5\x77\x5f\xce\x93\xcf\xab\
\xe0\x75\xc3\x5a\x2a\xdd\x45\x6a\x11\x00\xa3\xbe\x28\x7d\x57\x5f\
\x52\x2b\xec\x92\x5d\x77\x62\x40\x96\x78\x0c\x82\xf3\x95\x3b\x86\
\xcf\x21\xdc\xd7\x25\xde\x36\xa1\x56\x4a\x37\x2c\xa1\xbf\x28\x8a\
\x0c\x79\xb0\xcb\x52\x31\xc6\xd2\x1b\x5d\x98\x3f\xd7\x75\xb5\x7a\
\xe3\xba\xa6\x94\x51\xfe\x26\xbf\x4a\x91\xb9\x89\xd2\x5d\x86\xba\
\x9d\x47\xa7\xdd\x46\xab\xd1\xc0\x68\x32\x29\x75\xbb\x6b\x8d\xdc\
\x64\x8e\x1c\xfd\x5c\x85\x99\x47\xdd\xec\x08\x5c\xdd\xd2\x4b\x6c\
\xa2\x9d\x19\x9b\xa0\xfd\xd4\xb6\x55\x2a\x05\x91\x8e\x7d\xfa\xdc\
\x5d\xb1\xad\x65\x4f\x02\x77\xb6\xb6\x56\x5e\xcf\xf9\x2a\xdb\xfa\
\x25\xa2\xc6\x1c\x0a\x6e\xe0\x03\x9c\x23\x8c\x22\xf4\x1d\x0f\xbe\
\x17\xa0\xd7\xdf\xc4\xc3\x87\x0f\xd1\x68\x34\x71\x76\x76\x86\xc9\
\x64\x9c\x76\x32\xd5\x8d\x4e\x82\xa0\x01\xc7\x73\x10\x85\x53\x8c\
\x46\x17\x38\xfc\xf8\x1e\x9c\xbb\x38\xfa\xf8\x09\x0c\xc0\x6c\x36\
\xbb\xb4\xbd\x9b\xa4\x96\x5c\xa5\x74\x97\x69\x6b\x77\xb6\xb6\x70\
\x36\x18\x94\xd6\xab\x40\x31\x9d\x4b\xbf\xee\x30\x3e\x16\xca\xa4\
\xb5\x01\x73\xe2\x6d\x8f\x8b\x22\x9f\x5c\x27\xac\x25\xe9\x5e\x3c\
\x3b\x9d\x87\x76\xc1\x74\x28\x82\x61\x5e\xb7\x9b\x14\xa8\x3b\x91\
\xd3\x5d\xb2\x63\xd8\xda\xd8\x58\xa9\x63\xb8\x2d\xc2\x6d\xbf\x26\
\xa5\x44\x1c\xc7\x98\xcd\x66\x98\xcd\x66\x98\x4e\xa7\x98\x4c\x26\
\xe6\x79\x14\x45\x98\xcd\x66\x50\x4a\x5d\x22\xd6\xba\xcc\x95\x30\
\x8f\x74\xec\x8e\xe3\xa0\xd1\x68\x80\x31\x06\xcf\xf3\xe0\x79\x1e\
\xa2\x28\x42\x1c\xc7\x19\xb2\xb5\x2c\xb5\xe4\x3a\x24\xbc\x6a\xe7\
\xb0\xbd\xb9\x89\xd1\xdb\xb7\x2b\xdd\x86\x8d\xbb\xe0\x1c\x28\xb5\
\x8d\xc8\xa9\xbd\xd8\x98\xd4\x3d\xdb\x29\xd4\x51\x19\x5e\x34\x36\
\x95\x82\xb1\xab\x8c\x73\x70\x25\x21\xad\x09\x03\x1d\x3b\xe7\xbc\
\xf4\x76\xe9\xeb\x0c\xc7\x71\xd0\xeb\x76\x57\xba\x8d\x2f\x21\xdc\
\xd7\x23\xdb\xda\xd6\x7e\x78\xff\x01\x7f\xf5\xf3\x9f\xe3\xc1\xee\
\x2e\x36\x36\x36\xd1\xe9\xf4\x10\x04\x4d\x08\xd7\x4f\x4b\x4a\x2a\
\x74\xbb\x3d\x74\xbb\xbd\x4c\x0a\xa8\x94\x12\x51\x92\xc0\x6f\x34\
\xe0\xba\x1e\x02\xdf\x47\xbf\xbf\x81\x76\xab\x8d\xd9\x74\x8a\xf3\
\xd3\x13\x6c\xf4\x37\x20\xd2\x4a\x40\xf6\xf6\xaf\x93\x5a\x52\x27\
\xe2\xed\x38\x0e\xfa\xdd\x2e\x4e\xce\xcf\x57\xb6\x8d\x3b\x07\x5b\
\x08\x90\x0a\xf3\x8a\x25\x2c\xa5\x71\xd9\xeb\x5b\xf7\x4e\xe3\x6b\
\x49\xba\xf3\x98\xdf\x68\x7a\xc6\x63\x9a\x39\x48\x65\x52\x30\x84\
\x10\x88\xed\x3c\xd5\x9a\x39\xbb\x9b\xa2\x4c\x7a\xc2\x19\xc3\xe6\
\xc6\xc6\xca\x7e\xff\x3a\x21\xbf\xeb\x3a\x0c\xa5\x14\xa2\x28\x42\
\x18\x86\xe6\x6f\x3a\x9d\x66\x9e\x13\x49\xb6\x95\x6d\x22\x0c\xf4\
\x47\x2a\xb6\x4d\xc2\x3d\xcf\x33\xe3\x8b\x48\x93\x9d\x4a\x30\x9b\
\xcd\xcc\x18\xf3\x7d\xdf\x94\x8b\x5b\x85\x53\x58\xb5\x73\x68\xb7\
\x5a\x68\x04\x41\x69\x0b\x7f\xee\x0a\x28\x55\xc9\x26\xd6\x34\x46\
\x58\xae\xf2\x42\xdd\x08\x77\x1e\xd9\x7d\x4c\xd3\x4d\x4c\x5a\xc9\
\xfc\xbe\xa1\x34\x1a\x53\xbd\x64\x9d\x73\xba\xcb\x16\x33\xfa\xfd\
\x95\xb6\xee\x5e\x35\xe1\x66\x8c\x21\x8e\x63\xbc\x79\xf3\x0a\xff\
\xe3\xb7\xbf\x81\x9c\x45\xf8\xf0\xe1\x03\x46\xe3\x29\x36\x36\x23\
\x74\xbb\x5d\xdd\x28\x87\x73\xb8\xae\x4e\x4d\x14\x82\x23\x8e\x63\
\x2b\x4f\x57\x65\x22\x91\x93\xc9\x10\xa7\xc7\x47\x18\x0e\x87\x18\
\x0d\x2e\xf0\xdf\x7f\xfd\x4f\x00\x18\x9e\x3c\x7b\x9e\x69\xf9\x4d\
\xdb\xbf\x8e\xd2\x5d\x27\xe2\xbd\xb5\xb1\x81\xd3\xc1\xa0\x3c\x15\
\x96\xb1\xf5\x16\x19\xad\xf1\x66\xaf\xd9\x4b\x92\xc4\xf4\x40\x58\
\x97\x7c\x6e\xe0\x0e\x90\x6e\x7b\x66\xc3\x85\x00\xa2\x08\x8c\x33\
\x30\x39\x27\x37\xf4\xe7\xba\xae\x49\x2d\x58\x6b\x94\x3c\xa0\x36\
\xfa\x7d\x88\x0a\x1c\xe9\x4d\x1c\x86\x52\x2a\x43\xb2\x67\xb3\x19\
\xc2\x30\xc4\x78\x3c\x36\xea\xb6\x1d\xd6\x77\x5d\xd7\x90\x06\x5b\
\xe5\xa6\xd7\x8a\x9c\x0c\xa9\xe3\xe3\xf1\x18\x17\x17\x17\x70\x5d\
\x17\xbe\xef\x23\x08\x02\xb8\xae\x0b\x29\xa5\xd9\x7e\x92\x24\x70\
\x5d\x17\xdd\x6e\x17\x41\x10\x64\x14\x70\xfa\xcd\xba\x13\xef\xed\
\x8d\x8d\x52\xbb\xa9\x01\x58\x5f\xe7\x60\x19\x7b\x1a\x53\x04\x9a\
\xa4\x81\x16\x5a\x42\x41\x59\x6a\x4c\x1d\x9d\x03\x8d\x2d\x1a\x5f\
\xdc\x6a\x7e\x43\x33\x7e\x4d\xbe\x93\x4b\xf7\xcb\x5a\x83\x95\xb7\
\x30\x5d\x70\x8e\x8d\x7e\x7f\x65\xbf\x7f\xdb\x84\xbb\xe8\xb5\x38\
\x8e\xf1\xe6\xf5\x4f\xf8\xd7\xdf\xff\x0f\xc4\xb3\x10\x60\x5a\xcd\
\x0d\x1a\x0d\x04\x41\x90\x12\xea\x04\x52\x26\xd0\x81\x12\x86\x30\
\x9c\x21\x0c\x75\x84\xd1\x71\x1c\x53\xdc\x20\x8a\x62\x44\xd1\x0c\
\x32\x49\xe0\x79\x1e\x1a\x41\x80\x24\x9c\xe1\xf8\xe8\x08\xff\xef\
\xaf\xfe\x2b\xb8\xe0\x78\xfa\xec\x9b\xcc\x78\xbb\x89\xa8\x51\x17\
\xe2\xed\x79\x1e\xba\x9d\x0e\x06\x17\x17\x2b\xf9\xfd\x42\xac\xab\
\x5d\xcd\xc1\x11\x4e\x66\x11\xb7\x94\x12\xea\x52\x87\xf1\xcb\x15\
\x4d\xea\x84\xb5\x27\xdd\xf6\x0d\x92\xc4\xb1\xbe\x21\x55\xb6\x3c\
\x17\x39\x06\xbb\x1d\xfc\x5a\xa3\xc4\xfd\x67\x8c\x61\xbb\x02\x95\
\xfb\xba\x8f\x49\x92\x18\x25\x9b\xd2\x49\x86\xc3\x61\xda\xd9\x6c\
\x62\x94\xc6\x46\xa3\x61\xc8\x90\xdd\x21\xd0\x26\xc3\xf6\x82\x9d\
\xa2\x10\x15\xe7\x5c\x37\x7c\xf0\x3c\xd3\x81\x2f\x49\xbb\xa8\x01\
\xf3\xe2\xfc\x49\x92\x20\x0c\x43\x9c\x9d\x9d\xe1\xd3\xa7\x4f\x68\
\x34\x1a\xd8\xdf\xdf\x47\xb3\xd9\xbc\x35\xe2\x5d\x06\x3a\xed\x36\
\x3c\xcf\xcb\xe4\x54\xae\x14\x6b\xae\xc8\x64\x6c\x4e\x9c\x00\x4c\
\xab\x7a\x46\xe5\x9e\x8b\xc6\x46\xf5\xb6\x89\x6d\x9d\x60\xef\x17\
\x39\x36\x4a\xd3\x53\x98\xa7\xc8\xd8\x35\xc9\xc9\xce\xd6\x3b\xb8\
\xbb\x04\x25\xfb\x85\x8d\x5e\xaf\x12\x31\x23\x8f\xcf\x21\xe5\x80\
\x1e\x17\xef\xde\xbe\xc1\x9f\xff\xf8\x47\x4c\x27\x53\x8c\xc6\x23\
\xf4\x36\x36\xd0\xea\x74\xd0\x68\x34\x8d\x3d\xd5\x36\x31\x46\x1c\
\x47\x98\x45\x7a\xf1\xe4\x74\x12\xc2\x71\x74\x03\x1d\x6d\x47\x25\
\xa2\x68\x96\x46\x22\x63\x00\x0c\x92\x71\x70\xd7\x05\x77\x1c\x1c\
\x1e\x7e\xc2\x3f\xfd\xe3\xff\x03\xd7\xf5\x70\xf0\xf8\x49\xc6\x1e\
\x02\x37\x4f\xd5\xab\x1a\x5b\xfd\x7e\xb9\xa4\x7b\x9d\x6d\xab\x15\
\x3d\x4c\x64\x62\x7c\xb5\xe3\xcc\x23\x88\x76\x59\x68\x3b\xdd\xa4\
\x0e\xd7\x3a\x8f\xb5\x24\xdd\x45\x27\x94\x14\xa6\x28\x8a\xf4\x22\
\x85\x82\x41\x46\x61\xac\x3a\x5e\x88\x6b\xa3\x64\xc7\xd0\xeb\x74\
\xe0\x38\xab\x19\x26\x5f\x4a\xb8\x27\x93\x09\x4e\x4e\x4e\x00\x00\
\xae\xeb\x62\x34\x1a\xe1\xec\xec\x0c\x61\x18\xc2\xf3\x3c\x34\x9b\
\x4d\x43\xb4\xed\x90\x93\xad\x66\xe7\x5f\xb3\x6f\x5e\xfb\x35\x4a\
\x4f\x22\x75\x26\x08\x02\xa3\xd0\xd8\x04\x5d\x29\x65\xf2\xc4\x67\
\xb3\x19\x86\xc3\x21\x4e\x4e\x4e\xf0\xf6\xed\x5b\xbc\x7c\xf9\x12\
\x7b\x7b\x7b\x99\x76\xb5\x9f\xeb\x14\xca\x70\x22\x8c\x31\x6c\xf5\
\xfb\xa5\x36\x75\x58\x67\xe7\x60\x8f\x25\x00\x29\x31\xd5\xc4\x5b\
\x49\x99\xae\x41\xac\x7f\xc9\xc0\xfc\x78\xa2\xfd\xcb\x77\x7c\xb3\
\x8f\xc5\x5e\xa4\x5c\xb6\x8d\xba\x35\x94\x2c\x66\x6c\xd6\x40\xe5\
\xfe\x5c\xc2\x0d\x00\x67\x67\xa7\x38\x3c\x3a\x04\x38\x83\x70\x5d\
\x3c\x7d\xfe\x22\x25\xdc\x2d\xb8\xae\x07\xc7\x71\xcd\xa4\x93\x84\
\x88\xa3\xa3\x43\x04\x0d\x9d\xb3\xed\xfb\x0d\x13\x71\x64\x8c\xa5\
\x29\x27\x9a\x7c\x03\xc0\xe6\xe6\x0e\x66\xe1\x18\xd3\xe9\x04\xe1\
\x74\x8a\x38\x8a\xf0\xd3\x0f\x7f\xc1\xe6\xe6\x26\x5a\xed\xce\x52\
\x92\x5d\xf4\xda\xe7\x3e\xae\x02\x8d\x20\x40\xa7\xdd\xc6\xc5\x70\
\xb8\x92\xdf\xbf\x84\x35\xb6\xab\x00\x32\x7e\x79\x9e\x5e\x22\xc1\
\xb9\x28\xec\xf4\x5b\x37\x9b\x6a\x63\x2d\x49\x37\x21\x63\x18\x60\
\xdd\x64\x60\xe9\x02\x4a\x81\x44\xea\xbc\x9f\x28\x8a\x32\xb3\xe2\
\xb5\x45\xc9\x83\x69\x7b\x73\xb3\xd4\xed\x5d\xd7\x19\x5c\x5c\x5c\
\xe0\xa7\x9f\x7e\x02\x63\xba\xa5\xf0\xd1\xd1\x11\xa2\x28\x32\x29\
\x1d\xb6\x9a\x0d\x64\x73\xbd\xe8\x77\xf2\x37\xb2\x4d\x96\xe8\xbd\
\xc3\xc3\x43\x84\x61\x88\x56\xab\x65\xc8\x37\xa5\xaa\xf4\xfb\x7d\
\xf4\x7a\x3d\xb8\xae\x6b\xf2\xb9\x19\x63\x68\xb7\xdb\xe8\xf7\xfb\
\xa9\x93\x39\xc2\x9b\x37\x6f\x70\x7e\x7e\x8e\x5f\xfd\xea\x57\xf8\
\xe5\x2f\x7f\x89\xa7\x4f\x9f\x66\x54\xa0\x3a\x3b\x87\x7e\xb7\x8b\
\x4f\xc7\xc7\x26\x4a\xb4\x72\xac\xb1\x73\x20\xa3\x4f\x63\x8f\x1a\
\x71\x15\x89\x03\x75\xb5\x41\xf9\xfb\x04\x00\x38\xb3\x16\x7e\x62\
\x1e\x19\xa2\x89\x28\xe5\x56\xae\x35\xe9\xbe\x43\x62\x06\x61\x15\
\x84\x9b\x1e\x87\xc3\x0b\x9c\x9c\x1c\xc3\xf3\x3c\xec\xec\x3e\x84\
\xe7\x79\x68\xb5\x5a\x70\x3d\x1f\x9c\x09\x08\xe1\x1a\x15\x92\x31\
\x06\x9e\x92\xea\x6e\xb7\x03\xc7\x15\x68\xb7\x3a\x60\xcc\x01\xc0\
\xac\xe6\x27\x00\xad\x1d\x48\x12\x09\xa9\x12\xc8\x44\xa7\x0c\xce\
\x66\x21\xa6\x93\x31\x46\xa3\x31\xfe\xf2\x97\xbf\xe0\xaf\xfe\xfa\
\xdf\x65\x6c\xfc\x6d\xa5\xea\x95\xa9\x88\x6f\xf5\xfb\xe5\x91\x6e\
\x60\xad\x6d\x2b\x90\x15\xc2\xe2\x38\x36\x5d\x29\xf3\x62\x47\xdd\
\xc9\xf7\x5a\x93\x6e\xfb\xe4\x2a\xd0\x42\x4a\x6e\x72\xba\x49\x99\
\xb4\xb1\xea\xd2\x4c\x77\x09\x8d\x20\x80\xb7\xa2\xd6\xd5\xcb\x0c\
\xfd\x55\x18\x8f\xc7\xf8\xfd\xef\x7f\x0f\xc6\x18\x1c\xc7\xc1\x74\
\x3a\x85\x10\xc2\xa8\xcf\x44\x6a\xec\x70\xff\x22\x25\x9b\x5e\xa7\
\xbc\xef\x7e\xaa\x3e\x25\x49\x82\xf7\xef\xdf\x63\x3a\x9d\xc2\x75\
\x5d\x84\x61\x88\x83\x83\x03\x43\x2e\x06\x83\x01\x5e\xbf\x7e\x8d\
\xdf\xfd\xee\x77\x78\xf8\xf0\x21\x9e\x3d\x7b\x86\x66\xb3\x09\x29\
\x25\x2e\x2e\x2e\x20\xa5\x44\xa7\xd3\xc1\x93\x27\x4f\xb0\xb5\xb5\
\x85\x3f\xff\xf9\xcf\xf8\xf1\xc7\x1f\xf1\x9b\xdf\xfc\x06\xad\x56\
\x0b\x3b\x3b\x3b\x66\xfb\x75\x75\x0a\x74\x9e\x7a\x9d\x0e\x4e\xce\
\xce\x56\xbe\x2d\x6b\xa3\x6b\xe9\x1c\x88\x70\x9b\xae\xb7\xb0\xd2\
\x97\x30\xcf\x41\x2c\x6d\x02\xf3\x99\xc8\xab\xf1\x99\x1e\x07\x9c\
\x41\x25\x2a\x13\x35\xa4\x09\x86\x7d\xac\x6b\x07\x56\x6e\xc4\xa1\
\xbf\xc2\x8a\x25\xcb\x8e\xe3\x36\x08\xf7\x74\x3a\xc5\xa7\x4f\x87\
\x98\x4c\x42\xb8\xae\x0f\xb7\xe9\xc1\xf3\x7c\x1d\xee\x87\x80\x10\
\x0e\x1c\xc7\x05\xb3\xa2\x8c\x9c\x31\xb8\xae\x5e\xff\x62\xce\xb5\
\x22\x52\x0c\x48\x48\x70\x30\x48\x25\x21\xc0\xc0\x84\x84\x52\x02\
\x49\xcc\x91\x28\x0e\xc6\x5d\x08\xe1\x81\x3b\x2e\x86\x17\x17\xf8\
\xf3\x9f\xfe\x84\x9f\xfd\xfc\xe7\x99\x7d\x5b\x45\xfe\xf6\x2a\xed\
\x6c\xb3\xd1\x30\xd5\xaf\xca\x80\x9e\xd3\xac\xe5\xdd\x69\x4a\xaf\
\xda\x36\x47\xf0\x6c\x69\xc0\x7c\x33\xc4\xba\x62\xad\x49\xb7\x0d\
\x7d\x31\x34\xf1\x36\xab\xe8\x31\xaf\xcd\x4d\x8f\x75\x2f\x27\xb3\
\x14\x25\x2f\x58\xea\x75\x3a\xa5\x6c\xe7\x26\x0a\x8c\x94\x12\x7f\
\xfc\xe3\x1f\x31\x1a\x8d\x32\xe9\x23\xb6\xf1\xb4\x6f\xbe\x7c\x1a\
\x49\x1e\x94\x07\x3e\x9d\x4e\xd1\x6e\xb7\x4d\xee\xff\xe1\xe1\x21\
\x00\x20\x08\x02\x4c\xa7\x53\xec\xec\xec\x18\x42\xcf\x18\xc3\xce\
\xce\x0e\x76\x77\x77\xf1\xe9\xd3\x27\x1c\x1e\x1e\xe2\xfc\xfc\x1c\
\x83\xc1\x00\x3b\x3b\x3b\xd8\xda\xda\x42\x92\x24\x38\x3b\x3b\xc3\
\xc5\xc5\x05\xfa\xfd\x3e\x7e\xf1\x8b\x5f\xa0\xdb\xed\xe2\xb7\xbf\
\xfd\x2d\xfe\xf0\x87\x3f\x60\x73\x73\xd3\x28\x5d\xb7\xe1\x14\x56\
\xad\x76\x9f\x96\x5c\xe2\xaa\xae\x4a\xf0\x32\xd8\xd7\x82\x26\x7c\
\x52\x4a\x3d\x6e\xac\x31\x9c\x1f\x87\x75\x3d\x56\xb3\x9f\x6c\x4e\
\xc4\xf3\x4d\xc6\xe8\xdf\x76\x83\x9c\x75\x54\xba\xcb\xb4\xab\xae\
\xeb\xa2\xd9\x68\xac\xe4\xb7\xaf\x43\xa6\xbf\xe4\x77\xa4\x94\x38\
\x3d\x3d\xc5\x68\x34\x82\xef\xfb\x70\x5d\x0f\xae\xeb\xc1\xf7\xfd\
\xb4\x14\x6f\x4a\xb4\xb9\x16\xbf\x6c\x91\x8b\x73\x06\xa5\x2c\xca\
\xc1\xe6\xaf\xd3\xbd\xe3\x72\xbd\x20\x5d\x28\x06\xa5\x74\xd3\x1c\
\x57\x01\x9c\x89\x74\x42\xa7\x49\xd7\x60\x70\x86\x77\x6f\xdf\xe2\
\xe0\xf1\x63\x00\xb7\xd3\xe3\xa0\x0a\x81\xa3\xdb\x6e\xe3\xf8\xf4\
\x74\x25\xbf\x9d\xc7\xda\x4e\x88\x01\x33\xb1\x77\x1c\x27\x63\x5b\
\x29\x3d\x89\x3e\x93\xbf\x4e\x75\xb4\xad\x6b\x2d\xfb\x1a\xa3\xaf\
\x54\xa1\x91\xb0\x9b\xe1\xd0\x4c\x89\x2e\xd6\x3a\xce\xf8\xca\x74\
\x0c\xa4\x70\xae\xea\xb7\xed\xc7\x65\xef\xe5\x1f\xc7\xe3\x31\x3e\
\x7d\xfa\x84\x20\x08\xd0\x6c\x36\x01\x20\x6d\xb4\xc0\x0b\x53\x44\
\xe8\x39\xe5\x9c\x52\x8d\xee\xc9\x64\x62\x2a\x9b\xc4\x71\x8c\x7e\
\xbf\x0f\xcf\xf3\x10\x86\x21\x06\x83\x81\xa9\xcf\x4d\xe3\x86\x2a\
\xa1\x84\x61\x68\xc2\xe8\x8e\xe3\xa0\xdf\xef\xe3\xf9\xf3\xe7\x78\
\xfa\xf4\xa9\xc9\xdf\x56\x4a\x57\xca\xd9\xd9\xd9\x41\xaf\xd7\xc3\
\xc5\xc5\x05\xe2\x38\xc6\xcb\x97\x2f\xf1\xcb\x5f\xfe\x12\xc3\xe1\
\x10\x93\xc9\xe4\xd6\x1c\xe1\xaa\x11\xf8\xba\x9d\x73\x69\x58\x43\
\xd2\x06\xcc\xd5\x16\x9b\x8c\xd2\x24\x4e\x4f\xf8\x8b\x73\xa5\xeb\
\x0c\x65\xd9\x56\x20\x1b\x29\xb4\x8f\x17\x98\xe7\x7c\xaf\x1d\x4a\
\xbe\x0e\xfd\x92\xc4\x0c\xc2\x4d\x44\x8d\x65\x8f\x00\x70\x71\x31\
\xc0\xe9\xe9\x09\x7c\xdf\x33\x4d\xc2\x5c\xd7\x4d\x7b\x19\x08\x53\
\x8d\x84\x73\x06\x21\x18\x18\x57\x60\x4c\x81\x71\x05\x30\x09\xc6\
\x74\xba\xd2\xa5\x35\x35\x60\x10\x62\x5e\xb2\x55\x08\x01\xce\xe6\
\x1d\x5e\x1d\x87\x7a\x28\x38\x08\xd2\x8a\x51\xaf\x5e\xfd\x84\xf3\
\x54\x0c\xb8\xad\x63\x2c\xfb\x9e\xec\xb6\xdb\xa5\x6e\x6f\x5d\x6d\
\xab\xdd\xea\xdd\x8e\x58\x27\x49\x82\x84\xaa\x42\xe5\x6c\x15\x50\
\x4f\x1b\xbb\xd6\x4a\xb7\x31\xf0\x2c\x5b\x8e\x0d\xb0\x5a\xc3\xa7\
\xf9\x3f\x44\xb6\x8b\x2e\xcc\x5a\xa0\xe4\x7d\x6e\x37\x9b\x99\xb2\
\x67\xab\xc2\x75\x8c\x9d\xfd\x99\xc1\x60\x00\xcf\xf3\xd0\xe9\x74\
\x4c\x9b\x76\xaa\x89\x0d\xc0\xa4\x96\x90\x31\xa7\x9c\x53\xba\xf6\
\xe4\x14\x8c\x32\x83\x6c\xd5\x11\x4a\x0d\xd0\x75\x65\x75\x7d\x6e\
\xaa\x44\x32\x1a\x8d\x10\x04\x01\x36\x36\x36\xe0\x38\x0e\x5c\xd7\
\x45\xab\xd5\x42\x18\x86\xf8\xf0\xe1\x03\x7c\xdf\x47\xb7\xdb\x35\
\x63\x51\x08\x81\x56\xab\x05\xcf\xf3\x30\x1a\x8d\x10\x45\x11\x5e\
\xbe\x7c\x89\xc9\x64\x62\x42\x8a\xd7\x55\xb9\x97\xa9\x2e\x65\x28\
\x32\xbd\x76\x1b\x87\xe9\xa2\xd5\x32\xc0\x38\xcf\x94\xd5\x5b\x17\
\x10\x11\xa5\x5a\xef\xa4\x74\x6b\x5b\x64\x8d\x75\x95\x55\x61\xea\
\x48\x56\x69\x4c\xd9\x95\x4a\xe8\x7e\xb2\xab\x41\xd9\xe9\x28\x9c\
\xf3\xb5\x53\xd3\xee\x0a\xd1\xba\x0e\x81\xfc\x12\x32\x3a\x9d\x4e\
\xf1\xfe\xfd\x87\x54\x54\xf0\x53\x1b\xe8\x65\xc6\x37\x63\x5c\x2f\
\xac\x64\xc2\x28\xd9\xcc\x92\xf6\x58\xfa\x44\x41\x99\xf7\xe7\xd1\
\x11\x9d\x6a\x22\x78\xba\x0e\x82\x03\x9e\xeb\xe9\xce\xc1\x50\x70\
\xe0\x42\x2a\x05\xc7\x05\x1a\x4d\x20\x8a\x62\xbc\x7a\xf5\x13\xbe\
\xfb\xee\x67\xf0\x7d\xff\xb3\x6d\xe9\x75\x6c\xea\xaa\x6c\x6b\xe0\
\xfb\x08\x7c\x1f\xd3\x30\xbc\xf5\xdf\x2e\xc2\x2a\x7d\xc4\xaa\x11\
\xc7\xb1\xb1\xa9\x76\x74\x9b\x2a\x00\xd1\x58\xad\xfb\xf1\xad\x35\
\xe9\xb6\x4f\xb2\xad\x22\xd9\xdd\xae\xec\xcf\x01\xb8\xb4\xb0\x69\
\x5d\x50\xb6\x63\x58\x55\x97\xb4\xcf\x71\x08\x36\x48\x65\xe6\x9c\
\x23\x0c\x43\x43\x8c\x01\x64\xd4\x13\x40\x57\x37\x21\x02\x44\x65\
\xfe\x86\xc3\x21\xc2\x30\x34\x51\x0f\x5a\x04\x19\x04\x41\xc6\x70\
\x53\xfd\xed\x28\x8a\x70\x7e\x7e\x6e\x88\x05\x35\xd6\x79\xf3\xe6\
\x0d\x82\x20\x40\xaf\xd7\x43\x14\x45\xe0\x9c\xe3\xe0\xe0\x20\x53\
\x93\x9b\xfe\x7c\xdf\x07\x00\xb3\x98\xb7\xdf\xef\x67\x1a\x43\xd4\
\x95\x68\xdb\xe8\x75\x3a\xa5\x92\xee\x75\x55\x64\xf2\x65\x27\xed\
\x9c\xc3\xcc\x1a\x94\xdc\x63\xdd\x40\xe3\x8a\xc6\x3c\x90\x0d\xe1\
\x17\xa5\xef\xad\xa5\x98\x01\x94\x3a\xd6\xca\x8e\x1a\xdd\x54\xd4\
\x58\xf4\x28\xa5\xc4\xa7\x4f\x9f\x10\xc7\x31\x9a\xa9\x20\x23\x84\
\x63\xfa\x1b\x68\xf5\x51\x98\x85\x93\x8c\x17\x6f\x4f\x15\x4d\xc9\
\x98\xbe\x04\x8c\xa5\xff\x90\x7a\xc1\xae\xe0\x02\x12\x12\x4c\x32\
\x70\xc5\xa1\x94\x9e\xc8\x22\x1d\x7f\x7e\xd0\xc0\x68\x34\xc2\x87\
\x0f\x1f\xf0\xf8\xf1\xe3\x1b\x2d\x4e\x5f\x74\x1e\xaa\x58\x37\xd3\
\xeb\x74\x4a\x23\xdd\xeb\x6a\x57\x6d\x7f\x0a\xe0\x52\x84\x2d\x93\
\xde\x56\x4f\x93\x6a\xb0\xd6\xa4\x9b\x9c\x82\xbe\x18\xa4\x20\xe9\
\x33\x4e\xaa\x0c\x29\x32\x44\xc4\xe9\xb5\xb5\x1b\x7c\xac\xbc\x85\
\x3e\x9c\x73\xb4\xd3\xd4\x8d\x55\xe2\x73\x08\xb8\xeb\xba\x38\x3e\
\x3e\xc6\xc6\xc6\x06\x94\x52\xf0\x3c\xaf\x70\x71\x64\x1c\xc7\x98\
\x4c\x26\xe8\x74\x3a\xe0\x9c\xc3\xf7\x7d\xbc\x7a\xf5\x0a\xed\x76\
\x1b\xed\x76\x1b\x8c\x31\xcc\x66\x33\x1c\x1f\x1f\x23\x8e\x63\x34\
\x1a\x0d\xb4\x5a\x2d\x38\x8e\x63\xd4\x3c\xbb\xb5\xbb\xe7\x79\x66\
\xd1\xe6\xd9\xd9\x99\x69\x88\x43\xca\x7b\xbb\xdd\xce\x94\xbf\xb2\
\x0d\x04\x11\xef\x38\x8e\x31\x1a\x8d\xf0\xc3\x0f\x3f\xe0\xc5\x8b\
\x17\xe6\xbd\xdb\xc8\xdf\x5e\xb5\xa3\x70\x5d\x17\xad\x66\x13\xe3\
\xc9\xe4\xd6\x7f\x7b\x11\x94\x75\x3f\xaf\x03\x68\x32\x68\xa7\x98\
\xd0\x73\x7a\x7f\x1e\x9d\x4b\x1f\x6a\x66\x87\xec\xc9\x40\x7e\x1c\
\x13\xa9\x21\x92\x45\xf5\xdb\x29\x9a\x68\xbe\x5f\xb3\x63\x5a\x06\
\xfb\xf8\xca\x40\xd9\x2d\xdf\x97\xbd\x77\x93\xe3\x3e\x3f\x3f\xc7\
\xe9\xe9\x69\x2a\x2a\x5c\x6e\x28\x46\x3e\xf8\x2a\xd0\xf8\xca\x6f\
\xdb\x0c\x1b\x95\xab\x5b\xcf\x90\x46\x24\x15\x94\x22\x85\x53\xc2\
\x55\xba\xc6\xf7\x6c\x16\xe2\xf8\xf8\x08\xbd\x5e\xcf\x2c\x82\xbf\
\x6d\x82\xbd\x6a\xf2\xdd\xed\x74\xf0\xe9\xf8\x78\x65\xbf\x7f\x09\
\x6b\xaa\x76\x33\x36\xef\x05\x60\x97\xdd\xa5\x47\x6d\x7f\x19\xec\
\xee\x56\x75\x3c\xce\xb5\xcf\xe9\xce\xe7\x18\x2a\xc0\x54\x08\xb0\
\x09\xb7\x9d\x7f\x98\x24\xc9\x5a\x39\xf3\xb2\x1d\x43\x3b\x6d\xe2\
\xb2\x2a\x5c\xc7\x21\x2c\x7a\x6f\x73\x73\xd3\xa8\x2e\xc0\x9c\xe8\
\xe4\x73\x04\xe9\x66\x23\x82\xc0\x98\x4e\x4d\x69\xb5\x5a\xe8\x74\
\x3a\x68\x36\x9b\xd8\xd8\xd8\xc0\xce\xce\x8e\x29\x03\x38\x1a\x8d\
\x30\x18\x0c\x0c\xd9\xa6\xb1\xd3\x6c\x36\xe1\x79\x1e\xa4\x94\xd8\
\xde\xde\xc6\xa3\x47\x8f\xf0\xe0\xc1\x03\x0c\x87\x43\x6c\x6d\x6d\
\x61\x6b\x6b\xcb\x94\x14\x5c\x74\x8c\xba\xe3\x5a\x84\x7f\xfe\xe7\
\x7f\xc6\xf9\xf9\xb9\x51\xc4\xaf\x3a\x47\x37\x71\xa2\xab\x46\xa7\
\xd5\x2a\x65\x3b\x84\xba\x11\xd2\xa5\xb0\xd4\x6d\x7a\xd4\x2f\x33\
\xcb\x21\x70\x23\x0c\xd4\x35\x14\x9a\xb7\x35\x76\x3a\x1e\x29\x4a\
\x34\x96\x59\xee\x98\xe9\xf3\x6b\x85\x92\xab\x59\xad\x4a\xcc\xf8\
\x12\x9b\x7a\xd5\x63\x14\x45\x78\xf7\xee\x9d\x89\x2a\x52\x7e\x75\
\xde\xe6\xda\x76\x78\x19\x81\x05\x2e\x47\x7e\xf2\x9f\xb9\x5c\x69\
\x6a\xfe\xdb\x3a\xe7\x5b\xef\x87\xef\x7b\x48\xe2\x19\x0e\x0f\x3f\
\x99\xfa\xde\x37\x3d\xd6\x9b\x9e\xb3\xdb\x86\x23\x04\x82\x34\x1a\
\x5a\x0a\xd6\xb4\x82\x9b\x6d\x4b\x01\x98\xf4\x50\xb2\xad\xfa\xdf\
\x97\xbf\x53\x37\xdc\x09\xa5\x5b\xff\xe9\xd7\xe8\xe4\xdb\xb9\xdc\
\x76\x4e\xb7\x71\x7c\x35\xbc\x18\x0b\x51\xf2\x4d\xd2\xaa\xc0\x31\
\x14\xbd\x56\xf4\x5e\x10\x04\xd8\xdf\xdf\xc7\xbb\x77\xef\xcc\x4d\
\xd7\xeb\xf5\x32\x0e\x80\x94\x6d\x3b\xef\x0b\x00\x0e\x0e\x0e\xf0\
\xd3\x4f\x3f\xe1\xe5\xcb\x97\x68\xa5\x04\x92\x6a\x6d\x0f\x06\x03\
\x9c\x9c\x9c\x60\x32\x99\x20\x49\xdb\x10\x53\xb5\x12\xaa\xfd\x4d\
\x84\xbd\xdd\x6e\xe3\x8f\x7f\xfc\x23\x76\x77\x77\x4d\x05\x95\xbc\
\xd3\xb1\xf7\x5d\x4a\x89\x8f\x1f\x3f\xe2\xd7\xbf\xfe\x35\x66\xb3\
\x19\x76\x77\x77\xd1\xb1\x16\x53\x2d\x52\x5d\x6e\xaa\x68\xaf\x5a\
\x91\x59\x55\xc5\x85\x45\x60\x6c\x8d\x56\xdb\x5b\x8a\x0b\x8d\x3b\
\x9a\xb8\x51\xce\xab\x51\xbc\xad\xaf\xd5\xd1\x29\xe4\xd5\xc8\xfc\
\x98\xcc\x93\x70\xbb\x22\x54\x1d\x8f\x67\x19\xca\xdc\x5f\xd7\x71\
\x56\x56\x82\xd5\xc6\x6d\x13\xf0\xc3\xc3\x43\x44\x51\x94\x46\x08\
\xb9\x21\xc0\x59\x12\x2c\xc0\x18\xbf\x52\x45\x2d\x7a\x4f\xbf\xc6\
\xe6\x13\x53\x90\x80\x36\x8f\x64\x3b\x8e\x80\x52\x69\xc7\x53\xc9\
\xd3\xd7\x1c\x04\x81\x0f\x99\x44\x18\x0c\x4e\x71\x7e\xbe\x81\xed\
\xed\x1d\xb3\xef\xeb\x60\x53\x09\xcd\x20\x28\x37\xaf\xbb\x94\x2d\
\xdd\x2e\x28\xca\x46\x02\xaa\x5e\x5b\xa0\xef\xa7\x7c\x2a\x71\x9d\
\x27\xff\x6b\x4d\xba\xe9\x46\xd5\x24\x5a\xbf\x62\x3b\xbb\xbc\x4a\
\x43\x8e\x4f\xe7\xfd\xd4\xf7\xa2\xe4\x51\xb6\x23\x2b\x83\x5c\x7d\
\x2e\x01\x67\x8c\xe1\xe1\xc3\x87\x78\xf3\xe6\x0d\xc6\xe3\x31\x5c\
\xd7\x05\xe7\xdc\xa4\x86\xd8\x93\xae\xcd\xcd\x4d\x5c\x5c\x5c\x98\
\x9c\xef\xcd\xcd\x4d\x74\xbb\x5d\xbc\x7a\xf5\x0a\x9e\xe7\x61\x7f\
\x7f\xdf\xb4\x87\xdf\xdc\xdc\xc4\xf6\xf6\xb6\xd9\x2e\xe5\x6e\xbf\
\x7f\xff\x1e\xe3\xf1\x18\xcf\x9f\x3f\x37\xb9\xdb\xd4\x6a\xfe\xe7\
\x69\x9d\x58\x9b\x88\xd8\xaa\xa6\x52\x0a\x61\x18\xe2\xa7\x9f\x7e\
\xc2\x6f\x7e\xf3\x1b\x78\x9e\x87\x6e\xb7\x8b\x83\x83\x83\x8c\x8a\
\x73\x1b\x69\x25\x57\xbd\x76\x1b\xf0\x3d\x0f\xae\xe3\x20\x4a\x53\
\x09\x56\x0e\x9a\x1c\xaf\xc3\xbd\xca\xe6\x29\x18\x34\xb9\x57\x4a\
\x99\x85\x3f\xf6\x98\x50\xf2\x72\x6e\x77\x9d\xa0\xc7\x4f\x56\xe5\
\xa6\xfd\xcc\x57\x83\x2a\x4c\x9d\x59\x13\xdc\x15\xbb\x7a\x53\x75\
\xf6\x3a\x11\x32\x7a\x6f\x3a\x9d\xe2\xc3\x87\x0f\xa6\x52\x14\xe7\
\x54\x86\x95\x9b\xe8\x0e\x91\x70\xaa\x45\x6f\x4f\x30\x97\x61\x3e\
\x66\x18\x38\xd7\x8f\x52\x4a\x30\x5a\x64\x6c\xa5\x60\xd9\x13\x41\
\xc6\xd2\xa6\x3b\x29\xd9\xf7\x7d\x1f\x51\x14\xe1\xe4\xe4\x08\x9d\
\x4e\x17\x41\x10\xac\xcc\xa6\xae\xca\xb6\x36\x1b\x0d\x9c\x94\x58\
\x96\x75\xad\x16\xaa\x5b\x1c\x4e\x3f\xd5\xe4\x9b\x0a\x24\xd8\x4d\
\xa6\x8a\xd6\xf1\xd9\x76\xac\x0e\x58\x73\xd2\xad\x13\xc1\xa4\x94\
\x76\x1a\x4f\xe1\x8d\x6f\xaf\xc0\xaf\x7b\x73\x8a\x0c\x4a\x1e\x2c\
\xae\xe3\xc0\x5d\x61\xa7\xb4\x9b\x3a\x86\xfc\x6b\x52\x4a\x9c\x9f\
\x9f\x63\x73\x73\x13\xb3\xd9\x0c\x61\x18\xa2\xd1\x68\x60\x36\x9b\
\x21\x8a\x22\x53\xea\x8f\xd4\x97\x5e\xaf\x87\xc9\x64\x82\xe9\x74\
\x6a\xc8\xd0\xb7\xdf\x7e\x8b\xd9\x6c\x86\x93\x93\x13\xcc\x66\x33\
\xa3\x5e\xd3\x62\x4b\x52\x70\x88\x60\xb4\x5a\x2d\xe3\x20\x18\x63\
\x78\xf7\xee\x1d\x9e\x3d\x7b\x66\x8c\xaf\xbd\x28\x12\xd0\xeb\x06\
\xa8\x49\xce\xdb\xb7\x6f\x71\x74\x74\x84\x83\x83\x03\x34\x1a\x0d\
\x53\x13\x3c\x0c\x43\x34\x9b\xcd\xcf\x32\xee\x95\x2a\x32\x8d\x06\
\xce\x2f\x2e\x56\xbe\x1d\x42\x59\xc7\xf5\xc5\x50\xf3\x26\x31\xf6\
\x84\xca\x2e\x55\x9a\xcf\x93\xae\xeb\x71\xd9\x69\xd9\x24\x56\xd8\
\x21\x5c\x4a\xdb\xb3\x85\x0d\xba\xb7\xd6\x09\xac\xe4\xfd\x2d\x33\
\x52\xf4\x25\xa2\x86\x8d\x77\xef\xde\xa5\x1f\x44\x3a\x09\x16\x50\
\xe0\x48\xa4\x5e\x14\xc9\x39\x83\x00\x83\x54\x34\x39\x93\x97\x7e\
\x23\x9f\x16\x90\x4f\x2d\x51\x4a\x02\xe9\x6f\x69\xc1\x8c\xfc\xb6\
\x02\x17\xcc\x90\xab\x79\x15\x2a\x80\x31\xa1\xff\xb8\x80\x70\x5c\
\x38\xae\x8f\xb3\xb3\x33\xec\xec\x8c\xcc\xc2\xf5\xfc\xf6\xeb\x46\
\xb4\x6d\x34\x1a\x8d\x52\x6d\xc2\x5a\xa9\xdd\xa9\xed\xb1\xab\x97\
\xd8\x76\x94\xa2\x2d\x00\x4c\x85\xa8\xf9\x57\xeb\x45\xb8\x81\xb5\
\x27\xdd\x30\xce\x2e\xef\x1c\xc8\xd9\x01\xd9\xda\xb2\xeb\xd6\xaa\
\x38\x9f\xaa\xb0\x6a\xb4\x57\x94\xb7\x7b\x1b\x64\x9b\x31\x86\x8b\
\x8b\x0b\x8c\xc7\x63\xec\xec\xec\x18\x62\x1b\x86\x21\x82\x20\x30\
\xd5\x46\xc2\x34\x4c\x47\xc4\x9b\xca\x04\x86\x61\x68\x9a\xe1\x08\
\x21\xd0\xef\xf7\xc1\x98\xce\x59\x1c\x0c\x06\xc6\xa8\xd3\x36\x5d\
\xd7\xc5\xee\xee\x2e\x5a\xad\x96\xa9\xab\x7d\x7a\x7a\x0a\x29\x25\
\x9a\xcd\x26\xc2\x30\xcc\x84\xba\xe8\xfb\x61\x18\x62\x34\x1a\x61\
\x38\x1c\xc2\x71\x1c\xbc\x78\xf1\x02\x51\x14\xa1\xd5\x6a\x61\x77\
\x77\x17\xff\xf2\x2f\xbf\xc7\xc9\xe9\x19\x1c\xc7\x85\xeb\x3a\xb7\
\x1a\xfa\x5c\xb5\xe1\x6e\x36\x1a\x18\x94\xdc\xba\x78\x6d\x9c\x03\
\xe6\x63\xce\x26\xa1\x36\x61\x05\x80\xba\x2e\xa2\x9c\x23\x1b\x09\
\xa4\x63\xb1\xd3\xf5\x6c\x02\xbe\x96\x62\x06\xd2\xf3\x5f\xe2\x35\
\xa8\x63\x04\xb1\xe8\x35\x7a\x1c\x8d\x86\x38\x3a\x3c\x84\xe7\xfb\
\x88\x93\x04\x60\x0c\x9c\x3b\x88\xe3\x24\x25\xbe\xda\xd6\x90\x3d\
\xcd\xa7\xd9\x51\xea\x51\x3e\xe2\x5c\xb4\x4d\xb2\xa3\x8c\x31\x70\
\x61\xd5\xb6\x57\x00\xa0\x2e\xfd\xd6\x5c\x04\xd1\x0d\x74\x84\x10\
\x90\x49\x82\xa3\xc3\x4f\xe8\x76\xbb\x70\x1c\xb7\xf6\x44\xdb\x86\
\xe0\x1c\xcd\x46\xa3\xb4\x85\xea\xeb\x64\x53\x01\x98\x46\x38\xf6\
\x84\xcd\x26\xdd\xf3\x75\x25\x59\x41\xa3\x8e\x36\x76\xed\x49\xb7\
\x7d\x93\xd0\x73\x52\x9b\xf2\xf9\x86\xb6\x2a\xb3\x16\x21\x6b\x94\
\xaf\xc6\xb4\x6a\xe8\x18\x94\x52\x18\x0e\x87\x68\xb5\x5a\x38\x3a\
\x3a\x82\xe3\x38\xe8\x76\xbb\xf0\x7d\x1f\xad\x56\x0b\x17\x17\x17\
\x98\x4e\xa7\x60\x8c\x99\x6a\x25\xa4\x82\x4f\xa7\x53\x73\xdd\xc9\
\x31\x50\x65\x12\x22\xd2\x44\x94\x28\x55\xc5\x9e\xe8\x84\x61\x88\
\xd9\x6c\x66\xc6\x95\x10\x02\xcd\x66\x13\x17\x96\xda\x4b\x79\x66\
\x71\x1c\x23\x8a\x22\x53\x62\xad\xdf\xef\x43\x4a\x89\xe9\x74\x6a\
\x6a\x78\x37\x5b\x4d\xec\x3e\x78\x80\xbf\xfc\xe5\x15\x5a\xcd\x06\
\x3a\x9d\x0e\x1c\xc7\xc9\x18\xf8\xdb\x20\xda\xab\x0c\x83\x96\x09\
\xc6\x39\xb0\x26\x64\x4e\x4a\x09\x37\x55\x62\x6c\xd8\xb9\xdd\xf6\
\x6b\x75\x05\x91\xd1\xbc\xe3\x12\x42\x98\x14\x2b\xbb\x46\xb7\x3d\
\xd6\x94\x52\xa8\x9f\x9b\xbb\x8c\xb2\x09\x77\xdd\x23\x88\x97\x5f\
\x03\xde\xbd\x7b\x83\xd9\x6c\xa6\x27\x58\x9c\x81\x73\x5a\xab\x20\
\x21\xa5\xae\x8f\x9c\x24\x31\x92\x84\x99\xcf\x69\xb5\x1a\x70\x1c\
\x01\x4a\x17\xa1\x6d\x98\xf4\x2a\x6b\xec\xdb\x51\x45\x3b\x55\x80\
\x31\x9a\xd0\x25\x66\xac\x91\x88\x36\x9b\x45\x90\x72\x5e\x34\x41\
\x4f\x0a\xb5\x7d\xff\xf0\xe1\x03\xf6\xf6\x1f\xa1\xdb\x9d\x97\x65\
\x2c\xb2\xad\xf9\xe3\xbf\xce\xfd\xb8\x72\x41\x23\x08\x4a\x23\xdd\
\x75\x8f\xb6\x15\x41\x49\x69\xee\x59\x3b\x5d\x8f\x6c\x6b\x3e\x82\
\x42\x9f\xab\x9b\xda\xbd\xf6\xa4\x3b\xdf\x01\x8e\x6e\x50\xba\x81\
\x69\x06\x1d\x45\x11\x5c\xd7\x9d\x2b\xdd\x6b\x82\xb2\x07\x4b\x23\
\x08\x56\xf6\xdb\x9f\xeb\x04\x46\xa3\x91\x69\x4c\x73\x7a\x7a\x0a\
\xd7\x75\xe1\xfb\x3e\x9a\xcd\x26\xda\xed\x36\x3a\x9d\x0e\x06\x83\
\x01\xa6\xd3\x29\x4e\x4e\x4e\x10\x04\x01\xb6\xb7\xb7\xe1\x79\x1e\
\xa2\x28\x32\xdd\x27\x29\xad\xc3\x9e\x25\xe7\x0d\xb2\xfd\x07\xcc\
\x6f\x6e\x4a\x11\xa0\xce\x94\x8d\x46\x03\xcd\x66\xd3\xa4\x8c\x44\
\x51\x94\x59\x58\x46\x0b\x32\x39\xe7\xa6\x9c\x95\xe7\x79\x48\x92\
\x04\x8f\x1f\x3f\xc6\x0f\x3f\xbc\xc6\xab\x57\xaf\xf1\xf2\xa5\x2e\
\x1d\x68\x13\xef\xba\x11\x6d\x1b\x44\x1e\x4a\xcb\xeb\xc6\x1a\xa5\
\x98\x00\x88\xd3\x89\x99\xdd\xfd\xd6\x56\xb9\xf3\xb5\xbb\xeb\x08\
\xdb\x71\xd1\xb9\xa7\xf0\x3e\xbd\x4f\x0b\x98\xa2\x28\xca\x44\x17\
\xeb\xe4\xdc\x96\xa1\x6c\x31\x63\x55\x76\xf5\xb6\xc9\x36\x8d\xd5\
\xf1\x78\x84\xa3\xc3\x43\x48\x44\x88\x13\x0e\x0f\x1e\x38\x80\x24\
\x9e\x01\x42\x80\x41\x40\x82\x83\x83\x2a\x48\x00\x0a\x02\xd4\x2e\
\x23\x89\x65\x66\x52\xa3\x4c\xf0\x24\xbb\xf6\x45\xca\x6c\x24\x37\
\x0c\x2f\x47\x77\x69\x2c\xda\x1d\x09\x95\x02\x58\x62\xaf\x35\x50\
\x60\x9c\x21\x0c\xa7\x78\xfd\xfa\x15\xfe\xea\xaf\xfe\xda\x4c\x12\
\x8a\xc8\x7e\x1d\x05\x8d\x55\xfa\xde\x22\x30\xce\xa1\xd6\x48\xd0\
\xe0\xe9\x84\xcc\xb6\xad\x24\xa4\x2d\xeb\x86\x5b\x37\x9b\xb4\xf6\
\xa4\x9b\x33\x6b\xb5\xb3\x75\x83\xd1\x85\x20\x65\x86\xc2\xa2\xb6\
\xc3\xa8\x3b\xca\x1e\x2c\x4e\x4a\x16\x6e\x1b\x5f\xe2\x04\x12\x29\
\xf1\xf6\xfd\x7b\x6c\x6d\x6c\x60\x3a\x9d\x62\x34\x1a\xa1\xdf\xef\
\x9b\x94\x91\x20\x08\xd0\x6e\xb7\xb1\xb9\xb9\x89\x93\x93\x13\xbc\
\x7d\xfb\x16\x3f\xfc\xf0\x03\xa2\x28\xc2\xf6\xf6\x36\x5e\xbc\x78\
\x81\x83\x83\x03\x78\x9e\x87\xc9\x64\x82\xe1\x70\x68\x48\x3c\xa9\
\xd8\x76\xc7\x4a\xdb\x38\xdb\x21\x4d\x7b\xd1\x46\xbb\xdd\xce\xa8\
\xe6\xa4\xa8\x53\xa7\x49\x0a\xb7\xb7\xdb\x6d\xf4\x7a\x3d\x53\xc3\
\x1b\x00\x64\x22\x11\x34\x02\xfc\xec\xbb\x17\xf8\xf5\xaf\x7f\x8d\
\x8d\x8d\x0d\x6c\x6d\x6f\x9b\xf3\x5e\xe4\x6c\xec\xf3\x53\x07\xa2\
\xe6\xfb\x7e\xb9\xa4\x7b\x8d\x9c\x03\x90\x55\xb6\xf3\xd7\xd5\xbe\
\xbe\x75\x73\x06\x36\x0c\xf1\xb1\x26\xa8\xd4\xfb\xc0\xb6\xa5\x73\
\xf2\x34\x17\x3f\xaa\x1f\xa1\xd7\x40\xc9\xe7\xde\x2f\xa1\x21\xce\
\x6d\x90\x6d\xc2\xa7\x8f\x1f\x30\x1e\x8f\xc0\x1d\x01\xe5\xe8\x45\
\x8e\x94\x46\x42\x76\x68\x5e\xa5\x07\x20\x32\x4d\xe3\xa4\x68\x7b\
\x7a\x8c\xe8\xd7\xec\x26\x67\xf9\x86\x75\x45\x13\xbe\xf9\xf7\xd3\
\xae\x97\x48\xcb\xc1\x0a\x0e\x19\xce\x23\xda\x42\x70\xbc\x7e\xf5\
\x23\x9e\x3d\x7b\x8e\x56\x2b\xdb\xf9\xf3\xb6\xc9\xf7\x6d\xa3\xcc\
\xa6\x49\x00\xd6\x26\xc5\xd6\x5e\xa0\x9b\x4f\x65\x22\xf2\x9d\xaf\
\x10\x55\x67\xdb\xba\xd6\xa4\x5b\x1b\x78\x75\xa9\x04\x97\x9d\x63\
\x68\xe7\xdc\xda\x17\x6e\x1d\x06\x5c\xd9\x6a\x4c\xe9\x37\x7d\x8a\
\x65\x8e\xe1\xe2\xe2\x02\xa3\xf1\x04\x8f\x1f\x3d\xc2\xd1\xd1\x11\
\x00\xbd\xe8\x84\x08\x0d\x11\x6f\xc6\x18\x82\x20\xc0\x64\x32\xc1\
\x87\x0f\x1f\xf0\xfd\xf7\xdf\xe3\x37\xbf\xf9\x0d\xfe\xe1\x1f\xfe\
\x01\xfd\x7e\x1f\x8f\x1f\x3f\xc6\xf3\xe7\xcf\xb1\xbf\xbf\x8f\x7e\
\xbf\x8f\xad\xad\x2d\x93\x66\x42\xe4\x9b\x52\x43\xa8\x72\x09\xbd\
\x4f\x04\xc3\x2e\x93\x35\x1c\x0e\x4d\x7e\x37\x00\xb3\x2f\xcd\x66\
\xd3\x28\xe0\x8d\x46\x03\xae\xeb\x66\x1c\x95\x94\x12\x4a\x26\xd8\
\xdf\x7f\x88\x6e\xb7\x8b\x7f\xfb\xd3\x9f\xf1\xef\x1b\x4d\x08\xc1\
\x11\xf8\x7e\x61\x2e\xda\x32\x63\x5f\x85\x83\x58\x65\x98\xbc\x08\
\x75\x36\xa0\x45\x20\xfb\x63\x93\x14\x7b\x52\x67\xa3\x6e\xc7\x66\
\x87\x62\x95\x52\xc6\xe1\x01\xf3\x54\x00\xc7\x71\x30\x9b\xcd\x2e\
\xd9\x55\x9a\xa4\xb2\x15\x4c\xdc\x6f\x1b\x79\x35\x75\xd5\x28\xdb\
\xb6\x7e\x2e\xd9\x06\x74\xf4\xe2\xe3\xc7\x8f\x08\x67\x21\x02\xd1\
\x84\x52\x40\x92\xc4\x50\xe0\x60\x4c\x21\x91\x80\x10\x8e\x99\x5c\
\x2a\xc5\x8c\x00\x41\x51\x1e\x05\x2b\xd5\xc8\x1e\x47\xe9\xf0\xe7\
\x8c\x43\xb1\x34\x35\x89\xd2\xb1\xcc\xee\x99\x52\x64\xf3\x3f\x1a\
\x93\x52\x02\x5c\xbf\xc4\x39\x87\x60\x02\x9c\xa7\x75\xc3\x99\x7e\
\x3c\x3e\x3e\xc6\x0f\x7f\xf9\x1e\xbf\xf8\x9b\xbf\x2d\xb4\x85\x76\
\xc3\x2a\xfb\xdc\x54\x2d\x72\x90\xe8\x75\x9d\xca\x2f\x5f\x13\x68\
\x58\xd8\xbd\x57\x32\x36\xca\x8a\x1c\x8a\x74\x62\x55\x67\xac\x35\
\xe9\xd6\x06\x5f\xff\xdb\xbe\x08\xb4\x68\x8e\x54\x6d\x52\xbb\x81\
\xf9\x85\x43\xcd\x2f\x0c\x50\xbe\x63\x28\x83\x4c\x5d\x75\x3c\xf9\
\xf7\x2f\x2e\x86\x68\x75\xda\x10\x8e\x6b\x3a\xa2\x51\x0d\x6e\x3b\
\x8c\x2f\x84\x80\xe7\x79\x08\x82\x00\xfd\x7e\x1f\xed\x76\x1b\x27\
\x27\x27\x18\x0e\x87\x18\x0c\x06\x78\xfb\xf6\x2d\x7e\xfb\xdb\xdf\
\x62\x77\x77\x17\x5b\x5b\x5b\xe8\x74\x3a\x68\x34\x1a\x66\x01\x26\
\xe5\x73\xd3\x4d\x4c\xc4\x9b\x48\xb8\xad\x86\xbb\xae\x8b\x4e\xa7\
\x03\xdf\xf7\x4d\xbb\x78\xfa\xb7\xeb\xba\xc6\xc1\xda\x64\x0b\x98\
\x2f\x16\x02\x74\x3a\xc9\x8b\x97\x2f\xf0\xab\x5f\xfd\x13\xde\xbf\
\x7f\x8f\x20\x78\x0a\xcf\xea\x68\x99\x57\x7b\xf2\xe7\xa8\x4a\x07\
\xe1\x7b\x5e\xa9\xe3\xb2\xfe\x77\xaa\x46\xfe\xda\x15\x45\x2f\xea\
\xde\x2e\xdd\xb6\xa3\xf4\x9c\xee\x09\x9a\x7c\xda\xd1\x43\xbb\x72\
\x8f\x89\x34\x56\x79\x00\xd7\x40\xd9\x76\x15\xc0\x4a\xeb\x73\xdf\
\xd4\xa6\xd2\x6b\xf9\xd7\xe9\xf9\xd9\xe9\x29\x4e\x4f\x8e\x11\x45\
\x31\x7c\x9f\xae\xa6\x02\x94\x84\xa6\xd1\xba\x4d\x3b\x90\x75\xa3\
\x74\xfd\x81\x94\x28\x31\x66\xa2\xd0\xcc\xfa\x0c\xc0\xcc\xf7\xa1\
\x14\xa4\x52\xfa\x37\x19\xed\x97\x30\x13\x3e\x7b\xbf\x88\x9c\x33\
\x25\x01\xa5\x53\x4a\x28\x9f\x9b\x31\x0e\xe1\x38\xf0\x3c\x1f\x9e\
\xe3\xe0\xdf\xfe\xf0\x7b\xfc\xec\xe7\x7f\x6d\x22\x8c\x8b\x52\x09\
\xaf\x43\xbe\x6f\xf2\xfe\x97\xc2\x75\x1c\x84\xb3\xe2\x26\x3f\xb7\
\x8d\xa2\x14\xcb\x3a\x42\x01\x19\x11\xa3\xc8\x86\xda\x51\xb6\xfc\
\x7b\xf7\x39\xdd\xb7\x04\x1a\x27\xf3\xc7\xb9\x93\xb0\x2b\x99\xd8\
\x0d\x71\xc8\x28\x24\x25\x86\xc6\xbf\x04\x77\x5d\xe9\x5e\x76\x23\
\xd0\x4d\x14\xce\x22\x6c\xf6\x36\x10\xcd\x42\x4c\xc6\x63\xb4\xd2\
\x54\x0d\x4a\x2f\x21\x25\x59\x29\x65\xd4\x37\x22\xe3\xcd\xb4\xb3\
\x26\x29\x30\x9d\x4e\x07\xbd\x5e\xcf\x2c\xc2\x04\x60\xd2\x4b\xa8\
\x09\x4e\x9e\x74\xb8\xae\x6b\x0c\x37\x85\x42\x3b\x9d\x0e\xfa\xfd\
\x3e\x1a\x8d\x06\x3c\xcf\x33\xfb\x43\xfb\x4c\x0a\xb9\x3d\x0e\x09\
\x94\x1b\x2b\x84\xc0\xee\xce\x16\xfa\x1b\x1b\x78\xfd\xee\x1d\x1e\
\x3e\xdc\x85\xef\x79\x85\xd7\xa0\x6e\x0e\xa2\x8c\x06\x1f\x36\xd6\
\xc5\x39\x00\x00\x52\x95\x3b\x93\x6e\xa1\xb2\x8b\x79\x8a\x42\xe9\
\x75\x42\xd1\x2e\x31\xc6\x2e\x39\x3b\xbb\x1e\xf9\xfc\xbb\xf5\xaf\
\x0c\x55\x85\x03\x2e\xeb\x9e\xb9\x0e\x01\xcf\x13\xee\xfc\x77\x4e\
\x8f\x8f\x70\x7e\x76\x0a\xdf\x0f\x00\x35\x8f\xe2\x91\x9d\x13\x42\
\xff\x39\xc2\x49\xd9\x35\x37\xa2\x47\xab\xd5\xca\x8c\x79\x8a\x7e\
\xc4\xa9\xcf\xcd\x47\xf0\x4c\x74\x84\xd9\x63\x68\x1e\x59\x29\xaa\
\x3c\x26\x65\x02\x4d\xd2\x19\x18\xf3\x20\x1c\x9d\x56\xc2\x18\x10\
\xcd\x74\x29\xd6\xf7\xaf\x5f\xe1\xe8\xf0\x23\xf6\x1f\x3d\x36\xdb\
\xa2\xed\xe7\xc9\xb7\xfd\xfe\xa2\x73\x56\xd6\x7d\xea\xb9\x6e\x69\
\xa4\x1b\xa8\x4f\xca\xe2\x75\x40\x02\x1b\x4d\xf4\x69\xdf\xed\xf1\
\x5c\x74\x2c\x75\x22\xdc\xc0\x1a\x93\xee\xbc\xc2\x4d\xb0\x6f\x64\
\x22\x53\x76\x4e\x19\xb0\x1e\xca\xd9\x5d\x73\x0c\x37\x51\x63\xec\
\x7f\x3b\xae\x83\x56\xab\x81\xb3\x93\x23\x24\x52\x22\x08\x02\x70\
\xce\x4d\x7a\x89\x7d\xb3\x51\x4e\x35\x29\xd3\x14\x0a\x77\x5d\x17\
\x41\x10\x98\x06\x38\x3b\x3b\x3b\xa6\x29\x4e\x9e\xc0\xdb\xe3\xc5\
\x1e\x4b\xb4\x5f\xd4\x88\x87\x16\x46\xd2\xcc\x1b\x98\xb7\x7a\xbf\
\xca\x88\xd1\x82\x34\xcf\xf5\xb0\xb7\xbf\x8f\x7f\xfd\xd7\x3f\xe2\
\xe8\xf0\x10\xdd\x4e\x27\xb3\xed\x22\x07\x51\x07\x03\x59\x36\xe9\
\x06\xea\x73\xec\xcb\x60\xd2\x31\x94\x4a\x17\x71\x65\x3b\x35\x2e\
\xaa\xa6\x54\x3f\x64\x1d\x19\x90\xbd\x17\x8a\xda\xbe\xdb\x8a\x77\
\x1d\x8f\x28\x83\x92\xc5\x8c\x55\x45\x10\x3f\x57\xe1\x5e\xf4\x59\
\xc6\x18\xe2\x28\xc2\xd9\xe9\x29\x46\x83\x21\x54\x07\x68\xb4\x5a\
\x3a\xc5\x2e\x49\x20\x1c\x17\x89\x54\x10\xba\x30\x09\x84\x23\xc0\
\x38\x07\xe7\x02\x81\xaf\x23\x86\xd4\x69\x97\x44\x07\x4a\xcf\x9b\
\x47\xfc\xf4\x1f\x65\x8d\x00\x14\xfd\xa1\xfd\x00\x00\x7e\xa9\xdc\
\x2b\xa0\x1b\xf5\x68\x1b\x3b\x43\x92\xcc\x10\xc7\x69\xfa\x5f\x12\
\x23\x8e\x67\x80\x4a\xc0\x19\x87\xeb\xe9\x52\xac\xff\xf6\xaf\x7f\
\xc0\xfe\xa3\xc7\x97\xc6\x31\x1d\x6f\x3e\x95\xef\x26\xb6\x76\x65\
\x82\x86\xe7\x01\xa3\xd1\xad\xff\xee\x42\x70\x0e\xd4\x3c\x9d\x85\
\x01\x66\xd2\x46\xe3\xc1\xf6\xc9\xb6\x90\x55\x84\xba\xd9\xd9\xb5\
\x25\xdd\x84\xa2\x9b\x28\x5f\xf6\x8d\x42\x50\x76\xde\x59\xed\x71\
\xc7\x48\xb7\x8d\xeb\x28\xdc\x84\x46\x10\xc0\xf5\x5c\x9c\x0f\x2e\
\x32\xaa\x32\x19\x64\x7b\xf6\x1b\x86\x21\xa2\x28\xc2\x74\x3a\xc5\
\x6c\x36\xcb\x2c\xd4\xa1\xd4\x93\x76\xbb\x6d\x5a\xba\x13\xd1\xa6\
\xdf\xf5\x3c\x2f\x13\x15\x01\xe6\xca\xb4\x9d\x3b\x46\xce\x85\x14\
\x70\x7b\xdd\x40\x51\x1b\x78\x02\xfd\x86\x59\x44\x24\x38\xb6\x36\
\x37\x10\x04\x3e\xce\x07\x17\x88\xad\x66\x23\x8b\x66\xee\x45\xf9\
\x88\xf9\xf3\xb7\x6a\x72\x6a\xe7\xa8\x97\x86\x35\x70\x0e\x0a\x2a\
\x0d\x7b\x4b\x93\xe6\x66\xab\x31\x76\xdd\x6e\xfb\xfa\xd6\x6d\x2a\
\x91\x27\x29\xf6\x31\x00\xf3\x2a\x12\xa4\x74\x53\x74\x29\x49\x92\
\xfa\x13\x6e\x94\x2f\x68\x94\xbd\x06\xa2\x08\x8b\xd2\x49\xf2\xaf\
\x87\xb3\x10\x4a\xc6\xd8\xdc\xda\x00\x77\x5d\x50\xda\x07\x30\x0f\
\xf3\xbb\x9e\x07\xc7\xf1\xc0\x1d\x07\x22\x25\xdd\xc2\x71\xe0\xb8\
\x2e\xc0\xd8\xa5\x49\xd9\xa5\x14\xbb\x94\x71\xeb\x96\xf2\xb4\x00\
\x13\x00\x18\x18\x03\x38\x9f\xfb\x67\xb2\xbf\xf3\xcf\xe9\x47\xb2\
\xf7\x93\xc9\x14\xb3\x28\x44\x14\xcd\x10\xcf\x42\x8c\x87\x21\x86\
\xa3\x0b\x24\x52\xe2\xfd\x5b\x5d\xf2\xd0\x8e\x1e\x2e\x53\x44\xeb\
\x60\x5b\xab\x88\x22\xd6\x1d\xe9\x34\xcd\xf4\x0a\xa0\x48\x36\x30\
\x4f\x27\x06\x8a\xd7\x41\x15\xa5\x9b\x54\x8d\xea\xad\xc1\x67\xa2\
\x68\xf0\x0b\x21\x4c\x4d\x65\x7a\x4e\x33\xa4\x24\x91\xf3\xd5\xd6\
\xb2\x6e\x6e\xee\x32\x16\x11\xb7\x55\xa2\x0a\x05\x93\xb0\xe8\x58\
\x5b\x8d\x00\x2a\x49\x30\x9d\x4e\xe1\xa5\xe9\x17\xf9\x7c\x6e\x29\
\x65\x66\x21\x64\x18\x86\x26\xff\x94\xce\x23\xa9\xe3\xf4\x67\x13\
\x6d\xca\xc9\xa6\xdf\xb6\xc3\xa3\xd4\x79\xcf\x6e\x9c\x43\x64\x8a\
\x48\x94\x3d\xeb\x2e\xfa\xb3\xd3\x0b\xec\x05\x75\x9c\x0b\x34\x03\
\x1f\xfd\x4e\x1b\x52\x02\x51\x14\x67\x9a\x3a\xd9\xe7\x65\x59\x48\
\xb4\x0a\x15\xd8\x71\x1c\x73\x6f\x95\x81\xba\x19\xce\x22\x28\xa9\
\x2e\x35\xe4\x22\x02\x42\x63\x24\x3f\xa9\xab\xa3\x32\x4c\xe3\xd3\
\x26\xdc\xf6\x64\xd2\xde\x77\x7b\x32\x2a\xa5\xd4\x4e\xae\xc2\x7d\
\xbf\x0e\xca\xb6\xad\x4e\x09\x76\xf5\x26\x42\x46\xd1\x6b\xf4\xef\
\xf1\x68\x84\xf3\xf3\x53\x34\x1a\x3e\x7a\x5b\x5b\xe8\xb5\xbb\xf0\
\x83\x26\xb8\xe3\x42\xa5\x8a\xb4\x4c\x55\xea\x38\x4a\x90\x30\x09\
\xc7\xd1\xe3\x23\x08\x02\x63\x2b\x85\x55\x95\x44\xa6\x11\x4a\x00\
\x60\xe0\x48\xd3\xc2\x01\xa6\xc9\xb6\x1d\x01\x22\x9b\x6b\x57\x2c\
\xa1\xbe\x07\x94\xb6\xa7\xcb\xb3\x02\x9e\xd7\x80\xe3\xf8\x48\x92\
\x18\xb3\x68\x8a\x68\x36\x43\xbb\xc5\xb0\x19\x6f\x62\xd4\xef\x62\
\x38\x1c\xe3\xf4\xe4\x04\x0f\x1e\x3e\x34\xc7\x98\x57\xb7\x69\x9b\
\xf6\x79\xa8\x32\xa2\xe6\x59\x29\x8e\xf7\x98\x83\x29\x06\x0e\x06\
\xc9\x60\x26\xf8\x64\x6b\x93\x24\x29\xac\x48\x57\x47\xdb\x0a\xac\
\x31\xe9\xce\xdf\x34\xb6\xf1\xa7\xd7\xec\xd9\xb1\x56\x17\x01\x2e\
\xc4\x7c\xb5\x74\x8d\x51\x76\x3e\x77\x55\x58\xe4\x00\x4d\xb8\x33\
\xed\x7e\x97\x24\x09\x1a\x8d\x86\x69\x62\x63\x97\x63\xa3\xc5\x5d\
\x54\x71\x84\x48\xb7\xe9\x70\x96\x3a\x00\xbb\xfa\x88\x4d\xc6\xe9\
\x7d\x52\xcf\xe9\x37\x8b\xf2\x70\xc9\x89\xe4\xbb\xef\xe5\x89\xb6\
\xdd\x40\xc4\x86\x1d\xa6\x77\x1c\x07\xbe\xef\x63\x77\x77\x17\x17\
\xc3\x31\x46\xa3\x11\xba\x9d\xf6\xa5\xef\x2c\x52\x67\xaa\x74\x10\
\xbc\x64\xc7\xb0\x0e\x8e\x48\x5f\x0f\xdd\x18\x84\xc8\x03\x4d\xe2\
\x6c\x95\xbb\x68\x02\x55\x27\xe4\x23\x2d\x45\xf6\x95\x54\xee\x79\
\x14\x08\x6b\x11\x41\xac\x42\xcc\x28\xfb\x5e\xb1\x51\x74\xac\x45\
\x15\x4b\x08\xe3\xf1\x18\xc7\x47\x27\x70\x1d\xe0\xe3\xa7\x77\x78\
\xfb\xfa\x1d\xba\xbd\x0d\xfc\xc7\x5f\xfe\x4f\xd8\xdd\x7f\x08\xbf\
\xd9\x84\xe3\x7a\x10\xdc\xd5\x8b\x21\xd3\x9f\x8f\xa2\x18\xd3\x69\
\x68\x1a\xd7\x70\xa6\xc7\x4e\x9c\x24\x88\xa3\x08\x4a\x49\xed\xd3\
\x14\x83\xe0\x54\xa1\x43\x81\x3b\x02\x82\x73\x30\xd3\xcc\x2e\x41\
\x12\x53\xee\xb6\x82\x54\x32\x15\xc9\xe6\x8b\xb8\x38\x03\x98\xd0\
\x9d\x28\x01\x09\x28\x89\x78\x16\xe1\xe4\xf8\x04\xa7\xa7\xe7\x88\
\xa3\x19\x86\x67\x47\x38\x3f\x3f\xc5\xde\xe3\x27\x86\x74\x2f\x3b\
\x3f\x8b\x44\x8d\xb2\x6d\x6c\xd9\x63\x33\x3f\x91\xae\x2d\xd2\x48\
\x08\xe7\x59\xe1\x6a\xd9\xfe\xd7\xd1\xb6\x02\x6b\x4c\xba\x6d\x27\
\xc0\xac\xae\x56\x79\xa2\x9d\x57\x6a\xd6\xa5\x81\x43\x15\x37\x5f\
\x15\xbf\x7b\x95\x02\x43\x4d\x71\x5a\xad\x96\xc9\xc3\x26\x72\x4c\
\xd7\x96\x72\xa9\x29\x7f\x90\x1a\xd3\xd8\xbf\x69\x7f\xc7\x1e\x23\
\x8b\x54\x20\x5b\x11\x29\x52\xf8\xec\x30\x64\x91\xf2\xbc\x28\xbd\
\x84\xc6\x20\xd5\x71\xa6\x54\x95\xf7\x1f\x3e\xa2\xd3\x69\x65\xf6\
\xad\x88\x64\xdb\xdb\x59\xf4\xb9\x32\x50\xc9\xf8\x64\xac\xf6\x55\
\x87\xa4\x4c\x20\xa5\x3e\x37\x34\xde\x80\x62\xf5\xb8\xae\x76\xc8\
\xa4\x03\xe4\xc6\xbe\x3d\x71\xa0\x49\xa3\x5d\xc6\x4b\x29\xcc\xab\
\x52\xd4\x14\x55\x9c\xf3\xaa\x6c\xf9\x55\xb6\x35\x0f\xa5\x14\xa6\
\xd3\x29\xce\xce\x06\x18\x5d\x9c\x60\x67\x77\x03\x9b\x1b\x5d\xfc\
\xcb\xef\x7e\x87\xdf\xfd\xb7\xff\x8e\xff\xed\xff\xf8\x3b\x7c\xf3\
\xdd\x77\xf0\x1a\x4d\x34\x1b\x2d\xf8\x9e\x9f\x0a\x59\x2e\x3c\xcf\
\x87\x94\xca\xa4\xe8\x01\x73\xdb\xcc\x98\x4e\x41\x21\x41\x23\x8e\
\x93\x4c\x87\xcb\x38\x91\xe0\x6a\x9e\xdb\xcd\x45\x5a\xd6\x37\x6d\
\xe9\x9d\xa8\x04\xb3\x30\x44\x12\x47\x98\x85\x21\xa4\x4c\x10\xc5\
\x21\x46\xa3\x11\x7e\xfc\xf1\x47\x7c\xfc\xf8\x1e\x17\x83\x01\x06\
\x83\x0b\x38\x8e\x80\xc3\x18\x02\xcf\x43\xa3\xe5\xe0\xfc\xec\x78\
\xa1\x68\x91\x3f\x37\x75\x10\x35\x44\x05\x62\x5b\xdd\x49\x37\x8d\
\xd8\x38\x89\x0d\x8f\x9b\xd7\x88\xcf\x0a\x02\x79\x71\xa0\x8e\x58\
\x5b\xd2\x0d\x90\x51\x51\x50\x05\x65\xd9\xf2\xb3\x55\x72\x0e\xeb\
\x70\x51\x80\xbb\x43\xba\x6f\xb2\xcd\xa2\x7d\xa0\x2e\x92\x9b\x9b\
\x9b\xf0\x3c\xcf\x28\xdc\xf6\x24\x8a\xc8\x36\x91\xef\x30\x0c\x2f\
\xd5\x10\x26\x45\xfb\x26\x25\xdb\xec\xb4\x00\x1b\xf9\x1c\x6e\xfb\
\xf3\x79\x52\x9f\xff\x5e\x5e\x0d\x17\x42\xe0\xe8\xe8\x10\x3f\xfe\
\xf8\x23\x76\x76\xb6\x61\xe7\x39\xd2\x77\x16\x9d\xb7\x2a\xd3\x4b\
\xaa\x1a\x2f\x75\xbe\x77\xe7\xf6\x05\x69\x3b\x6c\x95\x09\x7d\x16\
\xe5\x74\xd7\x11\x66\xdf\x72\xb6\x92\x26\xb2\xf9\x48\x8e\x9d\x42\
\xa3\x50\xcf\x90\xae\x41\x05\xe7\xbd\x0a\xa5\xfb\x3a\xb6\x95\x5e\
\xb7\x27\x56\x0c\x0c\xae\xef\xa2\x85\x3e\x14\x6b\xe0\x6c\x70\x06\
\xbf\xd9\xc4\xf6\x4e\x03\x9c\x31\x93\x8e\x07\x20\x2d\x1d\x29\xc0\
\x78\x82\x38\x9e\x02\xd0\x8b\x1c\xe7\xb6\xd6\x49\xc7\x3a\x4f\x53\
\x02\x14\xc0\x14\xc0\x75\xc7\xca\xbc\x30\xa2\xfd\x74\x8c\x38\xa6\
\xd6\xef\x24\xa8\xcc\x30\x9d\x4c\x10\x85\xb4\x56\x27\x81\x92\x11\
\xc2\x59\x88\x46\xe0\xe1\xf1\xfe\x23\x9c\x34\x1a\x48\xe2\x18\x49\
\x14\xc1\x73\x04\x3c\xd7\x35\x0b\x40\x8b\xce\xc1\x75\xec\x2a\xbd\
\x56\xa6\xcd\x59\x16\x85\x58\x19\x6a\x6c\x8b\x08\x8c\x73\x08\x36\
\xef\x42\x49\x82\x2a\x3d\xb7\x7d\x6e\xbe\xa2\x52\xdd\xb0\xf6\xa4\
\x9b\x48\x4a\x9e\xe8\x98\xa6\x25\x5c\x20\x4e\x74\x17\x35\xce\x18\
\xb8\xe3\x98\x1c\xb1\xba\xa2\x0e\x04\xb8\xec\xed\x15\x6d\x9f\x6e\
\xaa\x0f\x1f\x3e\x20\x8e\x63\x3c\x7f\xfe\x1c\xbe\xef\x67\x16\x50\
\x12\xb1\xa1\x74\x12\x9b\x74\xd3\x6f\xd8\x24\xf7\xb6\x8c\x68\xbe\
\xed\xac\xbd\x1d\x9b\xe4\xe7\x3f\x43\xa9\x31\xf4\x38\x18\x0c\xf0\
\xe3\x8f\x3f\xe1\xf0\xf0\x10\xca\xea\xd8\x66\x7f\x67\x91\x83\xa8\
\xd2\x39\x54\x46\xba\x4b\xdf\xea\xf5\x21\x93\x44\xa7\xaf\x29\x69\
\xda\x5b\xdb\xaa\x5f\xbe\x25\x7c\x9d\x1d\x83\x6d\x53\x69\x72\x69\
\x4f\x36\x01\x98\x34\x01\x52\x9e\xa2\x28\xaa\x7d\x42\x77\x25\xe3\
\xb6\x64\x22\x65\x1f\xe3\x22\x75\xbb\x28\xca\xc7\x18\x83\xe7\xbb\
\x98\xcd\x42\xfc\xe1\x0f\xbf\xc7\x68\x38\x85\x52\x33\x1c\x3c\x7a\
\x80\x97\x2f\x5f\xe2\xc9\x37\xcf\xe1\xba\x1e\x38\xf4\x84\x2b\x51\
\x31\xa4\x4c\xc0\xd2\xe6\x34\x60\x0c\x82\xe9\x14\x23\x99\x12\x78\
\xfd\xdf\x7c\x3d\x8d\x62\x3a\x65\x44\x26\x12\x49\x9c\xc0\x75\x5c\
\x30\x4e\xa2\x18\x83\x92\x3a\x3d\x8b\xce\x99\x4c\x62\x7d\x5f\x71\
\x06\x2e\x18\x1c\xd7\x41\x12\x2b\x30\x2e\x30\x9d\x48\x8c\x47\x23\
\xbc\xfe\xe9\x15\x2e\x2e\x2e\xc0\xa0\xb4\x1a\x9e\x30\xdd\xf9\xb7\
\xd5\xc0\x46\x7f\x73\xe9\xf9\xa9\x9b\x6d\xfd\x1a\x7c\xff\xe7\x40\
\x49\x09\xc9\xec\xe8\x09\xf9\x73\x6e\x84\x0d\xba\x4e\x79\x31\xac\
\x6e\x58\x5b\xd2\x4d\x27\xd8\x5e\x70\x91\x5f\xac\x06\x00\x52\x11\
\xf9\xd2\x59\x61\x49\x1a\xa2\xa8\x35\xae\x08\x03\xae\x02\x65\xaa\
\x31\xd7\x25\xdc\x80\xbe\xae\x47\x47\x47\x38\x3c\x3c\x84\xe3\x38\
\xf8\xf6\xdb\x6f\x4d\x9a\x89\x9d\x36\x44\x39\xd9\x76\x8e\x36\x80\
\x4c\xa5\x13\xd3\xb8\xa1\x40\x81\xce\xbf\x4e\xe3\xc8\x1e\x4b\x79\
\xe3\x5b\x14\x8e\xb4\xff\x6c\x43\x60\xef\x23\x85\x60\x27\x93\x09\
\x2e\x2e\x2e\x70\x76\x76\x86\x30\x5c\xdc\x25\x75\x91\x93\xa8\xd2\
\x39\xf0\x0a\xc6\x68\xed\x9d\x03\xed\x1f\xd3\xa5\x2a\x69\x7c\x3a\
\xce\xbc\x49\x4e\x3e\xcd\x04\xa8\x27\xf9\xb6\x23\x87\xf4\x68\xdf\
\x93\x9c\x73\x24\x72\xae\x22\x26\x69\xed\xe4\x5a\xcf\x8a\x50\x4d\
\x4e\x77\x99\x29\x03\x79\x1b\x56\xf4\x7e\xde\x9e\xd8\x82\x55\xaf\
\xd7\xc7\x93\x27\x4f\x70\x72\x7c\x84\x23\x7e\x82\x24\x9e\x62\x7b\
\x67\x13\x9b\xdb\x3b\x60\xc2\x41\x1c\x27\x50\x72\x06\xc6\x19\x18\
\xd7\xca\x35\x83\x82\x4a\xc7\x42\xa4\x24\xa8\x54\x26\x67\x2c\x6d\
\x7c\x03\x48\x29\x10\xc7\x02\x89\x8c\x10\x27\x51\x5a\xe5\x07\x08\
\x39\x87\x10\x3a\xfd\x84\x33\x12\x52\x74\x29\xd7\x6c\x14\x53\x97\
\x06\x64\x9c\x41\x38\x1c\x32\xd6\x79\xe0\xcd\x66\x0b\xfb\x8f\x1e\
\x21\x0c\x43\x53\x5f\xdc\xf5\x3c\x74\xba\x3d\x7c\xf3\xf2\x5b\x3c\
\x7f\xfe\xf2\xda\xe7\xab\x2e\xb6\xf5\xde\xae\x66\x61\x57\x20\xd1\
\x2a\xb7\x84\x10\x2c\xf5\xf7\x59\x91\x35\x7f\x8d\xf2\xb6\xb6\x0e\
\x58\x5b\xd2\x9d\x87\x5d\x3a\xce\x5e\x2c\x27\xa5\x9d\xef\xa3\xeb\
\x78\xd6\xd0\xc7\x65\x50\xa7\x01\x72\xdb\xb8\x8a\x70\x17\xa9\x2f\
\xd3\xe9\x14\x6f\xdf\xbe\x45\xa3\xd1\x40\xb3\xd9\xc4\xc1\xc1\x01\
\x3a\x9d\x8e\xb9\xe6\x14\xf2\xa4\xd6\xeb\x1b\x1b\x1b\xc6\x68\x03\
\x30\x1d\x24\xdb\xed\xb6\xe9\x3e\x69\xab\xe5\x76\xea\x89\x9d\xb6\
\x62\x37\x67\xb8\x2a\x67\x8c\x26\x01\xf6\xe2\xce\x7c\x3a\x09\x91\
\xee\xe9\x74\x8a\xd1\x68\x04\xd7\x75\xf5\xa2\xcf\x34\x94\x0a\xa4\
\x65\xe7\xae\x38\x7f\x99\xf5\x0c\x15\x39\x87\x7b\x45\xe6\x32\x18\
\x83\x89\xa8\x51\x2e\x2b\x11\x07\xdf\xf7\xcd\xa2\x43\x3b\x9c\xaf\
\xbf\x57\xcf\xe3\xb2\x43\xb7\xa4\x30\x01\xd9\xae\x9a\xe6\xbe\x90\
\xd9\x12\x70\x75\x45\xe9\x62\x06\xe7\x08\xd2\x46\x5c\xab\xc6\x75\
\x08\xf7\x55\xe8\xf5\x37\xf0\xb7\xbf\xfc\x4f\x68\x75\xba\x38\x3e\
\xfe\x84\xf1\x70\x88\x9d\xdd\x0d\x3c\x7c\xf8\x08\xdc\x09\xc0\x98\
\x2e\xd2\xcd\x84\x00\xe7\x5a\xb5\x66\x20\x9b\xa9\xd2\xf1\xe2\x98\
\xb1\x20\xa5\x02\xe7\x30\xf6\x98\xc7\x1c\x82\xa5\x62\x04\xe4\x5c\
\x0d\x67\x4c\xff\x6e\xfa\x6f\x1a\x6b\xb6\x8d\xa6\xc9\xab\xbe\x87\
\x74\x0d\xf1\xcd\xed\x1d\x44\xb3\x29\xce\xce\xce\x10\x27\x09\x1c\
\xd7\x43\xbb\xd3\xc1\xf6\xf6\x0e\x9e\xbf\x78\x89\x8d\xad\xed\x4b\
\xc7\xb8\xc8\x3e\x5e\x65\x4b\x4b\xb3\xad\x28\x77\xee\x5a\xfb\x7b\
\x16\xd9\x73\x22\xc4\xbc\x2f\x06\x00\xb3\x56\xc0\x8e\x24\xd6\xd9\
\xb6\xae\x39\xe9\x9e\x97\xaa\xca\x77\x47\x63\x8c\x99\xb2\x71\x94\
\x74\xcf\x8c\x33\x44\xad\xf3\x98\xaa\x18\x28\xfd\x6e\x77\x25\x9d\
\xb0\x6c\x15\xc5\x4c\x86\x00\xb3\xf8\xd5\x28\xa6\xe9\x23\xb7\x3a\
\xf9\xc1\x32\x72\x93\xc9\x04\x47\x47\x47\xf8\xf4\xe9\x13\x5a\xad\
\x96\x69\x78\xc3\x52\x55\xd1\xf7\x7d\xb4\x5a\x2d\x6c\x6c\x6c\x60\
\x6f\x6f\x0f\xa3\xd1\xc8\xa8\xd4\xd4\x9d\xb2\xdb\xed\x9a\xf6\xef\
\xd4\x4a\x9e\x08\x78\x3e\xfa\x61\xef\x37\x11\x66\x60\x7e\x33\x2f\
\x8a\x96\xd0\x71\x92\x93\xb1\x49\xcb\x6c\x36\xc3\xc9\xc9\x09\x4e\
\x4f\x4f\xc1\x18\xc3\xe6\xe6\xe6\xa5\x66\x29\x4a\x2a\x48\xe8\xfd\
\xa6\x7a\xb6\x0a\x16\xd9\x4f\x5f\x37\x8a\x69\x5a\xa6\x2d\x13\xfa\
\xcf\x7d\x66\x15\x90\x25\x38\x9f\x4b\xa8\xf1\x3d\x0b\xcc\xd7\x78\
\xce\xc9\x29\x00\x88\xcc\x35\x26\x2c\xab\x07\x5c\x27\x14\xe5\xdd\
\x6a\x02\x2e\x53\x82\xc4\x2f\x57\x14\xa8\x70\x7f\xaf\x42\xd9\xa9\
\x1e\x82\x73\xf8\x25\x74\xfa\x5d\x46\xb8\x97\xa9\xfb\xf9\xef\x09\
\x21\x20\x95\xc4\xe9\xc9\x09\x8e\x3e\x1e\x42\x38\x1c\xb3\x98\x61\
\x1c\x4a\x34\x04\x87\x23\x1c\x53\x7e\x95\x0b\xae\xc3\xfe\x4a\xa5\
\x4a\x75\x1a\x7d\x14\x3a\xec\x0f\x10\x41\xd6\xe2\x85\x54\x31\x1c\
\xcf\x05\x54\x4e\x61\xc6\xbc\x3a\x89\xee\x4c\xc9\x61\x37\x96\xe2\
\x8c\x83\xa5\xa9\x4c\xda\x9e\x73\xf0\x94\x85\xc5\x49\x0c\x70\x81\
\x46\x5b\xe2\xe0\xe9\x53\x1c\xbd\x7f\x8d\xe3\x4f\xc7\xf8\xf1\x87\
\x1f\x10\x4b\x89\xff\xf0\x1f\xff\x53\xe1\x71\x7f\x2e\xf1\x5e\x35\
\xa2\x38\x2e\x3d\x58\x54\xf7\x4a\x69\x34\x3a\x88\xd3\x2d\x4a\x13\
\xb5\xb3\x1f\xea\x48\xb6\x09\x6b\x4c\xba\x75\xa1\x4f\x22\x39\x76\
\xae\x8f\x6d\x64\xec\x99\xcf\x3c\xf9\x5e\xd5\xba\x0a\x42\x15\x03\
\xc6\x75\xdd\x95\x39\x87\x7c\xda\x45\xd1\x35\xca\x93\x5c\xfa\xb7\
\x7d\xfd\x66\xb3\x19\x86\xc3\x21\xc6\xe3\x31\xa6\xd3\x69\xa6\x6c\
\x19\xa0\xbb\x79\xf5\x7a\x3d\xec\xed\xed\x61\x3c\x1e\x67\x16\x7e\
\xf9\xbe\x8f\x66\xb3\x89\x4e\xa7\x83\x66\xb3\x69\xda\xc7\x53\xae\
\x21\xed\x43\x7e\xb1\x9b\x7d\x83\xdb\x2a\x73\xbe\x3c\x9a\xfd\x79\
\xfb\x38\xe2\x38\x46\x18\x86\x26\x8d\x64\x34\x1a\x21\x8a\x22\x78\
\x9e\x87\x7e\xbf\x6f\x48\x32\x63\x3a\x1c\x4b\x29\x32\x4a\x29\x08\
\x14\x97\x6c\xb3\xff\x6d\x87\xd5\x16\xfd\x7b\x15\xa8\x22\x25\xa2\
\xce\x86\x14\xb8\x3c\x21\x9b\x8f\x73\xfd\xdc\xae\x66\x92\xff\x4e\
\x1d\x61\x47\x7d\x08\x4a\x29\xb8\xae\x6b\xd6\xc5\x70\x8e\xcc\x82\
\xca\x7b\x94\x8f\x3c\x71\xce\xa7\x8c\xe4\x61\xa7\xe5\xd1\x67\xec\
\xc8\xc5\x87\x0f\xef\xf1\xeb\x7f\xfa\x15\x3e\xbe\x7b\x83\xff\xfc\
\x77\x7f\x87\x83\x83\xa7\xe8\x74\x37\xe1\x79\xf3\xf5\x34\x64\x3f\
\x95\xd2\x75\xbb\x85\xe0\x10\xc2\x01\x72\xdd\x4c\xe7\xfb\x72\xb9\
\x69\x4e\x91\x4d\xa3\xdd\xd5\x04\x1b\xd0\x8b\x29\xa5\x49\x23\x30\
\xa2\x59\x6a\xe3\xe2\x38\x81\x13\x85\xe0\xc2\x81\xef\x79\xe0\xf1\
\x04\x47\xef\x3f\xe0\xed\xdb\xb7\x78\xf2\xfc\xc5\x95\xe7\xec\xaa\
\x9c\x6e\xdb\xee\xe7\xdf\x5b\x05\xea\x6c\x0f\xaa\x02\xc3\x3c\xea\
\xc6\x39\xf9\x47\x09\xc7\x71\xa1\x94\xbc\xe4\xb7\xed\x47\xa0\x7e\
\x7e\x63\x6d\x49\xb7\xe6\x2a\xc5\xf9\xb5\x94\x62\xc2\x39\xd7\xb3\
\x6a\xce\x32\x04\xad\xf6\xf5\x64\x6b\x36\x48\x6e\x03\x8b\x94\x98\
\x65\x0a\x4c\xfe\x3d\x0a\xd5\x53\xc7\x49\x40\x5f\xeb\xc1\x60\xa0\
\x17\xd2\x58\x06\xb1\xd5\x6a\x65\x52\x46\x28\x05\x85\xfe\x88\x00\
\xd9\xc4\x3b\xbf\x0a\x1a\xd0\xe1\x4d\xbb\xb1\x89\x4d\xac\x8a\x8e\
\x83\x8c\x34\x75\xc6\xbc\xb8\xb8\xc0\xf9\xf9\x39\x2e\x2e\x2e\x30\
\x9d\x4e\x0d\x59\xa1\xe8\x4b\xfa\x6d\xfd\x5d\x2c\x57\x60\x50\xf0\
\xbe\x4d\x8a\xca\x74\x0e\x55\xa0\x6e\xc6\xb3\x08\xb6\x93\xb6\x27\
\x6d\xb6\x12\x0c\xe0\xd2\x38\xab\x13\xf2\x11\x92\x7c\xaa\x94\x7d\
\x0c\x49\xaa\x3c\xd9\x63\xf0\x1e\xd5\xa0\x48\xe1\xbe\xce\xe7\xf2\
\x50\x90\x00\x74\x6e\x76\xa3\xd9\x40\xb3\xd1\x40\xe0\x07\xf0\x7c\
\xdf\x90\xed\x79\xef\x03\x01\xc6\x84\xce\xf1\x66\xba\xe4\x9f\x4a\
\xab\xf7\x00\xa4\x6d\x65\x9b\x2c\xe5\x17\xa1\xeb\xf1\x35\xff\x9c\
\x94\x24\x1a\x68\x61\x4d\x29\x69\x84\x04\x3d\xc1\x63\x40\x4a\xb8\
\x13\x36\x03\x63\x0e\x38\x73\xc0\xb9\xc0\xf9\xf9\x39\x06\x17\x17\
\x66\x72\x78\x93\xf3\x56\x44\xd4\x8a\xec\xe9\x5d\xb4\xad\x75\x06\
\xa9\xdc\x8c\x31\x40\xe9\x5a\xee\xda\x2f\x27\x97\x6c\x6b\x5e\xd0\
\xab\x23\xd6\x96\x74\xdb\xc8\x27\xca\x53\xbb\x50\xa3\x74\x2a\x7b\
\x96\xcc\x32\x21\xd3\x3a\xa2\x8a\x41\xb3\xca\xad\x2d\x52\x62\x8a\
\x8e\xf1\x3a\xc7\x4d\x51\x8b\x24\x49\x30\x9b\xcd\x70\x7e\x7e\x8e\
\x37\x6f\xde\x60\x32\x99\x98\x8e\x65\x54\xdb\x9b\xfe\x5c\xd7\xcd\
\x34\xc1\xc9\x37\xc5\xc9\x2b\xec\xf9\xf1\x74\x95\x22\x42\xfb\x45\
\x75\xc2\x47\xa3\x91\x21\xdc\xa3\xd1\xc8\xd4\x0e\x57\x4a\x2d\x50\
\x3c\xa1\xd7\xa1\x7d\x86\x31\x5f\xe4\x04\x56\xe9\x1c\xaa\x18\xa3\
\x75\x77\x74\x45\x63\x86\xc2\xa1\x54\xe6\xaa\xee\xc7\x00\x14\x13\
\x0e\x7b\x2c\x45\x71\x64\xd2\x4b\x60\x9c\x9e\xfe\x6e\xbe\x42\x4b\
\x9d\x50\x89\x5d\x5d\xf1\xf6\x6e\x42\xac\x97\x1d\xbf\xed\x43\xb7\
\xfb\x9b\xf8\x5f\xff\x97\xff\x19\xad\xd6\x7f\x41\xab\xb7\x81\x44\
\x25\x98\xce\xa6\x00\x17\xba\x52\x89\xe3\x82\x71\x07\x8c\xeb\x2a\
\x23\x64\xbb\x34\x69\xd6\xe9\x46\x73\x92\x4d\xdb\xd3\xa4\x28\x0c\
\x43\xb3\xad\x6c\xdf\x04\xdb\x47\xa4\xd5\x27\x94\x5e\xa8\x19\x27\
\x0c\x32\xd6\xdf\x8f\xa3\x29\x46\x17\xa7\x08\xc3\x10\x8e\xdb\x80\
\xe3\xba\xe0\x4c\x41\x70\x09\xce\x14\x02\x2f\x80\xe7\xf9\x80\x00\
\xb6\x77\xb6\x32\xc7\xb5\x4e\xb6\xb5\x6c\xd4\x7d\x22\x41\xe4\x5a\
\xa7\x30\x49\xc3\xe5\x80\x6c\x64\xb7\xce\x64\x9b\xb0\xd6\xa4\x3b\
\x7f\x82\xf3\xdd\xdf\x48\x65\x22\x75\x51\x2b\x9b\x5c\xa7\x97\xd4\
\x18\xeb\x30\x70\xae\x0b\xfb\xc6\xc8\xd7\xb4\x5e\xf4\xd9\x65\xbf\
\x65\x13\x00\x52\xbe\xc7\xe3\x31\x4e\x4e\x4e\x0c\xc1\x1d\x0e\x87\
\x70\x5d\x17\xcd\x66\x13\xad\x56\x0b\xed\x76\x1b\x9d\x4e\x07\x9b\
\x9b\x9b\xe8\xf7\xfb\xe8\xf5\x7a\x68\x36\x9b\xf0\x53\xe5\x06\x40\
\x26\xc5\x84\x60\x87\x40\xa9\x35\x31\x3d\xa7\x50\xa9\x97\xa6\xe4\
\x50\x8d\x70\x9b\x70\x0f\x87\x43\x8c\x46\x23\x8c\xc7\x63\xa3\xcc\
\x2f\xae\x21\x6a\x2f\x28\x5a\x6e\x04\x17\x29\x33\x77\x5d\x95\x59\
\x8b\xfb\x42\xe9\x0c\x55\xc1\x39\x54\xce\x16\x2d\xaa\x11\x5f\xa7\
\xeb\x63\x8f\x9b\x7c\xeb\x7a\x02\x67\x1c\xdc\xe5\xa6\x4c\x27\x7d\
\x4f\x88\xfa\x2f\xa4\xfc\x1a\x90\x8f\xba\x5d\x87\x68\xdb\x9f\x91\
\x4a\x21\x9c\x45\x70\x5c\x01\x27\x9c\x82\x39\x23\x4c\x26\x11\x0e\
\xa3\x53\xbc\x7c\xf9\x12\xc0\x7c\xf1\x39\x30\x57\xb5\x19\xd3\xe9\
\x46\xf3\x68\x60\x96\xe8\x0f\x87\x43\x9c\x9d\x9d\x61\x3a\x9d\xa2\
\xd1\x68\x60\x67\x67\x07\xbe\xef\xa7\x9f\x27\x55\x5b\x59\xcf\xf5\
\x9a\x15\x28\x06\xc6\x81\xe9\x78\x84\xdf\xfe\x7f\xff\x0d\xa7\xc7\
\x9f\xf0\xf8\xe0\x31\x1e\xec\x3d\x06\x4b\x49\x18\x63\x1c\x0c\x1c\
\x89\x94\x70\x3d\x0f\x2f\x5e\x7e\x87\x9d\x9d\x1d\x63\x6f\xf3\xe7\
\xe4\x2a\xdb\x9a\x6f\x7e\x76\x17\xed\xe9\x3a\xc1\xf6\xfb\x8c\x31\
\x53\x6d\xcd\xb6\xaf\xc0\xd5\x05\x0f\xea\x80\xb5\x25\xdd\x45\x86\
\x84\x16\x54\x1a\x67\xc1\x38\x14\x94\x49\x11\x50\x40\xaa\xd0\xdc\
\x3b\x86\xb2\xb1\x2c\x15\x63\xd9\xf5\xb8\xce\x7b\x52\x4a\x4c\x26\
\x13\x9c\x9d\x9d\xe1\xe4\xe4\x04\x47\x47\x47\xa6\xdb\x63\xa3\xd1\
\x40\xbb\xdd\x46\xb7\xdb\xc5\xe1\xe1\xa1\x21\xe0\xed\x76\x1b\xad\
\x56\x0b\x9d\x4e\x07\x9d\x4e\xc7\x74\xbc\xb4\xcb\xfc\x51\x38\x33\
\x8a\x22\x44\x51\x84\xd9\x6c\x66\x22\x28\x9c\x73\xec\xee\xee\x1a\
\xd2\x4e\xc4\x9c\x3e\x17\x86\x21\xc2\x30\x44\x14\x45\x97\xc2\x5f\
\xc5\xc7\x02\x00\xcc\x2c\x30\xcd\xa7\x21\x5c\xc7\x80\xe4\xbf\x77\
\x9f\x63\x5b\x2e\x94\xd2\xf5\x83\x95\x92\x30\x71\x76\x30\xdd\xb6\
\x9a\x65\xf3\x5c\x8b\x72\x0f\xeb\x80\xa2\xa8\x94\x3d\x7e\xe7\x93\
\x4e\x05\x27\x15\x39\x62\x93\x62\x52\xaf\x63\xb9\xcb\x28\xb2\xa7\
\x57\x7d\x0e\xb8\x4c\xb4\x8b\x7e\xa7\xd9\x6e\xa1\xd5\xeb\x62\x34\
\x3a\x07\x9f\x38\xe0\xdc\x81\xeb\x73\x5c\x0c\x46\x08\xc3\x29\x9a\
\x8d\x40\xb7\x6e\x67\x69\xff\x51\x36\xaf\xc9\x4d\x39\xb6\xfa\x0f\
\xe0\x2c\x4d\x19\x51\x80\xef\xfb\xd8\xdc\xdc\x04\x63\x00\x63\x1c\
\xae\xe3\x98\xda\xdc\x7a\x07\x52\x71\x1b\x3a\x4f\x1c\x0a\x90\x8a\
\xe9\x47\x29\x71\x7c\x72\x84\x7f\xfb\xe3\xbf\xe2\x3f\xfc\xed\xdf\
\xe0\x6f\xff\xf6\x97\x70\xbc\x16\x66\xb3\x08\x17\xc3\x01\x46\xa3\
\x21\x00\x06\xc7\xf1\xd1\x6e\xf7\xf0\x8b\xef\xbe\x43\xa3\xd1\x32\
\xc7\x55\xa4\x78\x2f\xb3\xad\x79\x72\x5d\x64\x5b\xef\x14\x01\x37\
\xf6\xaa\x9e\xa0\x08\x9a\x1e\x1b\x0a\x48\xff\x0d\xc0\xa4\x0b\x5f\
\x67\x72\x59\x07\xac\x2d\xe9\x2e\xca\x8f\xa4\x64\x7b\xad\x2a\x32\
\x48\x35\x2f\xc5\xe6\x38\x8e\xae\x66\x52\x9f\x73\xbf\x10\x75\x1a\
\x20\x5f\x82\xeb\x1c\xc7\x4d\xc3\xa0\x8b\xbe\x47\xa4\x77\x3a\x9d\
\x62\x30\x18\x98\x34\x0e\xcf\xf3\xd0\x6a\xb5\x70\x71\x71\x81\xd1\
\x68\x84\x5e\xaf\x87\xd1\x68\x64\xaa\x99\x84\x61\x68\xaa\xdc\xd8\
\xdb\xa5\xc9\x1b\x2d\x84\x24\x22\x4d\xe9\x2b\xae\xeb\x66\x4a\xc0\
\x11\x39\xb1\x6b\x7b\xe7\xf3\x78\x8b\x4a\xad\xe9\x83\xa1\x63\x02\
\xec\x62\x51\x45\x86\x9f\xf6\x2d\xff\x99\x65\x4a\xcc\x9d\x72\x0e\
\x35\x87\x54\xf3\x52\x81\x1a\x0a\xc2\x71\x2f\x85\x40\x17\xd5\x8c\
\xaf\x0b\x28\x32\x65\xef\x1f\xa5\xc8\xc8\x94\x11\x51\x85\x1c\x6a\
\x07\x7f\x55\xb9\xcb\xca\x51\xd3\x73\xfd\x25\x58\x46\xbe\xf3\xe2\
\x06\xbd\xb6\xcc\xbe\x32\xc6\x90\x48\x05\x30\x01\x3f\x68\x22\x51\
\x40\x22\x15\x1c\x29\xf1\xe0\xc1\x16\xce\xcf\x8e\xe1\xbb\x02\x8e\
\xe3\xc3\x71\x5d\x08\xce\xc1\x05\x03\x17\x02\x48\xd3\x47\x1c\xd7\
\x45\x23\x08\x40\x55\x4b\x48\x99\x0c\x02\x0f\x8e\xa3\x9f\x87\x61\
\x88\xc9\x74\x8c\x06\x1a\x70\x5d\x07\xa4\x72\xa7\x3b\x01\xce\x74\
\x2e\x77\x1c\xce\x70\x31\x9a\x20\x8e\x13\x4c\x67\x33\x28\x30\xec\
\x6c\xef\xa2\xd9\xec\x42\x71\x81\x28\x49\x70\x78\xf4\x09\xef\xdf\
\xbe\xc6\xee\xce\x36\x82\x56\x0b\xfd\xad\x2d\x04\x41\x03\xa3\xd1\
\x28\x43\xb8\x97\xd9\xc0\xbc\x1d\x2d\x7a\xed\xde\xb6\x56\x07\x96\
\x8e\x07\x30\xab\xb9\x58\xfa\xba\x54\x72\xa9\xc0\x54\x37\x1b\xbb\
\xb6\xa4\x3b\xaf\x1a\x91\x23\x8b\xa2\x28\x9d\x81\xa7\x0e\x8e\x0b\
\xa8\x58\x77\x2c\x9c\x3b\x8d\xfa\x2b\x80\x75\x1b\x28\x5f\x82\x65\
\x06\x1e\x28\x9e\x89\x7e\xce\xec\xd4\xfe\x4e\x14\x45\x86\x20\x53\
\x83\x05\x52\xae\x89\x44\x03\x9a\x48\xf8\xbe\x8f\x46\xa3\x61\x6a\
\x78\xd3\x82\x5b\x29\x65\x46\xb5\xb6\x49\xb7\x1d\x51\xb9\x2d\xe8\
\xcc\xc6\xeb\x4d\x54\x6c\xa5\x74\x91\xe1\x5f\xa5\x43\x60\xb8\x5b\
\x63\xf4\x36\xa0\x94\x82\x92\xba\x79\x87\xee\x13\xa3\xcf\x3d\x45\
\x46\xcc\x67\x54\xb6\xf2\x4c\x5d\x91\x1f\x3b\x34\xc9\xb4\xeb\xe4\
\xda\xaa\x1f\x53\xd4\x4a\xbc\xbe\x28\x7d\xcc\xae\x60\x7b\x45\xb6\
\xf2\xaa\x3c\xfa\x3c\xd1\x5e\x66\x73\x39\x63\xd8\xe8\x6f\x60\x3c\
\xb9\x80\x02\xe0\x78\x1e\xb6\xb6\xb7\xe1\xba\x3e\x46\xa3\x31\xa6\
\xe1\x14\x22\x96\x70\xe2\x99\xf1\xbb\x7a\x5c\x08\x0c\x87\x43\x34\
\x9b\x4d\x70\x06\x5d\x59\xc4\xaa\x0e\x05\xcc\xc7\x3c\x55\xa0\xe2\
\x8c\xc1\xf7\xbb\x66\xfb\x99\x68\x8a\x62\x88\xa3\x08\xb3\xe9\x14\
\xc2\xf3\xd1\x68\xb4\xd0\x68\xb4\x20\x25\xd2\x3a\xe1\xba\x1e\x78\
\x10\x04\x78\xf0\xe0\x21\x02\xdf\x43\xab\xd3\xc3\x70\x3c\x45\x9c\
\x24\x48\x92\xf9\x24\x37\x7f\xaf\x2d\x22\xd0\xb4\x1f\xf6\xf9\xb0\
\x3f\x57\x46\x9a\xc9\xbd\x5d\xbd\x0c\x29\x13\x30\x70\x70\x87\x99\
\xeb\xe9\x08\xdd\x80\x4c\x26\x12\xdc\xe3\x85\xf6\xf4\xaa\x08\x73\
\x15\x58\x5b\xd2\x4d\x28\x52\x0e\xf5\x6c\x5d\x1a\x03\x12\xa7\xab\
\x9f\x69\x01\x65\xdd\x67\xa6\x75\x1a\x20\x9f\x0b\x5b\x59\xf9\xd2\
\x34\x92\x9b\x6c\xb3\x28\x02\x42\x2a\x23\xa5\x7e\x50\xc9\x2b\x22\
\xdf\x44\xcc\x6d\x22\x4d\x04\x9d\x1e\x89\xb8\xd3\xe7\xbe\x74\x0c\
\x5d\x47\xc9\xcf\x8f\xe9\x45\x79\x86\x45\xef\xe7\x3f\x77\x67\x14\
\x99\x9a\x87\x41\x15\xd2\x86\x21\x6c\xee\x1c\x94\x52\xa6\x6e\xbb\
\xfd\x7a\x9d\xef\xf3\x65\xa1\x78\x7a\xcd\x71\x9c\x4c\xfa\x94\xfd\
\xb9\x7b\xac\x1e\xb6\x8d\x05\x16\xa7\xeb\x2d\x13\x37\xf2\x9f\x01\
\x00\xdf\x0f\x30\x9b\x45\x48\x62\x89\x66\xab\x81\x66\xa3\x89\x5e\
\xaf\x87\xd9\x4c\xa2\xd7\xd3\x65\x59\x7d\xdf\x4b\x7f\x93\x6c\x4c\
\xda\x08\x28\xf0\x8d\xf8\x15\x86\xa1\xb1\xa1\x9c\xf3\x54\xdc\x68\
\x22\x4e\x12\x04\xbe\x8f\x56\x4b\xaf\xab\xd1\xdb\xb6\xc9\xac\x7e\
\xce\x00\xf8\x9e\x87\xed\xad\x2d\x38\x5e\x80\x46\x10\xe0\xd1\xa3\
\xc7\x88\x62\x2a\x84\xa0\xe0\x79\x0e\xda\xad\x2e\x44\x5a\x39\xa5\
\xd1\x6c\xa1\xd3\xed\xa3\xd5\x6e\xa6\x95\x55\x2e\xa7\x82\x14\xd9\
\xc2\x45\xa9\x24\xf4\x7c\x59\x85\xa8\xbb\x60\x5b\xe7\x57\xa0\xae\
\xa0\xf4\x25\xed\xcb\x05\xd7\xf5\xe4\x21\xb5\x1d\x2a\x6a\x8c\x03\
\x5c\x2f\x6a\x5e\x36\xd6\x9a\x74\x2f\x9a\x99\xc6\x71\xac\x89\xb7\
\x15\xfe\xa7\xcf\xdb\xaa\xd3\x3d\x56\x83\x45\x29\x23\x57\x39\x85\
\xfc\x6b\x37\xb9\x59\xf2\x0e\x68\xd9\xef\x5f\xb5\xa0\xf3\x2a\x03\
\xba\x3a\x03\x9b\x9d\xa8\x98\x57\x0b\x8c\xfb\xa2\x1c\xc5\x32\x94\
\x98\x2a\x51\x67\xe7\x60\x13\x6a\x4a\x3f\x62\x8c\x21\x08\x74\x47\
\xc2\xfc\xb5\x5b\x36\x66\xeb\x02\xda\xd7\x6c\xea\x9e\x32\x65\xdd\
\xd6\x89\x74\xd4\xf7\x2c\x5f\x1f\x8b\x88\x76\xfe\xfd\xeb\xfc\xce\
\xa2\xf1\xd7\x68\x36\xe1\xba\x1e\x84\xe0\x38\x3d\x39\x81\xe7\x36\
\x20\xb8\x40\xbb\xdd\x84\x10\x1c\x9d\x4e\x1b\x9e\xe7\x82\xba\x4e\
\xea\x14\x12\xbd\xb0\x16\x68\x22\x0c\x43\xb8\xae\x83\x5e\xaf\x07\
\x29\x93\x4c\xca\x9d\xe7\x79\x60\x8c\xc1\x71\x5c\x4d\x9a\x18\xc3\
\xc5\xc5\x00\x32\x49\xd2\x3a\xe0\x02\xb4\x38\x32\x9a\x45\x48\xe2\
\x04\xae\xeb\x40\x25\x31\x26\xa3\x11\x84\x10\xf0\xfc\x00\xda\x0a\
\x24\x90\x49\x8c\xe9\x74\x82\xb3\xf3\x01\x9a\x0d\x3f\x5d\x57\x33\
\x43\x10\xe8\xba\xe2\x00\x2e\x95\xb4\xbc\x2a\x2a\x58\x34\xa6\xbf\
\x06\xdb\xba\x0e\xa0\x31\x14\x45\x11\x90\xe8\xfe\x22\xb4\x8e\xc0\
\x56\xb5\xed\xf1\x7d\xaf\x74\xdf\x12\x16\xcd\x66\x28\xc7\x90\x88\
\xb7\x6d\x58\xec\xb4\x81\x7b\xac\x1e\x45\x46\xdd\x26\x90\x36\x16\
\xbd\x96\x47\x51\xa8\xef\x36\xf6\xb3\x2e\x37\x65\xd1\x39\xbb\xc9\
\x71\xe6\x8d\x4f\xd1\xe3\x3d\x56\x03\x3b\x0f\xda\xfe\x77\x92\x48\
\xb8\x2e\x37\xb5\xd9\xf3\x7f\x75\x45\x3e\x6d\x81\x9e\x4b\xc9\xc1\
\xb9\x2e\x13\xa8\x94\xee\x40\x08\xcc\xd3\x4f\xea\x71\x27\x7d\x1d\
\x28\x22\xdc\x45\xf9\xf8\xcb\x5e\xcb\x7f\xdf\x11\x4e\xda\xb8\x2b\
\x81\xef\x7b\xf8\xd3\x9f\xbe\x87\xef\x37\xf0\xec\xf9\x0b\x53\xad\
\x49\xb7\x7c\xb7\x2b\x95\x30\x48\x99\x98\xc9\x66\xb3\xd9\x34\x9f\
\xb5\xc9\xac\x6d\x87\xa6\x61\x84\xf1\x64\x82\xa3\xe3\x23\x0c\x2f\
\x2e\xd0\xeb\xf6\xd0\x6e\xb7\x31\x9b\xcd\x4c\x13\x31\x57\x38\xe8\
\xf6\xda\x18\x8f\x67\xf8\xe9\xd5\x6b\x04\xbe\x07\xa5\x12\xfc\xf8\
\xd3\x8f\xa6\x23\x31\x63\x0a\xdb\xdb\x1b\x38\x3d\x39\xc1\xfb\xf7\
\xef\x70\x72\x7c\x82\x28\x8e\xf0\x8b\x5f\xfc\x4d\xe1\xb9\xc9\x9f\
\x37\xfb\xf5\xfc\xb9\x2d\x22\xde\x57\x09\x22\xf7\x58\x1d\x18\x60\
\x52\x88\x79\x1a\xf5\xd4\x69\x46\x97\x1b\xd8\xd5\xf5\x7a\xac\x2d\
\xe9\x06\x8a\x6f\x66\x0a\x75\x49\x29\xc1\x85\x40\x12\xc7\x00\xa0\
\x93\xed\xe3\xf5\xa9\xe5\xb8\xae\x58\x74\x6e\xaf\xca\x3b\x5c\x44\
\x7c\x8b\xc8\xe7\xe7\x12\xef\xba\x18\xc6\x45\xfb\xa1\xa0\x2e\x19\
\xf0\x65\x63\x75\x51\x0e\x5b\x5d\x8e\xf3\x6b\x83\xe3\xe8\x1c\x43\
\xa8\x79\x49\x49\x2e\x38\x98\x69\x08\x72\x99\xfc\xd4\xd1\x16\xe5\
\x15\x3d\x7a\x4e\x1d\x08\x13\x29\xc1\x99\x26\x59\x8c\x73\x24\x71\
\x92\xb1\xc1\xf7\x58\x0d\xae\x3b\x66\x8a\x14\xbe\x65\xaf\xe5\xbf\
\xab\x9b\xc9\x29\xb8\xae\x83\x9f\xff\xfc\xaf\xf0\xed\xb7\x3f\xc3\
\x7f\xfd\xc7\x7f\x44\xab\xdd\xc5\xb7\xdf\x7e\x6b\x52\xec\xa8\x6c\
\x20\xa5\x6e\xd2\x6f\x37\x9b\xcd\x4c\x2f\x02\x7a\xa4\x14\x3f\xc7\
\x71\xcc\xf3\xf1\x78\x0c\xcf\xf3\xd0\xed\x74\x31\x0b\x43\xbc\x1b\
\x0c\x20\x84\x40\xaf\xd7\xc3\xe6\xe6\x26\x7c\x4f\x93\xec\x56\xbb\
\x8b\x4e\xa7\x8d\xb3\xd3\x53\x38\x8e\xc0\x60\x38\xc4\xd1\xf1\x31\
\x94\x4c\xb0\xb9\xb9\x81\xad\xcd\x6d\xfc\xf8\xfd\x9f\xe0\x30\x60\
\xef\xc1\x0e\xc2\xa4\x38\x05\x30\x7f\x1e\x16\x89\x3d\x57\x09\x3e\
\xf7\x36\xb6\x3c\x30\xcc\xa3\xd3\x52\xa9\x79\x1d\x78\x06\x28\x2b\
\xa3\x01\xc8\xde\x23\x75\xb5\xb1\x6b\x4d\xba\xf3\x03\x7f\x3e\xc3\
\x49\xab\x46\x58\x6d\xe1\x55\xa2\x6b\x11\xad\xc3\xcd\x52\xc9\x20\
\xb9\xe5\x6d\x2e\x1a\xf0\x8b\x52\x4c\x96\xfd\x86\xfd\xdd\x2f\xdd\
\x9f\x45\x28\x7b\x4c\x64\xb6\x67\x17\x32\x29\x70\x54\x36\x6e\x1a\
\xe6\x5c\x99\xda\x5d\xa3\xe8\x40\x5d\x40\xa9\x6b\x52\xe9\x72\x7a\
\x4a\xe9\x45\x3e\x0c\x09\x94\x10\x60\xac\x78\x4c\xd7\xcd\x1e\xd9\
\xc4\xc4\xbe\x5f\xa3\x28\x82\x52\x52\x4f\x2a\x68\x2c\x59\x79\xea\
\xeb\x80\xb2\xf7\x73\x95\xdb\xbb\xe9\x6f\x17\xd9\xde\x22\x31\xe4\
\xec\xec\x0c\x4a\x49\xc4\x31\x70\x3e\x18\x62\x67\x67\x17\x7f\xff\
\xf7\xff\x27\xce\xce\xce\x11\x86\xa1\x49\x35\xa2\xfc\x5a\xfb\x37\
\xa9\xe3\x73\x91\x9d\x52\x4a\x19\x25\x5c\x08\x01\x06\x06\x15\x27\
\x98\x4d\x43\xb8\xae\x8b\xed\xfd\x7d\xd3\x49\x58\x4a\xa9\x89\x3b\
\xe7\x7a\xa1\x1c\x67\x68\x34\xda\xe8\xf5\xb7\x10\x45\x31\xb6\x64\
\x84\x38\x4e\x30\x1c\x0e\xa0\x92\x08\x6f\x5f\xbf\xc1\x0f\x7f\xf9\
\x0b\x3a\xdd\x2e\x9e\x3e\x7f\x81\x70\x16\x21\x08\x1a\x0b\xed\x25\
\x63\x8b\x73\xbd\xf3\xaa\x78\xfe\x9c\xe7\x5f\xbf\x6d\xdb\xba\x2e\
\xf7\x52\x59\x50\xc8\x0a\x01\x0c\x3a\x63\xc1\x71\x1c\xc8\x24\x81\
\xe3\xba\x97\x26\x93\x75\xb4\xab\x84\xb5\x25\xdd\xf9\xb0\x5a\x3e\
\x8f\x47\x08\x61\x9a\xe2\x90\x91\xa0\x1c\xcb\xba\x5e\x8c\xbb\x8c\
\xcf\x4d\x31\x59\xf4\x1b\x8b\x70\xd3\x6b\x7b\xdd\x9b\xf3\x36\x0d\
\x61\x3e\xef\x8c\x7e\xba\x68\x0b\xcb\x1c\xc5\xb2\xf0\xe7\xfd\x38\
\x2f\x1f\x76\x33\x19\x72\x0a\xf6\x75\xb0\xc7\xda\x75\x22\x19\x75\
\x80\xdd\xcc\x89\x71\xab\x39\x95\x94\x5a\xf1\x4e\x09\x1b\x2d\x50\
\xbe\xc7\x6a\x70\x53\xd5\x6e\x51\x64\x31\x6f\x7b\xf3\xbf\x97\x24\
\x09\x94\x4c\x30\x9b\x4d\xa1\x94\xc4\x70\x34\x84\x10\x0c\x9d\x6e\
\x0f\x5b\x5b\x5b\x38\x3b\x3b\xc3\x70\x38\x44\xa3\xd1\x40\xa7\xd3\
\x31\xe4\x9b\x73\x8e\xd9\x4c\x57\x33\xe9\x74\x3a\x66\xec\xdb\xf9\
\xd4\x71\x1c\x9b\xcf\x30\xc6\xe0\xfb\x3e\xf6\xf6\xf7\xcd\x7e\x50\
\x0f\x04\xc6\x74\xd3\x31\x5a\x90\x99\x24\x09\x84\x1b\x20\x96\x33\
\x7c\x78\xff\x11\x17\x17\x03\xec\x3f\x7a\x00\xc6\x19\x84\x23\x10\
\x04\x4d\x4c\xc7\x13\xf4\x36\x36\x70\x78\x78\x88\xdd\xfd\x47\xe8\
\x76\xfb\x46\x51\xb7\x8f\x3b\x7f\x0e\xbe\xc4\xb6\xde\xdb\xd8\xf2\
\x40\xe3\xc2\x71\x1c\x44\x71\x04\xcf\xf3\xe6\xd7\x20\x1d\xc2\x76\
\x5a\xc9\xb2\x89\x53\xd5\x58\x5b\xd2\x9d\x3f\x99\xb6\x43\xa3\x9b\
\xc1\x75\x5d\x44\x51\x04\x91\xde\xf8\x36\x21\xbf\xc7\xed\x23\x6f\
\xc8\x8b\x48\xf5\xb2\x45\x8c\x45\x93\xa7\xeb\xde\x34\x5f\x92\xc7\
\x75\x1d\xb5\x78\x15\xb8\x14\xfa\xb5\x5e\x2f\x9a\x80\xd0\x18\x5e\
\xe4\x1c\x16\x39\x82\x95\xa9\xdd\x15\xa0\xce\x7b\x4d\x0a\x1f\xfd\
\xc5\x71\x0c\xc7\x71\x32\x0d\x97\x80\xcb\xe4\xbb\xae\xc4\x3b\xb3\
\xcf\x48\x1b\xa0\x20\xbd\x37\x39\x07\x87\x32\xce\x90\x9a\x44\xdd\
\xa3\x1c\x5c\x45\xc2\x8b\x5e\xb7\xbf\x93\x57\xbc\xe7\xbe\x91\xa3\
\xd1\x68\xc2\xf7\x1b\x00\x14\x12\xa9\x70\x3e\x18\x02\x8c\x03\x4a\
\xd7\xd7\xde\xd9\xd9\xc1\x78\x3c\xc6\xe9\xe9\xa9\x29\xb1\x4a\xa0\
\xf5\x54\x44\x96\x69\xd2\xa6\x94\x32\x15\x4d\xa8\x5b\x30\x11\x73\
\xbd\xfe\x8a\xc3\x75\xdd\x34\x45\x4b\x07\x5e\xe9\x3b\x52\x4a\x78\
\x00\x12\xa5\xf0\xe1\xf0\x13\x1e\xed\x3d\xc4\xee\xce\x36\x00\x86\
\xb0\x1d\xe1\xf4\xf8\x0c\xbd\xfe\x26\xfe\xee\xef\xfe\x1e\x51\x12\
\x21\x96\x12\x83\xb3\x01\x06\x83\xc1\x25\x3f\x52\xa4\x66\x2f\xb2\
\xa9\xd7\xb1\xad\xf6\xf9\x5b\x77\xdb\x5a\x67\xd8\x4d\xe8\x1c\x47\
\x18\xdb\xaa\x95\xef\xec\x75\xa2\xc7\xba\x46\xe0\xd6\x96\x74\x17\
\x85\x12\xf2\x37\x58\x18\x86\x70\x3d\x17\x71\x14\x67\xbe\x13\xa7\
\x79\xde\xf7\x28\x07\x97\xc8\xe5\x02\x15\xa6\xe8\x7b\x75\xbc\x69\
\x6e\x1f\xcc\xfc\x3f\x3f\xae\xed\x7f\x2f\x53\x61\x80\x62\xc7\x72\
\xe7\x1c\x40\xcd\x8f\xc7\x2e\x5d\xe5\x79\xde\xa5\x6e\xa4\x74\x8d\
\xed\x71\x5d\xe7\x6b\x34\xdf\xef\x74\x9f\xd3\x46\x14\xfa\x18\x38\
\x18\x9b\x93\x96\x3a\x1f\x07\x50\xef\x09\xdb\x32\x5c\xc7\x06\x16\
\x7d\x26\xaf\x68\x5f\x4f\x2d\x67\xf0\xfc\x06\xa2\x58\x17\x24\xe0\
\x42\x20\x0c\x25\x2e\x2e\x42\xb4\x5b\x0c\x8d\x46\x03\x8d\x46\x03\
\xbe\xef\x9b\x9c\x6c\xea\x48\xca\x98\x7e\x5f\x29\x85\xe9\x74\x6a\
\xd2\x4f\xc8\xde\x07\x41\x80\x6e\xb7\x6b\x08\x14\xf9\x61\xaa\x7e\
\x02\x70\x24\xc9\x7c\xfd\x80\x56\xc8\x39\x84\x60\x90\x49\x0c\x95\
\xe8\xd4\xa6\x46\xe0\x83\x83\x41\x2a\xbd\x7e\x2b\x8c\x22\x0c\x87\
\xa3\xb4\xfc\xa0\x03\x26\x23\xcc\xc2\x10\x1b\x9b\x9b\x97\x22\x4a\
\x57\x29\xdc\x45\xe7\xb5\x48\xf1\xbe\xd3\x36\xb6\x86\xb0\xd3\x2c\
\x85\x70\xc0\x98\x9e\x99\xe9\x6b\x30\x1f\xdf\xdc\xba\xce\x75\xbd\
\x2e\x6b\x4b\xba\x8b\xc2\xb4\x54\x9a\xc8\x56\xb4\x95\x75\x43\x99\
\xc5\x4d\x75\x2f\x19\x48\x53\xfd\x35\xc2\x4d\xc2\x9f\x79\x03\x98\
\x7f\xfd\xaa\xef\x5e\xa5\xe2\x5c\x85\xaa\x6f\x48\x7b\xa2\x08\xd0\
\x02\x4a\x09\xea\xa2\x9d\x37\xe4\x37\x31\xee\xd7\x3d\xae\x7b\x67\
\x71\xfb\xc8\xdb\x9e\x38\x8e\x21\xd2\xb6\xf0\xa6\x03\xa5\x95\xae\
\x51\xf7\xf3\x6f\x1f\x8f\xb1\xad\xb4\x78\x0e\x0a\x4a\xae\x0f\xe1\
\x06\x50\xfb\x09\xdb\x55\x58\x16\x49\x5c\x14\x31\xc9\x47\x0d\xf3\
\xbe\xaf\x98\x8c\x2b\x00\x12\x8c\x29\xcc\xa2\x10\xd3\xe9\x14\x9e\
\xe7\xa2\xd1\x08\x10\x45\x3a\x9a\x43\x2a\x23\x45\x77\xf2\x69\x21\
\xf4\x7b\x9c\x73\xd3\x20\xa7\x48\x28\xd3\xaa\x78\x9c\xe6\x8a\xeb\
\x63\xf0\x7d\x5f\x13\x68\xce\x31\x0b\x23\x08\x87\x43\xaa\x08\xe3\
\xd1\x10\x90\x31\x5c\x47\xa7\x8a\xc6\x12\x98\x4e\xc3\x34\x2d\x45\
\x62\x16\x47\x78\xff\xfe\x1d\x4e\x8f\x8e\xd0\x6e\xb7\x70\xf0\xf8\
\xf1\x25\x5b\x5b\x64\xf7\xec\x14\x98\x45\xe7\xbd\x6a\x9f\xb1\x6a\
\xd4\xfd\xc8\x68\x7c\xdb\xe9\x6e\x32\x4e\xe0\x06\x22\x73\x5b\xd7\
\xfd\x38\x80\x35\x26\xdd\x40\x36\x84\x60\x2e\x0a\x63\xe0\x8c\xe7\
\xc2\x0b\x89\xb9\xe1\x39\xe7\xb5\x57\xba\x15\x60\x66\x6c\x65\xe1\
\xb6\xb7\xb6\xc8\x41\xe4\x55\x82\xbc\x21\x5e\x46\x9a\xaf\x52\xbe\
\x8b\xc2\xa6\x6b\x01\x55\x3c\xcf\x2a\x72\xaa\x37\x55\x5d\x56\xa5\
\xcc\xac\xe5\x79\x5e\x31\xe8\x9c\x64\x9a\x2c\x29\x09\xc1\x5c\x43\
\x78\xec\x85\x67\x75\x3c\x7f\x45\x69\x2f\x66\x9f\xad\xd7\x95\x54\
\x99\x0e\xc0\x04\x5a\x3f\x53\x57\x94\x7d\xce\xcb\xd8\xda\x22\x95\
\x9b\x08\xca\x55\x91\x46\xfb\xb9\x26\xbd\x1e\xba\xdd\x1e\x94\x52\
\x08\x1a\x80\x94\x31\x46\x43\x5d\x55\x44\x08\x01\xce\x75\x2a\x08\
\xa9\xd1\xf4\x97\x24\x89\x21\xdd\x94\x4f\xbd\x28\xaf\x9c\xb6\x1b\
\x86\x21\x1c\xc7\x41\x10\x04\x38\x3f\x3f\x43\x18\x46\x48\xd2\xda\
\xdb\xda\x0f\x3a\x70\x12\x81\x38\x99\xe1\xe8\xf0\x23\x18\x53\x38\
\x3d\x3d\x85\x52\x00\x17\x0e\x86\xc3\x11\x18\x80\x9d\xed\x4d\x7c\
\xff\xc3\x9f\x31\x38\x3f\x45\x14\xcf\x10\xc7\x2e\x92\x24\xce\x6c\
\xb3\xc8\x76\x5e\xf5\xfc\x73\x6c\xeb\x97\xda\xd8\x4a\xec\xc2\x9a\
\x4c\x28\xec\xc8\x09\xa0\xab\x99\x38\xd6\x78\x02\xea\xef\x9b\xd6\
\x9a\x74\x17\x85\x68\xa5\x52\x48\x64\xa2\xf3\x7c\xa0\x0c\xc1\xbe\
\x7e\x78\xad\x7a\xdc\xe5\x19\x75\x5e\xd9\xce\x3b\x87\xfc\xb5\xc9\
\x3f\xbf\x93\xe7\xc6\x3a\xc4\xfc\x24\xe4\xd2\x47\x0b\x88\xf8\x55\
\xf9\x88\xf7\x58\x3d\x6c\xb2\x4a\xa4\x53\x88\x74\x5c\xa7\x17\x58\
\x59\xa9\x26\x75\xbd\x36\xf6\xf8\xb3\x85\x0a\xa5\xe6\x2a\x92\x4c\
\x24\x24\xa4\xae\xcc\x92\xaa\x4f\x51\x14\x19\x42\x76\x8f\xdb\xc3\
\x32\x75\x7b\x11\xf2\x24\xba\xe8\xbd\x3c\x19\xb7\x9f\x4f\xa6\x13\
\xcc\xa2\x10\xcd\x46\x1b\xfd\x5e\x07\xfd\x6e\x07\x83\xc1\x00\xef\
\xde\xbd\xc5\xd3\xa7\xcf\x32\x91\x0d\x22\xe2\x80\x5e\x4c\x4b\xdb\
\xb5\xcb\x62\xe6\x95\x66\x02\x8d\x9b\xe9\x74\x0a\x40\x13\x2a\xdf\
\x77\x21\x84\xae\x69\xef\x38\x6e\xda\x4c\x87\x43\x4a\x17\x7c\xef\
\x01\xfa\x93\x1e\x84\xe3\x22\x91\x0c\x71\x12\x43\x26\x12\x80\x84\
\xeb\x0a\xf8\x9e\xc0\xfe\xde\x2e\xa0\x38\xe2\x38\xba\xa4\xf2\xdb\
\xe7\xb4\x28\x1d\xd5\x56\xbc\x97\xad\x9f\xb9\xb7\xad\xe5\xc3\xb6\
\xab\x80\xae\x0b\x0f\xa4\xf9\xdc\xe9\x35\xb3\x6d\x6b\x51\xa4\xb8\
\x2e\x58\x6b\xd2\x5d\x14\x36\xa2\x9c\xc9\xb4\x93\xac\x71\x0a\x76\
\x57\xac\xff\x9f\xbd\x73\x79\x6e\x1c\x37\xc2\xf8\x0f\xe0\x4b\xb2\
\x64\xc9\xf6\xd8\x3b\x33\x87\xf5\x6e\x55\x4e\xc9\xe4\x94\xe4\xff\
\xbf\x27\xa9\x3d\xa4\x92\x4b\xaa\x36\xb5\x9b\xcc\x7a\x6a\x66\xaa\
\x76\xc7\x63\x4b\xa4\x24\x92\x40\x0e\x20\x28\x90\xa2\x5e\xeb\xb1\
\x05\xb9\xf6\xab\x52\xe9\x45\x4a\x04\x08\x74\x37\xba\x3f\x74\x7b\
\xaf\x18\x8e\x6c\x42\xef\xab\x18\x5c\xc1\xdf\xb5\xb1\x72\xdd\xf9\
\x3e\x1b\x2b\xfb\x60\x9f\x36\xb8\x02\x7e\x9d\xd0\xef\x8a\x12\x6c\
\xfa\x8f\x63\x55\x1e\x3e\x5f\xab\x55\xd0\x8d\xf0\x67\xe5\x0d\x2e\
\xca\x92\x20\x0c\x40\x2c\xa9\x6d\x3e\xb7\x05\xa8\xe9\x78\xf6\x35\
\x55\x0e\x79\x0d\x20\x05\x52\x4b\xb4\x68\x2e\xfa\xea\x8d\x73\x87\
\xbc\xf0\x0d\xf0\xbd\xcf\xf7\xc1\x26\x99\xbb\x2d\x1a\xb8\xe9\xb5\
\xd6\x9a\x2c\x9d\x32\x9b\xa5\x86\x9a\x49\xc9\xeb\xd7\xaf\x19\x0c\
\x06\x94\x1a\xb2\x2c\x63\xb1\x58\xd4\x3c\x6e\xeb\xf5\xb6\x1c\x6f\
\x63\x38\x27\x1b\x75\xac\x3b\xb6\xc2\x30\x64\x36\x9b\x11\x45\x11\
\xe7\xe7\xe7\xf5\x46\xcc\xa2\x28\x08\x02\x49\x18\x4a\xc2\x30\x00\
\x42\x82\x20\xa4\xdf\x2f\x58\x2c\x72\xd2\xcc\xd0\x5e\xa4\x84\x93\
\x93\x84\xef\xbf\xff\x37\x7f\xfb\xfb\x5f\x39\x3b\x3b\xe3\x0f\xbf\
\xff\x23\x4a\x85\x84\xe1\x72\x73\xef\x26\xe3\xdb\xbd\xae\xf6\x77\
\xfb\xca\xd6\x75\xbf\xed\x3b\x8e\xe1\x5a\x4b\x37\x05\xb4\x16\x55\
\x41\x26\x05\x55\x54\xc5\xe7\x08\x9b\x0b\xcf\xad\xcf\xed\x58\xf1\
\xcc\x88\x8a\x5e\xe2\xac\xc6\x6d\x15\x4a\xb7\x5a\x9c\xcf\xf0\xfd\
\xfa\x76\xc5\xae\xc6\x78\xd7\x4a\xb4\xcb\xeb\x7d\x88\x7e\x79\xca\
\xff\xb4\xad\xed\xf2\x66\x77\xf5\x65\x57\x7f\x76\x29\xd2\x63\x89\
\xf0\x6c\x83\xef\xf3\xc2\x95\x2d\xee\x06\x4a\xf4\xd2\x18\xd7\x4a\
\x37\x8a\x3d\xf8\x8c\xf6\x58\x12\x52\x82\xd6\x68\xa5\xea\x8a\xbf\
\xb6\x30\x85\xf5\x72\xfb\x4e\xdd\xfb\x0d\x06\x9b\x64\x87\x31\xa4\
\x43\x94\x2e\x58\x14\x0b\xde\xde\xfc\x84\x16\x92\xe1\xc0\x54\x8b\
\xbc\xbd\xbd\x25\xcb\x32\x94\x52\xdc\xde\xde\xf2\xf6\xed\x5b\x6e\
\x6e\x6e\x98\x4c\x26\x7c\xfc\xf8\x91\xd9\x6c\x46\x9a\xa6\x7c\xf8\
\xf0\x91\x4f\x9f\x6e\x99\xcd\xe6\x94\xa5\xa6\x28\x4a\x16\x8b\x9c\
\x3c\x37\x0f\x29\x25\x67\x67\x67\xbc\x7c\xf9\x92\xe1\x70\xc8\x74\
\x3a\xad\xe9\x26\xe3\xf1\x98\xc1\x60\x80\xd6\x9a\xb2\x34\x06\xb8\
\x46\xf0\xfe\xe3\xcf\xfc\xe7\x87\x1f\x19\x9e\x9c\x30\x1e\x9d\x32\
\x99\x4c\x50\xc0\xd7\xdf\x7c\xc3\x9f\xff\xf4\x17\x54\xa1\xf9\xee\
\xbb\xef\x48\x92\x1e\xbf\x7c\xba\x5d\x69\x6b\x97\x77\xbf\xfd\x68\
\x9f\xb3\x29\xe2\xf8\xdc\x64\xac\xcf\xe8\xf2\x64\xd7\x72\x54\xd3\
\xa0\xee\xf9\x8c\xa3\xf5\x74\xb7\x27\x85\x1b\xde\x2d\xd5\x32\x55\
\x91\x5d\x1d\xd9\xef\xac\xa2\xf0\x19\xbe\x85\x43\xbe\x34\x5c\x5a\
\x89\x7d\xbf\xe9\x58\x8b\x76\x19\xe3\xae\xf3\xf6\x35\xcc\x0e\x35\
\x49\x1b\x02\xbe\x7a\x20\x4c\x35\x38\xf7\x18\x58\xdf\xa6\x4d\xde\
\xea\xc7\x5e\x5c\x1e\xa4\xdf\x3c\x37\xba\x61\x99\xd7\xda\xcd\xd9\
\x6d\x8b\x37\x20\x30\x99\xd7\x38\x8e\x05\x44\x1b\xda\x69\x93\x95\
\xa3\xf6\x38\xbb\xc8\xf0\x5d\x6e\x3d\x75\xa4\xf3\x21\xfd\xf1\xa5\
\x0c\xb9\xb6\x41\xb9\xe9\x3b\x21\x04\x51\x1c\xd7\xf2\xa3\x28\x4a\
\x82\x50\x72\xfb\xf9\x33\x61\x10\x52\x96\x25\xaf\x5e\xbd\x22\x4d\
\x53\xee\xef\xef\x09\x82\x80\xab\xab\xab\x5a\xd7\x5e\x5e\x5e\x56\
\x8b\xaf\x92\xb2\x54\xcc\xe7\x0b\x82\x20\xac\x5e\xcf\x29\x8a\x1c\
\x29\x05\xa3\xd1\x08\x21\x44\xf5\x99\xf1\x9a\xbf\x78\xf1\x82\x24\
\x49\xea\xeb\x30\x73\x24\x41\x6b\xa3\xaf\x85\x94\xdc\x4f\x26\x5c\
\x7e\x75\xc5\xd9\xf9\x18\x21\x60\x7c\x36\xe2\xc3\x87\x0f\xa4\x69\
\xc6\xd5\xd5\x6b\xbe\xfd\xe6\x77\x00\xfc\xf4\xee\x86\x69\x3a\x59\
\x69\xab\x6b\x27\x6c\x92\x9d\x9b\x68\x25\x8f\x29\x5b\x0f\x21\x57\
\x37\x6d\x22\xf5\x05\x6e\x9f\xd8\xeb\xb5\x9b\x78\x81\x86\xde\xf4\
\x5d\xb6\x1e\xad\xd1\xed\x76\xac\x6b\xbc\x69\xe5\x4e\x2a\x49\xa9\
\x72\xa4\x63\xe4\x99\xb0\x95\xdf\x61\x08\xdf\x07\xcd\x97\xc0\x26\
\x4f\xcb\x36\x23\x7c\x9b\x87\xf7\x4b\xe3\x31\x7f\xbb\x71\xaf\x4d\
\x14\x7f\x65\x91\xd8\xc5\x87\x84\x25\x07\xf1\x10\xca\xe1\x10\xf0\
\xbd\x2d\xae\xa1\x6d\xb9\xae\x5a\x2f\xb9\xa1\x5a\x69\xc3\x8d\xf6\
\x98\x26\xe5\x1a\x25\x16\x56\xae\x36\x3d\xf9\x9a\x52\x29\xc2\x2a\
\x4b\x4b\x57\x18\xde\x47\xf8\xda\xef\xbb\x60\x5f\xef\x6a\x5b\x56\
\xae\x5b\x70\xb8\xf2\x45\x08\x41\x18\x44\xcc\x67\x0b\x06\x83\x01\
\x4a\x43\x20\x43\xc2\x20\x21\x08\xc2\x2a\x8f\xb6\x49\x27\x78\x79\
\x79\x89\xd6\x9a\xe9\x74\x5a\x7f\x66\xc7\xf6\x62\xb1\x20\x49\x4c\
\xca\xcc\x2c\x4b\x91\x52\x12\xc7\x09\xa3\xd1\x29\xb0\xf4\x30\xdb\
\xe2\x3a\xd6\x68\x9f\xcf\xe7\x4e\x44\x1a\xf2\x45\x41\x18\x05\x94\
\x4a\x57\x86\x7b\x8e\x69\x92\x42\x6b\x51\x45\x59\xa2\x8a\x6e\x20\
\x49\x67\xe6\xfc\x50\x4a\x5e\x5f\x7f\xdd\xe8\x8b\xb6\x1c\xdd\x44\
\xd1\xdb\x26\x53\x9f\x93\x6c\x3d\x86\x76\xd8\x2a\xa6\x40\x3d\xce\
\x2c\x9d\x2d\x90\x41\x67\x75\x51\x5f\x71\xb4\x46\xb7\x85\x9d\xb0\
\xd6\xc3\x14\x84\x01\x45\x59\x54\x9f\x97\x04\x0e\x87\xd2\x52\x4c\
\x7c\x5f\xd9\x69\xcf\xaf\xcf\xc5\x36\x45\xb0\x8b\x62\xb0\xcf\xee\
\x7d\x7c\xea\x49\x73\xe8\x49\xaa\x01\x44\x6b\x01\xb9\x41\x49\xb4\
\xd1\x56\x1a\xeb\x78\xe0\xc7\xac\x3c\x7c\x9f\xb7\x56\xb6\x58\xe5\
\xa0\x94\x22\x8a\x22\x8a\xa2\xa8\x39\xaf\x42\x98\x4d\x40\xbe\xf6\
\x7b\x7b\x1e\xd4\xe3\x44\x9a\xcc\x50\x76\x01\x01\xba\x2e\x3a\x06\
\xad\xac\x44\x07\xb8\xee\x5d\xa1\x95\x02\xcf\x9d\x2e\xbf\x16\xdb\
\xa2\x80\xed\xef\x5d\xd9\xeb\xbe\x8f\xa2\x98\xb3\xb3\x0b\xca\x52\
\x91\x4e\x27\x68\x2d\x18\x0e\x87\xf4\x7a\x09\x4a\x99\x0c\x25\x16\
\xb3\xd9\x8c\xe1\x70\xb8\x92\x42\x30\x49\xcc\x06\x48\xcb\xfb\x36\
\xbf\x6f\xaf\x61\x35\xcb\x4f\x51\x14\x64\x59\x06\x50\x97\x80\x97\
\x32\x20\x0c\x22\x16\xb9\xa1\x36\xa5\xb3\x39\x79\xbe\x40\x20\x28\
\x4b\x85\x52\x25\xd3\xe9\x14\x55\x96\xf4\x92\x84\x9f\x7f\xf9\x99\
\x9b\x9b\x77\x8c\x46\x63\x02\xa9\x57\x2a\xc2\xba\x7d\xb0\x4d\x16\
\xae\x7b\xbd\xad\xff\x8f\x51\xb6\xfa\x6e\x6f\xb8\x23\xd9\x46\xd8\
\xea\x62\x5c\xc2\x24\xcc\x30\xf0\xbf\xaf\xe1\x99\x70\xba\x97\x9e\
\x23\x51\xa7\x2e\x72\x8d\x17\xfb\x70\xab\x63\xf9\x0c\xe5\xf9\xf5\
\x3d\x04\x6d\x61\xbf\xab\x90\xb2\xf7\xcd\xe5\xca\x76\x19\x99\xbb\
\xa0\xcd\x93\x7e\x6a\xac\xb6\x73\x75\x97\x7d\xdb\xeb\xb2\xe9\xb7\
\x9e\xda\xf3\x7f\x28\x78\x3f\x6f\x2b\x63\xc1\x7d\x5f\x1b\xa5\x4a\
\x13\x85\x11\x5a\x1b\x2f\x31\xf8\x79\x8f\xda\x06\xca\x72\xa1\x23\
\xc8\x1d\xbe\xf6\xd2\x90\x32\x86\x96\xdd\x37\xe3\x3b\x7c\x1f\x43\
\x0f\xc5\x2e\x63\xaa\xa9\x33\x57\x11\x86\x21\x41\x10\x01\x82\x57\
\x2f\xbf\x42\x95\x39\xf7\x77\xb7\xcc\xe7\x73\x46\xa3\x11\x61\x18\
\x72\x7a\x7a\xca\x68\x34\xe2\xe2\xe2\x82\x24\x49\x6a\xd9\x1c\x45\
\x51\x5d\x59\x52\x4a\x51\x65\x22\x31\x0f\x3b\x66\xdc\xbd\x55\x42\
\x98\xdc\xde\xc3\xe1\x90\xf3\xf3\x73\x46\xa3\x51\x6d\xd4\x2b\x55\
\x82\x50\x68\xad\xc8\xf3\x9c\xbb\xcf\x9f\x11\x68\x84\x86\x34\xcd\
\xb8\xbf\x9f\x92\x4e\x53\x94\x2a\x19\x0c\xfa\x64\x59\xca\x78\x3c\
\x62\x3c\x1e\xa3\x35\x08\x11\x34\xfa\x64\x9d\x87\x7b\x9f\xbe\x6d\
\xeb\xaf\x7d\x7f\xc3\x47\xf8\x3e\x27\x34\xab\xd9\x70\xea\xe8\x5a\
\x25\x73\x4c\x55\x4a\x90\x42\x7a\x7f\x3f\x8e\xd6\xd3\x6d\x07\x7f\
\x73\x02\x99\x4e\xb7\x85\x29\x5c\x43\xcd\xbd\x69\xbe\x6f\x62\xf2\
\x7d\xe5\xf9\xd8\x58\x37\x69\x1e\x2a\x1c\x7c\x10\x2e\xbb\x0a\x84\
\x75\x1e\x1a\x17\xbb\x78\x70\xda\xc7\x1d\x33\x7c\x36\xea\xb4\xd6\
\x44\x51\x44\x9e\xe7\xc4\x71\xdc\x58\x18\x2a\xa5\x50\x68\x8a\xb2\
\x20\x16\x71\x83\x02\xe7\x1b\x5c\x43\xc2\xed\x6f\x21\x74\x6d\x5c\
\xbb\x1b\x26\xed\x38\x0b\xc3\xb0\x51\x4c\xc7\x57\xf8\x3c\x86\x5c\
\xfc\x9a\x7e\xdc\xd5\x08\xb4\x11\xc5\x2e\xfa\x89\x10\x82\xf9\x7c\
\xc6\x6c\x96\x12\xc5\x11\x42\x08\xae\xaf\xaf\xb9\xbf\xbf\xe7\xd3\
\xa7\x4f\xc4\x71\x4c\x51\x98\x62\x36\x42\x08\xa2\xc8\x1c\xd3\xeb\
\xf5\x98\x4c\x96\x1c\x6a\xeb\x89\x6c\xe7\x03\xb7\xb0\x8b\x34\xa5\
\x54\x5d\x32\xde\xa6\x0e\x0c\xc3\xb0\x36\xbc\xa3\x28\x24\x08\x4c\
\xa5\xca\xf1\xe9\x29\xbd\x38\x46\x40\x95\xb9\x64\x69\xc4\x2b\xa5\
\x19\x8f\x47\x08\x21\xe9\xf7\x07\xcc\x67\x59\x83\x46\xba\x2e\x72\
\xd8\x6e\x7f\x57\x7f\xb6\xfb\x67\x5f\x0f\xb8\xef\x38\x86\x39\x61\
\x73\xc2\xbb\x8b\xfc\x06\x15\x4e\x00\x98\xfd\x7c\xa1\x0e\xbd\xbe\
\x2f\x47\x6b\x74\xb7\x79\x68\xb5\x72\xd3\xaa\xe6\xfb\x18\xbe\x57\
\x50\x2b\x10\x97\xbe\xe0\x3b\xb4\x52\xc8\xa7\x0c\x83\x3e\x91\xb2\
\xec\xf2\x12\xb8\xf7\x65\x53\xce\xee\x2e\xec\x7b\x2f\xdd\xe3\x0f\
\x1d\xf5\x58\xfe\xb7\x6e\x3c\xed\x2a\xd8\xbb\x14\x46\xd7\xf1\x8f\
\xa1\x1c\x0e\x11\x29\xf0\x7d\x31\xea\xee\x17\xb1\x86\xa8\x19\xcb\
\x12\xbb\xcf\x47\x08\x61\xd2\x07\xb2\x7c\xef\x13\xda\x0b\x39\x4b\
\x07\x50\x4e\xf5\x49\xcb\xaf\xb4\x1e\x27\xe0\xa8\xe4\xea\x53\xf6\
\xf9\x43\xff\x6b\x9d\x57\xf5\x21\xde\xd6\x75\xc7\xda\xfb\xad\xb4\
\x46\x06\x82\x69\x3a\x65\x3e\xcf\x09\xa2\x98\x8b\xcb\x2b\x50\x9a\
\x2c\xcb\x28\x8a\xa2\xce\xc9\x6d\xd3\xfb\x01\xc4\x71\xcc\x64\x32\
\xa1\xdf\xef\x03\x30\x9f\xcf\x89\xe3\xb8\xf2\x7a\xcb\x46\xa4\xd9\
\x54\x91\x2c\xc9\xf3\x9c\x2c\x33\x06\x72\x14\x45\x0d\xe7\x98\x2d\
\xc0\x23\x04\x48\x09\xc3\xe1\x80\x93\x93\x41\xf5\x9f\x0b\x66\xb3\
\x19\x45\x51\x10\xc7\x31\xef\xde\xbd\xe3\x5f\xff\xfc\x07\x4a\x95\
\x7c\x7d\xfd\x2d\x83\x93\x01\xf3\xf9\xbc\x6e\x5b\x17\xdd\xce\xfd\
\xbc\xdd\x2f\xdb\x22\xaf\x8f\x49\x21\xf9\x4d\xae\xae\xc2\x2e\xf6\
\x6d\xdf\x84\xa1\xd9\xd4\x1b\x86\x61\x4d\x7b\x13\x8e\x97\xfb\x90\
\x91\xec\x6d\xf0\xdb\xe5\xbb\x23\x5c\xaa\x81\x10\x86\xff\x15\x55\
\x13\xdd\x4d\x17\xe8\x1e\xeb\x3b\x8e\x61\xf5\xf9\xa5\xd0\xa5\x40\
\xb6\x29\x95\x6d\xef\xbb\xd0\x75\xdf\x5d\x8f\xe4\x21\x20\x84\x58\
\x32\xd1\xc4\xea\x77\xf6\x79\x9b\x10\x59\xd7\x1f\xbe\x0a\x9e\x7d\
\xe1\xfb\xbc\x6d\x87\xcd\xdd\x6c\x1e\x52\x8a\x2a\xdc\x2d\x28\x8a\
\xb2\x51\x5c\xe4\x10\xfb\x17\x36\xc1\x35\x22\x96\x73\x63\xc9\xdb\
\x36\x4a\xce\xc8\xd2\x66\xde\x5c\xbf\xef\x8f\xc5\x73\x97\xab\xbb\
\xc8\x8a\xae\x73\x5c\x24\x49\xc2\xe9\xe9\x98\x7e\xef\x84\x28\x4e\
\x98\x65\x0b\xd2\x69\x46\x92\x24\xb5\x57\x3a\xcf\xf3\xda\xf3\x68\
\x0d\x6a\xbb\x79\xd8\xea\x5c\x6b\x50\xdf\xdd\xdd\x91\x65\x59\x3d\
\x5e\xac\x3e\x96\x52\x2e\x4b\xbe\x3b\x63\x28\x08\x02\x7a\xbd\x1e\
\x51\x14\xa1\x94\xa1\x63\x29\xa5\xc9\x8b\x82\xd9\x7c\xce\x0f\x3f\
\xfe\x88\x10\xd0\xef\xf7\xe8\xf5\x7a\x68\xad\x19\x0e\x87\xbc\x79\
\xf3\x86\xeb\xeb\x6b\x02\x21\x91\x81\xe4\xee\xee\xf3\xda\x36\xb6\
\x3f\xdf\x45\x7e\x3e\x37\x99\x6a\x51\x1e\xc1\x9c\x70\xf7\xe2\xd9\
\x71\x62\x39\xfb\xaa\x72\xb2\xba\x73\xdb\x67\x59\x74\xb4\x9e\x6e\
\x17\x76\xe2\x43\x95\xba\x4a\xa9\x7a\x20\xd5\xab\x77\x87\x5f\x79\
\x0c\x38\x86\x6b\xdd\xd7\x0b\xb3\xaf\x77\xc6\xe7\x89\xf3\x38\xe8\
\xae\xc8\xe9\x8e\x05\xbb\x90\x5c\xe7\xa9\x59\xe7\x7d\x59\x47\x3f\
\x39\x96\x0d\x3f\xea\x08\xd2\x7c\x02\x8d\x10\x68\x7b\x5f\x89\x79\
\x4d\xe3\x33\x1f\x15\xf8\xba\xc5\x9e\x8d\x20\x22\x68\x14\x02\xb2\
\xde\x6f\x1f\xdb\xd2\x86\x4b\x37\x7c\xee\xd8\x76\x3f\xba\x0c\x4a\
\x80\x22\x2f\x99\x4e\x32\xfa\xfd\x21\x71\xdc\xab\x3c\xd3\x0a\x21\
\x8c\xec\xb1\x69\xfd\x00\xd2\x34\xad\xe9\x20\x65\x59\xd6\x5e\x6e\
\x58\x52\x4b\x6c\xb4\xd9\x7a\xa6\x83\x20\xa8\xcb\xc5\x5b\x6f\xb4\
\xa5\x27\xf5\xfb\x7d\x7a\xbd\x9e\xb3\x78\x5d\xa0\xb5\x42\x03\xa5\
\x56\x4c\x67\x19\x93\xe9\x94\xd1\x68\x8c\x94\x82\xc5\x22\xe7\xfd\
\xfb\xf7\x94\x65\xc9\xf9\xf9\x05\xe3\xf1\x39\x45\x5e\xf2\xee\xfd\
\x0d\x2f\x5f\x7e\xb5\xb5\xfd\x5d\xd9\x9f\xec\x77\x5d\x74\x94\xf6\
\xf9\xeb\xce\x3b\x16\xd9\xaa\x94\x3a\x8a\x54\xac\x36\x0a\xee\x52\
\x85\x6d\x94\xa3\x4b\xce\xda\x73\x7c\xc4\xb3\x30\xba\xb5\x6e\x6e\
\x8e\x13\xd5\x4d\x70\xc3\xbd\x0d\xbe\xa1\xff\xba\xc1\xfb\x5c\xe2\
\x0f\xc5\x2e\x86\xf7\xbe\xde\x9a\xc7\x12\x70\x5f\xf2\x37\xdb\x82\
\xbc\x0b\x6d\x21\xdf\x6e\x97\xfb\xbe\xed\x01\x68\xff\x8e\xaf\x82\
\x67\x5f\xf8\xbe\x08\xb5\x0a\xbc\x5d\x0a\xdd\x1a\xaa\x6e\xc6\x07\
\xd7\x13\xee\xa3\x87\xb8\x49\xc1\x82\x2a\x8f\xe5\x8a\x57\xdb\x2e\
\x00\x77\x19\xd3\x3e\x41\x39\x1b\xed\x9f\x0b\x7e\x8d\x77\xbb\x4d\
\xb3\xb0\xaf\xa5\x14\x94\x65\xce\xe4\x7e\x81\x0c\xe7\x9c\x8e\xc6\
\xf4\x4e\x86\xc8\x40\x36\xa2\x1b\x00\xa7\xa7\xa7\x75\x39\x77\xad\
\x4d\xaa\xc0\x38\x8e\x49\xd3\xb4\xf6\x66\x03\xe4\x79\x4e\x14\x45\
\x0c\x06\x83\x7a\xbf\x95\xfd\xde\xce\x8d\xbb\xbb\x3b\xd2\x34\xad\
\xaf\x31\x49\x12\xc2\x30\x64\xb1\x58\x98\xcd\x74\x91\xf1\xb4\xa7\
\x59\x0a\x98\x54\x81\x42\x14\x9c\x9c\x9c\x10\x04\x01\xff\xfd\xdf\
\x5b\x2e\x2e\x5e\x70\x71\x71\xc1\xe9\xf4\x8e\xc1\x60\xd0\x69\x3c\
\xdb\xf6\x6e\xea\xc3\x4d\xce\x8b\xae\xef\x8e\x55\xd6\xfa\xee\xcc\
\xb0\x70\x65\xab\xed\xeb\xae\xea\xbe\x8d\xa2\x64\x9e\xe2\xff\x00\
\x00\x00\xff\xff\xec\xbd\x69\x73\x23\x49\x76\x25\x7a\x3c\x76\x80\
\x20\xb8\x24\x73\x5f\x6a\xeb\xea\x96\xd4\x9a\xd6\x3c\x8d\x4c\x6d\
\x26\x33\xc9\x4c\xfa\xf0\xa6\x4d\xbf\x40\x3f\x53\xff\x40\x1f\x65\
\x36\x63\x4f\x4f\xd3\xd2\x6b\xeb\x52\x4b\x55\x95\x5b\x65\x26\xc9\
\x24\x41\xac\xb1\xba\xbf\x0f\x11\x37\xe2\x86\x23\x02\x04\x48\x80\
\x8c\x20\x71\xca\xb2\x08\x04\x02\x81\x58\xdc\xaf\x1f\x3f\xf7\xfa\
\xbd\xad\x25\xdd\x69\xe7\xa0\xb0\x12\xcd\x88\x54\x90\x95\x52\x79\
\xe6\xa4\xd9\x03\x38\x70\xf3\x9d\xa1\x2d\x03\xe6\x22\x5c\xe5\x1a\
\x56\x51\x83\xd6\x85\x7a\x83\xb0\x5c\xfc\x20\x9f\xb0\x48\xe6\xd1\
\xa9\xda\x97\x6f\x5b\x27\x6e\xba\xbd\xb4\x61\x12\xca\xc9\x34\x11\
\x91\x34\x13\x44\xba\x08\xc8\x34\xe6\x33\x2a\x51\xd8\x49\x93\xa0\
\x2b\xdd\x69\x5e\xa8\x72\x88\x0f\x57\x09\xb9\x37\x51\xa9\x66\xa7\
\x0c\x04\x9a\x3f\x81\x5b\x15\x97\x4d\xe0\x97\x21\xe4\x7c\x1f\xcf\
\xf3\xb0\xb7\xb7\x87\x38\x8e\xe1\x87\x21\xde\xbe\xfe\x2f\x7c\xfd\
\xcd\xd7\xb0\xed\x3e\x9e\x3c\x79\x92\xa7\xc0\x9c\x4e\xa7\x18\x8f\
\xc7\xb9\xda\xd8\xed\x76\xf3\xcc\x25\xdd\x6e\xb7\x44\xac\xa5\xe6\
\x79\xa6\x98\x5c\x52\x2c\x85\x10\x39\x81\x27\x7b\x45\x45\x73\x1c\
\xc7\xc6\x74\x3a\xc3\x6c\x3a\xc5\xf8\x62\x80\x27\x8f\x8e\xe0\xd8\
\x0e\xfc\x20\xc0\x6c\x36\x83\xe7\x75\x60\x59\x16\x9e\x3e\x79\x02\
\x61\x98\x08\xc3\x08\x22\x0b\x77\xb9\x0c\x7a\x0a\xe1\x2a\xc1\x83\
\xde\x2f\x22\xe1\x6d\x45\x5b\xfa\x02\x17\x28\xb8\xed\xe1\x36\x48\
\x29\x9e\x55\xa9\xb9\x93\xea\xd6\x92\xee\xb4\xa1\x97\x3b\x04\x1f\
\xc4\x78\xc7\x36\x4d\x33\x5f\xf8\xd1\x96\x0e\xa2\x52\xf9\x3e\x57\
\xed\x37\x0d\x73\xc3\xbf\xb3\xc8\xf8\xaf\x83\x74\xac\x3a\xbb\x6d\
\xf2\x6c\x58\x3f\xaf\x45\xee\x4a\xae\x3e\x5e\x36\x28\xac\x73\x80\
\x30\x8d\x9b\x4d\xcd\xd4\x74\x45\x86\x13\x0c\xba\x2f\xa4\xcc\x90\
\x4b\x34\x4e\x12\xd8\x59\x66\x13\xfa\x4e\xc3\xf8\x36\x80\xb2\xea\
\xa9\x94\x84\x40\xd1\xc6\xf4\x74\x6f\x00\x6a\xc3\x9d\x9a\x8a\x9b\
\x0c\x85\xb9\xe9\x09\xd5\x65\x76\x96\x3f\x27\xdd\x23\x43\x9f\xc5\
\x71\x9c\xe6\xbf\x96\x12\xfd\x7e\x0f\xbb\x3b\xcf\x70\xfc\xe9\x27\
\x1c\xee\xef\xa1\xd3\xe9\x42\x88\x34\x7c\xaa\xdf\xef\x63\x67\x67\
\x27\xaf\x2a\x39\x9b\xcd\xf2\xcf\xf8\x78\x4b\x71\xda\x04\xc7\x71\
\x4a\x9e\x67\xd7\x75\xf3\xcc\x3f\xbe\xef\x23\x8a\xa2\xfc\x7c\x95\
\x52\xf9\xe7\x27\x27\x27\xb8\x18\x9c\xe3\x8f\xff\xe4\x8f\x31\x1c\
\x8d\xe0\x07\x01\xe2\x6c\x62\x6b\xdb\x36\x76\xfb\xbb\x30\x4d\x0b\
\x9e\xd7\xc1\xe0\xfc\xa4\xb2\xe6\x41\x9d\x6d\xd5\x3f\x5b\x54\xcf\
\x63\x93\xe4\xdb\xce\x16\x06\xde\x54\x2f\x6a\xba\x5d\x25\x50\xfb\
\xa1\x36\x45\xf1\xdc\xe5\xba\x1e\xac\x32\x39\x9a\x3b\x99\x68\x2d\
\xe9\x26\x94\x5c\x0b\x4a\x41\x88\x22\x73\x09\x77\x81\x56\x95\x2e\
\x6e\x3a\x92\x24\x81\x75\xc7\xdc\xa0\x1c\xfc\x39\xd4\x0d\x16\xab\
\x3e\xab\x55\xf7\xe7\x46\x77\xd1\x3e\x8b\x0c\x2a\x9f\x85\x2f\x4b\
\xe6\x4b\x64\x18\xf5\xb1\xee\x75\x44\x9b\x3e\xe3\xc7\xe2\xf1\xde\
\x77\x49\x91\x21\x05\xb9\xc9\xe0\x61\x17\x7c\x22\x24\xa5\xcc\x49\
\x06\x50\x1d\x5e\xd4\xa4\xe7\xc2\x95\xa4\x5c\x45\x42\x99\xb4\xf0\
\xca\x9b\x51\x14\x95\xdc\xbc\x6d\xb0\xad\x6d\xf0\x9a\x6c\x1a\xba\
\xad\xe1\x13\x29\xdf\x9f\x21\x8a\xd2\x58\xeb\xd0\x9f\xe1\x60\x7f\
\x1f\x9d\x27\x8f\xf1\xf1\xe3\x47\xbc\x78\xf1\x12\xb3\xd9\x2c\x0f\
\x1f\xb1\x6d\x1b\x8e\xe3\xc0\x71\x1c\x04\x41\x90\x67\xec\xe9\x74\
\x3a\xb9\xe0\x45\x93\x4f\x6e\x1f\x69\x41\x26\x79\x47\x28\x0d\xa1\
\xef\xfb\x50\x4a\xa1\xdb\xed\x96\xb2\x9e\x00\x02\x0f\x1f\x3d\xc2\
\xfe\xfe\x7e\x5e\x8e\x3e\x08\x02\x4c\xa7\x13\xec\xf7\xfb\x08\xfd\
\x18\x83\xf3\x33\xec\xec\xee\xc0\x36\x15\x92\x24\xae\xb4\x19\xcb\
\x0a\x14\xfa\x7b\x5a\x20\xba\x68\xff\x36\xa2\x2d\x7d\x41\x0f\x27\
\x29\x2b\xdc\x45\x08\x1f\x2d\xf2\x16\x68\xae\x08\xd0\x5a\xd2\xad\
\x1b\x0d\x29\x25\x64\x92\x20\x5b\x68\x9f\x13\x6c\x02\x3d\x34\xc7\
\x71\x10\x85\xe1\x8d\x9f\xef\x55\x90\x24\x09\x2c\xaa\xbc\x74\x87\
\x70\x1b\x21\x1d\x6d\xc1\x65\xae\xe2\x55\x62\x0d\xef\xc2\xa0\x00\
\x00\x09\x2b\xca\xd2\x54\x28\x94\x15\x33\x52\xf7\x68\x91\x21\xb9\
\xe0\x75\x77\x35\xd0\xcc\xf6\x5e\x9a\x38\x28\x99\x86\xe4\x65\x6b\
\x67\xa8\x0e\x02\x89\x19\x34\x00\xf2\xc2\x40\x8d\x86\x52\x69\x5c\
\x77\x4b\x2a\x53\x56\x11\x64\xfa\xbb\xa8\x0d\xd5\xb5\x2b\xdd\x53\
\x31\xbf\x7f\xaa\x20\x86\x61\x88\xd1\x78\x02\x21\x0c\xec\xf6\xfb\
\xe8\xf5\x76\x31\x9b\xcd\x72\xf5\x99\x52\x06\xd2\x02\x49\xdb\xb6\
\x73\x85\xdb\xb2\xac\x3c\x97\x36\x29\xd1\xbc\x7d\x50\xdb\x49\x92\
\x04\xd3\xe9\x34\x7f\xef\x38\xce\xdc\x22\x64\xc3\x30\xe0\xb8\x16\
\x14\x0c\x98\x56\x4a\xee\x63\x3f\x48\xdb\xa2\x61\xc2\x10\x02\x83\
\x8b\x0b\xbc\x7e\xf3\x1a\x42\x00\xfd\x7e\x1f\xdd\x9d\x1e\x2e\x2e\
\x2e\x70\x70\x70\x50\xba\xb6\x3a\x1b\xa9\xdf\x93\x3a\x1b\x7a\x97\
\x04\x0d\xc9\xd6\x63\x34\x1d\x7a\x68\x1b\x07\x65\xce\x01\x90\xe6\
\xe9\x86\xd5\x68\xdb\xda\x6a\x19\xb5\x50\x5f\x00\x20\x75\x6b\x41\
\x14\x2b\xa1\x69\x90\xa3\xd9\x34\xa5\x3a\x6a\x8b\xb1\x6d\xcb\x2c\
\xf4\x2a\xb8\xac\x53\x34\xb1\xb3\xac\x13\x73\x86\x1b\xa8\x0c\xe9\
\xbe\x6c\x50\x5d\xd5\x33\xd0\xc6\xfb\xda\x86\x7e\x40\x21\x18\x64\
\x6b\xc8\x06\xe5\x83\x41\x76\x0d\xba\x8b\x9f\xff\x6d\x02\xb8\x62\
\x0f\xa0\x08\xd7\x33\xb2\x7f\x42\x94\x42\x03\x48\x75\xd2\x2b\x01\
\x37\x1d\x4d\x6e\x53\x37\x41\x18\x2e\x9b\xdc\xa7\x44\xd9\x81\x54\
\x40\x18\xc5\xf0\xfd\x20\x27\xd5\x49\x92\x20\x0c\x43\x84\x99\x78\
\x25\x84\xc8\xd3\xfe\xf1\x6c\x20\x51\x14\x23\x0c\x23\x84\x61\x98\
\xa7\x18\x04\xca\x95\x5b\x89\x54\xd3\xa2\x49\xfa\x2e\x29\xe4\xb4\
\xfe\xca\xb4\x2c\x08\xcb\x40\x94\x24\x98\xce\x66\xe8\x76\xbb\x70\
\x5d\x17\x1d\xcf\x43\x22\x25\x76\x76\x7a\x78\xf1\xe2\x15\x7a\xbd\
\x3e\xe2\x24\x4d\x57\x18\x5f\x32\x59\x5f\xf6\xfe\x56\x3d\x8f\x55\
\x26\x39\x4d\x45\x93\xfb\x00\x87\x40\x91\xb5\x0b\x28\x17\x5e\x8a\
\x2b\xaa\xe4\x36\x1d\x2d\x91\x26\xe6\x51\x9e\x7d\x02\x14\xcf\x43\
\x0f\x82\x8c\x3f\x2d\xd2\xe0\xb3\xd1\xa6\xbb\xaa\x09\x6d\xe9\x14\
\x97\xe1\xaa\x1d\x61\x99\xb0\x0f\xfe\x77\xd5\x63\xeb\xed\xe2\x26\
\x51\xa5\x34\x29\x5c\x1e\x9a\xb2\xac\xa2\x7d\x97\x14\xef\xb6\xf4\
\x03\xee\xf2\x24\x02\xaa\x87\x65\xa4\xfb\xa4\xfb\x37\x59\x8d\x21\
\xe4\x44\x0a\xa2\xa4\x3e\xea\xf1\xaf\x00\xab\x97\x70\x2b\x67\xba\
\x1a\xe2\x38\x86\xc3\x52\xdf\x6d\x0a\x37\xf9\x6c\xd7\x45\x04\xd3\
\x50\x0a\x95\x93\x63\xd3\x32\xa1\xb2\xed\x54\x89\x92\x6c\x90\x9e\
\x41\xc2\x71\x9c\xbc\x0f\xd8\xb6\x03\x21\xa8\xaa\xa4\x99\xf7\x01\
\x22\x4a\x44\xde\x69\x3c\xb6\x6d\xbb\xd4\x4f\xa0\x52\xc2\x15\x86\
\x21\x64\x14\x42\xc1\xc0\x74\x36\xc5\x6c\x36\xc5\x17\x2f\x5e\xc0\
\x30\x0d\x04\xbe\x8f\xb3\xcf\x67\x88\x93\x04\xbd\x5e\x1f\xfb\xfb\
\x87\x10\x86\xc2\xa7\x4f\x1f\x71\x78\x78\x58\x6a\xab\x75\x36\xb0\
\x4e\xf9\xd6\xbf\x73\x53\x2a\xf7\x4d\xb5\x99\xcb\x26\x25\x4d\x81\
\x42\xe1\x61\x03\xd2\xa2\x4b\xd4\x9e\xb8\xd0\x51\x65\x5b\x9b\x38\
\xee\xb5\x96\x74\x73\x50\xe7\x17\x2c\x6f\x2c\x50\x2c\x98\xe1\x2a\
\x13\x80\x56\xe4\xa5\x04\x00\x64\xea\xfc\x4d\xb8\x6d\x6f\x6a\x68\
\xb8\xea\xc0\xd0\xc4\xce\xb3\x0e\x54\x19\xf1\x65\x5c\x9a\xfa\x77\
\xf8\xdf\xba\xef\xac\x73\x80\xa8\x52\xd9\x37\x01\xa5\x54\x2b\xc2\
\x4b\x80\x82\x74\x72\xb2\x4d\xa4\xa4\x4c\xc0\x8b\xfd\xf9\xfb\xa6\
\xa0\x1c\xbe\x80\xdc\x83\xa8\xbb\x77\x75\xdb\xda\x86\xca\x76\x84\
\xb6\xb4\xa9\x65\xb0\x4a\x3f\x5c\x66\x5f\xcf\xf3\xd0\xef\xf7\x11\
\xc7\x11\x86\xc3\x21\xc2\x30\x44\xa7\xd3\x81\x69\x9a\xe8\xf5\x7a\
\x79\x15\x4a\xaa\x4c\x49\x85\x6c\xf8\x22\x37\xdf\x4f\xc9\x79\x4a\
\x94\x44\x1e\x8e\x64\x9a\x66\x29\xab\x0f\x91\x27\xa0\xc8\xfd\x4e\
\xb1\xdc\x04\x43\x18\x18\x0e\x87\xf0\x3a\x5d\xec\xf5\xfb\xe8\x92\
\xaa\x9e\x48\x84\x61\x04\xdb\x71\x00\x21\x10\x47\x12\x80\x91\x1d\
\xc3\x2e\xe5\x0c\xa7\x6b\xbf\xcc\x8e\x2e\x63\x33\x17\x2d\xb2\x6c\
\x13\xda\xd4\x07\x28\x44\x8f\x67\xc1\xa1\xb0\x92\xf2\x9a\x9f\xb2\
\xa7\xae\x89\x82\x46\x3b\x7c\x81\x35\x98\x73\xd5\xd2\x20\x96\xb9\
\x3a\x09\x34\x43\xca\x1f\x44\x4b\x5c\xa0\x40\xbb\x3a\xc6\xba\xb0\
\x4c\x88\x84\x1e\xcf\xd8\xc4\xce\xb5\x12\x84\xc8\x17\x7f\xa4\x6f\
\xc5\x1c\x89\xae\x0a\x25\x59\xe4\xfa\xbc\x0b\xf7\xa5\x4d\xed\x9f\
\x48\x06\xb7\x49\x3a\xa1\xa8\x2e\xe4\xd0\x30\xd6\x0d\x22\x1b\xe9\
\x6b\xae\x14\x26\x49\x52\x52\xc8\xe8\x1a\x92\x16\xc5\x48\x03\xac\
\xd0\xcf\x1d\xc3\x3a\xc2\xd0\x88\x18\x8f\xc7\x63\x74\xbb\x5d\x00\
\xc8\xe3\xb3\x5d\xd7\x45\xa7\xd3\xc1\xfe\xfe\x3e\x3c\xcf\xcb\x17\
\x18\x4e\xa7\x53\x28\xa5\xf2\xf0\x13\x29\x93\xbc\x08\x8e\x6d\xa7\
\x61\x23\x51\x14\xe5\x0b\x6f\x79\x15\x4a\xc7\x71\xd0\xe9\x74\x4a\
\xe1\x25\x41\x10\xe4\xe1\x2b\x4a\x29\x38\xb6\x0d\x19\xc5\x18\x7c\
\x3e\xc3\x4e\x77\x07\x42\xa4\x0a\x38\x2f\xb6\xe3\x79\x1e\x3c\xcf\
\x45\x6f\xa7\x87\x3a\x19\x49\xb7\x97\x97\x89\x40\xcb\xda\xd2\xb6\
\xd9\xd9\xa4\x45\xf1\xdc\x00\x4a\xca\x36\xb7\xa9\xbc\x18\x59\x1b\
\x3c\x87\x40\x8b\x95\x6e\x9d\x6c\x1b\xcc\xad\x4b\x4d\x89\x62\xc2\
\x14\x16\x67\x76\x68\x32\xe2\x38\xc6\xe6\x9d\xa0\x9b\xc7\x75\x3a\
\xc2\x65\x04\x94\x77\xb6\x36\x3d\x5b\x60\xb9\xd8\xf6\x65\xd4\x17\
\xde\x1f\xae\xa2\xe8\x34\x15\xad\x71\x81\xb2\xd5\xf5\x34\x10\x70\
\x15\xb8\x94\x9e\x4d\xaa\xca\xf6\xdb\x34\xa4\xe9\x02\x8b\xf6\xc2\
\x33\x3f\x99\x86\x89\x38\x89\x73\x82\x56\x95\xdd\xa1\xe9\x88\xa3\
\x08\x56\x8b\x26\x0a\xd7\x85\x6e\x27\xeb\xda\xdd\x68\x34\xc4\x6c\
\x36\x41\xa7\xe3\xc1\xb2\x1c\x38\x8e\x8b\xf1\x78\x8c\xe9\x74\x8a\
\xbd\xbd\x3d\xf8\xbe\x9f\x17\xb1\xa1\xec\x3c\x4a\x29\x4c\x26\x93\
\x3c\x93\x89\x94\x0a\x49\x12\x66\xea\x76\x9a\x6b\x9b\x8b\x5f\x49\
\x92\xe4\xea\x25\x2d\x9c\xa4\xe3\xf8\xbe\x9f\x13\xa9\x30\x6b\x5b\
\xb6\x65\xe1\xfc\xfc\x02\x50\x0a\xa6\x61\x60\x3c\x9e\xe4\x8b\x3a\
\x2d\xcb\x4a\xd7\x50\x18\x12\xb6\x6d\xc1\xb2\x0d\x98\xa6\x51\x1b\
\x0e\x55\xf5\x9e\xce\xab\x6a\xdb\xb2\xe1\x27\xeb\xc2\x4d\x58\x83\
\x38\x4b\xcb\xd8\x16\xf0\x05\xdb\x42\x88\x7c\xe1\xae\xee\x19\x2e\
\x15\x41\x6c\x28\x5a\x4b\xba\xb9\x8a\x04\x21\x4a\xd9\x03\xe8\x41\
\x44\x51\x94\x3f\x10\x5e\xfa\xb7\x4d\xae\x21\x52\xfa\x36\xde\x90\
\x6e\xb9\xa1\xde\x05\x55\xf6\xda\x58\xe2\xfa\x97\x25\xd4\xab\x86\
\xa8\xac\x8a\x9b\x7a\x5e\x6d\x21\xdd\x40\x31\x40\xeb\xe5\xaf\x79\
\x78\x18\x2d\xae\xe4\xcf\xa2\x89\xf3\x1f\x6e\x5b\xf5\xed\x69\xce\
\xf1\xf4\xb9\xf0\x09\x46\xdb\xfa\x6f\x1c\xc7\x9b\xb7\x7b\x57\x38\
\x7e\x55\x36\x8d\xab\xfd\xf4\x6a\x0b\x05\xf9\xef\x2b\x95\x96\x78\
\x37\xcd\x08\xdd\x6e\x17\xfd\x7e\x1f\xb3\xd9\x2c\xaf\x1e\xd9\xe9\
\x74\xf2\xb6\x4e\x04\x79\x36\x9b\xe5\x6d\xdd\x75\x5d\xf8\x7e\x9a\
\x76\xd0\x71\xec\x5c\xc5\x0e\x82\x20\x17\xc0\x28\xbb\x0f\x91\xa8\
\xf1\x78\x9c\x67\x3f\xa1\x94\x81\x74\x1f\x0c\xc3\xc4\x83\x07\x0f\
\x10\xc7\x31\x46\xa3\x51\x49\x39\xef\x74\x3a\x59\xb8\x4b\x88\x24\
\xb1\x01\xa4\x65\xe4\x87\xc3\x21\x3c\xcf\x5b\x78\xdd\xcb\xda\xc8\
\x3a\xbb\xca\xef\xd9\x65\xc7\x58\x1a\x5b\xbb\x3a\x07\x9a\x5c\xd1\
\x5a\x19\x6e\x63\x79\x15\xca\x36\xd4\x62\x69\x2d\xe9\x06\x00\x88\
\x22\x39\xba\x94\x2a\x77\x35\x51\x49\x5a\xee\xfa\xe4\xe9\x8c\x9a\
\xfe\x50\x74\xc4\x51\x54\x2a\x23\xdd\x76\x6c\xca\x4d\xd7\xa6\xe7\
\x5a\x56\x3a\xb3\xbf\x2b\x7e\x7f\xd9\x01\x82\xfe\xae\x7d\xc1\xcf\
\x5a\x8f\x36\x0f\x4a\x03\xda\x06\xf0\x7b\x2c\x44\x51\x29\x94\x0f\
\x0a\xb4\x5f\x22\xf5\x6b\x6a\x5e\xbb\x25\x22\x95\x2f\x6a\x43\x9a\
\x15\x8a\x17\x2e\xe1\xf1\x95\xf9\x75\x67\x64\xaa\x0d\x48\x58\x39\
\xf2\x4d\x61\x1d\x13\x91\xaa\xbe\xbc\xcc\x71\xaf\x42\xda\x85\x10\
\x70\x1c\x17\x9e\xe7\x21\x08\x02\x44\x71\x82\xc9\x74\x86\xde\xee\
\x2e\x4c\x00\x93\xc9\x04\x9e\xe7\x41\x29\x95\x97\x73\xa7\x45\x6e\
\xa4\x5e\x27\x49\x92\x97\x60\x97\x32\xc9\x32\x9f\x24\xf3\x0b\x25\
\x91\x2a\x98\x17\x17\x17\x79\x98\x89\xeb\xba\x79\x96\x31\x1a\xcf\
\x69\x21\x66\x10\xf8\x48\x62\x89\x38\x49\x10\x86\x41\x5e\xf9\xd2\
\xb2\x4c\x0c\x87\x43\xfc\xee\x77\xff\x1f\x86\xc3\x21\x0e\x0e\xf6\
\xf1\xec\xd9\x33\x04\x41\xb0\xf2\xbd\x5e\xe4\x59\xbc\x8c\x78\xaf\
\x0b\x9b\x9e\xbc\x4a\x29\x5b\x15\xb6\x07\x00\x49\x52\xd4\x39\xe0\
\xcf\x80\xb8\x1d\x50\x7e\x76\x4d\xe6\x02\xed\x26\xdd\x5a\xc0\x3c\
\x57\xba\xf5\x01\x02\x28\x06\xc0\xb6\x0c\x0a\x84\x28\x8a\x6e\x64\
\xa5\xfd\x26\x50\xa5\xa2\xb4\x4d\x11\xbb\x19\x28\xa8\x4b\xca\xc0\
\x2f\xc2\x8d\x87\x8c\x08\xb1\x71\x45\x26\x6a\x99\x0b\x94\x13\x51\
\xbd\xda\x1f\xb5\xfb\x2a\x0f\x41\xd3\xba\x03\x9d\x2f\x2f\x8e\x43\
\xdb\xe9\xba\xf8\xb3\x21\x82\xae\x94\x02\x5a\xb4\x5e\x06\xc8\x04\
\x8d\x96\xda\xd6\x3a\x2c\x63\x5f\x17\xed\x13\x45\x21\xc2\x30\x42\
\x92\x00\xb1\x04\x2c\xcb\x81\x12\x16\x0c\x33\x7d\xb6\x54\x81\xd2\
\x75\xdd\xb9\xe2\x37\x74\xdc\x30\x0c\x11\x04\x33\xa4\x53\xf3\x74\
\x7b\xbf\xdf\x87\xeb\xba\x79\xfb\xa2\xe2\x38\xae\xeb\xe6\xc5\x71\
\x88\xc0\xa7\xff\x8c\x6c\xbf\x18\x80\x80\xeb\x7a\x18\xcc\x2e\x30\
\x1e\x8f\xb1\xb7\xb7\x9b\x87\xa3\x04\x41\x08\xdb\x76\xf0\x97\x7f\
\xf9\x6b\x24\x89\x44\x92\x48\xfc\xe7\x7f\x7e\x87\x67\xcf\x9e\x5f\
\xf9\xfe\xad\x62\x4b\xdb\x14\xae\x07\xb4\x2f\xb4\x04\x00\x4c\xd3\
\xc8\xb3\xe9\x50\x18\x1b\x79\x12\x79\xe4\x82\x2e\x66\x35\xf1\xb9\
\xb4\x9b\x74\xa3\x58\xa0\x44\x83\x19\xcd\xa2\x29\xb4\x84\xdc\x9e\
\xf4\x8f\x88\x77\x9b\x10\x85\x61\x3a\xe0\x35\x6d\x74\x5e\x12\xd7\
\x21\xda\x97\x75\x9a\x4d\x28\xb8\x37\x89\xf4\xdc\x05\x80\xd5\xc3\
\x35\x96\x89\x2b\xdc\xd4\x80\x20\xb0\x79\xa5\x3b\xbc\x82\x52\x75\
\x9b\x20\x5b\xc4\x09\x36\x65\x1f\x22\x97\x3a\x5f\x57\x52\xa8\x32\
\xb7\x7c\xe2\x0b\x20\x44\x9a\x9f\x3b\x0f\x2b\x89\xe3\xb9\x90\x12\
\x9e\x8b\xbc\x6d\x36\x2a\x0c\x43\xb8\x0b\x42\x10\xae\x8b\x36\x0a\
\x0c\x9e\xd7\x41\xa7\xd3\x81\xef\x87\x08\xe3\x19\x2c\x43\xc0\x34\
\x80\x8e\xe7\xe5\x59\x4b\x38\x69\x26\xd7\x3f\x6f\x0b\xb4\x58\x92\
\x44\x2e\xca\x6e\x42\x5e\x68\xea\x0b\xbe\xef\x97\xb2\x96\x90\xe2\
\x9d\xb6\x31\x03\x86\xa1\xb2\xf2\xf0\x01\x3a\x9d\x1e\x6c\xcb\xc6\
\xce\xce\x0e\x1e\x3c\x78\x90\x87\xab\x50\x66\x94\x30\x8c\xb2\x90\
\x97\x34\x6f\x38\x2d\x02\x05\xea\xed\xe0\x55\x09\xf6\x46\x55\x6f\
\x21\x36\x6a\x5b\xc3\x96\x14\x07\xe4\xe0\x39\xde\x69\x82\x1f\xc7\
\x71\x29\x04\x89\x87\x99\xa4\xdb\x9a\xd9\xff\x5a\x4d\xba\x39\xd1\
\x26\x70\x82\xc7\x4b\xcf\x72\x57\x58\x1b\x11\x6d\x78\x70\xb8\x09\
\x2c\xdb\x01\xf8\x33\x6c\x62\xa7\xd9\x14\xae\xaa\x66\xaf\x6a\xf8\
\xd7\xd6\x07\x36\xf8\x6c\x64\x36\x28\xb7\x09\xdc\xe0\x03\xc5\x02\
\x4a\x1a\x0c\x88\x94\x70\x91\xa0\xa9\xe0\x13\x03\x6a\x2f\xa5\x85\
\x94\x59\x55\x4a\xda\xce\x73\xe5\xb6\xc9\x93\x18\x47\x11\x14\x5b\
\xef\xb3\x6e\x34\xf7\x09\xd7\xdb\x56\x5a\x0c\x39\x99\x4c\xd1\xf5\
\x1c\xa8\x38\x02\x64\x0c\x21\xd2\xb2\xef\x3c\x83\x0d\x2f\x8a\x43\
\xe0\x13\x4f\x9e\xc7\x9b\x26\x6c\x94\x9b\x9b\xda\x09\x29\xdb\x74\
\x4e\x74\xec\x94\xcc\x9b\x30\x0c\x13\xa6\x99\xa6\xaf\xec\x74\x3b\
\x70\x65\xaa\x96\x53\x4c\x37\x11\xaf\x24\x49\xe0\xba\x2e\x1c\xc7\
\x41\x92\xc8\xda\x54\xbb\xcb\xd8\xbf\x3a\x41\x63\x19\x11\xe8\xba\
\xd8\x64\x9b\x91\x52\xb6\x52\xe9\x26\x0f\x08\x50\x14\x57\xa2\x82\
\x5c\xa6\x69\xe6\x29\x28\xdb\x50\x20\xa7\xd5\xa4\x9b\x2b\x4a\xd4\
\xd8\x29\xc8\x9e\x0c\x01\xef\x3c\xb9\x7b\x22\x6e\xd7\x60\x0e\xa4\
\xa4\xdb\xd3\xf2\x8e\xb6\x15\xba\xf2\xcd\xdf\xdf\x57\xc2\x0d\x20\
\xcf\x14\xb1\xd4\xbe\xac\xcd\xd7\xbd\xbe\x6c\xdf\xeb\x9d\xec\x66\
\x49\x63\x1b\xd5\x18\x00\x25\x42\xcd\x09\x2a\xbd\xa6\x81\xa2\xe9\
\x93\x7f\xbd\xbd\x90\x5d\xa5\x49\x04\x65\x9e\xa0\x4a\x83\x34\xf8\
\xb5\xb1\xcf\x46\x51\xd4\x7a\x41\x03\xb8\x9e\x47\x91\xb7\xd7\x28\
\x8a\x30\x18\x9c\x23\x8a\x42\xec\xef\xef\x21\x8e\x63\x4c\xc6\x43\
\xec\xef\xed\xe5\xaa\x35\x9f\x94\x51\xa8\x11\xb5\x07\x3a\x0f\x0a\
\x3f\xa1\x63\x56\x29\xe3\x94\x6b\x99\xf7\x19\xdd\x0b\x44\x8a\xe5\
\x70\x38\xc4\x78\x3c\xc3\xd3\xa7\x4f\x00\x20\x17\xd2\x78\x96\x12\
\x3a\x3f\xdf\x9f\xd5\xde\x8b\x55\x6c\xe0\xa2\x7d\x37\x16\x56\xb2\
\xc1\x3e\xd4\xb6\x90\x3d\x0e\x7a\xd6\x5c\xdc\xe0\x5e\xb6\xd4\x0e\
\x49\xdc\x40\x59\x93\x6b\xa1\xe1\xa7\x77\x39\x78\xec\x21\x81\xde\
\x73\x85\x89\x87\xa1\x50\x6c\x5a\x9b\x40\x83\x9b\xd9\xa0\x98\xc9\
\xba\x05\x3e\xab\x2e\xf8\xa1\x63\x01\x98\x23\x2c\x55\x9f\xdf\x3d\
\xb0\x4c\x11\x35\x97\x77\x99\x81\x2f\xc7\xb2\x55\xa7\x50\xd4\xdf\
\x5f\x67\xd1\xc9\xa6\xc3\x4b\xda\x16\x5a\x42\x55\xd3\xb8\x0a\x03\
\xcc\x93\x70\xfe\x0c\xf8\x42\xc4\x26\x81\x7b\x0a\xc9\x6e\xd6\x95\
\x7e\xa7\xeb\xe1\x65\xbd\xdb\x86\x30\x08\x16\x66\xb9\xb8\x0e\x9a\
\x7e\x37\xaa\x9e\x97\xef\x4f\x11\x84\x33\x04\x61\x80\xe1\xc8\xc0\
\x5e\xbf\x0f\xcb\x32\x31\x9d\x4e\xb1\xbf\xbf\x9f\xa7\xf7\x03\xca\
\x6d\x81\x52\xfd\x91\xea\x4c\x95\xa1\xb9\x00\x46\x7f\x79\xbf\xe0\
\x19\x50\xa8\x62\x25\x27\x54\xfc\x5c\x5d\xc7\x81\x69\x5a\x08\x82\
\x20\xcf\x0d\x4e\x6d\x8f\x08\x59\x1c\xa7\x0b\x39\x7d\xdf\x2f\x25\
\x20\xb8\x2e\x49\x5e\xa5\x6d\x5f\xd7\xb6\x6e\x0a\x6d\xb3\xab\x1c\
\xfc\x9e\xea\xf7\x95\x42\x4e\x94\x92\x95\x9f\x37\x09\xad\x27\xdd\
\x40\xb9\xda\x1b\x80\x52\x67\xa6\x19\x10\xb9\x43\x95\xaa\x5f\xb0\
\xd6\x74\x84\xbe\x8f\xce\xce\xce\x6d\x9f\xc6\x95\xb0\x2c\x01\xaf\
\x23\xdb\x77\x11\x65\xa2\xbc\xda\x77\xd7\x11\x66\x72\x6d\x6c\x88\
\x60\x45\x59\x81\x8d\x36\x41\xa0\x30\xfc\x9c\x4c\x93\xbb\x5c\x57\
\x81\xb9\xeb\xbd\x69\x41\xdd\xc5\x3a\x03\x94\x88\x12\x5f\xc0\x04\
\xa0\x34\xb1\xa0\xb2\xdd\x6d\xca\x5e\x42\x20\x15\xd6\xdc\x84\x44\
\x76\xc3\x93\x90\x2a\x3b\xbb\xaa\x02\xae\x94\x82\x92\x09\x06\x9f\
\x3f\x43\xec\x25\xb0\x4d\x03\xdd\x9d\x1d\x44\x51\x84\x30\x0c\xf3\
\x6c\x11\xb4\x6e\x4a\x88\x22\x2d\x26\xb5\x15\xee\xfe\xe7\x61\xa0\
\x3c\x75\x2f\xc5\x6f\x5b\x96\x85\x30\x0c\x31\x9d\x4e\x73\x02\x4e\
\xe3\x36\x9f\xa8\x7a\x9e\x0b\x43\x08\x4c\x27\x23\x40\x98\x30\x0d\
\x1b\x0a\xe9\x3e\xe7\xe7\x67\x78\xf7\xee\x0d\x3a\x9e\x8b\x4e\xb7\
\x8b\x4e\xa7\x83\xe8\x06\xbc\x65\x9b\x8a\xe9\xde\x04\x92\x38\x6e\
\xad\xd2\xcd\x3d\x85\xf4\x9e\xc8\x35\xcf\x0e\x95\x4f\xe6\x8c\xe6\
\x4e\x77\x9b\x23\x9b\x5e\x03\x5c\xcd\xe6\x33\x6d\x7d\x66\x64\xdb\
\x69\x82\x7e\x43\xb4\xf3\xb2\xfd\x20\xc8\x15\xc6\x4d\xfc\xbb\x4d\
\xd4\xa9\xdb\x6d\x54\xce\xae\x82\xb4\xad\xaa\xda\xec\x71\x8b\x0c\
\x7b\x1d\x01\xa7\xbf\x9b\xb8\x8f\x9b\x6c\x87\xbe\xef\xaf\xf5\x5c\
\x6f\x02\xe4\x02\xe7\x84\x82\x08\x37\x91\xd2\xdc\xf3\x56\x7c\x8b\
\xfd\xbf\x19\x28\xda\x92\x82\xd4\x62\xd4\x89\x4c\xf3\xf5\x31\x64\
\x73\x1d\xc7\x81\x30\x04\x0c\xa3\x5d\x84\x9b\x10\xf8\x7e\x23\xed\
\xaa\xae\x98\x2e\xa3\xa0\x56\x85\x97\xad\x02\x43\x18\x30\x0d\x13\
\x90\x12\x8e\x63\x23\x0c\x7d\xcc\x66\x3e\xa4\x4c\x30\x99\x4c\xf2\
\xd8\x6c\x8a\xe7\xe6\x31\xdd\xb4\x20\xb2\xce\x96\x5b\x96\x95\x87\
\x9d\x18\x46\x1a\x23\x4e\xfd\xc2\xb6\x6d\x44\x51\x94\x57\xa3\x24\
\xef\x2e\xf5\xa9\x38\x8e\x61\x98\x06\xa4\x92\x88\xe3\x08\x71\x92\
\xc6\xe3\x03\xc0\xfe\xfe\x01\xbe\xfa\xf2\x4b\x38\x8e\x0d\x28\x89\
\xe3\xe3\x4f\x6b\x23\xaf\x75\x5e\x44\xba\x2e\x7d\x9f\x6b\xff\xde\
\x86\xfe\x05\x2d\xb4\xab\x84\x92\x48\x01\x94\x16\xa4\xd3\x7b\x23\
\x7f\x36\x69\x01\x32\xa0\x99\xa2\xdd\x9d\x50\xba\x95\x52\x90\x2a\
\x55\xb3\x69\x91\x86\x5e\x81\x92\x06\xc0\x2a\x72\xd7\x16\xc8\x2c\
\x7f\xa9\xdd\xa2\x9c\xdd\x75\xf1\xda\xf7\x39\x76\x7b\x1e\x99\x59\
\x54\xe5\xfb\xb0\x8a\x8a\x52\xb7\xdf\xaa\x0b\x81\x96\x86\x10\x1b\
\x51\x64\x94\x94\xad\x74\x81\x0a\x51\x6e\xd3\xa4\xf4\x11\xe1\xe6\
\x44\x44\x50\x5c\x22\xd0\x38\xaf\x5b\xc9\x3e\x6a\x5e\x41\xae\x32\
\x51\x91\x0a\x9a\x4c\xe4\xa1\x04\x0d\x56\x98\x16\x21\x08\x02\xec\
\xf4\x7a\xeb\x9f\x9c\x5e\xf1\x78\xab\x86\xe6\xad\x95\xf4\x65\xd9\
\x6a\x1c\xd7\x85\xeb\xb8\x80\x61\x66\xd9\x48\xd2\xfc\xdc\xb3\xd9\
\x0c\x52\x4a\x74\x3a\x1d\x78\x5e\x5a\x88\x86\x72\x62\x53\x26\x91\
\xdc\xfb\x01\xe4\x64\x9b\x54\x6d\x4a\xf5\x37\x1e\x8f\x31\x1a\x8d\
\xca\x13\x52\xd6\x7f\x28\xde\x9b\x6c\x96\x6d\xdb\x79\xca\x38\x21\
\x4c\x28\x25\x11\xc7\x69\x1c\x6f\x1c\xc5\x30\x0c\x1b\x8f\x1e\x3d\
\x81\x92\x12\xff\xf6\x6f\xbf\x5b\x6b\xc8\x10\x9f\x58\x6c\x1a\x9b\
\x18\x0f\x95\x52\x57\xca\x5b\xde\x24\xd0\x78\xe8\x38\x4e\x3e\xf1\
\xa3\xed\x86\x61\x64\xf6\x94\xd6\x01\x34\x37\x1c\xb5\xf5\xa4\x3b\
\x9f\x01\xa9\x62\x50\xa0\x8e\x49\x09\xfb\x29\xd5\x95\x6d\xdb\xf9\
\xdf\xb6\x82\x57\x05\x6b\x3b\x2e\x1b\x2c\xaa\x14\x86\xbb\x8e\x26\
\xce\xcc\xab\xb0\x29\xef\xc8\xac\xc5\x6a\x0c\x50\x2c\xf6\xe1\xa4\
\x43\x8f\xe1\x4e\x43\x31\x52\xaf\x46\xea\x75\x6b\x56\xdb\x2e\xb9\
\x6a\x51\xce\x62\xc2\xe3\x6f\x29\xdc\x84\x2f\x66\x2b\x2b\xf9\xed\
\x01\x65\xd5\x70\x5b\x96\xb3\xfb\x2a\xeb\x67\x00\x54\x8a\x1f\xc5\
\x67\x06\x0c\xd3\x84\x80\xc0\x6c\x16\x60\x67\xb7\x07\x2b\xcb\x10\
\xc1\xd3\xb2\x91\xc0\xe5\xba\x2e\x76\x76\x76\xf2\x94\x80\x93\xc9\
\x04\x3b\x3b\x3b\x19\x61\x66\xa4\x28\x6b\x57\xbe\xef\xc3\xf7\xfd\
\x52\x0a\x4d\xde\x67\x28\x14\x8b\xd4\x70\xf2\xa6\xf0\x05\x97\x4a\
\x25\xb9\xd7\x7a\x16\xa7\x45\xef\x4c\xcb\x86\x54\x09\x0c\xcb\x42\
\xa7\xdb\x5d\x18\xaa\xc8\xc3\x13\xf8\xfb\xeb\xa0\xc9\xb6\x9b\x9e\
\x55\x9b\xc1\xd3\x05\xea\x36\x27\x7f\x96\xd9\xbf\x26\x8b\xab\xad\
\x27\xdd\x00\xe6\x06\x37\x8a\x5b\xe2\x83\x1c\x75\x7a\x52\xc0\xdb\
\x8a\x30\x08\x1a\x95\x96\x6b\x95\x45\x94\xfa\xb6\xaa\xfd\xd6\xa1\
\xda\x34\xd9\xf8\x71\xcc\x9d\xa7\x40\xa5\x52\xa8\x0f\x16\xb5\xdf\
\xd7\xb6\x2f\x1a\x50\xae\xb3\xd0\x27\x3b\xe8\xda\x8d\x9a\x52\x0a\
\xb3\xe9\x74\xad\xc7\xbc\x49\x90\x1a\xa6\x94\xca\x27\xfb\xfc\x19\
\xf0\x05\x5f\x10\x7c\x51\x65\x33\xdb\x2b\x27\x58\x40\x71\x7d\x9c\
\xb0\x28\x36\xc0\xe9\x0b\xda\xdb\x86\xd9\x74\xba\xf6\x05\x95\x9b\
\xbc\x1f\x57\x25\xda\xfc\xbb\x9c\x9c\x70\xdb\x9d\xbe\xa7\xb6\x6a\
\x40\x64\x84\x9a\x17\xc2\x21\x0f\x47\x9a\x23\x3b\x8d\xf5\xa6\xaa\
\x93\xc4\x7f\xa4\x54\x90\x59\x05\xd6\x34\xc6\x3b\x46\x1c\xa7\xe3\
\x33\xcf\x88\xc3\xc3\x4f\x78\x36\x12\x7e\xbe\x45\xf8\xa8\x91\x9d\
\x27\xb2\x92\x62\xe9\x7f\x96\x65\x41\x18\xa9\xa0\xf6\xe8\xd1\xa3\
\xb5\xa7\x81\xe4\xe3\x95\x5e\x90\x85\xdb\xd1\xeb\xda\xd6\x4d\xb4\
\x99\x36\xdb\x55\x0e\x6e\x5b\x69\x42\xe6\x79\x5e\x29\xe5\x24\xb4\
\x09\x55\xd3\x70\x27\x48\x37\x80\xdc\xd5\x4d\x0f\x83\x87\x96\xf0\
\xdc\x8d\x89\x4c\x5a\x1b\xd3\x4d\x98\xcd\x66\xe8\xf5\x7a\xb7\x7d\
\x1a\x57\x02\x37\xf6\xc0\xbc\xe2\xd2\xc4\x41\x7b\x13\xe7\x55\x52\
\x5a\x28\x52\x43\xd5\xc7\x74\x13\x2e\x33\x24\xd7\x26\xd3\xb7\x08\
\x9a\x50\xb6\x15\x7a\xe1\x1b\xbe\xc6\x84\x67\xfb\x00\x90\x2b\xc8\
\x40\x73\xbd\x38\x7a\x1f\xad\x4a\xc5\x4a\xdb\xa2\x38\x4a\x97\x24\
\xb4\x54\xe9\x06\x52\xb1\x26\x8e\x22\x58\x0d\xf5\x84\x2e\xa3\x6a\
\x5f\xa7\x2d\xf1\x67\xea\x38\x2e\x0e\x0e\x0e\xb0\xbf\x7f\x80\x58\
\x4a\xd8\x96\x0d\x29\x8b\x62\x48\xa4\x38\x16\xca\xb3\xca\xab\x4a\
\x26\x49\x1a\xfb\x6d\x59\x76\xa6\x98\xa7\xe4\x58\x26\x12\x51\x14\
\x22\x49\x62\x74\x58\xfa\x5b\x22\xd0\x74\x2c\xc3\x28\x67\xf9\x21\
\x25\x9c\xf6\x83\x02\xa4\x02\x28\x53\x45\x92\x84\x08\xc3\x10\x71\
\x9c\x40\x65\xfb\x7f\xf5\xf5\x37\x0b\x49\xf7\x55\xec\x28\xdf\xa6\
\x6f\x6f\xb2\xbd\x8d\xb3\x7c\xe6\x6d\x06\x9f\xec\x93\xe8\x48\x61\
\x7b\xa5\x85\xea\x59\xf3\x6f\xaa\x4d\x05\xee\x08\xe9\xe6\x86\x88\
\x54\x6c\x72\x75\xf1\xbc\xb2\x42\xa4\x25\x8d\x29\xc8\xbe\xad\xf0\
\x67\xb3\xdc\x9d\xb7\x36\x6c\xa8\x91\x2e\x4b\x2c\x9a\xda\x49\x6e\
\xc4\x98\x5e\xce\xb5\x97\x3b\xcc\x82\x73\x5d\xf7\x75\x08\xac\xff\
\x99\x4d\x5b\xac\xc6\xe8\x83\xb0\x9e\x4f\x96\x4f\x2e\x55\x16\x2b\
\xcd\xb7\x35\x09\x75\xcf\x95\x87\x02\x28\xa5\xf2\x81\x2f\x49\x92\
\xd4\xae\x36\x54\xb1\x5f\x05\xd3\xe9\x14\x7b\xfb\xfb\xeb\x3b\xe0\
\x35\xfa\xc8\x55\x42\x47\xea\x44\x0d\xfa\x8c\x8f\x19\x75\xc7\xb5\
\x6d\x07\xb6\xed\x62\xac\x26\x08\x32\xb2\x96\x7a\xe0\x44\x1e\xb6\
\xa9\x87\x38\x1a\x86\x91\x87\x30\x08\x21\xd2\x8c\x30\xb2\xec\x79\
\x4e\x27\x64\xaa\x44\xaa\xc3\x30\xcc\xce\xa1\xba\x96\x40\x4a\xb6\
\x0d\x00\x2a\x8b\xdf\x4e\x43\x52\xa8\xa5\x09\x21\xb2\xd0\x52\x85\
\x20\x0c\x60\x99\x16\xbc\x4e\x07\xae\x63\x57\x84\xcd\x5c\x5e\xaf\
\xa0\xaa\x4f\x2e\x4b\xaa\xd7\x15\xf7\xbd\xb5\xab\x65\x70\x6e\x47\
\x8b\x6f\xf5\x4c\x4a\xf9\xbd\x6f\x81\x09\x6a\x35\xe9\x56\x4c\x59\
\xa1\x66\x4a\x46\x85\xca\x2f\xd3\x03\xe3\xe9\xbc\x9a\x4a\xf0\x96\
\x85\x94\x12\xfe\x6c\x86\x6e\xc3\xd2\x07\x2e\x0a\x31\xd1\x55\x91\
\xaa\x67\x50\x15\x6a\xb2\xcc\x6f\x02\xd7\x5b\xb0\x74\xd9\xe7\xeb\
\x56\x32\xf4\x7b\x40\xa7\xae\xc4\xfc\xe2\x44\x9d\xac\xd5\x9d\xb3\
\xee\x1a\xae\xfa\x5c\x7f\xdd\x24\xb2\x17\xb5\x5c\x8d\xd1\x89\x0e\
\xd9\x1a\x52\x62\x28\x4b\x03\xdf\xb7\xa9\x0a\x19\x85\x07\x00\x80\
\xc1\xda\x2a\x0d\x7c\x7c\x52\xc1\x55\x48\xbd\xd2\x60\x1b\xe1\xfb\
\x3e\x76\xd7\x78\x0d\x9b\x1e\x6b\x2e\x53\xbd\xab\x26\x7d\x7a\x3b\
\xd5\xcf\xd3\xb2\x2c\xf4\xfb\x7b\x08\xc3\x08\x33\x7f\x9a\xaa\xc8\
\x49\x82\x7e\x7f\x2f\x1f\x53\x79\x88\x26\x11\x1e\x4a\x54\x90\xee\
\x93\xcc\x11\xd0\x94\x20\xa7\xbf\x1f\x04\x41\x29\xd4\x33\x0d\x19\
\x21\x8f\xb4\x98\x0b\x31\x49\x92\x22\x3b\x0a\x90\x2e\x46\x2e\x91\
\x73\xd3\x84\xe7\x79\x59\xe1\x9e\xb4\x7c\xfc\xaa\xf7\x91\xff\xad\
\xb3\xa5\x55\x9f\x57\xd9\xd6\xeb\x60\x9d\x6d\x26\x49\x92\x56\x66\
\x83\xe2\xd0\x27\x90\x5c\x58\xe5\x8b\x76\x29\xf4\xa9\xe9\x68\x35\
\xe9\x4e\x39\x8a\x28\xa5\xb6\xe2\xae\x5d\x00\x25\x92\x5d\x8a\xfb\
\x69\x39\xa6\xd3\x29\xba\x3b\x3b\x8d\xb8\x96\x65\x94\x18\xae\xb2\
\x54\x0d\x00\x7c\x7b\xdd\xfb\xdb\xc2\x26\x88\x51\x31\x18\x2e\x16\
\xc3\x56\x99\x78\x2c\xfa\xce\x22\x42\x7e\x25\xac\x39\xe4\x66\x32\
\x99\xac\xed\x58\xb7\x05\x6e\x67\x68\x30\x00\x8a\x10\x0c\xbe\xf0\
\x87\xb6\x37\x15\x22\xcb\xc6\x42\xb6\x15\x28\xce\x9b\x57\x16\xe4\
\x21\x7c\x3c\x1e\xb7\xcd\x18\x8f\x46\xeb\x55\xbb\xd7\x08\x7d\x72\
\x5d\xd7\x07\xf9\xe7\x8b\x84\x8e\xba\xef\x7b\x9e\x87\xc3\xc3\x43\
\xc4\x71\x0f\xbe\xef\x67\x9e\x0d\x0b\x86\x91\x7a\x37\x28\x47\x37\
\xfd\x96\x9e\x83\x5b\x4a\x99\xc6\x82\x0b\x23\xf3\x88\x24\x80\x2a\
\x8c\x1d\x89\x62\x34\x29\x9d\x0f\xe1\x53\x99\xc2\x4d\xeb\x21\x68\
\x12\x24\xe0\x38\x36\x64\x1a\x95\x97\xb6\xcf\xac\x2d\x9a\x59\xfb\
\xa3\x49\x63\x92\x24\x97\x26\x4d\x58\x56\xa8\xa8\xfb\xfc\xb2\xfb\
\x7f\xdb\x98\x8c\xc7\xb7\x7d\x0a\x6b\x01\x4d\xe6\x84\x48\xb3\xd0\
\x71\x41\x95\x3e\xd7\x45\xd5\xa6\x3c\x03\x1d\xad\x25\xdd\x75\x0a\
\x2a\x50\x2e\x05\xcf\x07\x0c\x29\x25\xe2\x24\x86\x68\x6d\xd4\x61\
\x81\x24\x49\x30\x9b\x4e\xb1\xd3\x30\xb5\xbb\x0e\x55\xca\x37\x57\
\xcb\x38\xf4\x01\xe5\x36\x15\xc1\x4d\x10\xff\xf2\x35\x17\x7e\x1a\
\x81\xf9\x78\xd8\x55\xc8\x32\xdf\xaf\x4a\x89\x59\xe7\x7d\x5c\x67\
\xf6\x92\x28\x8e\x5b\x9d\x43\x96\x40\xcf\x95\xd2\xe7\x71\xb2\xcd\
\x0b\x38\xe8\xfb\x37\x19\xdc\x4b\x48\xe7\x4a\xd9\xa1\xf8\x20\x17\
\x45\x11\xe2\x24\x86\x52\x12\x02\xed\x55\xba\x81\x6c\xcd\xcc\xee\
\x6e\xbe\xf0\xf5\x3a\xb8\xee\xf3\x5d\x25\xc4\xa4\x2a\xa4\x84\x1f\
\x63\xd1\xf1\xe7\x61\xc0\x34\x6d\x18\x86\x09\xcb\xb2\xb3\x7d\xeb\
\x63\x9d\xc9\x9e\xf3\xb5\x0b\xa9\x68\x9d\x8d\xcf\x69\x54\x77\x69\
\xe2\x19\xb2\xe2\x35\x69\xbc\xb8\x44\xaa\x72\x53\xb8\x49\xb1\x70\
\xb2\xf0\xaa\x64\xdb\x91\x15\x41\x51\x0a\x10\x02\x46\xf6\x7b\x4a\
\x49\x00\xe9\xb1\xdf\xbf\x1f\xe0\x9b\x6f\xbe\x29\x9d\x67\xd5\xf5\
\x2f\xb3\x6d\xd5\x7d\xaf\x83\x75\xd9\x84\x24\x8e\x5b\x1f\x5a\x42\
\xe0\xe9\x57\xc9\xae\xd2\x84\x8a\x27\xd2\xe0\x63\x5c\x53\x6d\x6b\
\x6b\x49\xb7\xde\xd8\x49\xc5\xd6\x07\x3a\xcb\xb2\xf2\x59\xb9\x52\
\x0a\x96\x69\x35\x76\x06\xb4\x2a\xc6\x93\x49\x63\xd4\x6e\x42\x55\
\x88\x49\x55\x1c\xa1\x3e\x40\x2c\xab\xdc\xd4\xe1\xaa\xb3\xdb\x65\
\xef\xdd\xa6\x66\xcf\xf9\xef\x67\x0b\x84\x16\xa9\xd6\x57\x21\xe0\
\x57\x55\x71\x2e\xc5\x65\x12\xfd\x0a\x18\x0d\x87\x6b\x39\xce\xed\
\x43\xc1\x30\xca\x55\x29\x01\xe4\x8b\x7c\x2e\x73\x5d\x37\x0d\x55\
\xfd\xd4\xb2\x2c\xf8\xbe\x5f\x52\x34\xa9\x4f\x5b\xa6\x95\xab\x93\
\x6d\xc7\x64\x3c\x6e\xac\xda\xcd\x51\x15\xce\x77\xdd\xc9\xdc\x74\
\x3a\xc5\x64\x32\x81\x69\x5a\xd9\x58\x6a\x96\x8a\xcd\x71\xe8\x5e\
\x1b\xde\x66\x4c\xb3\x68\x0b\x86\x51\xa4\xfb\xb3\x2c\x2b\x2f\x54\
\x47\xe3\x43\x95\x7d\xe5\x5e\x6b\x9e\xcb\xbb\x4c\xc8\x8b\x7f\x29\
\x71\x07\xa2\x28\xc6\xfb\xf7\xef\xf1\xee\xdd\x3b\xbc\x7a\xf5\x6a\
\xa1\xda\x7d\x59\x5f\xbc\x8c\x68\x57\xbd\x6e\x4a\xdf\x1e\xdf\x11\
\x95\x1b\x98\x17\xed\xc8\xdb\x42\xed\x88\x40\x49\x32\x9a\xf6\x2c\
\x38\x5a\x4b\xba\x05\x1b\xf4\xf5\xc4\xfa\x40\xa1\xa4\x72\xe2\x9d\
\x06\xe0\xc7\x77\x40\xe7\x4e\x21\x1b\xa4\x76\x2f\x32\xf4\x7c\x76\
\x5a\xf7\x5d\xae\x80\xe8\x5e\x8a\xbb\x8e\xab\x5c\xa6\x3e\xab\xe7\
\xdb\xab\xf6\x5d\x37\xd6\xa5\x74\x07\x61\xd8\xfa\xa2\x0d\x00\xb5\
\x5b\xb3\xd4\x96\x0b\x32\x50\x9f\x5e\x8c\xb6\x35\x0a\x8c\x38\xe9\
\x25\x96\x4b\x19\x58\xaa\x26\x12\x77\xa4\xcf\x4e\xa7\xd3\xb5\xa8\
\xdd\xeb\x7c\xb6\x75\xa4\xba\x2a\x5c\x6f\x19\xb5\xbb\x6e\xdb\x78\
\x3c\xc1\x60\x30\xc0\xee\xee\x2e\x4c\x53\x64\xa1\x25\x45\x68\xa6\
\x9e\x72\x97\xbc\x3a\xf4\x7d\xa5\xd2\xea\x92\xdd\x6e\x37\x0f\x09\
\x50\x2a\xcd\x6e\x12\x67\xa5\xc8\xc3\x30\x82\x52\x94\xca\x37\x55\
\xa8\xb9\x3d\x4b\xdb\x99\x01\xc3\x10\xf9\xc2\x4d\x22\x58\xe9\x44\
\xc0\x82\x10\x69\xac\x77\x92\x24\x98\x4e\xd3\x4a\x99\x61\x18\xe0\
\xfb\xef\xbf\x87\xe7\xb9\x18\x8f\x47\x2b\xd9\xbe\x3a\x32\x5d\xb7\
\x6d\x19\xdb\x7b\x15\xac\xa3\xcd\xdc\x25\x95\x1b\x40\xbe\x68\x9b\
\xab\xdd\x7a\x2d\x04\xc3\x48\xab\x95\x02\xe5\x49\x60\xd3\xd0\x5a\
\xd2\xcd\x0d\xbc\x1e\x86\x10\xc7\x31\x00\xe4\x79\x45\x01\xee\x12\
\xbd\x9d\xf3\xdd\x14\x46\xa3\x11\xba\xdd\x2e\x44\x03\x63\x29\xab\
\x54\x6e\x3d\x77\x31\xff\x7b\x9f\x40\x03\x51\x7a\x2f\x68\xf0\xab\
\x0e\xb3\xb9\x2a\x36\x35\x28\x00\x58\x9b\xd2\x7d\x77\x54\xee\x32\
\x29\x2a\xdc\xe1\xe5\xc9\xa4\xbe\x3f\x80\xe6\x65\xfd\x60\x0a\x23\
\x57\x2e\xb9\xf2\x48\x44\x8c\x2f\x5c\x97\x52\xc2\x30\xcd\xa6\x5d\
\xcd\x95\x31\xbc\xb8\xc0\x83\x07\x0f\xae\x75\x8c\x75\x58\xb6\x2a\
\x72\xbc\x0c\xd1\xae\xda\x7f\xd1\x76\x6a\x8f\x49\x12\x63\x30\x38\
\x83\xef\x4f\x61\x9a\x26\xba\xdd\x2e\x5c\xd7\xcd\x49\x2f\x8d\xa9\
\x71\x1c\xa7\xde\xe3\x2c\x96\x9a\x62\xb4\xe9\x98\x71\x1c\xe7\xf1\
\xe0\x14\xa6\x94\x86\xab\x38\x30\xcd\x42\x34\xa0\xdf\x25\x42\x4d\
\xed\xcb\xb2\x4c\x18\x46\xd1\x87\x7c\xdf\x47\x10\x04\x79\x56\x32\
\xca\xa9\x1e\x04\x41\xf6\x3b\x00\x20\xf0\xf8\xf1\x53\x0c\x87\x43\
\x3c\x79\xf2\x7c\x6e\x1d\x85\x7e\xad\xcb\xe0\x2a\x04\xfc\x3a\x58\
\x47\x9b\xb9\xb8\x43\x76\x15\x28\xc2\x83\x81\xf2\xd8\xc9\x17\x51\
\xb6\x21\x9e\x1b\x68\x31\xe9\xe6\xe0\x6a\x12\x75\x6e\x3e\x60\xf0\
\x15\xf7\x49\x1c\xaf\xcd\x2d\xde\x04\x48\x29\x31\x1e\x8f\xd1\xdf\
\xdb\xbb\xd6\x71\xd6\x39\x38\xd4\x85\x90\x94\x7e\xaf\x42\x25\xd3\
\x0d\x24\x3f\xc6\x5d\xc4\xdc\x60\x7a\xc9\xa5\x2e\xab\x62\x57\xa9\
\xe0\x5c\x6d\x6d\x8a\x22\x33\x9b\x4e\x4b\x71\x9d\x6d\x06\xd9\x20\
\x72\x99\xf3\x6c\x49\xa4\x96\xd6\x2a\xdc\x0d\x1d\x1f\xaa\x06\x30\
\x9a\x48\xf0\x6a\x94\xd4\x4f\x73\x25\xbc\xc5\xd9\x4b\x38\x88\xe4\
\xb9\x6b\x2e\x98\xb3\x0e\x70\xdb\xb1\x8a\x8a\xad\x7f\xa7\x6a\x3f\
\xc7\x71\x70\x70\x70\x80\x28\x8a\x72\x3b\x42\x63\x28\x2d\x10\xb6\
\x2c\x0b\xae\xeb\xc2\xcc\xb2\x86\xf0\x10\x90\x30\x0c\x4b\xc7\xa7\
\x34\x7f\xb6\x6d\x41\x29\x8a\xd7\xae\xb7\x5b\x85\xe7\xda\x81\x52\
\xc5\xbe\x44\xea\xf9\x5a\x20\x52\xd5\x3d\xcf\x43\x92\x48\x8c\xc7\
\x13\x08\x21\xf0\xe8\xd1\x23\xf8\x7e\x3f\x3f\x36\x1f\x6f\x96\x09\
\x27\xd1\xed\xa7\xfe\xdd\xcb\x42\x4c\xae\x85\x6b\xda\xd5\xc0\xf7\
\xe1\xcf\x66\xd7\x3f\x8f\x86\x40\x17\x00\x78\x1d\x16\xee\x91\x6b\
\x8b\x77\xfc\x4e\x90\x6e\x02\x27\x1b\xf4\x50\x68\x3b\x90\xe6\xf2\
\x4c\x2a\x16\x34\xb5\x1d\xe3\xf1\x18\x3b\xbd\xb4\x54\x6f\xd3\x50\
\x65\xdc\xab\x48\x76\xd5\x00\x70\xd7\x9e\x13\xc7\x65\x04\xba\xea\
\x73\x3e\xb9\xd4\x07\x05\xa0\x4c\xac\xeb\x8e\xb3\x36\xc2\x8d\xeb\
\x4d\xd4\x94\x52\xb8\xb8\xb8\x58\xcb\xb9\x34\x05\xbc\x60\x03\x4f\
\x9d\xb7\x68\x40\x68\x6a\x1b\xd7\xdb\x22\x77\xfb\x93\x07\x91\x04\
\x8d\xf4\x3a\x05\xa2\x28\x84\xcc\xdf\xdf\x0d\x0c\x06\x03\x3c\x7e\
\xfc\xf8\xca\x13\xcc\x75\x49\x06\xdc\x46\xea\xae\xf3\x65\xe3\xb8\
\x75\xa1\xa3\xea\xf8\x40\xfa\x8c\x83\x20\xc0\x68\x34\x02\x00\xd8\
\xb6\x9d\x13\x6c\xdd\xb3\x91\xa6\xc2\x54\x79\x7b\x88\xa2\x38\x27\
\xd9\x14\xc7\x0d\x14\x8b\x21\x89\x70\xeb\xc2\x0a\x1f\xbb\x0d\xc3\
\xc8\xdb\x54\x7a\x3e\xe5\xf6\x27\x65\x08\xa5\xa8\x5d\x4a\x48\x99\
\x7a\x0b\xa5\x44\xae\x82\x9b\xa6\x89\x7d\x16\x93\xbf\x4e\x65\x7b\
\x11\x01\x5f\x07\xae\x6b\x57\x07\x83\xc1\xda\xce\xa5\x09\xd0\xdb\
\x2a\x65\x2f\xa1\xcf\xf4\xf6\x44\x68\xaa\x6d\x6d\x2d\xe9\xce\x73\
\x3f\xb0\x9b\xcc\x17\xf7\x98\xa6\x99\x97\xa8\x2d\x8c\x0d\x29\x50\
\xed\xad\x7a\x57\x05\xa5\x14\x86\x17\x17\x38\xbc\xa6\x2b\x74\x5d\
\xe7\xa2\xc7\x1b\xd6\xa9\xd8\x97\x1d\xa3\x2d\x33\xd7\x9b\x42\x9d\
\x91\xe7\x46\xa7\x4a\xe5\xae\x53\x6f\xae\x8d\x6b\x28\x32\xe3\xd1\
\x68\x2e\x36\xb4\xcd\xd0\x89\x29\x6d\xe3\x0a\x30\x6d\x23\x45\x90\
\x24\xee\x26\x7a\x73\x78\x68\x0c\x5f\x8f\x41\x84\x26\x25\x58\xe9\
\x3a\x19\x0a\xe7\xb3\x2c\xb3\x91\x61\x6e\xd7\x41\x1c\xc7\x18\x8d\
\x46\x57\xf7\x24\xae\xf9\xd9\xea\xa4\x62\x99\xf7\xba\xa7\x62\x99\
\xdf\xf0\x3c\x0f\x9d\x4e\x27\x57\x9d\x79\xb6\x1a\x1e\x4a\x92\x12\
\x5e\x2a\x3e\x47\x6d\xc3\x80\x61\x24\x39\xd1\x4e\x7f\x5e\x21\x49\
\x14\x94\x4a\x2a\xb3\x56\x91\xbd\xd7\x3d\xa4\xc5\xc2\x5c\x0a\x2f\
\x10\x90\x92\x5f\x87\x01\x21\xa8\x1f\x49\xf4\x7a\x3d\x16\x02\x33\
\x7f\xfd\xd7\xb5\x7f\x75\x22\xc6\x5a\x6d\xeb\x35\xda\xcc\x68\x38\
\xcc\xfb\xe3\x5d\x02\x0f\x3b\xe2\x93\x43\xee\x5d\xa4\x6d\xb4\x3e\
\xa0\x89\x76\x15\x68\x31\xe9\xa6\x86\xc9\x49\x86\x9e\x3b\x96\xf2\
\xe5\xce\x17\xa5\x68\xe6\xc3\xb8\x0e\xa6\xd3\x29\x7a\xbd\x1e\x5c\
\xd7\xbd\xed\x53\x59\xba\xb1\x57\xa9\x36\x55\x0a\xf8\x7d\x80\x10\
\xc5\x44\x72\x19\x75\x7a\x91\xf1\xbf\x6c\xdf\x75\xe0\x3a\x4a\xb7\
\x94\x12\xc3\x3b\x16\x73\x08\x94\x49\x36\x50\x56\x20\xf5\x7f\xe9\
\x3e\x19\xc1\x68\xd8\xc4\xb2\x18\xd4\x92\x52\xbb\xaa\x9a\x24\x95\
\xe3\x2c\xef\x66\x38\xd8\x68\x34\xc2\xce\xce\xce\x95\x16\x55\xae\
\xf3\x6e\x54\xa9\xdd\xb4\xbd\x2a\x3f\x7a\xd5\xbe\x8b\x8e\xcb\x61\
\x18\x06\x5c\xd7\x2d\x3d\x5f\xbe\x60\x92\xbe\x27\x25\x55\x06\xb4\
\x72\xb2\x9b\x7a\x3f\xca\x79\x94\xf5\x0a\xad\xfc\xfc\xe8\x1c\x39\
\xb1\xe2\x21\x05\x3a\x68\x5f\x5d\xe5\xa4\x73\xa2\x7d\x96\x89\xdb\
\xaa\xf2\xe8\xd4\x79\x10\xab\x08\xf6\xa6\x6c\xeb\x55\x40\x13\xc4\
\xbb\x08\x6a\x0b\x14\x5a\xc2\xed\x2a\x79\x60\x8a\x6d\xf5\x49\x1b\
\x9a\x80\xd6\x92\x6e\xdd\x3d\x65\xb0\xb4\x5c\x94\x70\x9f\x3f\x28\
\xea\x28\x96\x65\xa5\x0b\x97\x1a\xfc\x50\xae\x8a\xb3\xb3\x33\x3c\
\x7d\xfa\xf4\xd6\xaf\xad\x4e\xed\x5e\x45\xdd\xe6\x8a\xc7\x32\x6a\
\x02\x37\xee\x4d\x47\xbd\x82\x3f\x7f\x7f\x96\x55\xb5\xab\x06\x82\
\xba\x01\x69\x2d\x10\x57\x5f\x48\x39\x18\x0c\xee\xa4\x07\x43\x29\
\xc0\x30\x44\x5e\x81\x92\x88\x43\x14\x45\x79\x31\x07\x3d\xb6\x5e\
\xa9\xc6\x2d\xa3\x64\xb6\xb5\x3c\x78\xe9\x93\x0a\x00\x25\x15\xdf\
\xb4\xee\x4e\x58\x09\x87\x52\x0a\x67\x67\x67\x78\xfc\xf8\xf1\xca\
\xdf\x5d\xe7\xe0\xbf\x6c\x38\x89\x4e\x6c\x97\x05\x91\x5f\xdb\xb6\
\x60\x3b\x26\xa4\x8a\xb3\xf2\xee\x31\x3c\xcf\x85\x69\x16\x2e\x7d\
\x4e\x78\x69\xac\x95\xd2\x44\x14\xa5\xe9\x01\x4d\xd3\x80\x69\x1a\
\x99\xf8\x65\x31\x22\xad\x4a\xe4\x9a\x8e\x97\x8e\xd5\x2a\x53\xb1\
\xf9\x35\xa7\x93\xd3\xaa\x6b\x9b\xf7\x9a\x0a\x28\x99\x96\x88\xa7\
\x49\x22\x2f\xd8\x53\x67\x73\xaa\xc6\x95\x2a\x9b\xba\xc8\x83\xb8\
\x8e\xf2\xef\x84\xab\xb6\x99\xb3\xb3\xb3\x3b\x6a\x57\x15\x28\x93\
\x4d\x1c\xc7\x70\x5d\x97\xb5\xb9\xa2\x08\x22\x30\x1f\x6e\xd2\x44\
\xb4\x96\x74\xcf\x81\x11\x35\x5e\x2d\x4b\x9f\x4d\x87\x61\x98\x76\
\xc2\x06\x3f\x94\xab\x22\x8e\x63\x0c\x87\x43\xec\x5d\x73\x51\xe5\
\x75\x50\x67\xec\xeb\x06\x8a\xaa\x6d\x9c\x94\x56\x29\x11\xab\x9e\
\x4f\x93\x66\xbd\x8b\xcf\xa5\xfe\xfa\x96\xb9\xf6\xcb\x08\xfa\x3a\
\x71\x55\xa5\x7b\x36\x9b\xdd\x89\xea\x93\x3a\x84\x10\x30\x44\x39\
\x2c\x83\xbc\x6d\x55\x39\x8c\x9b\x3c\x28\x54\x41\x27\x5a\xe4\xd6\
\xe5\xe1\x7b\x49\x74\x77\xc2\x85\x74\x04\x41\x80\xc9\x64\x72\xeb\
\xe9\x59\xeb\x08\x35\x8d\x6f\xfc\x2f\xed\xb3\x48\xed\x9e\x3f\x9e\
\x42\x14\x47\x38\x3f\x3f\xc3\x60\x30\xc0\x64\x3c\xc5\x17\x5f\x7c\
\x89\xf1\x78\x08\xcb\xb2\xb1\xb3\x93\x7a\x53\xf5\xef\x00\x0a\x51\
\x14\x66\xed\x24\x46\x1c\x53\x7b\x29\x48\x34\xc5\x77\xa7\x84\x5b\
\xb7\xcd\xa4\x82\x73\x12\x2e\x90\x24\x65\xe1\x8c\x7b\x8b\xf8\xb8\
\x9e\xe7\xf1\x46\xe1\x39\x7a\xf3\xe6\x35\xfa\xfd\x1e\x7a\xbd\x5e\
\xed\xb5\xd7\xbd\x5f\x44\xb6\xeb\xbe\x7f\x9b\x98\x4c\x26\x77\x22\
\xf5\x6a\x15\xd2\xe7\x9d\xbe\xa6\x50\x12\xa5\xd2\x05\xb4\xe5\x50\
\xa4\xb2\xd0\xd7\x54\xb4\x97\x74\xd3\xc2\x7f\xd6\xf0\xc9\xed\xc4\
\x73\x3a\x52\x5a\x23\xbe\x4f\x93\x3a\xcb\xba\x31\x1c\x0e\xd1\xed\
\x76\xe1\x38\xce\x6a\x5f\x5c\x73\x23\xd5\x15\x89\xaa\xd7\x9b\x46\
\xd3\x08\xf7\x22\x28\x85\xb9\x67\xb0\x2c\x61\xae\x1b\x2c\x2e\xdb\
\xe7\x5a\xb8\xc2\xbd\x95\x52\xe2\xec\xec\xec\xfa\xbf\xdd\x40\x90\
\x62\xcd\x5d\xe5\x44\x4e\x49\xe5\x06\x30\x47\x20\x1a\x09\xcd\xb6\
\xea\xa4\x8d\x48\x4e\x55\x06\x93\xbb\x8c\xf3\xf3\x73\x74\x3a\x9d\
\xd5\x16\x8a\xae\xe9\x9e\xe8\x44\x5b\x27\xd3\x8b\x26\xeb\xba\xe0\
\x51\xb7\x0d\x48\xf3\x5e\x9f\x9f\x9d\x63\x70\x3e\x84\x69\xda\x78\
\xf5\xea\x15\xfa\xfd\xdd\x8c\xec\x14\xa2\x16\x4d\x28\x29\xe4\x86\
\x16\xd4\xea\x24\x95\xf2\x70\xd3\x6f\x10\xd9\xa6\xef\x14\x02\x8b\
\x82\x61\x88\xfc\x78\x69\x4d\x8d\x54\xbd\xe4\xe5\xbf\x29\x65\x20\
\x2d\xd6\x54\x4a\xe5\xf1\xe5\xae\xeb\xa6\x21\x30\xa6\x81\xe1\x70\
\x80\xf7\xef\xdf\xe2\xcf\xfe\xec\x57\x95\xf7\xa7\x8e\x54\x2f\x23\
\x5c\x6c\xd4\x83\x88\xd5\x09\x63\x92\x24\x38\x3f\x3f\x5f\xeb\x39\
\x34\x0d\x55\xf6\x92\x2f\x56\x07\x16\x79\x90\x9b\x85\xd6\x92\x6e\
\x2a\xe5\xce\x8d\x10\x5f\xec\x01\x94\x67\xff\xa5\xef\xde\xe1\xc1\
\x81\x5c\xa1\x4f\x9e\x3c\xb9\xf1\xdf\x5e\xa4\x72\x57\x6d\x27\xf0\
\x41\x40\xff\x4e\xd5\x6b\xdd\x85\x74\x1d\x75\xb8\x31\xd0\x6e\xcd\
\x22\xd2\xcc\xdf\x2f\x33\x58\x54\x95\x20\xbf\x0d\x0c\x06\x83\x3b\
\xb5\x78\x92\x83\x2b\x70\x71\x1c\xc3\x71\x9c\x12\xf9\x2e\x57\xa5\
\x2c\xab\x8b\x8d\xb3\x47\x9a\x0a\x49\xb6\x95\x2b\xf6\xbc\x50\x0e\
\xd9\xd9\xa4\x26\x06\xf7\xae\x80\x26\x8d\x0f\x1f\x3e\xbc\xd5\xf3\
\xa8\x22\xd0\xa4\x0e\x73\xb5\x5b\xff\x0e\x81\x13\x6e\x7d\xc2\x44\
\xe1\x24\x9d\x4e\x17\xcf\x9f\xbf\x00\xc5\x45\x4b\x29\xe1\xba\x1e\
\x00\x05\xdb\x76\x21\x44\x1a\xbe\x41\x9e\x63\x4a\x1b\x48\xc7\xa7\
\x63\xd1\x6f\xd3\xb8\x9c\x86\x09\x98\xb0\x6d\x2b\x27\x4c\xd4\x27\
\xd2\x7d\x8a\x90\x10\x21\x52\x4f\x0a\x29\xb8\xbc\x48\x0e\x80\xbc\
\xd8\x4e\x10\x04\x38\x3e\x3e\xc6\xc5\xc5\x39\xe2\x38\x86\x69\x9a\
\xe8\x74\xdc\xac\xaa\xe6\xfc\x04\x69\x99\x71\x83\xda\x3c\xbf\x5f\
\xfc\xf3\x3a\x4f\xec\x6d\xe0\xec\xec\x6c\xad\xe1\x2d\x4d\x04\x6f\
\xdf\x3c\x43\x14\xd9\x22\x2e\x72\x34\xd2\xa6\x32\xb4\x96\x74\xd7\
\x19\x11\x7d\xe6\xce\xe3\x7e\x52\xc5\x49\xc2\x30\xee\x66\xec\x21\
\x21\x08\x82\x5b\x0f\x33\xd1\x51\xa5\xaa\xd4\xa9\x36\x7c\x9f\x26\
\x90\xc5\x1b\x81\x5a\x6e\x30\x58\xa4\x6a\xf3\x36\xaf\xef\xb3\x76\
\xac\x68\xd8\x66\xb3\xd9\x9d\x5d\xe4\xc3\xc1\x33\x27\xa5\xe9\xd4\
\x0a\xa5\xbb\x68\xf7\x46\x49\x0c\x68\x52\x1b\xd7\x27\xc0\xdc\xd5\
\x4f\xff\x28\x56\x96\x0b\x1c\x49\x92\x40\xd0\xf7\x6f\xf1\xfc\x37\
\x8d\xe9\x74\x8a\xf1\x78\x8c\xdd\xdd\xdd\xa5\xf6\x5f\xc7\xe0\x7f\
\x99\xca\x5d\xf5\x5b\xba\x32\x78\xd9\x79\xf0\xfd\x8f\x8e\x8e\x90\
\x24\x12\x93\xc9\x04\x8e\xe3\xe6\x2a\x77\x1c\x27\x59\xf6\x1a\x91\
\xc5\x6d\xdb\x70\x1c\x17\x49\x92\x66\x09\x73\x1c\x07\x61\x18\xce\
\xa9\xde\x86\x61\xe4\x9e\x57\x21\x0c\x24\x89\xcc\xaa\x52\x86\xa5\
\xb1\x3b\x55\xce\x6d\x18\x86\x42\x1c\x17\x69\x07\x1d\xc7\x29\xb5\
\x3b\x5e\x91\xd0\x71\x1c\xb8\xae\x9b\x87\xbc\x0c\x87\x69\x41\xa3\
\xd7\xaf\x7f\xc0\x8b\x17\x2f\xe6\xae\xfb\x32\x31\x43\xdf\xbe\xc8\
\xb6\x56\xbd\x5f\x07\x56\x69\x33\xa3\xd1\xe8\x4e\x55\x9e\xac\x83\
\x3e\x49\xa4\xfb\x4e\x24\x9c\xb7\xa1\xa6\xa3\xb5\xa4\x9b\xc0\xdd\
\x43\xba\x5b\x8b\x97\x1f\x57\x4a\xe5\x69\x8d\x9a\x3c\x0b\x5a\x17\
\x06\x83\x01\x3c\xcf\x83\x77\x43\xd9\x4c\xaa\x06\x06\xfd\x73\x3e\
\x50\xe8\x03\x3b\x70\xf5\xd0\x93\x9b\x7c\x9e\xeb\xff\xad\xec\x1e\
\xd4\x1c\xbb\x6a\x50\xa8\xf2\x0c\xd0\xb9\x71\x97\x3f\xb0\x39\x02\
\xbe\x4a\x4c\x77\x22\x25\x4e\x4f\x4f\xd7\xf6\xdb\x4d\x04\x0f\x25\
\xd1\x89\x37\xa5\xd6\x2b\x5c\xf8\x49\x63\x95\x29\x9d\xa8\xf1\x3e\
\x49\x9e\x44\x4a\x13\x48\xa1\x7b\x34\x81\x68\xc3\x80\xb7\x0e\x9c\
\x9d\x9d\xa1\xd3\xe9\xe4\x8a\xeb\x22\xdc\xf4\x58\xc3\x9f\x57\x9d\
\xc7\x51\xb7\xb3\xdc\x2e\x2b\xa5\xe0\xba\x2e\x76\x76\x7a\x88\xc2\
\x28\x9f\x70\x51\x51\x1a\x4e\x78\x28\xac\xa3\xd3\xf1\xf2\xf6\x40\
\xe1\x21\x96\x65\xc1\x71\x1c\x24\x49\x82\x38\x4e\xf2\xf4\xbd\x60\
\x39\xbb\x49\xa5\x04\x8a\x52\xf2\xb4\x40\x8e\xc6\x6b\xea\x4b\xf4\
\x39\x2f\xcc\x04\x14\x6d\x12\x48\x27\x0b\x87\x07\x0f\x10\x45\x11\
\xbe\xfe\xfa\x67\x74\xd5\x4b\x4d\x6e\x17\x91\xf1\xba\xf0\x92\x4d\
\xf5\xe1\x65\xdb\x4c\x14\x45\x77\x36\x5c\x8f\x83\x0b\xaa\xd4\x2e\
\xa8\x4d\xc4\x71\x3c\xe7\x51\x59\xc6\x0b\x7e\x9b\x68\x7e\xaa\x87\
\x4b\xc0\x15\x18\x00\x73\x1d\x93\xcf\x82\xf4\x41\xe4\x2e\x43\x29\
\x85\xd3\xd3\xd3\xb4\xd1\x09\x71\xf9\xbf\x0d\x9f\x8b\xfe\x5a\xdf\
\x56\x37\x40\xac\x72\xec\x4d\x62\x13\xbf\x93\xb6\xc7\xec\xb5\x91\
\x2e\x16\xb9\xec\x5e\xf1\xcf\x74\xe3\xa2\x7f\x77\xe3\xc4\x6e\x99\
\x76\x25\x04\x3e\x7f\xfe\x7c\x67\xc3\x4a\x08\x44\x4c\x00\xe4\xe4\
\x53\x9f\x04\x55\x85\x50\x35\x71\x50\xa8\x22\x6e\x9c\x20\x11\xd9\
\xe6\xd5\x36\x9b\x7a\x2d\x9b\x00\xd9\xd6\x9b\x44\x9d\xda\xbd\x88\
\x58\xd7\x4d\xb8\xf5\xf0\x3c\xfe\x39\x91\xea\x20\x0c\x10\x84\x21\
\xc2\x28\x42\x10\x04\x79\x95\x49\x08\x40\x18\xe9\x3f\xa5\x24\x92\
\x2c\x1c\xc4\xb2\xac\x3c\x47\x77\x1a\x16\x22\x11\x04\x21\xa2\x28\
\xce\x6c\x9c\x01\xcb\xb2\xb3\xac\x26\x69\x78\x89\x6d\x9b\x79\x9a\
\x41\x0a\xcb\x02\x52\x32\xe9\xfb\x7e\xfe\x9e\xa7\x84\xd3\xd3\xf7\
\xd1\x78\x2f\x84\x80\x91\x79\x90\xd2\x49\xc3\x0e\x0e\x0e\x0e\x33\
\x13\x54\x2d\x66\x70\xdb\x59\x17\x42\xa2\x4f\x4e\x9a\x14\x56\x72\
\x72\x72\x72\x2f\xfa\x1c\x29\xd8\x34\x39\xa4\x67\x42\xed\x43\x57\
\xbf\xaf\x2b\xe2\x6d\x1a\xad\x55\xba\xeb\x6e\x2c\x0f\x27\xa1\xfd\
\x0c\xc3\xc8\x33\x9a\xf0\xce\x7d\xd7\x11\x45\x11\xce\xce\xcf\x71\
\xb4\x44\xd1\x9c\x75\x36\xcd\x3a\xd5\x7b\x11\xb1\xd6\xc3\x4f\x9a\
\xd8\x59\x36\x07\x01\xa8\xb2\x76\x5c\xa7\xae\xe8\xaf\xf9\xfb\x3a\
\x92\xbe\x89\x01\x62\x59\xa5\x7b\x3c\x99\xdc\xc9\x6c\x25\x73\x50\
\x45\x15\x5c\x22\x11\xe5\x98\xd5\x02\x85\x00\x70\x1b\x27\xba\x1c\
\x38\xe9\xe0\x03\x1a\x79\x0f\x79\x1a\xc4\xbb\x3e\xa1\xaa\x82\xef\
\xfb\x18\x0c\x06\x38\x38\x38\x58\xb8\xdf\x75\xed\xd8\x2a\x61\x21\
\x9c\x3c\xea\x0b\x2c\xf5\xc5\xbb\x55\xa1\x7e\xf4\xb9\x65\x59\xf0\
\x3c\xb7\xb4\x48\xd2\x0f\x02\x24\x2a\xce\x49\x32\x91\x6c\x44\x40\
\x00\x64\x6b\x18\x4c\x98\xa6\x85\x38\xa6\x6a\xd0\x85\x10\x96\xa6\
\xfe\x4b\x2b\x48\x82\x25\xc9\x94\x32\xce\xd4\x6c\x2b\x57\x2e\x91\
\x1d\x8f\xfa\x0f\xaf\x2e\xad\x5f\x37\x6d\x77\x1c\x47\xb3\x73\xe9\
\xef\x54\x4d\x06\xf5\x6b\xe6\xc7\xd3\xf9\x83\xae\x6a\xdf\x84\x82\
\xba\x4c\x9b\x39\x3f\x3f\xbf\xb3\xd9\x4a\x74\x28\x66\x5b\xc9\xa3\
\xc6\xc9\x77\x29\xbc\x38\xff\x4e\x73\xd7\xee\xb5\x96\x74\x13\x84\
\x10\x90\xaa\xac\x66\xf3\xd8\x43\x3d\xee\xad\x2e\xe1\xfe\x5d\xc5\
\x70\x38\x84\xe7\x79\xb5\x69\x93\xd6\x81\x3a\x52\xcd\x51\xa7\x1a\
\x54\x0d\x18\xba\x8a\xa3\x93\xcc\xdb\x80\xee\x51\x59\x2f\x14\x20\
\x54\x3e\x16\x55\x11\xee\x7c\xcf\x25\xc9\xf8\x8d\xa9\xdc\x0b\x10\
\x45\x11\x4e\x4e\x4e\x36\x7b\x1e\x0d\x81\x42\x39\xa4\xa7\x2a\xb5\
\x15\xd9\x1e\x99\xb7\xfd\xe6\x0e\x0c\x04\x22\x1c\x64\x47\x4d\xd3\
\x44\x10\x04\xb9\x98\xc1\x17\x9b\xdd\x37\xf2\x7d\x7e\x7e\x9e\xaa\
\xaa\xdd\x6e\xed\x3e\x37\xf1\x74\x75\x4f\xae\x4e\xb0\xab\x54\xdb\
\xfc\xfc\x2a\x3c\xc0\xa6\x69\xc2\x75\x3d\x58\x56\x52\x8a\xcf\x16\
\x66\xa1\x3a\x23\xb7\xf9\x80\x80\x40\x18\x86\xb0\x6d\x07\x94\x4f\
\x99\x7e\x17\x48\x15\x49\x6a\x2f\x52\x16\xd9\xc4\x68\x1b\x91\x6b\
\xea\x1f\xd4\x5f\xaa\x42\x9d\xe8\x35\xdf\x56\x35\xfe\x50\xe6\x13\
\x7e\x8f\xaa\xfe\xea\xfb\x2c\x12\x33\x08\x3a\x01\xaf\x3b\xde\x55\
\x71\x59\x9b\x99\x4c\xa7\x77\x3e\x5b\x09\x07\x9f\xf4\x53\x5b\x24\
\x6e\xc7\x6b\xb0\x00\x80\xcc\xbf\x73\x4b\x27\xbb\x04\x5a\x4f\xba\
\x95\x52\x10\x28\x17\x6c\xe0\x0b\x7f\xe8\xe1\xf0\xf0\x93\xa2\xb4\
\xec\xfd\xc0\xc9\xc9\x09\x5c\xd7\x5d\x3d\x8d\xe0\x9a\xc1\x15\x98\
\x2a\x83\xa9\x0f\x14\xf7\x0e\x15\x86\x42\x27\xd4\x3a\xb1\xae\xba\
\x4f\x9b\x1e\x14\x00\xcc\x0d\x8a\x73\xe7\x90\x24\xf8\xf8\xf1\xe3\
\xbd\x7a\x8e\x44\xb0\xb9\x32\x03\x14\xf6\x88\x87\x9d\x34\x99\x6c\
\x97\xce\x4d\x94\xab\x09\xf2\x3e\x4a\xaa\x24\xad\x9f\xa1\xe2\x29\
\xf7\x09\xc7\xc7\xc7\x78\xf9\xf2\x65\x6d\xb5\xca\xeb\xb4\xfe\xcb\
\x3c\x86\x75\x62\x87\xae\x02\xeb\x62\x06\x3f\xbe\x4e\x64\xd3\xf7\
\x0a\x02\x2a\xcd\x3b\x6f\x19\x00\x8a\x10\x0e\xd3\x34\x4a\x99\xc3\
\x0a\x4f\x08\xb5\xf9\xf9\x09\x40\x39\x57\xbd\x05\x68\xf5\x08\x28\
\x6f\x37\x20\xe6\x14\x7a\xfd\x3a\xb9\x72\xcf\xaf\x57\x7f\x9d\x66\
\x61\x09\x2e\x2d\x8e\xa3\xdb\xd5\x3a\xaf\x21\x57\xbc\x37\x69\x57\
\x01\x2c\x64\x8c\x71\x1c\xe3\xf8\xf8\x78\xfd\xbf\xd9\x74\x08\xc0\
\x34\xcc\xfc\x19\xd0\xda\x19\x52\xbe\x05\x89\x40\x2d\x18\x6f\xee\
\x04\xfb\xe4\x9d\x84\x2f\x9c\x54\x4a\x95\x62\x0e\x8b\xd9\xf6\xfd\
\x52\x64\x94\x52\xf8\xf4\xf1\x63\x3a\xf8\x03\x95\xff\xae\x6b\x3c\
\x96\x1d\x18\xaa\x5c\x7d\x55\xbf\xdd\x64\x52\x72\x13\xa8\x52\x5c\
\xf8\xeb\x2a\x55\x46\xff\x5e\xd5\x71\xd6\x78\x82\xb5\x6d\x09\x00\
\x3e\x1d\x1f\x23\x8a\xa2\xf5\xfd\x5e\x0b\x40\xca\x2f\x2d\xee\xd2\
\x89\x45\x3e\x60\x57\x0c\xea\x4d\x42\xe9\x9c\x54\x31\x59\xa6\x70\
\x12\xb2\xa5\xf9\x60\x07\x64\xaf\xd3\xc9\xd6\x7d\x82\x94\x32\x9f\
\x5c\x2e\xea\x0f\x9b\xc6\x32\x76\xb5\xce\xa6\xf0\xcf\x48\xa8\x1a\
\x8d\x86\xf8\xf8\xf1\x03\x3e\x7d\xfc\x88\x30\x08\x20\x93\x04\x86\
\x48\xe3\xa6\x69\x1c\x2d\x13\xfb\xb4\x1a\x2b\x8f\xb1\x06\x8a\xb4\
\x7e\x51\x14\xe5\x8b\x24\x69\x51\x65\xd1\x57\xca\x8a\x7b\xdd\x35\
\xd1\xf9\xf1\xb1\x84\x97\x8d\xa7\xcf\x01\x20\x0c\x43\x9c\x9f\x9f\
\xc3\xf7\xfd\x39\xaf\x5f\x95\x67\xb0\xee\xfe\x2c\xfa\x7c\x53\x58\
\x34\x46\x7f\xcc\xc6\xf1\xfb\x06\x43\x18\xa5\x05\xe8\xdc\xa3\x93\
\x4f\x28\x2b\xc4\xa6\x26\xa2\xe5\xd2\x44\x66\xd2\x94\x96\xba\x8a\
\xc7\xf8\x88\x72\x19\xf8\xfb\xaa\xc8\x84\x51\x84\xe3\xe3\xe3\xb4\
\x4c\x7c\x05\xae\xda\x4c\xaf\x42\x8e\x75\x57\xa7\xae\xa0\x55\xb9\
\x42\x97\x79\x5f\x15\xbf\xd7\x06\x64\xc3\xc5\xdc\x43\xa8\x72\x6b\
\xea\x8a\xa3\xbe\xed\xa6\xc8\x9c\x5a\xf0\xdc\xcf\x3f\x7f\xbe\x17\
\x69\xac\x38\xea\x6c\x4e\xbe\xc8\x8b\x79\x78\x80\xb2\x52\xd7\x34\
\xe4\x9e\x40\x66\x57\x89\x2c\xd1\x75\xea\x45\x7f\x08\xc6\x3d\xc9\
\x60\xc2\x41\x79\xa2\x6f\xb2\x36\x42\x95\xa8\x51\xe5\x49\xa4\xd7\
\x8b\xec\xa7\xae\x82\x4b\x29\xf3\xc5\x8c\xa6\x69\xe6\x84\x19\x00\
\x3a\x9d\x0e\x3a\x9d\xce\x9c\xbd\x06\x8a\x42\x38\x7c\x41\x1b\x65\
\x3d\xd1\x15\xe2\x32\x59\xa6\x85\x72\xf3\xd7\xc8\xaf\x49\x3f\xef\
\xb9\x7d\x01\x48\x99\x40\x40\xc0\x75\x5d\x0c\x06\x83\xb9\x71\xa1\
\x8a\x70\x2f\x52\xb9\x75\x1b\x5b\x85\xb5\xdb\xda\x9a\x6b\x3c\xfe\
\xf4\xe9\xde\xc4\x71\xeb\xa0\xfb\xcf\x27\xfa\xf4\x9e\x27\xcb\xa0\
\x49\x1f\x7d\xde\x44\xb4\x96\x7d\xe6\x6e\xb0\xcc\xad\xa0\x0f\x6a\
\x7c\xe0\xd3\x63\x0d\xef\x9b\xd2\x4d\x98\x4c\x26\xf8\xf4\xe9\x13\
\x9e\x3c\x7e\x7c\xa3\xbf\xbb\xec\x00\xb1\xe8\xf3\xbb\x0e\x7e\x89\
\xcb\x28\xd8\xfa\x67\x55\xca\x4c\xd5\xf1\xd6\x85\xba\x27\x32\x1c\
\x8d\x70\x76\x8f\xe2\x0d\x75\xf0\x81\xa0\x08\xbb\x30\xe7\x56\xd6\
\x4b\x29\x41\x45\x68\x9a\x86\x74\x11\x1a\x00\x21\x20\x0c\xa3\x94\
\xce\x52\x27\x30\xbc\x20\xcb\x7d\x54\xe0\x08\xe3\xf1\x18\xe7\x67\
\x67\x38\x3c\x3c\x5c\xeb\x71\x2f\x0b\x25\xd1\x51\x25\x58\xe8\x95\
\xfb\xaa\xf6\xe1\xdb\xa3\x28\x42\xa7\xd3\xc1\xc1\xc1\x41\x3e\x7e\
\xd2\x78\x9a\xaa\xe0\x23\xb8\xae\x0b\xdb\xb6\x4b\x29\xff\x8a\x94\
\xbc\x45\x48\x52\x1c\x47\xa5\xf3\x20\x82\x4d\xb9\xea\x0d\xa3\x48\
\x21\x48\xd7\x57\xea\x23\x98\x5f\x2f\x50\xa7\xd0\x9b\xc2\x84\x65\
\x99\x80\x90\x78\xf7\xee\x2d\x46\xa3\x61\xe5\xc4\x50\xff\x3e\x9f\
\x10\xd4\x91\xf3\x9b\xb2\xab\x40\xb5\x6d\x3d\x3b\x3b\xc3\x78\x3c\
\xde\xc8\xef\xb5\x01\xbc\x10\x97\x69\x9a\x79\xd8\x30\x4f\x0b\xcd\
\x05\x01\xa0\x99\xb6\x15\x68\x31\xe9\x2e\xa0\xe6\x3a\x29\x11\xb6\
\xe9\x74\x9a\xc7\x58\xf2\xf8\xb3\x38\xbe\x9f\xa4\x1b\x48\x93\xe9\
\x3b\xb6\x8d\x43\x3d\xa3\xc9\x1a\x1a\xe8\x75\x07\x08\x6e\xc4\xda\
\xaa\x5a\x5f\x05\x62\xee\x45\xf9\x5e\xe8\x6a\x36\xff\xbc\x4e\x99\
\xa1\xbf\x55\xc7\x5b\xdf\x89\x97\x9f\xef\x64\x3c\xbe\x9f\xf1\x86\
\x19\x78\x11\x1c\xae\xb8\x24\x49\x92\x97\xa8\xce\xdb\xbc\x10\x50\
\xd7\x8a\xf8\xdd\x0c\xf4\x3e\x28\x94\x82\xc8\x06\x37\x02\x0d\x76\
\x14\x3e\xc4\x89\x8f\x4e\xf0\xee\x13\x3e\x9f\x9d\xc1\x71\x9c\xa5\
\x0b\xe7\x2c\xc2\x3a\x08\x03\xb7\xc3\x3c\xb6\xb9\x4e\xd4\xa0\xed\
\x9e\xe7\xc1\xf7\x7d\x28\xa5\xf2\x92\xef\xb4\x8f\xe3\xd8\x30\x0c\
\x0f\x41\x10\x20\x8e\xe3\xbc\x28\x4d\xd1\x6e\x24\xa4\x2c\x6c\x12\
\xe5\xf2\x26\x90\x12\x2e\xa5\xca\xdf\x53\x8c\x37\x57\xda\x39\x89\
\xa2\x70\x14\x0a\xd1\xe2\x22\x0d\x57\x3e\x05\x0c\x28\x28\xf8\xfe\
\x14\x7f\xf8\xc3\x7f\x80\x08\x7e\xf1\xdb\xf3\xea\x76\x95\x8d\xac\
\xdb\xa7\x4a\x00\xd9\x88\xa0\xa1\x3d\xfb\xd1\x78\x8c\xcf\xf7\x20\
\x1f\xf7\x22\x10\x8f\xa3\x49\x20\xb7\xa5\xf9\x42\x5f\xba\x6f\x0d\
\x25\xdb\x84\xd6\x92\xee\x74\xe0\x2a\xe2\xe6\x69\x06\x44\x65\x60\
\xe3\x38\x46\xa7\xd3\xc9\x53\x05\x72\xf7\x84\x65\xdd\xcf\x41\x81\
\xf0\xf9\xf3\x67\xd8\xb6\x8d\x7e\xbf\x9f\x6f\xbb\x4e\x33\x5d\xe7\
\x00\xc1\x71\x5f\x48\x37\x19\x09\x5d\x51\xa9\x0b\x17\xe1\x83\xd3\
\x22\x32\xae\x7f\x6f\xad\xa7\xac\xbd\xf7\x7d\x1f\x1f\xee\xd9\xc2\
\x49\x1d\x94\xbf\x9a\xa7\x2f\xe3\x99\x19\x38\x39\x35\xc4\x4d\x46\
\xfc\x2e\x8f\xb9\x35\x18\x98\x57\x4a\x01\xae\x6c\x16\xee\x77\x9e\
\x89\xe2\xbe\xe2\xc3\xc7\x8f\xb0\x6d\x1b\x9e\xe7\x6d\xfc\xb7\x16\
\x89\x1c\x55\x6a\x76\x95\xa8\x51\x67\x77\x29\x0e\x9b\x52\x04\x52\
\xb5\x48\x21\xd2\xcf\x29\xc4\x24\x9d\x78\x09\x98\xa6\x82\xeb\x7a\
\x99\xca\x6d\xc2\x34\x8d\x8c\x7c\xcb\x52\xec\x36\x85\xa0\x54\xfd\
\x26\x27\x53\x34\x6e\x53\x7a\x42\x22\xf7\xbc\x1f\x51\x55\xcb\x20\
\x08\x30\x9b\xcd\xe0\xcf\x02\x18\xa6\x01\xd7\xb5\x61\x9a\x16\xf6\
\xf7\xf7\xe7\x42\x60\xf8\xeb\x3a\xdb\x5a\x35\x01\xe0\x82\x86\xfe\
\x9d\x4d\xc2\xf7\x7d\x7c\xf8\xf0\xe1\x46\x7e\xab\xc9\xa0\xb6\xc8\
\xdb\x3a\x79\x10\xa9\x1a\x6a\x5e\x16\xbe\xa1\xb6\x95\xd0\x5a\xd2\
\x0d\x20\x5f\xe4\x53\xe5\xd6\xd4\x95\x3e\x02\xc5\x25\xde\x67\x28\
\x00\x3f\x65\x1d\xf9\x3a\xa5\xe2\x57\xb9\x8f\xab\x0c\x10\x75\x83\
\xc1\x7d\xc2\x32\x21\x23\x75\x9f\x55\xed\xbb\x6e\xf0\xe7\x13\x04\
\x01\xde\xbd\x7f\x7f\xaf\x09\x37\x80\xdc\xed\xa9\x0f\xd0\x96\x65\
\x95\x3c\x10\xf4\xdc\x9a\xda\xc4\xf9\x39\xf2\x67\x4a\xa4\x9a\x0a\
\xa5\xf0\x90\x03\x22\x6a\xf7\x1d\x4a\x29\xbc\x7d\xf7\x0e\xaf\x5e\
\xbe\x5c\x3b\xf1\x5e\xd6\x83\xc8\xcf\x65\xd1\x77\x74\x12\x4e\x90\
\x52\x62\x3c\x1e\x23\x8a\x22\xec\xec\xec\x94\xf2\x22\x8b\x8c\xd0\
\x08\x61\xc2\x71\x2c\xb8\xae\x97\x97\x7e\x47\x56\xfd\x31\x8a\x62\
\x44\x51\xb1\xd0\x0d\x48\x89\xb8\xca\xc3\xa9\xca\xf9\xdf\x39\x91\
\xa6\xd7\xb6\x6d\xe7\x2a\x39\x0f\x13\xcd\xc3\x41\x90\xf6\xb7\x4e\
\xb7\x0b\xc7\x71\x60\x3b\x0e\xba\xdd\x10\xb3\xe9\x14\x8e\x63\xe3\
\xf9\xf3\x17\x79\x78\x4c\x15\xf1\xae\x5a\x5c\x59\x15\x76\x52\x77\
\xaf\x96\xb5\xbd\x57\x01\x9d\xaf\xef\xfb\x78\xfb\xee\xdd\x76\x3c\
\x44\x31\xc9\xe7\xb5\x01\xa8\x9d\xf0\x30\x93\xe2\xb9\x34\x77\x2c\
\x6a\x2d\xe9\x2e\x8c\xbe\x28\x75\xe0\x62\x40\x2b\x2f\x68\xe2\x0f\
\x65\x8b\x14\x3f\x7d\xf8\x00\xc3\x34\xb1\x7b\x03\x39\xbc\x2f\x83\
\x3e\x40\x90\x72\x56\xf7\xbc\xaa\x88\xfa\x2a\xbf\x77\x5b\x58\xb6\
\xfd\x2d\x22\xda\x75\xa9\x02\xf5\xef\xde\x44\x5b\x8f\xa2\x08\x6f\
\xde\xbe\xad\x2c\x60\x71\x9f\xc0\x07\x02\xf2\xa8\x51\x1b\xe6\x29\
\x03\x75\xb2\xdd\x54\x7b\xc4\xfb\xa2\xae\xf0\x71\xbb\xca\x27\x18\
\x96\x65\xa5\x79\x9d\x1b\xbc\x48\xf4\x26\x90\x24\x09\x5e\xbf\x79\
\x83\x2f\x5e\xbd\x5a\x0b\xf1\xbe\x4a\xbf\x5a\x45\xd4\xd0\xdb\xa0\
\x69\x9a\xf9\x79\x27\x49\x02\xdf\xf7\x11\x45\x51\x5e\xfc\x86\xa7\
\x01\xf4\x3c\x2f\x2b\x88\x13\xe7\xd9\x49\x8a\xd0\x90\x62\x51\x6e\
\xba\xad\x20\xbb\xbc\x3d\xd1\x6b\x22\xf6\x74\x1c\x9e\x14\x41\xf7\
\x14\xe5\xe3\xbd\x94\x90\x59\x7f\x93\x89\x81\x30\x0a\xe1\x7a\x2e\
\x8e\x8e\x8e\xe0\x79\x5e\x89\x1c\xeb\x4a\xb9\x1e\x46\xc2\x5f\x2f\
\xab\x8c\x6f\x0a\xbe\xef\xe3\xf5\x9b\x37\x45\x5d\x91\xf4\x66\x6e\
\xfc\x77\x9b\x8a\x38\x8e\x61\xdb\x36\x80\x34\xd4\x84\xd7\x60\xe1\
\xaa\xb7\x69\x1a\x73\xcf\xaf\x69\x68\x2d\xe9\x26\xd0\xec\x99\xc7\
\x50\x56\x55\x95\x32\xb4\xb8\xc4\x2d\x32\x55\xe6\xed\x5b\x7c\xf9\
\xc5\x17\xe8\xed\xec\xac\xe5\x98\xab\xaa\x31\xfa\xbe\x75\xca\xc4\
\x32\x68\x72\x47\xab\x42\x7e\xdd\xd9\x69\x53\x5a\x28\x42\x95\xb1\
\xaf\x8b\x2f\xe4\x7f\x6f\xc4\x0d\x2a\x04\xe2\x28\xc2\xeb\xd7\xaf\
\x11\x47\x51\x3e\x20\xdc\x57\xe2\x4d\xd7\x4d\x2e\xd0\x24\x49\x4a\
\x71\x88\x9c\x44\x90\xeb\xb3\x0d\x0a\x16\x5d\x0f\x9d\x27\x4d\x2c\
\x80\xf2\x44\x57\x8f\x1b\xbe\xef\x48\x92\x04\x3f\xbe\x7e\x8d\x57\
\xaf\x5e\x61\x77\x41\xf1\x9c\x45\xb8\x8e\x27\x51\xc7\x22\xe2\xad\
\x7f\x47\x08\x01\xd7\xf5\xb2\x62\x37\xc8\x17\x48\x1a\x86\x99\x13\
\x6e\x9a\x40\xc6\x71\x0c\xc3\x30\x72\x42\x04\x14\xe3\xaf\x4e\x8c\
\xe8\x33\x0e\xd3\x34\xf3\xfa\x11\x94\x99\x43\xcf\x40\xc1\x49\x79\
\x3e\x8e\x67\x61\x04\x7c\x42\x6b\x99\x06\x5c\xf7\x49\xb6\xcf\xfc\
\xe2\xc9\x45\x84\x5a\xdf\xa7\xea\x73\xfe\x7e\x93\x63\xcd\x6c\x36\
\xc3\xeb\xd7\xaf\xf3\xeb\x04\x90\x2e\x6a\xde\xd8\x2f\x36\x1f\xdc\
\xe3\x11\x04\x01\x5c\xd7\xcd\xa3\x16\xa8\xbd\xd1\x73\x37\xcd\x66\
\x67\x87\x6a\xee\x99\x2d\x01\x3d\xf6\x8a\x06\x04\x8a\x2b\xd4\x53\
\x5c\x35\xf9\x41\xdc\x16\x94\x52\xf8\xf1\xf5\xeb\x6b\xe7\x54\xbe\
\xae\x1a\xa3\x9f\x53\xd5\xeb\xcb\x8e\xd5\x74\x02\xa3\xa3\xb8\x36\
\x05\xa0\xa8\x54\xa8\x2b\x2f\x00\x6a\x15\x9a\xf2\x71\xca\xd8\xe4\
\xfd\x90\x52\xe2\xc7\x1f\x7f\x44\x10\x86\x0d\x76\xe4\xdd\x2c\x28\
\x8c\x44\x77\x87\x57\xb9\xf1\xaf\x3a\xb1\xbc\x49\x90\xdd\x94\xb2\
\xc8\x8f\x4b\x64\x8b\xc7\x79\xb7\x61\xf2\x70\x13\x50\x4a\xa5\x2a\
\x50\xf6\x4c\x93\x24\xc1\xeb\xd7\xaf\x57\x3e\xce\x55\x05\x8b\xa5\
\xce\x6f\x89\xef\x08\x61\xc2\xb2\x1c\x78\x6e\x17\x9e\x47\xff\x3a\
\xf0\x3c\x0f\xdd\x6e\xb7\x94\xb9\x24\x49\x92\x7c\xa1\x23\x85\x83\
\x58\x96\x05\xdb\xb6\xf3\x7d\xf8\xef\x91\x9d\xa6\x38\x6d\x8a\xd5\
\x4e\x95\xf4\x94\xd0\xf3\xd0\x92\xaa\x89\x81\x91\x11\xd0\x82\x6c\
\xa7\xff\x6c\xdb\x81\x6d\xbb\x10\xc2\x04\x29\x19\x7a\xa8\x54\x95\
\xa2\x5d\xf5\x8f\xf6\xb9\x8d\x7e\xfa\xe3\x8f\x3f\x22\x4e\x92\xad\
\x5d\x65\xe0\x13\x31\x60\x3e\x35\xb4\x2e\x00\x34\xd9\xae\xb6\x56\
\xe9\xa6\xce\xc0\x3b\x35\xdd\x70\x7a\x20\xe4\x72\xd0\x67\xd9\x4d\
\xcc\x1a\x70\x9b\x90\x52\xe2\xfc\xfc\x1c\x8f\x1f\x3d\x5a\xf9\xbb\
\xeb\x54\x63\x38\x56\x0d\xc3\x68\x03\x89\x21\x54\x92\x94\x05\x84\
\x7a\xd9\x2a\x68\x37\xe9\x06\x7d\xf3\xe6\x0d\xfc\xac\x1c\xf8\x16\
\x29\x74\xef\x1a\x79\xd8\x88\x3c\xe4\xa9\x03\x55\xd1\x06\x9a\x7a\
\xff\xe8\xdc\x01\xc0\x34\xad\xdc\xae\x52\x18\x09\x11\x2d\xae\xf0\
\xc7\xc9\x36\xa6\x3b\x8f\x26\xcd\xc8\xf7\xa6\x8a\x05\x5d\xd5\xee\
\xd6\xd9\xcb\xf2\xf1\x14\x4c\xa3\xf8\x0e\x65\x1f\xe1\x6d\x9a\x3e\
\x9b\x1b\x5b\x55\x11\x7e\xc4\xbf\xa3\xef\x4f\xdf\x09\xc3\x70\xee\
\x7c\xf4\x6b\x9b\x9b\xb4\x52\xb8\xc5\x82\xe3\x2b\x85\x52\x76\x9d\
\x2a\x45\x5b\x7f\x5f\x17\xc3\x7d\x63\xde\xc3\x0c\xc9\xd6\x23\x3f\
\x07\x1e\x1e\x4c\x71\xdd\x8e\xe3\xcc\xb5\xed\x36\x8c\xff\xad\x25\
\xdd\x1c\x8a\x25\x47\xe7\x1d\xcf\x30\x8c\x52\xa9\xe2\x7c\x90\x68\
\xfe\x73\xb9\x71\x34\xad\xb1\x2e\x3b\xa8\x34\x95\xb4\x5c\x86\xf9\
\xf3\x9e\x1f\x74\x96\x59\xec\xb3\xaa\xfa\xbd\x2e\x84\xf7\xac\xda\
\xe4\x32\xe0\x13\x7c\x22\x1e\xfc\x19\xe6\xcf\x55\xc9\x39\x02\xd2\
\x54\xf0\x36\x46\x0b\x45\xb9\xca\x04\x14\xb6\xd5\xc8\xf2\x2d\x37\
\xff\xaa\x36\x0f\x22\xdf\xeb\xbe\x17\xeb\x52\xc1\xeb\x54\x6f\x8a\
\xbd\x56\x48\x90\x24\x12\x91\x9f\xe4\xe4\x86\xbc\x1c\x9c\x84\x72\
\x02\xce\x73\x27\xeb\x05\x4b\x78\x18\x00\xb7\x4d\x7a\xb1\x13\xde\
\xbe\xca\x0b\xe3\x52\xf0\x50\x13\x1d\x3c\x8b\x4e\x18\x06\x38\x3b\
\x3b\xc3\xa3\x47\x8f\xf2\xd0\x17\xdd\x26\x72\x12\xbd\x28\xe4\xa4\
\xea\xbb\x5b\xdc\x2c\x78\xba\x48\x20\x6d\x6f\x94\xa9\x0e\xa8\x99\
\x98\x35\x14\xad\x25\xdd\x4a\xb1\x99\xbb\xd6\x41\xf9\x82\x0c\xae\
\x76\x1b\xa6\x01\x25\xef\xf7\x2a\xfb\xdc\xc0\xe8\xff\x56\xc4\xa6\
\x5c\xa0\x6d\x20\x22\xeb\xc0\x22\x23\x5e\x47\xae\xab\x06\x83\x2a\
\x05\x66\x3b\x40\xdc\x0e\x38\xd1\xd6\x17\x01\x27\x2c\xc6\xd5\x30\
\x9a\xaf\xca\x70\xe1\x82\xe2\x63\xe9\xba\xe8\xda\x88\x84\x01\x80\
\x61\x1a\x88\xa3\x38\x2f\xc5\xbc\x45\x8a\xdb\x78\xc2\x57\xb5\xa1\
\xf4\x2c\xcf\xcf\xcf\xf1\xe9\xd3\x07\xc4\x71\x8c\xc9\x64\x0a\x40\
\xe0\xe5\xcb\x97\xb0\x6d\x17\xb6\x6d\xc1\xb6\x9d\x3c\x14\x44\x57\
\xcf\x89\x68\xf3\xa2\x34\x4a\x15\xb1\xdf\x9c\xb8\xd3\x76\x3d\xe4\
\x83\x26\xa4\x14\x1e\x5a\x75\x3d\xdc\x9b\x4d\xdf\x25\x5b\x48\x61\
\x5d\xc3\xe1\x70\x2e\xd4\x80\x2b\xda\x7a\x1f\xe4\xb6\x94\xdf\x8f\
\xad\x5d\xbd\x7d\xd0\xc4\xbe\x64\x73\xb4\x3a\x08\x7c\x6d\xc9\x55\
\x38\xcd\x4d\xa1\xb5\xa4\xbb\x58\x5f\x50\xa8\x82\x3c\xbc\x44\x9f\
\x6d\xd3\x03\x93\x62\x1b\xdb\x0d\xdc\xcc\x60\xb0\x6e\x55\xe6\x32\
\x34\xc9\x28\x5e\x69\xd1\xae\xc2\xdc\x00\x54\x45\xce\x96\x09\x35\
\xd9\xe2\xe6\x41\x76\x86\xf2\x74\x9b\x86\x09\x85\x6c\x8d\x09\x79\
\x30\x94\x02\x2d\x89\x52\x2c\xee\xb4\x89\x28\xec\x66\x51\x75\x90\
\x8a\xa5\x90\x70\xc1\x07\x40\x21\xd2\x0a\x96\x5b\xac\x1f\xeb\x6e\
\x23\xfc\x78\x3a\xf1\x9c\xcd\x66\x18\x0e\x47\xe8\x74\x3c\x1c\x1e\
\x3e\x40\xaf\xd7\x83\x6d\xdb\x10\xc2\x40\x1c\x27\x48\x12\x3f\x8f\
\xbd\xe6\xb1\xb6\x7c\xfd\x14\x1d\x97\x87\x6e\x70\x05\x9b\x87\x25\
\x55\x85\x77\xd4\x5d\x33\x0f\xb7\x53\x4a\x21\x0c\xc3\xfc\x77\x89\
\x98\x45\x51\x8c\xd3\xd3\xcf\x38\x39\x39\xa9\xfc\x1e\x50\x6d\x9f\
\x57\x51\xb8\x9b\x1e\x37\x7c\x17\xc1\x27\x60\x54\x8b\x65\xae\xe4\
\x7b\x0b\x9e\x49\x6b\x49\x37\xef\x14\x3c\xac\x44\x77\x5d\x51\xf9\
\x58\x52\xa0\x78\x4c\xda\x7d\x47\x1e\x7f\xb8\xc5\xda\x71\x95\x41\
\x52\xa1\xba\x18\x4e\xfe\xf9\x02\xf2\xbd\x68\xdb\x16\x37\x03\x3e\
\xf0\x9b\xa6\x89\x44\x25\xa0\x52\xef\x29\x69\x11\xac\xcf\xf1\xf8\
\xd3\x66\x3e\x33\xae\xd8\x57\xd9\x56\x1a\xf4\x28\x2c\x60\x6b\x57\
\x6f\x17\xeb\x20\xe6\x4a\x29\x74\xbb\x1d\x78\x9d\x0e\x0e\x1f\x1c\
\xc1\xb1\x9d\x2c\x56\xbf\xc8\x10\x46\x6d\x81\x08\xaf\x65\x59\xa5\
\xaa\x80\x7a\x7c\x2d\xf7\x8e\x10\xf9\xe5\xe7\x5a\xb7\xd6\x47\xaf\
\x40\xc9\xc5\x34\x5d\x91\x8e\xa2\x08\x51\x14\xd2\x11\xf1\xdd\x77\
\xbf\x47\xaf\xd7\xcb\x3d\xdd\x97\xd9\xd5\xcb\x6c\x69\x53\xfb\xe8\
\x7d\x01\xd9\x56\x6e\x63\xc9\x63\xcf\x3d\x2e\x0a\x69\x9a\xca\xa6\
\x0a\x19\x40\x8b\x49\x77\xd5\x4c\x9d\x67\x2f\x21\xb2\xcd\x5d\x5e\
\x34\x48\x34\xf9\x81\xdc\x06\x6e\xd3\x9c\x2c\xf3\x2c\xda\xa8\x2a\
\xac\xd4\xc6\x04\x00\x56\x0a\xb9\x4e\xe1\xa9\x7a\xcf\x07\x8c\xb6\
\xdd\xa3\x3b\x05\x8d\x98\xaa\x4c\xd1\x2e\xdc\xf0\x46\xea\x9e\xcb\
\xed\x11\x1a\x3f\xe3\xe5\xaa\x20\xd9\x56\xba\x1e\x5e\x8d\x92\x04\
\x0d\xcb\xb2\xb6\xe1\x25\x0d\xc7\x32\x76\xa9\xd7\xdb\xc5\xe3\xc7\
\xcf\xa0\x84\x01\xa9\x14\x84\x30\x91\x48\x05\x83\x15\x1b\xe5\x69\
\x03\x89\x80\x03\xc8\x2b\x03\xd2\x38\x4b\xd9\x4d\xb8\xd8\x55\x15\
\x32\x52\x0e\x67\x92\x25\x35\x9b\xb6\xf3\x90\x15\xa0\x68\x9f\x51\
\x14\x41\x4a\x89\xc9\x24\x84\x61\x08\x5c\x5c\x5c\x20\x8a\x02\x3c\
\x7f\xfe\x6d\xed\xe2\x48\x7a\x5f\x15\xc6\xa7\xef\xbb\xb5\xab\xb7\
\x0f\x9e\x0e\x9a\x5e\xdb\xb6\x0d\xc3\x34\x01\x08\xcd\x94\x36\x3b\
\x74\xaf\xb5\xa4\xbb\x0a\xd4\x99\xf9\xaa\x65\x02\xa5\xb8\xba\xac\
\xb0\xc8\x7d\xc5\xf6\x8e\xdc\x2c\xe6\x06\xbf\x8a\xb1\xb0\x2e\xb4\
\x64\x3b\x30\x34\x10\x4c\xad\xd3\xe3\x0e\x53\xc2\x21\x20\x14\xa0\
\x12\x09\xa5\xaa\xe3\xf4\x9b\x00\x3d\xd4\x80\xfe\x72\x12\xa5\x2f\
\x0e\x25\xa1\x23\x8e\xe3\x6d\x78\xc9\x9a\x71\x1b\x02\x91\x61\x18\
\x30\x4c\x03\x61\x14\x23\x0a\x43\x08\xa4\xe9\x30\xa1\x14\x14\x53\
\xb5\x2d\xcb\xca\x73\x6c\x53\x71\x1c\x8a\xc3\xa6\x49\x99\xfe\x4f\
\xcf\x36\x46\x20\x05\x9c\xc7\x78\x23\xfb\x5d\xc7\x71\x4a\x25\xbf\
\xa9\x44\x3c\x17\xd4\x6c\xdb\x46\xbf\xbf\x0b\xc3\x30\x30\x1a\x8d\
\xf0\xe5\x97\x5f\xe2\xc9\x93\xa7\x4b\x2b\xdb\x75\xb6\xf4\x56\xfb\
\xa7\x7e\x8e\x68\x6e\x28\xda\x4d\x80\xc7\x6c\x73\xcf\x8a\x61\x08\
\x40\x2e\x7e\xa6\x4d\x42\x6b\x49\x77\xd5\x0d\xa5\x0e\x4d\xee\x07\
\xda\x46\x31\x88\x34\x20\x6e\x8b\xe4\x6c\xd1\x3c\x54\xe7\x93\x25\
\x54\xa9\x32\x55\xaf\x6f\x15\x74\x1e\xf7\x74\x60\xd0\xc3\x30\xf4\
\xd2\xc5\x0a\x0a\xc2\x28\x52\x9a\x11\x9a\x34\x90\x56\x79\x95\xb8\
\x5d\xe5\x6b\x68\x1c\xc7\x41\x14\x45\xb9\x07\x91\xe7\x55\xde\x62\
\x3d\xa8\xf3\x7c\x6d\x12\x86\x30\x60\x9b\x26\x94\x12\xb0\x84\x01\
\xa9\x24\x4c\xed\xd9\x03\xc8\xc7\x52\x0a\x9d\x22\x41\x8b\x3e\xa7\
\x36\xc3\xdb\x0d\x8d\xcb\x1c\x14\x1e\xc2\xbf\x43\xbf\xc3\x8f\x4b\
\xfb\xa6\x49\x11\xcc\x3c\xbc\xc0\xb2\xac\x54\x34\x12\x00\x94\xc2\
\xf3\xe7\x2f\x21\x84\x82\x69\x16\xa9\x0e\xe9\xef\x65\xc4\xac\x11\
\x76\xb5\xc2\x8e\x2a\xac\x3f\x13\x4e\x9b\x40\xed\x8a\x2a\xa1\xf2\
\x35\x7c\x52\x4a\xc0\x2a\xa7\x0d\xac\x5b\x80\xdb\x04\xb4\x96\x74\
\xf3\xd9\x32\x27\x2a\x44\xac\xa3\x28\x2a\x16\x4f\x32\x77\x97\x52\
\x0a\x52\x6d\x49\x77\x5b\xb0\x28\xe4\xa2\x89\xb8\x8a\x82\x99\x95\
\x7a\x40\x9d\x59\x6d\xec\xc0\xa0\xff\x76\x16\xb3\xdc\x8e\x27\xb5\
\x7e\x50\x05\x4a\xa0\xb0\x4b\x44\x3a\x92\x24\x81\x92\x0a\x32\x91\
\x00\x8a\x52\xf0\x4d\x6c\xd7\x55\x0a\x24\x21\x4d\xc7\x16\xe6\xe1\
\x7a\xa4\x72\xeb\x71\xb6\x5b\xb4\x17\x42\x88\xd4\x26\xc9\xd4\x43\
\x63\x19\x76\xa9\x32\x29\x27\xd3\x44\x98\x39\x41\x06\xca\xe1\x00\
\x3c\x1e\x57\xf7\xd4\x15\x6a\x65\x31\xb1\xa3\x32\xf0\x04\xdd\xc6\
\x91\x37\x25\xe7\x00\xa6\x09\x3b\x53\xbb\x93\x2c\x7f\xbc\x52\x49\
\x9e\x5f\xbc\x0a\x6d\x8a\xe1\xbe\xcf\x36\x15\x48\xaf\x9d\x42\xda\
\x78\x1a\xd6\x52\x98\x5b\x52\x1d\xc1\xd0\xa4\xe7\x48\x68\x2d\xe9\
\xe6\x1d\x98\x77\x70\x72\x7f\xf2\x72\xcc\xbc\x8a\x9a\x94\x32\xcf\
\x1e\xb0\xc5\xed\xe3\x32\x42\xdd\x26\xc2\x7d\x55\xa4\xfc\x55\x66\
\xff\xe6\xd3\x54\xd5\xc5\x6c\x37\xd1\xa0\xdc\x67\xf0\x75\x24\xfa\
\xa2\xc2\x54\x9d\x4b\xdd\xf6\x42\x94\x3f\x6b\xda\x73\x2c\xc5\xd2\
\x8a\xb2\x6d\xa5\x6b\xab\x9a\x0c\x37\xed\x3a\xb6\x98\xc7\x52\xf6\
\x34\x2d\xf7\x08\xd3\x32\x01\x45\xf1\xfc\x80\x61\x88\x7c\x7d\x82\
\x4e\xa6\xf3\xaf\x66\xc4\x9b\xd2\xf5\xea\x39\xba\x75\x05\x92\x3e\
\xa3\x32\xdf\x41\x10\xc0\x66\x25\xbf\x4b\x6a\x26\x83\x9e\x2b\x9e\
\xd2\xc4\x55\xc5\x8e\x2f\x52\xba\xf5\xed\x4d\x0c\xf9\xba\xef\xa0\
\xa7\x41\x84\x9b\xf8\x1c\x71\x3b\x21\x04\x0c\xcb\x84\x21\xe6\x6d\
\x6b\x13\xd1\x5a\xd2\xcd\x3b\x6e\x3e\xf3\xb1\x2c\x18\x99\xab\x93\
\xc7\x86\x51\x87\xe7\x71\x61\x5b\x94\xb1\x89\x05\x50\xeb\x22\xcc\
\xdc\x10\x36\xd9\x6d\xb4\x0a\xe6\x08\x34\x14\x94\xac\x57\xc9\x2f\
\x53\x61\x6e\x7c\xa0\xa8\x3a\x07\xdc\x6f\x45\x06\x28\x67\x53\xe2\
\xa1\x25\x29\x89\x28\x8a\x8f\x34\xb9\x1d\xa7\x59\x56\x32\xdb\xa9\
\x64\x46\xb8\x8c\x92\xda\xc4\x27\x18\xe4\x49\x4c\x92\x04\x32\x1b\
\x08\xb7\xb8\x79\xac\x62\x6f\x17\xed\x2b\x20\xa0\x94\x44\x14\x05\
\x30\x0d\x03\x96\x65\x42\x29\x09\xc3\xb0\xd2\xb5\x09\x42\xc1\x30\
\xcc\xb9\x09\x17\x91\xec\x54\xf8\x4a\x10\x45\x01\x26\x93\x28\x23\
\xe0\x94\x76\x32\x2d\xd1\x1e\x45\x69\xca\xc9\x4e\xc7\x83\x65\xdb\
\x88\x22\x95\x11\x7d\x0b\x09\x85\x12\x18\x06\x5b\x78\xcc\x88\x3a\
\x00\x64\x69\x38\x0b\x33\x64\x40\x41\xe6\x61\x27\x52\x4a\x8c\xc6\
\x63\xec\xef\xef\xe7\xe7\x57\x75\x0f\x9a\xaa\x6e\x6f\x51\x06\x4d\
\xf2\x78\x78\x30\x0f\x5b\x32\x84\x00\x44\x2a\x5e\x71\xdb\xda\x44\
\x1b\xdb\x5a\xd2\x4d\x10\x28\x5c\x5e\x32\x49\x60\x64\x83\x1d\x50\
\x56\x0b\x81\x42\x89\xda\x0e\x0a\xf3\xb8\x6d\x83\xb3\x70\x10\x10\
\xa2\x96\x8c\xb6\x15\xe5\x6b\x49\xab\xf8\x49\x35\x5f\xee\xbd\xa9\
\x03\x43\xd5\x79\x34\xcf\xbc\xdd\x3c\x78\xdc\x2b\xaf\x82\x9b\xb6\
\x6f\x94\x42\xdb\x8a\xd0\xcd\x66\xdd\x39\xa5\x14\x04\x34\x17\x3e\
\x8a\xf6\x48\xc2\x05\x4f\xc3\x9a\x17\xce\xd9\xda\xd6\x12\xd6\xd5\
\x5f\x37\xe5\xf1\xab\x3a\xae\x30\x04\xc2\x30\xc0\xc9\xf1\x27\x00\
\x40\xaf\xd7\x43\xb7\xdb\xcd\x26\x5d\x71\xa6\x34\x96\xd5\x64\xae\
\x78\xa7\xea\xa3\x82\x10\x16\x2c\x2b\x0d\xf5\x0c\x82\x00\xbe\x9f\
\xe6\xf7\xb6\x2c\x1b\x8e\x63\xe7\xea\x36\x85\x0f\x98\xa6\x99\x93\
\x6c\xda\x5e\x3a\x2f\xbe\x78\x52\x29\x48\xa5\xa0\x94\x04\x50\xa8\
\x9b\x79\xe6\x13\x28\x9c\x9d\x9f\xe1\x8b\x57\xaf\x2e\xad\xec\x5b\
\xb7\xed\xb2\xfb\xb6\xc5\xcd\x81\x13\x69\x9e\xca\x34\x15\x53\x53\
\x61\x43\xaa\x22\xb3\x49\x93\x9f\x4f\x6b\x49\x77\x4e\xa8\xc1\x92\
\xe5\x23\xed\x88\xb4\x92\x9e\xdc\x56\xdb\x8a\x7d\x97\x63\xd5\x7b\
\xb2\x2e\x55\xe5\xb2\x7d\x75\xd7\xe5\x9d\x44\x96\x3e\x2e\x6d\xc3\
\xf5\x64\xbb\x11\x0a\x37\xfd\xee\xad\xfc\x6a\xb3\xa1\x97\x29\xd6\
\xbd\x33\x49\x92\x40\x40\x40\x4a\x0a\xcd\x48\xbf\xd7\x34\x7b\x94\
\x9e\x3b\x4f\xd9\x96\xda\x55\x62\x41\xb4\x6e\x06\x80\x36\xf8\x6d\
\x09\x77\x13\x70\x15\x82\xce\xbf\x43\xaf\x3d\xcf\xcb\x3c\x19\x09\
\x46\xa3\x11\x7c\xdf\xc7\xce\xce\x4e\xd6\x3e\xa8\xba\x6a\x41\x72\
\xf8\x31\x52\x55\x3c\x6d\x0f\xa6\xe9\xc0\x71\x3c\xec\xee\xee\x01\
\x28\xd7\xc9\x48\x8f\x61\x66\x76\x2f\xf5\xb8\xe6\x1e\x6a\x50\x36\
\x55\xc5\x26\xae\xb4\x2e\x4b\xe5\x61\x2f\x4a\x91\xc8\x96\xad\x97\
\x00\x30\x9e\x4c\x10\x06\xc1\x5c\x6c\x78\x1b\x42\xf4\xee\x43\x48\
\xe5\xaa\xe0\xa1\x6d\xbc\xca\x38\x79\x0e\x01\xf2\xd0\xdc\xee\x79\
\x2e\x83\xd6\x92\xee\xaa\x34\x44\x42\x15\x0b\x7f\x84\x10\x25\xc2\
\xcd\xb3\x99\xdc\xe7\x32\xf0\x75\x48\xae\x18\x5e\x72\x53\xe4\xbb\
\x2d\xe0\xed\x72\xd1\x3e\xa5\xf7\x28\xf2\x37\x63\xc9\x81\xa1\x11\
\x83\x45\x1a\x27\x51\x5a\x65\xdf\xbe\x27\xb6\x7e\x70\x52\xc1\xcb\
\x54\xa7\x48\x17\xa7\x01\xcd\x9e\x44\xf2\x85\x6d\x10\x22\x63\x44\
\xe5\x05\xa2\xb4\x7e\x86\xdc\xbe\x94\xcb\xbb\xb9\x57\x75\x3b\x58\
\xa7\x2d\xbb\x8a\x0d\x5d\xf5\x3b\x00\xb2\x72\xef\x16\x8e\x8f\x3f\
\xe1\xf4\xf4\x04\x3b\xbd\x1e\x76\x77\xfb\x48\x92\x18\x9e\xd7\x81\
\xe7\x75\x72\xc5\x9b\xc2\x8f\x00\xde\xa6\x69\x46\x99\xfe\x21\x02\
\x9e\x36\x25\x0a\x44\x53\x90\x52\x81\xe8\x35\x8d\xdd\x24\x3e\x64\
\x27\x34\x77\x6e\xb9\xad\x04\x11\x69\xfa\x4c\x42\x49\x89\x30\x8c\
\xf0\xe3\x0f\xdf\xe3\xf0\xe0\xa0\x56\x68\xbb\xaa\xf7\x70\xd3\x76\
\x77\xeb\x41\xac\x07\x5f\xbc\x5b\x8c\xb1\x65\x81\xaa\xc1\x26\x35\
\x47\x6b\x49\x37\xa0\x2f\x80\xa0\x39\x6e\x0a\x52\x96\x80\x42\x81\
\x22\x77\xe8\xb6\x72\xda\x3c\xae\x1b\xe7\xbe\x29\x42\xdd\x64\x62\
\xb2\x0e\x14\x0a\x11\x60\x99\xf3\x71\x92\x55\xfb\x37\x01\x52\x3f\
\x8f\x0a\x02\x7e\xdf\xc0\xed\x0a\x5f\xf0\x43\xa9\xf4\x52\x02\x84\
\x39\xcf\x5b\x13\x51\x22\x35\x52\xe5\x44\x87\x08\x36\x09\x17\x3c\
\x84\xe6\xae\xf7\xd5\xab\x22\x8e\x63\xd8\xb6\xbd\xd6\x63\x5e\x57\
\xcd\x5e\x04\x1a\x3b\xa3\x28\x84\xe7\x39\x38\x7c\x70\x80\xd9\x74\
\x86\x8f\x1f\x3f\xe0\xf4\xe4\x04\x87\x87\x0f\xf0\xe0\xc1\x11\x76\
\x76\x76\xb2\x52\xf0\x05\x8d\x28\xb5\x69\xc5\x7f\xab\x18\xa7\xcb\
\xef\x55\xf6\x9a\x93\xe7\x94\x68\xea\x05\x72\xf8\x82\xca\xdc\x23\
\x88\x34\x9c\x24\x8a\x22\x24\x71\x0c\x28\x85\x8b\x8b\x0b\xfc\xf8\
\xc3\xf7\x78\xf9\xe2\x6f\x2a\xef\x41\xe5\xb9\x5e\x82\x9b\xea\xab\
\x5b\x41\xb0\x1a\x3c\x55\x20\xbd\x87\x02\x04\x5b\x5b\xd0\x96\x10\
\xd4\xd6\x92\x6e\xdd\x1d\x66\x18\x02\xb6\x6d\x21\x8a\x42\xa8\x6c\
\xc5\x35\x29\x34\xdc\x05\xba\x4d\x6d\x55\x0d\xca\x93\x7a\x5d\x6c\
\x52\x89\x69\x43\x87\xba\x0a\x84\x10\x48\xe2\x24\x4b\x27\xb7\x3e\
\xb2\xbd\xc9\xfb\xb5\xed\x43\xf3\xe0\xf6\x88\x88\x76\x92\x24\x08\
\xc2\x00\xdd\x4e\xb7\xb4\x8f\xfe\xba\x49\xd0\x17\x21\x99\xa6\x91\
\xa9\x4c\x69\x5f\xa5\x9a\x07\x40\xd1\x87\x79\x76\x93\x2d\xca\x08\
\xc2\x70\x25\xd2\x7d\x13\x6a\xb6\x1e\xae\xc1\xff\x72\xef\xf1\x4e\
\x6f\x07\x7b\xfb\x7b\x00\x80\xf1\x68\x8a\x8b\x8b\x0b\x1c\x1f\x1f\
\xe3\xe2\xe2\x02\xcf\x9e\x3d\xc7\xfe\xfe\x3e\x1c\xc7\xab\x9e\x74\
\x15\xc2\x74\xe9\xb7\xf5\x73\xe1\x19\xc5\x78\x4e\xee\xa2\xec\x3b\
\x15\xce\x89\xf2\xb6\xa7\x90\x66\x53\x31\x4c\x03\x40\x82\x30\x0c\
\x11\x85\x31\xc6\xa3\x11\x3e\x7e\xfc\x84\xbd\xbd\x7d\xec\xee\xee\
\x96\x7e\xe7\x2a\xe1\xa5\x37\x3d\xe6\x04\x61\x58\x16\x30\xd8\x9a\
\x8a\xfb\x0c\x1e\xae\xc7\xc9\x77\x92\xc4\xb0\xb3\xd4\x90\x55\x62\
\x6a\x13\x39\x43\x6b\x49\x37\xc0\x66\xc5\x99\xd1\x4f\xe3\xc1\x52\
\xc5\x9b\xbb\x3f\x69\x1f\x52\x69\xb6\x84\xa1\x0c\x81\xf5\x91\x6e\
\xc2\x75\x94\x18\xfe\x17\xc0\x9d\xf3\x4e\xe8\x86\x40\xaa\x2c\x7f\
\xb3\x28\x62\x64\xaf\x33\x40\xdc\x84\x0b\x94\xc7\x2f\x6f\x91\x82\
\xc7\x35\xe7\x8b\xb6\x2d\x13\x96\x69\x01\x9a\x0b\x5e\x57\xf0\x9a\
\x84\x79\x35\x90\x16\x50\xa6\x3c\xca\x34\x4d\x84\x61\x38\x17\x46\
\xb3\x8d\xed\xae\x86\xef\xfb\xe8\xed\xec\xac\xfc\xbd\x4d\xaa\xd9\
\xcb\x20\x8a\x12\x18\x86\x02\x60\xc0\xb6\x2c\xf4\xf7\xfa\xd8\xdb\
\xdb\xc3\xe1\xe1\x04\xa7\xa7\xa7\x18\x0c\x06\x30\x4d\x0b\xbb\xbb\
\x94\x99\xa4\x28\xd5\xae\x94\xcc\xc3\xe6\x84\x48\x27\x6d\x51\x14\
\x41\x2a\x95\x65\x9a\x48\xd7\x36\x08\x21\xd2\xe4\x07\x71\x02\xc3\
\x48\x27\xa9\x17\x17\x43\x8c\xc7\x23\xd8\xb6\x03\xdb\x76\x80\x2c\
\x9b\xca\x74\x36\xc6\x64\x32\x06\xa0\x20\x13\x05\xc7\xb1\xe1\xb8\
\x36\xa6\xb3\x31\x86\x17\x17\x08\xfc\x00\x81\x1f\xa0\xd7\xeb\xe1\
\xcb\x9f\x7d\x93\x65\x5d\xb9\xda\x02\xc9\xdb\x22\x6b\x61\x18\xce\
\x6f\x14\x74\x1f\x9b\x65\x27\x6e\x12\x9c\x03\xd0\xb3\x31\x2d\x13\
\xa6\x61\x96\xf8\x82\xfe\xbc\x9b\x78\xcf\x5a\x4d\xba\xcb\xf1\xb3\
\x02\x89\x94\xb0\x2c\x13\x71\x2c\xa0\x58\x23\xa5\x87\x45\x1d\xdf\
\xb2\xac\x7b\xed\x06\x27\xd0\x1d\x50\x48\xdd\x5a\xc9\x06\xd2\x7d\
\x5d\x45\x89\xe1\xb0\x6d\x1b\x17\x17\x17\x95\x24\xaf\x89\xb3\xd8\
\x55\x40\xf7\x24\x0e\x23\xb8\xae\x83\xbd\xbd\x7e\xe3\x14\xed\x2a\
\x54\x0e\x0c\xf7\x1c\x44\x38\x89\x74\xe4\xfd\x28\x23\xdb\x71\x42\
\x29\x4c\xcb\x36\x89\xbe\xdb\x34\x14\xa9\xb8\x0c\x28\x55\x2c\x58\
\x32\x84\x80\x14\x45\xee\x64\xb2\xbf\x94\xa2\xf5\x2e\x4d\x8e\xd7\
\x85\x20\x08\xae\xf5\xfd\x4d\xa8\xd9\x8b\x90\x3e\x43\x2a\x80\xc3\
\x16\xa8\x49\x05\xcb\xb6\x70\x78\x78\x88\x7e\xbf\x8f\xe3\xe3\x13\
\x00\xc0\x70\x38\x84\x94\x12\xbb\xbb\xbb\xe8\x76\xbb\xb9\x4a\x9e\
\xc8\x74\xe2\x69\x59\x2e\x3c\xcf\x4b\x43\x27\x94\xca\x89\x37\xc5\
\xe4\x4a\x99\x60\x32\x1d\xe1\xfd\xfb\x77\x38\x39\xf9\x84\x87\x0f\
\x1f\xc3\xf7\x67\xf8\xf4\xe9\x18\xbb\xbb\x7d\x3c\x3c\x7a\x84\x6e\
\x77\x07\xdd\x4e\x17\x5d\xcf\x05\x84\xc2\x74\xea\xc3\xf7\x7d\x5c\
\x0c\x06\x18\x4f\x86\x98\xcd\x7c\xd8\x96\x85\xe7\x2f\x5e\xc0\xf5\
\x3c\xb8\xae\xbb\x52\x5b\x6c\x4a\x1f\xf4\xaf\xd9\x56\xee\x2a\x4a\
\x02\x45\x36\x51\x93\x89\x44\x82\xa4\xb2\x26\x42\x53\x9e\x67\x15\
\x5a\x4d\xba\x81\xc2\x6d\x64\x18\xa2\xa8\x96\x66\x18\x50\x71\x9c\
\xab\x2f\xf4\x8f\x4a\xd6\xaa\x34\x78\xec\xb6\x4f\xfd\x56\x91\x25\
\xcc\x28\x21\x8c\x22\x74\x56\x20\xdd\xeb\x52\xb3\x17\x1d\x63\x7f\
\x7f\x1f\xa3\xd1\x08\xd3\xe9\x14\xfd\x7e\xbf\xe4\xb9\x68\x7a\xe7\
\x22\x54\x9d\x2b\x85\x1e\x8c\x46\x23\xf8\xc1\x0c\xaf\xbe\x78\x81\
\x47\x8f\x1e\x2d\x75\xbc\xdb\x56\x63\xb6\x03\xc3\x3c\xc8\x25\x4f\
\x25\xd1\x79\x9c\x73\x9c\xc4\xe8\xb8\x5e\xb6\xa7\x6a\x7c\xbb\x2d\
\xc5\x73\x67\xd5\x33\x29\x04\x80\xce\xdd\xb2\xac\x5c\xcd\xdf\xa6\
\x62\x5d\x8c\x75\xf7\x97\xeb\x0a\x19\x55\xc7\xd0\xff\x9a\xa6\x09\
\xdb\xb6\x11\x86\x3e\x92\x24\x81\xe3\x38\xa5\x8a\xab\x96\x65\xe3\
\xc9\x93\x27\xf8\xf4\xe9\x18\xb6\xed\xe0\xed\xdb\xb7\x98\x4c\x26\
\x78\xf1\xe2\x05\x9e\x3e\x7d\x9a\x67\x39\xa1\x09\x19\xf7\xa4\x52\
\x88\x52\x92\xc4\x18\x5c\x0c\xf0\x87\x3f\xfc\x01\x6f\x5e\x7f\x8f\
\xd9\x74\x8c\x3f\xf9\xe5\x1f\xe3\x5f\xff\xcf\xff\x46\xb7\xbb\x83\
\xa3\xa3\x23\x7c\xf5\xe5\x0b\xec\xef\x1d\xc0\x34\x6c\x08\x61\x00\
\x22\xf5\xbc\x1c\x1c\xa4\x21\x06\x83\xc1\x00\xc7\xc7\x06\x76\x7b\
\x12\xa6\x65\x43\x18\x06\x2c\xdb\xcd\x7e\x6f\x7e\x62\x5b\xf7\x77\
\xd9\x7b\xb6\xea\x77\x56\x85\xef\xfb\x1b\x3b\x76\xdb\x41\x93\x7c\
\xa5\x54\x2e\x9a\x1a\xa6\x51\xb2\x3b\x6d\x98\xf4\xb7\x9e\x74\x03\
\x85\xca\x44\x03\x43\x1c\x47\x59\x29\xf8\x70\x2e\x5b\x49\x5b\x82\
\xed\x37\x85\x3c\x16\xb3\xe2\xb3\xf1\x78\x8c\x8e\xe7\x55\x7c\xb2\
\x18\x9b\x1c\x04\xf6\xf6\xf6\xf0\xcd\x37\xdf\xe0\xc7\x1f\x7f\xc4\
\x68\x34\xc2\x6c\x36\xdb\x98\x2a\xbf\x29\xf0\x58\x34\x52\x08\x83\
\x20\xc0\xe7\xcf\x9f\xf1\xe9\xd3\x27\x3c\x7a\xf4\x08\xbf\xfe\xf5\
\xaf\xe1\x79\x5e\x65\x68\xc9\x6d\x93\x6c\x1d\xe3\xf1\xf8\xb6\x4f\
\xa1\x91\x20\x85\x9b\xc7\x1c\x5a\x96\x0d\x25\x65\x1e\x42\xc4\x15\
\xe2\xa6\xe2\xb2\xcc\x3b\xd4\x46\x69\xe2\xc8\xff\x6e\x31\x8f\xc9\
\x74\x5a\x84\x55\x6c\x00\x57\x51\xb3\x2f\x3d\x9e\x21\x70\x31\x1c\
\x60\x36\x99\x20\x8e\x63\xf4\xfb\x7d\x1c\x1e\x1e\x42\x98\x26\x64\
\x12\x67\x59\x47\x80\x47\x8f\x1e\xe0\x3f\xbe\xfb\x0e\xc1\x6c\x88\
\x87\x87\xfb\x78\x78\xb4\x8f\x4f\x9f\x3e\xe1\x7c\x30\xc4\xc3\xa3\
\x43\xec\xed\xed\xa1\xd3\xe9\xc0\xf7\x53\xf2\x3e\x9d\x4e\x31\x9b\
\xf9\x18\x8f\x47\x18\x8f\x47\x18\x8d\x86\xe9\x6f\x4a\x60\x36\x0b\
\x30\x1e\x4f\xf1\xf3\x9f\xfd\x1c\x0f\x1f\x3e\x84\x6d\x3b\x70\xdc\
\x0e\x20\x4c\x08\xcb\x86\x30\x6c\x18\xa6\x89\x30\xf4\xa1\xe2\x08\
\xe7\x83\x73\x9c\x9c\x9e\x62\x3a\xf5\x21\x84\x80\x6d\x38\xd8\xef\
\xef\x21\x0e\x03\xa8\x44\x96\x26\x09\x57\xbd\x0f\xfc\xef\x4d\x60\
\x3c\x99\xdc\xd8\x6f\xb5\x09\x7a\xd6\x24\x93\xaa\x96\x4a\x55\x5a\
\x07\xa0\xa3\x29\x63\x26\x47\xab\x49\x37\x19\x17\x9e\xde\x4a\x18\
\x80\x6d\xd9\xd9\x82\x0b\x23\xcf\xd7\x4d\xf9\x1d\x9b\xf8\x10\x9a\
\x82\xd1\x78\x8c\x87\x47\x47\xd7\x3e\xce\x3a\x07\x01\xcb\xb2\xf0\
\x97\x7f\xf9\x97\x98\x4e\xa7\xf8\x97\x7f\xf9\x17\x9c\x9e\x9e\xe2\
\xec\xec\x0c\xdd\x6e\x17\x9e\xe7\x55\x66\x5d\x59\xf4\x8c\x2f\xfb\
\xac\xea\x5c\xab\xce\x7d\xd5\x76\x44\xea\x0e\x90\xce\xd8\x67\xb3\
\x19\x2e\x2e\x2e\x20\x84\xc0\x5f\xfc\xc5\x5f\xe0\xd9\xb3\x67\x6b\
\x1d\x20\x36\xd9\xce\x87\xa3\xd1\xc6\x8e\xdd\x66\x90\xca\x92\x17\
\x8a\x31\x0c\x28\x25\xf3\x6a\x7c\xa6\x55\x8e\x3f\x24\x34\x91\xac\
\xd2\x79\xe6\x83\x9d\x69\x20\x0d\xd1\x2d\x72\x8e\x73\xa2\x4d\x61\
\x35\x5b\x94\x21\x00\xc8\x24\xc1\x74\x32\x41\xaf\xd7\x5b\xfa\x7b\
\x37\xa1\x66\x2f\xb2\xd3\x8e\x9d\x2a\xdb\xa3\x38\xc6\x64\x32\x81\
\xef\xfb\x98\x4c\x26\x18\x8f\xc7\x18\x8d\x46\xb0\x6d\x0b\xd3\xe9\
\x14\x9f\x3f\x7f\x86\x21\x25\xa2\x30\xc0\xf0\xf0\x10\x10\xc0\x57\
\x5f\xff\x1c\xb6\x65\xe3\xf5\x9b\xd7\xf8\xf0\xe1\x03\x00\xa0\xdf\
\xef\x63\x34\x1a\xa1\xdf\xdf\xc5\xe7\xcf\xa7\xb0\x2c\x0b\x7b\x7b\
\x7b\xd8\xdd\xdd\xc5\x60\x30\x80\xef\x07\xf8\xc5\x2f\x7e\x81\xdd\
\xdd\x1e\xce\x4f\x3f\x23\x98\xce\x10\x25\x31\x20\x0c\x74\xbb\x3d\
\xf4\x76\xfb\xe8\xf5\xfb\x70\x6c\x07\x71\x92\xe0\x62\x70\x01\xdf\
\xf7\x11\x45\x11\xba\x9d\x1e\x7a\xbd\x1e\x0c\xd7\x05\x00\xec\x3d\
\x38\x42\xcf\xf3\xb2\x78\xf0\xe5\xee\x53\xd5\xdf\x9b\xc6\x6c\x36\
\xdb\x4e\x5e\x6b\x40\xfc\x4e\x29\x05\x33\xe3\x7b\xcb\x10\xed\x26\
\xde\xcb\x56\x93\x6e\x82\x52\x69\xb2\x40\x25\xd3\x98\x49\x21\x44\
\x9e\x64\x9f\xab\xa1\xbc\x92\xd1\x16\xf3\xd8\xf4\x2c\xfb\xaa\x83\
\x40\xaf\xd7\xc3\xdf\xfe\xed\xdf\xc2\x30\x0c\xfc\xfb\xbf\xff\x3b\
\x3e\x7c\xf8\x00\xc7\x71\xb0\xb3\xb3\x03\x29\x25\x7c\xdf\xcf\x27\
\x57\xab\x3c\xdb\x65\xc8\xf5\x65\xd7\x53\x07\xf2\xbc\xc4\x71\x8c\
\x30\x0c\x11\x04\x01\xa2\x28\x5d\x7d\xef\xfb\x3e\x94\x52\x78\xfe\
\xfc\x39\x7e\xf9\xcb\x5f\xe2\xf1\xe3\xc7\x4b\x87\x1c\xdc\xf6\x00\
\x41\xd7\xd2\x44\x63\x76\xdb\xd0\x9f\x61\x1c\xc7\x59\x18\x86\x84\
\xeb\xd4\xdb\x9d\xa6\xd9\xa3\xaa\xf3\x51\xb2\xbc\xa8\x99\x2f\x6a\
\xda\x2e\x4c\x2f\x63\x3e\x51\x5e\x6a\x5b\x57\x21\xdd\x3a\xd6\xad\
\x66\x5f\x76\xfc\x34\xb4\x24\xc4\xef\x7e\xf7\xbb\x74\x21\x68\xaf\
\x07\xcb\x32\xf1\xe0\xc1\x03\xec\xef\xef\x65\xf9\xba\x1d\x3c\x38\
\x38\x40\xe2\x07\x98\x8c\x86\x08\xc2\x19\xfe\xed\xb7\xff\x8a\xdf\
\xfe\xf6\xdf\xf1\xe2\xe5\x97\xd9\x62\x5b\x81\xd3\x93\x53\xf4\x7a\
\x3b\x30\x04\x30\x1a\x5d\x40\xa9\x04\xbe\x1f\x40\xaa\x04\x0f\x1e\
\x3c\xc0\xcb\x57\x2f\x21\x04\x70\x72\x7a\x8a\xb3\xf3\xcf\xb0\x94\
\xc0\xf7\xdf\x7f\x8f\xdd\x5e\x0f\x0a\x0a\xdd\x9d\x1e\x5c\xcf\x43\
\xb7\xd7\xc3\x83\xa3\x23\xec\xec\xec\x62\x7f\x7f\x1f\xe3\xf1\x18\
\x52\x4a\x78\x5e\x07\xae\xeb\x41\x58\x16\x84\x61\xc0\x40\x7a\xfe\
\x96\x55\xce\x91\x7f\xdb\xb6\xf3\x32\x6c\x55\xee\x7a\xe8\x6b\x48\
\xa8\x22\x6e\xb1\x36\x20\xc5\xba\xfb\xc5\x26\xd0\x6a\xd2\x5d\x1a\
\xe4\x84\x80\xc8\x8a\x4e\x24\x71\x92\xa5\x14\x32\xe6\x1e\xc2\x76\
\x80\xa8\x47\x92\x24\x98\xcd\x66\xe8\x74\x3a\x4b\x7f\x67\x53\x83\
\x80\x8e\x5e\xaf\x87\xbf\xf9\x9b\xbf\x41\x14\x45\xf8\xfd\xef\x7f\
\x0f\x21\x04\xf6\xf7\xf7\x61\x18\x06\x46\xa3\x11\xc6\xe3\x71\xae\
\x7c\xf0\xb4\x90\x3c\x1b\x88\x1e\xba\xc1\x8d\x6e\x55\xd8\xd1\xa2\
\x7d\xf4\xed\x94\x32\x8d\x4a\x1e\x07\x41\x80\xd9\x6c\x86\xc9\x64\
\x82\xc9\x64\x82\xe9\x74\x8a\x30\x0c\xe1\xfb\x3e\x66\xb3\x19\xbe\
\xfa\xea\x2b\xfc\xea\x57\xbf\xc2\xc3\x87\x0f\x4b\xed\xb8\xe9\x03\
\x04\x1f\x18\x04\xfb\xb7\x45\x11\x73\x68\x66\xf9\xd6\xad\x2c\x95\
\x95\x30\x0c\xad\xfc\x7b\x33\x9e\x65\x1d\xb8\xc2\x4d\x2e\xdd\x3c\
\x2c\x4d\xa9\xd2\xe0\x47\xfb\xdf\xb5\x0c\x43\x57\x81\x00\xd2\x7c\
\xe6\x15\x9f\x8d\x26\x13\x3c\xd9\xc0\x6f\x5e\x55\xc8\xb8\xcc\x6e\
\xdb\xb6\x0d\xc7\xb6\xb0\xd3\x71\xf1\xfc\xe9\x63\x74\x3a\x9d\x54\
\x79\x06\x10\xc7\x01\xe2\x38\x41\x10\x04\xd8\xeb\xef\xc3\xe9\xef\
\x02\x86\x01\xd3\x77\x31\x0a\x02\x0c\x47\x17\xf8\xe1\x87\xef\xd0\
\xe9\x74\x31\x1a\x8d\x21\x63\x1f\x17\x67\x27\xe8\x74\x3a\xb0\x1c\
\x1b\xae\x6d\x42\x2a\x05\xaf\xdb\x41\x18\x05\xf0\xba\x2e\x8e\x1e\
\x3f\x42\x18\x47\xf8\xe9\xdd\x3b\x74\x5d\x07\x0f\x1f\x3f\x82\x4c\
\x12\x44\x51\x80\x20\x98\x42\xaa\x04\x96\x63\x03\x4a\xc0\x72\x5c\
\x04\x51\x08\xdb\x36\x20\x13\x20\x08\x7c\xc4\x71\x02\x40\xc1\xb1\
\x6d\x28\xc7\x81\x7d\xd8\x5f\xcb\x78\x74\x93\x76\x78\x34\x1e\x6f\
\x6d\x6a\x0d\xc8\xbe\x10\xe1\x36\x4d\x33\x5d\xbb\x87\xea\x71\xba\
\xea\x75\x53\xd0\x6a\xd2\xcd\x0d\x46\x71\xe3\xd3\x78\x34\x43\x19\
\x48\x92\x18\xb4\x0a\x1b\x40\x3e\x3b\xda\x66\x5f\xa8\x86\x00\x70\
\x7c\x7a\x8a\x2f\x5e\xbe\xbc\xf2\x31\xd6\x35\x08\x54\xfd\xdd\xdd\
\xdd\xc5\xdf\xfd\xdd\xdf\x61\x32\x99\xe0\x3f\xff\xf3\x3f\x71\x78\
\x78\x88\x5e\xaf\x07\xdf\xf7\xf3\x78\x6f\xae\x28\x53\x27\x8d\xe3\
\x38\x8f\x03\x27\x72\x9c\x24\x49\x69\x3b\x11\xe6\x38\x5b\x80\x4b\
\xfb\xd1\x5f\xda\x97\xfe\x09\x21\x72\x62\x2d\xa5\x44\x18\x86\xb9\
\xeb\x75\x38\x1c\xe6\xff\x68\x42\x40\x8b\x41\x07\x83\x01\x9e\x3e\
\x7d\x8a\xbf\xfe\xeb\xbf\x5e\x7a\xe1\xe4\x2a\xf7\x9e\xff\xdd\x04\
\x3e\x9f\x9f\xcf\xe7\x91\x15\x97\x57\xe1\xbc\x0f\x20\xc2\xcd\xc3\
\x94\x0c\xc3\x80\xc9\x54\x61\x4e\x54\x9b\x7a\xbf\xf4\x30\xab\x34\
\x84\x2b\x4b\xd3\x65\x98\x99\x0b\xbc\x9c\x86\x55\x29\x95\xf7\x97\
\xb6\xac\xb5\x58\x3b\x84\xa8\x5d\xa0\x3f\x1e\x8f\x11\x84\x21\x5c\
\x67\xb9\x90\x07\xe0\xe6\x54\xbb\x2a\x5b\x6b\x18\x06\x9e\xbf\x78\
\x81\xf7\x6f\xdf\x20\x0c\xfc\x34\x34\x4a\x80\xb5\x09\x09\xd7\xf5\
\x90\x48\xc0\xf5\x1c\x3c\x7a\xd2\xc7\xe8\x62\x08\x3f\x8e\xa1\x84\
\x91\x87\xcf\x29\xa5\x60\xda\x16\x2c\xdb\x81\x54\x0a\x93\xf1\x18\
\x0a\x2a\xbb\x1f\x11\x0c\xc3\xc4\xd1\xd1\x11\x0e\x1e\x1c\xc1\x36\
\x1d\x38\x96\x83\xe9\x68\x8c\x28\x08\xe0\x38\x2e\x6c\xd7\x81\x92\
\x09\x20\x2c\xec\xec\xf4\x61\x3a\x0e\xa2\x38\x01\x94\x42\x1c\x47\
\x48\xa2\x18\x12\x06\xa6\x53\x1f\x71\x1c\xa1\xe3\xb9\xd8\xdb\xeb\
\xc3\xc9\xee\xf3\xb2\x62\xc6\x6d\x8b\x1c\x71\x1c\xa7\x61\x7b\x64\
\x53\xb1\x25\xdf\x04\xba\x07\x73\xeb\x61\xa4\x02\xcc\xb2\x2d\xe5\
\xe1\xc6\xf4\xbe\x69\x68\x35\xe9\xae\x1a\xc0\x84\x28\x08\x36\xc5\
\x74\x53\xf0\x3d\x2d\x70\x5a\x77\x75\xb0\x36\x43\x77\x85\x0e\x06\
\x03\xbc\x7c\xfe\xbc\x51\xaa\x15\x1f\x0c\xfa\xfd\x3e\x7e\xf3\x9b\
\xdf\xe0\x1f\xff\xf1\x1f\xf1\x4f\xff\xf4\x4f\x78\xf5\xea\x15\x76\
\x77\x77\x71\x71\x71\x91\x13\xef\x30\x0c\x4b\x9d\x93\x54\x47\x0a\
\x8d\xb0\x2c\x0b\xa6\x69\xc2\x75\x5d\xcc\x66\x33\x4c\xa7\x53\xb8\
\xae\x5b\x28\x93\xd9\x6c\x9a\x16\x3c\xfa\xbe\x3f\x17\x22\x62\x59\
\x16\x06\x83\x41\xbe\x9f\xef\xfb\x98\x4e\xa7\x18\x8f\xc7\x39\xd9\
\x3e\x3b\x3b\xcb\xcf\x6b\x30\x18\xe0\xec\xec\x0c\x8f\x1f\x3f\xc6\
\xdf\xff\xfd\xdf\xe3\xe1\xc3\x87\xa5\xeb\x5b\xc7\xdf\x4d\x83\x26\
\x16\x4d\x34\x64\x4d\x00\x5f\x50\x48\x0b\x2a\x69\xd2\xe7\x38\x4e\
\x69\x81\x65\x95\x67\xa5\x29\xd0\x07\xb1\xf4\x5f\x36\x71\x80\xca\
\xaf\x31\x5f\xbc\x2e\x8a\x82\x2a\x4d\xb2\x1b\x4d\xc3\xd9\xf9\x39\
\x9e\x3e\x7e\xbc\xf2\xf7\x36\x29\x64\xe8\x7d\x99\x7f\x76\x70\xf0\
\x00\x4f\x9f\x3e\xc3\x9b\xb7\xaf\x61\xd9\x76\x9a\xaa\x2d\x13\x24\
\x6c\x25\xb0\xb7\x77\x00\xcf\x75\x31\x99\x4e\x70\x31\x1e\x63\x16\
\x06\x48\xa0\x20\x15\x30\x9d\xce\x30\x1e\x0d\x11\xc7\x11\x00\x13\
\x67\xa7\x67\xd9\x9a\x06\x09\xaf\xe3\x21\x0c\x43\x58\x96\x0d\xd3\
\x34\x71\x7a\x72\x82\xd3\xd3\xcf\x88\xc2\x28\x4d\x9f\x6a\x01\x81\
\x9f\x40\x49\x09\x18\x26\x7a\xbd\x1e\xf6\x1f\x1c\xc1\xb0\x5d\xf8\
\x41\x8c\x38\x99\xc2\x75\x6c\xf4\x76\xfb\x08\xfd\x10\x41\x18\x22\
\x0a\x23\x00\xe9\x64\xa1\xd3\xe9\xb4\x6e\xe2\x77\x36\x18\x94\x9f\
\xc7\x56\xd0\xc8\x41\x56\x92\x6c\xa6\xe3\x38\x25\xe5\x5b\x17\x5e\
\x79\xc8\x5b\x13\x6d\x6c\xab\x49\x77\x3e\x70\xa9\x22\x87\x63\xc9\
\x1d\x2a\xd2\x94\x32\x94\xea\x8a\x62\x7e\xb7\x03\x43\x7d\x16\x13\
\xa9\x14\xce\x07\x03\x3c\x38\x3c\x5c\xfa\x58\x37\x3d\x28\x1c\x1e\
\x1e\xe2\xaf\xfe\xea\xaf\xf0\xdb\xdf\xfe\x16\x27\x27\x27\x38\x3e\
\x3e\x46\x14\x45\x79\xe8\x46\x10\x04\x25\x05\x2e\x57\x1c\x4d\x13\
\x56\xb6\xea\x99\xe2\x16\x1d\xc7\xc9\x09\x11\x90\x12\x4b\x6a\x2b\
\x49\x92\xe4\x64\x9b\xfe\x91\xd2\x6d\x9a\xe9\x60\x40\x4a\x79\x10\
\x04\x98\x4e\xa7\x25\x82\x7d\x71\x71\x81\xf3\xf3\x73\x1c\x1f\x1f\
\x03\x00\xbe\xfd\xf6\x5b\xfc\xe6\x37\xbf\xc1\xd7\x5f\x7f\x5d\x32\
\x14\x6d\xc1\xe7\xf3\xf3\xdb\x3e\x85\x46\x43\x69\x76\x08\x02\x50\
\x4a\xa6\x19\x4c\xb4\xb0\x8c\x26\x93\x6e\xa0\xdc\x2e\xcb\x61\x7a\
\x2a\xcd\xdd\x8d\x62\xbd\x4c\xd3\xaf\xa5\x09\x10\x00\xce\xcf\xce\
\xae\x44\xba\x37\x81\x45\xb6\x96\x5e\x5b\xa6\x85\x6f\xbe\xfd\x05\
\x60\x08\x1c\x1f\x1f\xe3\xc1\xe1\x21\x66\xbe\x8f\x44\x09\xf4\xf7\
\xba\xb0\x2d\x1b\xe7\x67\x67\x88\x93\x08\x9d\x9d\x1e\xbc\xde\x2e\
\x84\x69\x60\x36\x9d\xc1\xf3\x5c\xc4\x91\x8b\xc0\x07\x64\xa2\x20\
\x65\x8c\x28\x88\x20\x4c\x13\x81\xef\xe7\xbf\xd9\xe9\x74\x60\x59\
\x16\x86\xa3\x21\x64\x22\x61\x5a\x06\xbc\xdd\x5d\x78\x9e\x87\x7e\
\x7f\x17\x07\x07\x0f\x71\x78\xf4\x10\xbd\xbd\x03\x08\xd3\xc2\xc5\
\xc5\x00\xd3\xe9\x04\xa3\x8b\x10\xd3\xd9\x2e\x0e\xf6\x0f\xb1\xb3\
\xe3\x00\x0a\x70\x5d\x07\xbd\x9d\x1e\x0e\x0f\x0f\x4a\x6b\xb7\xd6\
\xfd\x77\x13\xf8\x7c\x76\xb6\xb1\x63\xdf\x15\x10\xd1\x4e\x92\x38\
\x13\x01\xca\xa1\xa2\x7a\x48\x1c\xb0\x55\xba\x37\x02\x41\xb3\xc1\
\x7c\x8b\xca\x49\x11\xfd\x0d\x83\x90\x29\x36\xe2\xde\xc7\x75\xf3\
\x18\xe2\x2a\x9c\x7e\xfe\xbc\x12\xe9\xde\x04\x16\x0d\x0a\x42\x08\
\x7c\xf3\xcd\x37\xf8\x87\x7f\xf8\x07\xfc\xf3\x3f\xff\x73\xde\xd1\
\xde\xbe\x7d\x8b\x1f\x7f\xfc\x31\x27\xc6\x3c\x63\x8d\x4e\xba\x0d\
\xc3\x80\xe3\x38\x70\x5d\x37\x57\xb9\x4d\xd3\x04\x4f\x81\x46\x61\
\x23\xfc\x5f\x14\x45\x88\xa2\x34\x25\xe5\xf9\xf9\x79\xae\x7e\x4f\
\x26\x93\x52\x38\xc9\xf1\xf1\x31\xce\xcf\xcf\x11\x45\x11\x1e\x3f\
\x7e\x8c\x2f\xbf\xfc\x12\xbf\xfe\xf5\xaf\xf1\xed\xb7\xdf\x56\x66\
\x7a\x68\xfa\xc0\xa0\x94\xc2\xe7\xcf\x9f\xb7\x2e\xcf\x1a\xd0\x7d\
\xa7\xc1\x3e\x5d\xe4\x63\x20\x8a\x23\x58\x66\xf1\x19\x8f\x7f\x6e\
\xb2\x0b\x14\x60\x7d\x30\xb7\x97\x0a\x4a\xa5\x42\x86\x82\x82\x92\
\x85\xb2\x44\x7d\x67\x8b\x32\x78\x01\xb2\x20\x0c\x31\x99\x4e\xb1\
\xd3\xed\x2e\xfd\xfd\x9b\x56\xb7\x75\xe2\xdd\xef\xef\xe1\xeb\xaf\
\xbf\xc5\xe7\xcf\x03\x9c\x9e\x7e\x86\xeb\x75\xb0\xdb\xdf\x47\x6f\
\xb7\x87\xd7\xdf\xff\x88\xd9\x6c\x86\x57\x5f\x7d\x03\xc7\xeb\x60\
\xff\xe0\x01\x4e\x7b\x1f\xf0\xe4\xc9\x4b\xcc\xa6\x63\x8c\x47\x43\
\x8c\x27\x13\x8c\x2e\x06\xf8\xf4\xf1\x03\x06\x17\x03\x28\x29\x61\
\x08\x01\xdb\xb2\x71\x78\x74\x84\x6f\x7f\xfe\x0b\x7c\xfc\xf8\x11\
\xa6\x6d\xe1\xe8\xe8\x08\x2f\x5e\xbc\x82\xd7\x3b\x80\x65\xa5\xa2\
\x86\x69\x58\x90\x4a\xc0\xf6\xbc\x34\x5e\xde\x50\xf8\xe1\xe4\x18\
\x5f\xbe\x7c\x89\x28\x91\x18\x8d\x27\xe8\xb8\x2e\x0e\x0e\x0e\x61\
\x08\x60\x77\x77\xf7\x5a\x0b\x56\x6f\x03\xb3\xd9\x0c\xfe\x6c\xb6\
\x2d\xd8\xb7\x00\x5c\xac\x30\x0c\xaa\x7e\x0b\x08\x51\x64\xa6\xe3\
\xfb\xd2\xdf\x26\x8a\x01\xad\x25\xdd\xba\x62\x54\x04\xd4\xa3\xe4\
\xc6\x8d\x33\x82\x44\x37\x3f\x49\x92\x4c\x85\xda\x36\xf0\x3a\x4c\
\xb2\x30\x89\x4d\x18\xaf\x75\x0c\x0a\xe4\x62\xfa\xf3\x3f\xff\x73\
\xec\xee\xee\xe2\xf5\xeb\xd7\x50\x4a\xe1\xd5\xab\x57\x78\xf1\xe2\
\x05\x7e\xff\xfb\xdf\xe3\xf5\xeb\xd7\xf9\xea\x76\x00\x79\x26\x11\
\x8a\xcf\x0e\xc3\xb0\x14\xb3\x1d\x45\x11\xc2\x30\x84\xe7\x79\x39\
\xe9\xe6\xfb\xd2\xe7\xf4\x0f\x48\x55\x71\xdb\xb6\x91\x24\x49\x1e\
\x57\x7e\x7e\x7e\x8e\xc9\x64\x02\x21\x04\x1e\x3e\x7c\x88\xa3\xa3\
\x23\x3c\x7f\xfe\x1c\x7f\xfa\xa7\x7f\x8a\x57\xaf\x5e\x95\x08\xf7\
\x4d\x28\x28\xeb\xc2\xd9\xf9\x39\xa2\x2c\x96\x9d\x26\xb9\x5b\x02\
\x5e\x80\x4f\xe8\x49\x11\x8e\xe3\x38\xcd\x15\x0c\x94\xc8\x0c\xf7\
\xb4\x35\x75\x60\xa0\xf3\x95\x52\x96\x6c\x2b\x6d\x8f\xa3\x38\x2f\
\x48\x46\xe7\x7f\xdf\xc5\x0c\x02\x2d\xa8\x04\xe6\x3d\x89\x3f\x7d\
\xf8\x80\x6f\xbf\xf9\xe6\xa6\x4f\x29\x3d\x97\x15\x6c\x2d\x7f\xbd\
\xb7\xb7\x8f\xff\xfe\xdf\xff\x2f\xfc\x9f\x7f\xfd\x7f\xe1\x79\x1d\
\x38\x8e\x83\xe1\xc5\x00\x67\x67\x9f\xf1\xea\xd5\x57\x78\xf2\xf4\
\x15\x2c\xc7\xc3\x68\x32\x41\x6f\xef\x08\x71\x14\xe0\xe0\xc1\x23\
\x40\x49\xd8\xb6\x05\xcf\xb3\x10\xce\xa6\xf8\x5f\xff\xfb\x7f\xe1\
\xdd\x9b\xd7\x38\xd8\xdf\x87\xeb\x79\x30\x4c\x07\x5f\x7f\xfd\x73\
\x00\x16\xec\xc1\x31\xfe\xef\xff\xf9\x3f\xf1\xf8\xf1\x33\x0c\x03\
\x85\xc1\xe0\x02\xb3\x99\x0f\x43\x00\xae\xeb\xe2\xd3\xa7\x63\xcc\
\xa6\x63\x1c\xec\xa5\x2a\xf8\x0f\x3f\x7c\x8f\x2f\xbe\xfc\x1a\x52\
\x49\x8c\x47\x43\x44\xa1\x8f\x2f\x5e\xbd\xc4\xfe\x7e\xbf\x34\xde\
\x37\x5d\xcc\x00\x80\x77\xef\xdf\x03\xd8\x2e\x4c\xaf\x83\x00\xb2\
\x8e\x44\x76\x26\x81\x69\xa6\xd4\x95\x27\x4a\xa0\xf7\x84\xaa\xf6\
\xdd\x04\xb4\x96\x74\x73\x57\x6e\x95\xe1\xa0\x72\xef\x14\x52\xc2\
\x2b\x19\x66\x3b\xdd\xe8\xf9\xb6\x01\xfc\x2e\x7e\x3c\x3e\xc6\xcf\
\xae\x91\x57\x76\x19\x03\xbf\xec\xb1\xea\x3e\x73\x5d\x17\x7f\xf4\
\x47\x7f\x84\xa3\xa3\x23\x9c\x9d\x9d\x61\x30\x18\x94\x52\xf2\x9d\
\x9c\x9c\x60\x3a\x9d\x42\x29\xe4\xaa\xb5\x42\xba\x68\x85\xc2\x50\
\x28\x0e\xfb\xe2\xe2\x02\x3b\x3b\x3b\x79\xf9\x60\x9e\xf2\x8f\xe2\
\xb8\xa3\x28\x42\x92\x24\xb0\x2c\x0b\xdd\x6e\x17\xe3\xf1\x18\x86\
\x61\x94\xe2\xbc\x9f\x3d\x7b\x06\xd3\x34\x61\x9a\x26\xf6\xf7\xf7\
\xf1\xc5\x17\x5f\xe0\xcb\x2f\xbf\x44\xbf\xdf\xaf\x74\x79\xea\xd7\
\xb6\x8e\xbf\x9b\xc0\xc7\x2c\x44\x26\xc7\x36\xe6\x70\x0e\xb4\xaa\
\x9e\x54\x5f\x2b\xfb\x6b\xdb\x76\x9e\xbd\x84\x42\x9d\x72\xb1\xa0\
\x61\x03\x83\x6e\x57\xf9\xb9\x29\x14\x45\xc8\x28\xa5\x1c\xf5\x15\
\x5e\x81\xf3\x3e\x43\x88\x2c\x7b\x49\x4d\x5f\x1c\x8d\xc7\x18\x8d\
\xc7\xd8\xdd\x80\x6d\xbd\xae\x90\xa1\x93\x6d\xfe\xfa\xe8\xe8\x08\
\x7f\xfe\x3f\xfe\x07\xce\xce\xce\xf0\xd3\x87\x9f\x30\x9d\xce\xf0\
\xed\x2f\x7e\x81\x83\x83\x47\x48\xab\xbd\x8b\x34\xde\x1f\x40\xff\
\xc1\x43\xd8\xa6\x09\xa1\x62\x38\x8e\x85\x30\x08\xb1\xeb\xee\xe2\
\x67\x3f\xfb\x25\x14\x0c\xfc\xb7\xff\xf6\x2b\xbc\x79\xf3\x0e\x61\
\x18\xe1\xfc\x62\x8c\xce\xce\x2e\x46\x6f\x7e\x80\x6d\x75\x60\xd9\
\x3b\xf0\x64\x00\x0b\x06\x8e\x7f\xfa\x00\xc3\x50\x90\x2a\x6d\x6f\
\xa7\x9f\x3e\xc0\x48\x62\xa8\x38\xc2\xeb\x1f\xff\x0b\x47\x0f\x0e\
\x72\x11\xed\x60\x7f\x17\x7b\x7b\xbb\xad\x13\x35\x46\xe3\x31\x46\
\x99\x48\x33\x67\x53\xb1\x25\xe0\x40\x4a\xb5\x13\x99\x8e\xbb\x02\
\xe9\xf3\x94\x89\x84\x30\x32\xd1\x15\x85\xcd\x02\x9a\xfd\xbc\x81\
\x16\x93\xee\xaa\x1b\x6c\x18\x69\xfc\x36\xbd\x8e\xe3\x18\x86\x10\
\x90\xaa\x88\xeb\xa5\xd0\x80\x2d\x52\xd4\xa9\x32\xc3\xd1\x08\x7e\
\x10\xc0\xcb\x0a\x0e\xac\x03\xeb\x76\x7d\x92\x5b\xfb\xf1\xe3\xc7\
\x38\x38\x38\xc0\xf9\xf9\x79\x9e\xee\x70\x32\x99\xc0\x0f\x02\xd8\
\x8e\x0b\xd3\xb4\xd2\xbc\xed\x99\x7b\x1c\x2a\x55\xb1\xc7\xe3\x71\
\x9e\xdf\x9b\x88\x43\xa7\xd3\xc9\xd5\x6b\x22\xdd\x3c\xc3\x89\x61\
\x18\x78\xf6\xec\x19\xbe\xfa\xea\x2b\x78\x59\xf5\x4e\x21\x44\x4e\
\xc8\x01\x60\x67\x67\x07\x07\x07\x07\x78\xf8\xf0\x21\x76\x77\x77\
\x4b\xb1\xaf\x55\xf7\xa4\xea\x6f\x93\x70\x71\x71\xb1\xcd\xcd\xbd\
\x04\x48\x61\x93\x52\xe6\x83\xbf\xa0\x09\xbf\x2a\x54\x6d\x5d\x00\
\x68\xd2\x33\xd7\xcf\x89\x88\xb4\x61\x18\x69\x05\xee\x6c\x5b\x1c\
\xc7\xb0\x4c\x0b\x71\x52\x64\x09\xca\x27\x11\xb7\x75\xf2\x2d\x80\
\x00\xf0\xf1\xe3\x47\xec\xfe\xec\x67\x37\xf2\x7b\xd7\xb5\xb1\xfc\
\xf5\xe1\xe1\x03\xf4\x76\xfb\xd8\xdd\xdb\xc7\x68\xea\x23\x8a\x12\
\x24\xc2\xc4\x74\x36\x43\x2c\x00\xcb\xb6\x11\x51\x68\x1f\x04\x0c\
\x25\x10\x04\x11\x26\xe3\x19\x92\x38\xc1\x60\x38\x45\x10\xc6\x18\
\x5c\x5c\xc0\x71\x1d\x9c\x0f\xce\x71\x76\x76\x8a\x7e\x7f\x0f\x67\
\x9f\x07\xf8\x7f\xfe\xe5\x5f\xf1\xe8\xf1\x09\x66\xb3\x19\x84\x00\
\xce\x4e\x3e\x61\x36\x1d\x62\x6f\x6f\x0f\x8e\xeb\x21\x0a\x43\xd8\
\xb6\x85\x8f\x1f\x3f\xe1\xf9\xf3\x17\xb0\x6d\x1b\x3b\x3b\x3b\x78\
\xf6\xec\x19\x1e\x3e\x7c\x58\xa9\x70\xeb\xd7\xb9\xca\xdf\x9b\xc0\
\x87\x8f\x1f\xeb\x3f\x64\x04\xfc\xbe\x43\x5f\x9f\xa5\x94\x62\x2b\
\x2c\xb3\x3f\x0d\x14\x31\xaa\xd0\x5a\xd2\x0d\xcc\xc7\x42\xca\xac\
\xdc\xb2\x69\x9a\x48\xa4\x84\x29\x04\x92\x24\x9e\x0b\x4b\x08\xc3\
\xf0\xde\x87\x97\xe4\x06\x15\xa8\x55\x65\xde\xbc\x7d\x8b\x9f\xaf\
\x30\x38\x5c\x47\xe5\x5e\x46\x79\xa9\x1b\x14\x80\xd4\x05\x49\xe4\
\xfb\xc9\x93\x27\xf8\xf2\xcb\x2f\xf1\xdd\x77\xdf\xe1\x87\x1f\x5f\
\xe3\xf3\xe7\xb3\x4c\xf1\xce\x3a\xad\x28\xca\x75\x77\x3a\x1d\xec\
\xed\xed\x61\x7f\x7f\x1f\xfd\x7e\x1f\xbb\xd9\x22\x1e\x52\xaf\x39\
\xe1\x26\x35\xef\x4f\xfe\xe4\x4f\xf0\xf3\x9f\xff\x1c\x40\x4a\xee\
\x67\xb3\x59\xae\xbc\x77\x3a\x1d\xf4\x7a\xbd\x3c\x4c\x85\x5f\x9f\
\xfe\x7a\x13\xaa\xf7\xba\x21\xa5\xc4\xbb\x9f\x7e\xda\xba\x3e\x97\
\x00\x4d\xca\x20\x28\xf6\x30\xbd\x63\x42\x88\x3c\x0d\x25\xd0\xec\
\x74\x81\x04\xde\xcf\x72\x6f\x61\x6e\x5b\x93\x4c\xcc\x90\x79\x7b\
\xa0\x0c\x51\x5b\xcc\xa3\x94\x21\x4a\x08\x8c\x26\x13\x0c\x2e\x2e\
\xb0\xbf\xb7\x77\xe5\x63\x6e\x4a\xdd\xe6\x93\x2d\xfd\x73\x00\x70\
\x6c\x1b\x0f\x1f\x3c\x40\xaf\x17\xe2\xe4\xf3\x39\x86\xa3\x29\xa0\
\x0c\x8c\x26\x23\x18\xb6\x05\x99\x24\x10\x50\xb0\x7a\x3d\x40\x2a\
\xcc\xfc\x29\x46\xe3\x0b\xc4\x51\x88\xc9\xe4\x1c\x51\x34\xc6\x8f\
\xaf\xbf\x4b\xeb\x29\xc4\x40\x14\xc6\x18\x0d\x25\x2c\x5b\xe1\xc3\
\xfb\x1f\xf0\xe1\xe3\x3b\x3c\x7f\xfa\x05\xfa\xfd\x5d\x74\xbb\x2e\
\x04\x3a\x70\x5d\x1b\x51\x12\xe1\xc1\xd1\x11\x5e\xbc\x78\x89\x8e\
\xe7\xc1\x9f\x8e\xf2\xcc\x55\x9d\x4e\xa7\x36\x4c\xeb\x3a\x76\x72\
\xd3\xb6\x75\x38\x1c\x6e\xb3\x41\x2d\x09\x29\x53\x65\x9b\xb2\x28\
\xf1\xc5\xdd\x6d\x13\x51\x5b\x4d\xba\x79\xa7\x48\x07\x39\x03\x86\
\x21\x90\x24\x2a\xaf\x48\x09\x08\x98\xa6\x91\x13\x26\x5a\x5c\x59\
\x47\x34\xb7\x28\x06\x89\xf1\x78\x8c\x93\xd3\xd3\x6b\x95\x86\xdf\
\x84\xba\xbd\x48\x8d\x71\x5d\x17\x4f\x9f\x3e\xc5\xd1\xd1\x11\x7e\
\xf9\xcb\x5f\xe2\xec\x2c\xcd\x1e\xf2\xfe\xfd\x7b\x7c\xf8\xf0\x01\
\xe7\x83\x01\x02\x7f\x96\x97\x64\xf7\x3c\x0f\x07\x07\x07\x38\x3c\
\x3c\xc4\xc1\xc1\x01\xf6\xf6\xf6\xd0\xe9\x74\x4a\x8b\x26\x79\x7e\
\x6e\xcb\xb2\xd0\xef\xf7\x73\x12\xee\x79\x1e\x76\x77\x77\xe1\x38\
\x0e\x2c\xcb\x4a\x5d\x60\xda\x00\xb0\x88\x70\xeb\xd7\x7d\xd9\x3e\
\x37\x8d\xf7\x1f\x3e\x20\xc8\x32\xba\xe8\xe1\x24\xdb\xa1\xa2\x0c\
\xc3\x30\x60\xdb\x69\x05\xca\x74\x52\x2f\xe6\x48\x4b\xdd\xa4\xb1\
\x69\xe0\x6d\x90\x94\xec\x7c\xb1\xa4\x2c\xda\xa5\xc8\x06\x3f\xca\
\x5d\xbf\x45\x8a\x72\x58\x0e\x43\x76\x5f\xdf\xbe\x7f\x8f\xbd\xfe\
\xf2\x05\x5c\xd6\x25\x60\x2c\x3a\xde\x65\x24\x9c\x6f\xdf\xe9\x78\
\xd8\x79\xf1\x14\x41\x10\xe2\xfc\x62\x84\x24\x91\xa9\x77\x34\x8e\
\x30\x1b\x9d\x63\x78\xfa\x11\x96\x01\x9c\x9e\x1e\xe3\xe3\x87\x77\
\x98\x8c\x86\x90\x71\x0c\x53\x29\x44\x23\x03\x41\x1c\xc0\x34\x1d\
\xec\x1f\x1c\xe1\xf1\x93\x87\xd8\xdf\xeb\x41\x4a\x89\xd3\x93\x53\
\xbc\x7d\xfb\x3d\x1e\x3e\x7e\x82\xee\xce\x2e\xf6\x3b\x0f\xe1\x79\
\x1e\x3a\x9e\x07\xd7\xf5\x00\x28\x1c\x1d\x1d\xe2\xc9\xa3\x5f\xd4\
\x86\xeb\xad\x53\xd4\xd8\x14\x94\x52\x78\xfb\xd3\x4f\x85\x4d\xc5\
\x56\xd4\x58\x84\xb4\xba\xa8\xc8\xc3\xf5\x80\xf2\xc2\x74\xa0\x1d\
\x62\x06\xd0\x72\xd2\xcd\x6f\x32\xfd\xe5\x0f\x80\xb2\x04\xa4\xdb\
\x8a\x85\x40\x5b\x45\x66\x1e\xba\x1a\x43\x78\xf7\xd3\x4f\xa9\x7b\
\x6f\xc9\xdc\xe6\x37\xa1\x6e\xeb\x6a\x4c\xd5\x6b\xdb\xb6\xb1\xb7\
\xb7\x87\x7e\xbf\x8f\x57\xaf\x5e\xe2\xcf\xfe\xec\x57\xf0\x7d\x1f\
\xbe\xef\xe7\xb9\xb7\x29\xa7\xb7\x52\x0a\xb6\x6d\xe7\xff\x68\x2d\
\x00\x90\x76\x6c\xca\x78\x62\x9a\x26\x1c\xc7\x81\xe7\x79\x70\x5d\
\x37\x77\x75\xd1\x7e\xfc\xba\x16\xbd\x6e\xcb\x00\x31\x9d\xcd\x70\
\x7a\x7a\x5a\xbf\x83\xd8\xc6\x73\x73\x28\xa5\x52\xc2\xcd\xde\x13\
\x69\xe5\x79\xe3\xeb\x08\x4d\x53\x20\x2a\x9e\x6b\xaa\x78\x27\x30\
\x8c\x34\x5c\x4f\x4a\x09\xc7\x71\xb2\xb0\xa3\x62\x9f\x2d\x96\x5b\
\x1c\x1b\x85\x21\x3e\x7e\xfa\x84\xa7\x4f\x96\xaf\x53\xb9\x49\x75\
\x7b\x11\xf1\xa6\xd7\x74\x6d\xfc\xbd\xeb\x3a\x78\xfc\xf0\x10\x4a\
\x29\x3c\x38\xd8\xc5\x78\x32\x85\x1f\xf8\xb8\xb8\xb8\xc0\x70\x30\
\x80\x61\x00\x7b\xfd\x1e\xba\xae\x89\xd0\xf7\x21\x63\x09\xc3\x34\
\x71\xd8\x3d\x42\x7f\xff\x01\x1e\x1c\x3d\xc6\xde\xfe\x01\xe2\x38\
\xc6\xc9\xc9\x31\x8e\x8e\x1e\x43\x18\x06\x0e\x0e\x8f\xd2\x85\xfc\
\x02\xb0\x4c\x13\xdd\x6e\x17\x9e\xe7\xc2\xd4\x42\x99\xf8\xb9\xf0\
\xd7\xeb\x12\x35\x36\xd5\xa6\x3f\x1d\x1f\xc3\xcf\x52\x27\x02\xa8\
\x5c\x23\xd3\x34\xbb\x70\x9b\x20\x21\x83\x26\x5a\x52\x49\x98\x99\
\x77\x8d\xea\x6b\x00\x28\xd9\xd9\xa6\xa2\xd5\xa4\x9b\x77\x3c\x6e\
\x3c\xc8\x1d\x2a\x20\xd8\x02\x1f\x23\xdf\xbe\x1d\x1c\x52\x5c\xa6\
\xc6\x00\x69\x23\x7e\xfd\xfa\x35\xbe\x5d\x63\x98\xc9\xba\xd5\xed\
\xaa\xd7\x74\x7d\xa4\xd0\x99\xa6\x99\x87\x7c\xd4\x91\x62\xfd\x9e\
\xe8\xe7\xa7\x7f\xae\x7f\xb7\xee\x7d\x1b\x55\x6f\x29\x25\x7e\xc8\
\xb2\xc2\x90\xaa\xdd\x6c\x53\x76\xfb\x20\xdb\x43\xee\x4e\xc3\x34\
\x00\x55\x0c\x04\x5c\x99\xa3\xfd\x81\xe6\x91\x55\xb2\x91\xf4\xec\
\xf3\x34\x88\xc2\x40\x18\x47\xb9\xc2\x14\x45\x51\x69\x42\xb1\x15\
\x33\x16\x43\x17\x36\x3e\x7c\xfa\x84\x07\x87\x87\x79\xf5\xc4\xeb\
\x60\x93\x36\x16\xa8\x8e\xf5\xd7\xdf\x7b\x9e\x97\xaf\x73\x79\xf1\
\xec\x59\x5e\x5c\x6c\x3a\x9d\x20\xf0\xb3\xfa\x09\x32\x25\xdd\xae\
\xeb\x62\xb7\xbf\x87\x4e\xa7\x9b\xb7\xaf\x57\xaf\xbe\x80\x92\x12\
\x76\x56\x37\x81\x87\x10\x5c\x66\x43\xf9\xeb\x65\x6d\x6c\xdd\x3e\
\x9b\xb6\xb9\x61\x18\xe2\xe3\xc7\x8f\x4b\xd9\xd4\xa6\x13\xc8\x1b\
\x45\xaa\x9a\xc2\xb6\x6d\xc4\x71\x5c\x12\x34\xf8\xdf\x74\xd7\x66\
\xd9\x54\x8e\xd6\x92\x6e\x7d\xf0\xe2\x33\x9c\xb4\xf4\xb2\x09\x29\
\x24\x20\x01\x25\xcb\xc4\xdc\x34\xcd\x7b\x1f\xd3\x7d\x19\xf8\xdd\
\x19\x8e\x46\xf8\xf8\xe9\x13\x9e\xac\xa1\xb0\xc3\x75\xd4\xed\xab\
\xaa\x31\x75\xdb\xf8\xf6\xcb\x70\x15\xb2\xbd\xcc\xeb\x75\xa9\xde\
\xeb\xc6\x9b\xb7\x6f\x0b\x25\x46\x57\x61\xb0\x25\xe0\x55\x30\x84\
\x80\x60\xf9\xb7\x01\x01\x95\x65\x5e\x50\x99\x3a\x2c\x50\x4f\x60\
\x9a\x80\xaa\x3e\x93\x57\xf3\xcd\x6c\xa7\x92\x0a\xb1\x8c\xf3\x01\
\x4e\x26\x5a\x66\x96\x9b\x3f\xed\xc6\x42\x00\xd5\xe9\x03\xb3\x49\
\xcd\x1f\xfe\xeb\xbf\xf0\xc7\xbf\xf8\xc5\xd2\x05\xdb\x96\x21\xd7\
\x75\xfb\x2e\xb3\x2d\x3d\xdd\xea\xb0\x92\x45\xef\xf9\xb6\xfc\xda\
\x35\x22\xbe\x08\xb4\x6f\xdd\x75\x2c\xfb\x7a\x1d\x36\x76\x93\xa0\
\x67\x9e\xd0\xfd\x17\xdb\xd0\x92\x65\x60\x66\x76\x45\x08\x81\x30\
\x0a\x21\x84\x01\x83\xb5\x3d\x5a\xbc\x0e\x60\x61\x9f\x68\x02\x5a\
\x5f\x9a\x91\x87\x97\x28\xa5\xd2\xc2\x0d\x4a\x65\x41\xf7\x22\x0f\
\xc0\x9f\x23\x67\x0d\x9e\x09\xdd\x16\xf2\xce\xaf\x11\x2d\x08\x81\
\xf7\x1f\x3e\x60\x32\x99\x2c\x7d\xac\xab\x10\xc8\xaa\xcf\xea\xf6\
\x23\x25\x4e\x7f\x5d\xf5\x9e\x6f\xbb\x8a\x91\xe5\xdf\x5d\xf4\x3b\
\x55\xef\x57\xb9\x1e\x7d\x5b\xdd\x67\x9b\x1e\x28\xce\xce\xcf\xf1\
\xf9\xec\xac\x7e\x10\xd0\xdc\xa0\x5b\xa4\xa0\xb0\x8b\xf4\xbe\x00\
\x32\x8e\xa1\x14\x4a\x31\xd1\x0a\xf3\x83\x42\x93\x54\x99\xaa\xe7\
\x49\x8a\xa3\x69\x99\x99\x6d\x28\xb6\x49\x29\x01\xa3\x08\xaf\xda\
\xe6\xea\x4e\x91\xf7\x8d\x9a\xfe\x41\xb6\xd6\xf7\x7d\xbc\x7d\xf7\
\xee\x5a\xbf\xb5\xc8\x3e\xac\xba\xad\xea\xf5\x32\xef\xd7\x61\x5b\
\xab\xb6\x57\xbd\x5f\xf4\x7a\x99\x6b\xbc\x4d\x1b\xfb\xee\xfd\x7b\
\xf8\xbe\x5f\xde\x58\x15\x5a\xb2\x91\x5f\x6f\x2f\x68\xc2\x0f\x20\
\xcd\x50\x27\x25\x92\x4c\x4c\xd5\x0b\xe3\x2c\x13\xde\x75\x9b\xb8\
\x33\xa4\x9b\x5e\xeb\x25\xdf\x85\x10\x30\x84\x91\x57\x88\xdb\xa2\
\x8c\x52\xfc\x58\xcd\x20\x21\x00\x40\x29\x7c\xff\xc3\x0f\x88\xaf\
\xe0\x42\x5e\x65\x50\x58\x86\xa8\xae\x3a\x40\x2c\x22\xe0\xcb\xfc\
\xab\xba\x9e\xeb\x92\xef\x75\x28\x32\x9b\x30\x2c\x41\x18\xe2\xf5\
\xdb\xb7\x5b\x65\xfb\x8a\x90\x4a\x41\x29\x89\x74\x95\xbd\x48\x63\
\xa0\x33\x5b\xc4\x17\x1b\xf2\x67\xb7\x88\x9c\xdd\x26\xf8\x39\x1a\
\x46\x11\x2a\x53\x40\x00\x4a\xc1\x14\xe6\x46\xda\xe2\x5d\x43\x9d\
\xa8\x71\xf2\xf9\x33\xce\x07\x83\xa5\x8f\xb3\xaa\x90\x71\x55\xe2\
\x5d\xf7\x59\xd5\xe7\xfa\xf6\xab\xd8\xd6\xaa\xed\xcb\xd8\xd2\xeb\
\x5e\xef\xa6\x89\x36\x61\x70\x71\x81\x4f\x27\x27\xcb\xa9\xdb\x5b\
\x41\xa3\x04\xa5\xd2\xda\x2b\x42\x08\x98\x46\x61\x5b\x01\x94\xc2\
\xda\x38\xef\x23\x34\xed\x3e\xb6\x96\x85\xd6\x29\x45\x74\xc3\x95\
\x52\xb9\x81\xa3\xe4\xe9\x54\xa0\x82\xd2\x7a\x6d\x51\x8f\xaa\x01\
\x22\x88\x22\xfc\xfe\x3f\xfe\x63\xe9\xd8\xcd\x65\x07\x85\x45\x9f\
\x2d\xfb\x7a\xd1\x7b\xbe\xad\x6e\xb0\x58\x74\x0d\x75\xdf\xad\xfb\
\x9d\xaa\xcf\xf5\xd7\xcb\x5c\xf3\xaa\xf7\xef\xba\x88\xa2\x08\xbf\
\xff\xee\x3b\x48\xfd\xf9\xea\x2a\xcc\xb6\xef\xd4\x42\x20\x5d\xf4\
\x13\xc7\x31\x4c\xcb\xcc\x9f\x3b\xa5\xa8\xac\x0d\x8b\x6a\x10\x69\
\xad\x7b\xce\x45\x9b\x53\xd9\x7e\xf4\x3f\x55\xba\xb6\x2d\x0a\x90\
\x0d\xad\x13\x35\xc8\xce\x7e\xff\xc3\x0f\x18\x8e\x46\x4b\x1f\x77\
\x11\x61\x5c\x76\xa2\x5e\x67\x9b\x2e\xb3\xb3\x75\xdb\x56\xb5\x49\
\xcb\x10\xf0\x45\xef\x2f\xbb\xa6\xaa\xcf\x17\xed\xb7\x68\xff\xeb\
\x62\x32\x99\xe0\xfb\x1f\x7e\x28\x36\x6c\x43\xf6\x96\x86\xc0\xff\
\xcf\xde\xd5\xee\x36\x0a\x03\xc1\x21\xa0\xbc\xff\xcb\x5d\x02\xf9\
\x52\x9f\x20\x3f\xda\x24\xae\xc0\x98\xfb\x61\x16\x88\x31\x66\x4d\
\x68\x71\xee\x18\x29\x12\xb1\x29\x35\x06\x66\x97\xc9\xee\xba\xbd\
\x26\x52\x4a\xbd\x32\xf2\xe6\xd9\x1e\x8d\x73\x56\x38\xf8\x27\x9c\
\x6e\xd3\x01\xa7\x72\x70\xb2\x5e\xe0\x44\x4f\xbc\x59\x58\x3d\xbc\
\x8b\xb1\x34\x38\x06\xe2\x5b\x08\x9c\xce\x67\xf6\xcd\xfc\x8a\x2a\
\x33\x45\x8d\x19\x33\x12\xb6\x3e\xae\x12\x33\x74\x4c\xb3\xed\x37\
\x0d\xc4\x5c\x90\x52\x22\x3b\x9d\x50\x48\xc9\x52\x62\x56\xe7\xdb\
\x06\xaa\xcf\xbd\x69\x16\xe2\xa2\x70\x13\xba\x76\x6d\xf8\x89\xdf\
\x2a\xad\x4b\x81\xc6\xf9\xfc\xa9\x15\x25\x55\x35\xa2\x06\x9d\x5f\
\xe8\xe7\xf3\x9b\xe0\x84\x97\x10\xcf\x56\x00\x4e\x97\x0b\x84\x10\
\xde\xff\x67\x2a\xc7\xfa\x6c\xbb\x44\x8c\xa1\xf6\x39\xb9\xd5\xf6\
\xdd\xb5\xed\x3a\x27\xdf\x17\x95\x57\x21\x84\xc0\xe1\x7c\x6e\x73\
\x3a\x60\xe1\xd5\x55\xd8\x18\x44\x85\x36\x5f\x84\xc2\x87\xa5\x94\
\x8d\x88\x0a\x0c\xdb\xdc\x10\xe7\xf1\x6d\x9d\x6e\xf3\x21\x69\x62\
\xba\x3b\xf1\x93\xdb\xed\x16\x51\x44\x15\x4c\xda\xca\x01\xab\xd2\
\xfd\x0c\x57\xfc\xa1\x4d\xf1\xfe\xbc\xdd\x70\xf9\xf8\x60\x1f\xdf\
\x97\xec\x38\x4e\xb8\x8f\xf3\xdd\x6d\x73\x91\xbe\x6d\xdc\xae\xbf\
\x19\x6a\x73\x8d\x6b\xca\x79\xbb\xf6\x9b\x03\x4a\x29\x1c\x4e\x27\
\x7c\x0b\xd1\x1a\x83\x35\xce\x70\x02\x28\xd1\x50\x21\x4e\x62\xc4\
\x9b\xb8\x29\x37\x59\x55\x55\x47\x00\xe8\x27\xa4\x85\x04\xdb\x98\
\xc8\xe8\x11\xb7\xea\x84\xc9\xaa\x7e\x71\xd8\xa0\xaa\x14\x3b\x19\
\xf0\x7f\x85\x4b\xd4\x88\x00\xa8\xb2\x44\x76\x3c\x22\x2f\x0a\xd6\
\xf1\x7c\x9d\x6c\xae\x63\x3a\xc6\xb3\x4b\x70\x2b\x87\x4b\x39\xdb\
\xdc\x39\x9b\x0b\x79\x51\x20\x3b\x1e\xb5\x10\x68\x84\x15\xad\x09\
\x94\x7c\x50\x2e\x49\x04\x20\x49\x12\xcd\xad\x71\xbd\xea\xaf\xc1\
\xa5\x21\x3a\xda\x5d\xbc\x2d\x4b\x9a\xea\x76\xd7\xe1\xd6\xe5\x63\
\x28\x06\xa8\xad\xeb\x19\xfa\xc5\x08\x05\x63\xc6\x21\x02\x70\xbd\
\x5e\x91\x1e\x0e\xde\x89\x53\xaf\x38\xde\xb6\x6d\xce\x77\x8e\xb2\
\xc2\x35\x1c\xb6\xfe\xa1\x36\xdb\xb8\xb8\x86\xcf\x6c\xb3\xed\x37\
\x07\x0a\x29\xb1\x4b\x53\xdc\x1f\x8f\x9e\x31\xe8\x61\x55\x62\x9c\
\xa0\x17\xfc\x4d\x1c\x43\x95\x3a\x81\x1b\x40\x13\x8b\x38\x94\xe4\
\x13\xea\x54\xd2\xbd\xfa\x3c\x76\xa0\x55\xf4\xf5\x82\x15\x7a\xdf\
\x25\x47\x1a\x2e\x7a\x39\x33\xdd\xbe\xce\x87\x9e\xbd\x42\x4a\xfc\
\xd9\xed\xf0\x60\x2a\xde\x3f\x29\x64\x74\xb7\x5d\x8e\xf6\xd0\xb8\
\x7c\xb8\x75\xa8\x7f\x4e\xe7\x9b\xcb\xb1\x73\xe1\x21\x04\x76\x69\
\xaa\xc3\x21\x60\x71\xb0\x2d\xc2\xc6\x0a\x3b\x5a\x2e\xaa\xd7\x5d\
\x89\xf0\x54\x1e\xb0\xcf\xa9\xe1\xce\xe5\xdb\x3a\xdd\xa6\x13\x4d\
\xc6\x8c\xe2\x8d\xab\xfa\xa7\x07\xa5\xca\x5e\x70\x7d\x85\x6a\xb5\
\x12\x06\x7c\x8d\x03\xa2\x08\x9f\x5f\x5f\x48\xb3\x8c\x15\xe3\xed\
\x43\x82\x1c\xa3\xc1\x75\xb6\xcd\x31\x4c\x71\xae\xc7\x8e\xe7\x6a\
\x0b\xd9\x40\xe4\x79\x8e\xfd\x7e\x0f\x51\x2b\xdc\xa6\xca\xbd\x2a\
\xdc\xfe\x48\x92\xa4\xb9\x4e\x52\x96\x4d\xdd\x6e\xba\x2f\x48\x18\
\xa0\x7d\xf4\xa3\x16\xd6\x0c\xf7\x92\xd3\xeb\x97\x09\xcd\xa1\x40\
\x59\xca\x9a\x6b\x25\xca\x52\x87\xf2\xe9\x92\x82\xe1\x2f\x4c\xb1\
\x34\x6c\xbf\x1c\x12\xdf\x52\x9f\x94\x12\xfb\x2c\xc3\x8d\x59\x2d\
\xea\x15\xc7\x7b\x6c\x7b\x49\x5e\xe5\x72\xfe\x10\xe7\x8e\xd9\x92\
\xa1\xf3\x9e\x03\xb7\xfb\x1d\xfb\x34\x45\x91\xe7\xba\x81\x19\xc3\
\xbd\x3a\xdf\x76\x50\x21\x0c\xa5\xda\x7b\x23\xa7\xb9\xad\xfb\xbb\
\x3c\xdb\xc5\x4f\xbe\x58\x4d\xc1\x5f\x00\x00\x00\xff\xff\xec\x7d\
\xfd\x97\xdb\x46\x72\xed\x6d\x80\x9c\x91\x46\xd2\x8c\xed\x91\xfc\
\x29\x2b\x96\x36\xf6\x6e\xb2\xd9\xe4\x24\xef\xe5\xfd\xff\xff\x40\
\xce\x9e\xec\x26\xb1\xad\xb5\xbd\xce\xae\xbd\xd6\xa7\xad\x19\xdb\
\xb2\x34\x43\xa0\xdf\x0f\x40\x35\xaa\x0b\xdd\x20\x40\x82\x64\x63\
\x58\x57\x47\x87\x40\x03\xe4\xe0\xb3\xea\xf6\xed\xaa\xea\xc9\x92\
\x6e\xa0\x21\xde\xbc\x88\x3e\x6f\x77\x71\x40\xb5\xa3\x73\xcf\x72\
\x5a\xf7\x20\x49\xf4\x71\x0e\x06\xc0\x4f\x2f\x5f\xe2\xbf\x3e\xfd\
\x14\x2f\x5f\xbe\x5c\xfa\x9b\xab\x38\x85\x65\xc6\xb5\x6b\x9d\xb7\
\x75\xbd\x78\xab\x3a\x8c\xae\xbf\xd1\xc7\x29\x74\x9d\x67\x68\xfb\
\x98\x38\xff\xf1\x47\xfc\xf7\xa7\x9f\xe2\xd5\xc5\x45\x70\xc8\xd3\
\x83\x2a\xdc\x3d\x51\xcd\xda\x68\xad\x75\x75\x63\xa9\x92\x12\xd0\
\x90\x59\x5e\xe2\x2a\x31\x7f\xe0\x21\x64\x4f\x9b\x6d\x95\x93\xa3\
\x1a\xe4\x06\xd0\xea\x50\x1d\x58\x36\x72\x28\x05\x8d\xa2\x28\xf0\
\xd9\xe7\x9f\xe3\xfc\xfc\xbc\xd7\xef\x8f\x41\xbc\x97\xd9\xd9\x58\
\xdb\x10\x82\xdd\x75\xfc\x5d\xf6\xbb\x6b\x3d\x76\x0e\x5d\xe7\xbc\
\x49\xc2\x7d\x7e\x7e\x8e\x4f\x3f\xff\x1c\x45\x59\xc6\xc3\x48\x54\
\xd8\xe8\x0d\x03\x2e\x9e\x96\x2e\xc4\x8d\xdb\x27\xba\x87\xdc\xb6\
\xd2\xb6\xd4\x7c\xd6\x64\x27\xc7\x01\x1a\xa7\xc0\x93\x95\xe8\x21\
\xce\xf3\xbc\xbe\x49\x40\x9e\xcf\xb0\x28\x16\x40\xe9\x7f\x4f\xe1\
\xc3\x19\x7e\xb0\x7e\x49\xfd\x30\x73\x15\x94\x9b\x28\x63\x2d\x5e\
\xbf\x7a\x85\xff\xfe\xf4\x53\x3c\xb8\x7f\x1f\xa7\x6f\xbd\xd5\xf9\
\x37\x42\x9d\xa3\x50\xdb\xb2\xe5\xea\x50\xba\xd7\x79\x9b\x6c\x1f\
\x03\xa1\xdf\xeb\xea\x65\xaf\xba\x3c\xf6\x71\x7f\xf7\xf8\xb1\xab\
\x0d\xdc\x72\x08\x3d\x9c\x81\xbe\x3f\x31\xc8\xce\x89\x4f\xbe\x49\
\x89\x59\x2c\x16\x6e\x16\xc2\xd4\xae\xa5\x7c\x77\xac\x6d\xd4\x79\
\x3e\xdb\x66\x95\x24\x0a\x2f\x89\x52\x11\x46\x30\xa4\xa8\xda\xd0\
\x9a\x30\x87\x3f\x0d\xa5\xb5\xf8\xf4\xe1\x43\x9c\xbe\xf9\x26\x3e\
\xfa\xe8\x23\xcc\x04\xa1\x90\xe8\xb2\xa7\xdc\x46\xc6\x96\xf9\xfe\
\xb4\xcc\xb7\xc5\xda\x78\xfb\x18\x18\x6a\x57\xe5\xfa\xae\x08\xf7\
\xa2\x28\xf0\xe7\xaf\xbf\xc6\xf7\x3f\xfc\xd0\x84\x68\x02\xfd\x54\
\x6e\x15\x35\xa2\xb0\x00\xb2\x2c\xf7\x9e\x4d\x9e\x1f\x43\x04\xbc\
\x2c\x4b\x6f\x92\x1c\x20\x3d\xfb\x0a\x4c\x9c\x74\x13\xe8\xc2\xf2\
\x18\x1f\xaa\x60\x62\x0c\xb0\x58\x5c\x56\xbd\x21\x37\x81\x83\x3a\
\x89\x20\x8c\xf1\xa4\xb7\x18\x09\xe7\x8f\xb1\xa5\x97\xc0\x5a\x7c\
\xf1\xe5\x97\xf8\xe9\xe7\x9f\x71\xef\xee\xdd\xce\x87\x7d\x1d\xe2\
\x5d\x1d\x52\xbf\x75\xde\xd6\x9c\xe2\xea\x2f\x61\x97\xa2\xb3\xac\
\x2d\x05\xc2\x5d\x14\x05\xbe\xfc\xf3\x9f\xf1\xc3\x0f\x3f\xb4\x95\
\xb7\x98\x43\x50\x95\xbb\x37\x66\xb3\x19\xca\x3a\x0c\x83\x8f\xbe\
\xc9\xbc\x07\xb2\x53\x29\x26\x53\xca\x77\x47\x8a\x19\x54\x0e\xb1\
\xde\xa3\x8a\x5d\x37\x8d\xf0\x51\xd4\xd3\x7c\x2b\xda\xf0\xae\x2d\
\xd0\x4b\xd0\x00\x80\xe7\xdf\x7f\x8f\xf3\x9f\x7e\xc2\xaf\xee\xdf\
\xc7\xc9\xf1\x71\xe7\xdf\x58\x47\xc8\x18\x22\x62\x6c\xc3\xae\x86\
\xb6\xad\x42\xbe\xfb\xd8\xdb\x75\x71\x76\x7e\x8e\x2f\xbf\xfa\xca\
\xe5\x6f\x74\x8e\x1e\xaa\xca\x3d\x08\x06\x70\xd3\xbc\x5b\x6b\x31\
\xcb\x67\x28\xca\xc2\x4b\xdc\xe6\xfe\x49\xfa\xaa\xd4\xd4\xee\x49\
\x93\x6e\x79\x31\x69\xba\x62\x42\x59\x96\x4d\x72\xa5\xc9\x60\x4d\
\x3d\x9d\x68\x42\x4e\x2e\x35\xb4\x88\x76\x80\x84\x87\x1c\x03\x50\
\x11\xf0\xef\x1e\x3d\xc2\xb3\x67\xcf\x70\xef\xc3\x0f\x71\xe7\xf6\
\xed\xe8\xdf\x59\x57\x8d\xe9\xb3\xce\xdb\xf8\xdf\x1d\x03\x7d\x09\
\x78\x97\x91\xdf\x16\xe1\xb6\xd6\xe2\xd1\xe3\xc7\xf8\xe6\xdb\x6f\
\x1d\x39\x92\x0e\x21\xa8\x74\x03\x2d\x87\x90\x92\xf1\x4a\x0d\x97\
\x97\x97\x4d\x49\x52\xc0\x91\x6f\xae\xc4\xc8\x21\xd1\x54\x6d\x91\
\xb4\xad\x74\x2e\x40\x73\xdc\x94\xb0\x6e\x0c\x90\xe5\x39\x32\x00\
\x79\x66\x34\x7a\x2f\x00\xa9\x76\x07\x89\x76\x44\xd0\x30\x00\x2e\
\x2f\x2e\xf0\xe9\x67\x9f\xe1\xe4\xe4\x04\xf7\x3f\xfa\x08\xd7\x0e\
\x0f\xa3\x7f\x6b\x55\x21\x63\xa8\x88\xb1\xa9\x51\xc4\x4d\x2b\xdd\
\xb1\xbf\xb1\x0a\x5e\xbd\x7e\x8d\x3f\x7f\xfd\x35\xce\xce\xce\xe2\
\x76\x75\x19\xc9\x56\x51\xa3\x13\x16\x70\x2a\x76\x96\x65\x58\x14\
\x8b\xa0\x70\x11\x52\xc1\xf9\x3e\xa9\x60\xd2\xa4\x5b\x1a\x0a\xaa\
\x8d\x4b\x44\x7b\x36\x9b\xb9\x24\xbf\xb2\x2c\xaa\x29\x98\x13\xbb\
\x01\xc9\x61\x99\xda\x2d\xd4\x19\x7e\x3d\x89\x80\x5f\x2e\x16\xf8\
\xe2\xab\xaf\xf0\xe8\xf1\x63\x3c\xb8\x7f\x1f\x37\x8e\x8e\x82\x7f\
\x6a\x2c\x05\x66\x88\xd2\x2d\xb7\xf7\xc5\x10\x35\x26\xd4\xb6\x2b\
\xa7\xf0\xe2\xc5\x0b\x7c\xfd\x97\xbf\x54\x53\x0f\x33\x75\x5b\x3a\
\x04\x84\x1c\x82\x70\x16\x8a\xe5\xa8\xaa\x25\xd9\x5a\x15\x2e\x9c\
\x8d\x6a\xa9\x32\x89\x97\xd7\xe3\xb6\x95\x3e\xc9\xe9\xd1\xb9\x2c\
\x16\x0b\x64\x99\x71\x33\x6d\x56\x96\x56\x9f\x93\x2e\x18\x6e\x4b\
\x01\xdf\x9e\x46\x04\x0d\x6e\x63\xcf\xce\xce\xf0\x9f\x7f\xf8\x03\
\xde\x79\xfb\x6d\x7c\x78\xf7\x6e\x2b\x86\xb5\xf9\xd9\xf1\xc2\x4a\
\xfa\x12\xed\xb1\xed\x6a\x68\xfb\xd8\xe4\x7b\x55\x94\x65\x89\x6f\
\xbe\xfd\x16\xdf\x3d\x7a\x84\x92\x5d\xbb\xa0\x5d\x05\x5a\x76\x55\
\x55\xee\x61\xa8\x6c\x68\x0e\xc0\x7a\xbc\x8e\x78\x1f\x21\xe4\xab\
\x54\xe9\x1e\x09\xd2\x70\xf0\x0a\x25\xf4\x9f\x9c\x81\x41\xa5\xc4\
\x14\xa5\x05\x34\x06\x71\x29\x3a\x87\x41\x85\xd3\x70\x4a\x37\x73\
\x18\xd4\xf6\xd3\xcf\x3f\xe3\x3f\xff\xf8\x47\xdc\x3c\x3a\xc2\xdd\
\xbb\x77\xf1\xd6\x9b\x6f\xb6\xfe\xd6\xaa\x64\x3b\x64\xfc\xfb\x0e\
\x7d\x8e\x71\xff\xfb\x10\xed\x50\xdb\x36\x9c\x82\xb5\x16\xcf\x9e\
\x3f\xc7\x37\xdf\x7e\xeb\x91\xed\xa8\xfa\x02\x78\xca\x5b\xcc\x21\
\xa4\x64\xb8\x52\x44\x55\xce\xaa\xf0\x86\x39\x49\xf9\x96\xf7\xd7\
\xb2\x49\x72\x52\xbc\xae\xfc\x1d\x93\x9f\x40\x33\xaa\xc8\x87\x7b\
\xd5\xae\x76\x23\xa8\x76\x0b\x41\x23\xa4\x80\xcb\xd1\xc4\xd2\x5a\
\x7c\xf7\xe8\x11\x9e\x3c\x7d\x8a\xbb\x1f\x7c\x80\xf7\xde\x7d\x37\
\xf8\x0c\x8d\x2d\x6a\xf0\x36\xd9\x2e\xb7\xad\x8a\x55\x46\x10\x97\
\xad\x8f\x6d\x5b\x1f\x3f\x79\x82\xbf\x7e\xf3\x8d\xab\xbd\xed\xec\
\xea\x2a\x4a\x77\xc2\x36\x20\x15\x18\x54\x14\xc4\xda\x02\x79\x9e\
\x3b\x31\x83\x2b\xdb\xf4\x6e\xf1\x50\xbe\x54\xaf\xe9\x64\x49\xb7\
\x54\x61\x8c\xa9\x12\x95\x2e\x2e\x2e\xbc\xe1\x05\x17\x0b\x84\x5a\
\xc4\x2d\xd3\xbd\x19\x29\x62\xb0\x63\x08\x91\xef\x97\x2f\xf1\xd9\
\xe7\x9f\xe3\xfa\xf5\xeb\xf8\xf0\xee\x5d\xdc\x3e\x3d\xf5\xfe\xc6\
\x3a\x6a\x8c\xdc\x2e\xdb\x64\x7b\x68\x7b\x17\xfa\x18\xe9\x75\xc8\
\xf6\xb2\x6d\x43\x60\xad\xc5\x93\xa7\x4f\xf1\xcd\x37\xdf\xe0\xf5\
\xc5\x45\x4b\xd5\x0e\x39\x05\x00\x9d\x4a\x77\xca\xc4\x30\x45\xf0\
\x50\x12\x52\x21\x63\x9d\x45\x42\x6a\x64\x55\xda\x56\xc0\x17\x36\
\x00\xb8\xd1\x44\x17\xc3\x6a\xd9\x77\xf5\x59\x89\x62\x99\xa0\x11\
\x0a\x35\xe1\x61\x26\xb4\xbf\xad\x47\x52\xbe\xfe\xdf\xff\xc5\xdf\
\xbe\xfb\x0e\x7f\x77\xef\x5e\x30\x9c\x6f\xcc\x11\xc4\xd6\xf1\xaf\
\x39\x8a\x38\x54\xe5\x0e\xb5\x6d\x8b\x6c\x03\xc0\xb3\x67\xcf\xf0\
\x97\xbf\xfe\x15\xaf\x5e\xbf\x5e\x6e\x57\x79\x9b\x12\xed\xb5\x60\
\x81\x3a\x09\xbd\x6c\xd9\x56\x29\xb4\x76\x89\x71\xa9\x60\xb2\xa4\
\x1b\x68\x5f\x4c\x52\x5f\xe8\xe2\xd3\x30\x04\x1f\x6a\x33\xb9\x41\
\x59\xa4\xe5\xe4\x52\x84\x37\x0c\x3a\xc4\x31\x08\xf2\x4d\x8e\xc2\
\xa2\x9a\x2c\xe0\xf3\x87\x0f\xf1\xa7\x2c\xc3\xe9\x5b\x6f\xe1\xbd\
\x77\xdf\xc5\xad\x5b\xb7\xd0\xfc\xdc\xf0\xb8\x43\xb9\x5d\xb6\xc9\
\xf6\xd0\xf6\xa1\xe8\xab\xc6\x84\xda\x36\xe1\x14\x7e\x78\xf1\x02\
\x8f\x9f\x3c\xc1\xf3\xef\xbf\xaf\xee\x89\x74\x02\x1d\x4e\x61\x88\
\xd2\xad\xe8\x46\x96\x55\xcf\x67\x9e\x67\x58\x2c\x1a\x07\xc1\xe3\
\x0f\x43\xcf\x6a\x4a\x4e\xa1\x12\x27\xc2\x0e\x6c\x36\x9b\x35\xa3\
\x87\xa6\x1a\x49\x74\xcf\x6d\xf5\x50\x55\xe7\xb8\x8b\x03\x9f\x20\
\x86\x0a\x1a\x92\x7c\xdb\x7a\xbf\x8b\x8b\x0b\x3c\xfc\xd3\x9f\xf0\
\xf9\xc3\x87\x38\x39\x39\xc1\xed\xd3\x53\x9c\x9e\x9e\xe2\x60\x3e\
\xaf\xbe\x37\x40\xd4\x08\xad\xc7\xda\x78\x3b\x61\x0c\x25\xb9\x6f\
\xfb\xa6\x85\x8c\x8b\xcb\x4b\x3c\x7f\xfe\x1c\xcf\x9e\x3f\x6f\x4a\
\x37\x72\x9b\x39\x82\x5d\x55\xf2\xdd\x1f\x59\xd6\x5c\x27\x6e\x57\
\x81\x8a\xfb\xcd\xeb\xe7\x1d\xf0\xaf\xab\x86\x97\x8c\x8c\x10\xf1\
\x26\x83\xd2\xa8\x32\x39\x4a\x2f\xdb\x55\xdd\x42\x5f\x44\x1d\x03\
\x6f\x43\xc0\x31\xc4\x1c\x45\x4d\x44\x9e\x3c\x7d\x8a\xc7\x4f\x9e\
\x20\xcb\x32\xdc\xba\x75\x0b\x27\xc7\xc7\x38\x3e\x3e\xc6\xf5\x6b\
\xd7\x70\xfd\xfa\xf5\xea\xbb\x1b\x54\xba\x43\xfb\x49\xac\xaa\x72\
\x87\xda\xc7\x72\x0a\xbf\xbc\x7a\x85\x5f\x7e\xf9\x05\xe7\xe7\xe7\
\x78\x71\x76\x86\x1f\x7f\xfc\xd1\x9d\x83\x33\x34\x01\x15\xa6\xd3\
\x29\xf0\x36\x7e\x3d\x54\x91\x19\x04\x72\x04\xd6\xc2\x9b\xa8\x81\
\xc8\x77\xd7\xb0\x7d\x2a\xa0\x23\xe2\xcf\x14\x29\xdc\xa4\x6a\x93\
\x90\x41\xaa\xbe\xab\x14\xa5\xdd\xb4\x5e\xe8\x23\x68\x74\x8d\x1c\
\x86\x6c\x2a\x5d\xf9\xb3\xb3\x33\xbc\x38\x3b\xc3\x17\x5f\x7e\x89\
\xc3\xc3\x43\x1c\x1f\x1f\xe3\x8d\x93\x13\xdc\xba\x79\x13\x37\x6e\
\xdc\x58\x49\xe9\xe6\x6d\x5d\xed\xa1\x73\x0c\xa1\xaf\xbd\xeb\x23\
\x62\xc8\xb6\x65\x76\xb7\x0b\xbf\xfc\xf2\x0b\xce\x6a\xbb\x7a\x7e\
\x7e\x8e\xd7\xaf\x5f\x03\x18\xc9\xae\xf2\x3f\xa4\x76\x75\x30\xca\
\xb2\x70\xa5\x00\x33\x57\x85\xae\xf4\x6c\xac\x7c\xa6\x53\xb5\xb3\
\x57\x8a\x74\xe7\x79\x8e\x2c\xcb\x70\x51\x0f\xad\xf3\x38\xef\xac\
\x36\x5e\x45\x51\x54\x93\x38\x24\x76\x23\x52\x84\x53\xad\xa4\x51\
\xae\xdb\xa4\x2a\xe3\x86\x3f\xe5\x3a\xd0\x38\x06\xe1\x24\xca\xb2\
\xac\x1c\xc5\x8b\x17\xde\xb0\xf6\xc1\xc1\x01\x0e\x0f\x0f\x71\x70\
\x70\x80\x83\xf9\xbc\xfa\x3c\x38\x80\x31\x06\xa7\x6f\xbd\x85\x23\
\x96\x9c\xb9\xcc\x49\xc8\x6d\x1c\xab\xa8\x20\x9b\x50\xba\x81\xaa\
\xfa\xc5\x77\x8f\x1e\xa1\x2c\x4b\x5c\x5c\x5e\xe2\xf2\xe2\x02\x97\
\x97\x97\xd5\x72\xfd\x9f\x1b\xeb\xe0\x72\x4c\x85\x19\xe0\x14\x34\
\xa4\x64\x35\x10\x09\xe5\x0a\x37\xd9\x24\x1a\x81\x03\x9a\x67\x91\
\xe2\x0f\x13\x8b\x2e\x69\x3d\xa3\x79\x9e\xbb\xf3\xa8\x92\x27\xab\
\x58\x6e\x5a\xe6\xa1\x26\x1a\x5e\xd2\x1f\xa1\x50\x93\x65\xe4\x3b\
\x66\x63\xb9\x4d\xa5\xf5\xd7\xaf\x5f\xe3\xc9\x93\x27\x78\xfc\xe4\
\x49\xd5\x66\x2d\x6e\x1c\x1d\xe1\xda\xb5\x6b\x38\x38\x3c\xc4\x3c\
\xcf\x91\xcf\x66\xc8\xb3\x0c\xa6\xf6\x9b\xb7\x6e\xde\xc4\xcd\x9b\
\x37\x71\xe9\xca\x42\xa2\x65\x1b\xf8\x31\x73\x01\x86\xfe\xf6\xaa\
\xe8\xb4\x9f\x86\xc5\xc3\xd7\x2a\xbf\x61\xdb\xbd\x67\x96\x7d\xf7\
\x60\x3e\x87\x31\x06\x67\xe7\xe7\xee\xf9\x2c\xcb\x12\x45\x51\x60\
\x51\x14\xb8\xbc\xbc\xc4\xab\x5f\x7e\xc1\xab\xd7\xaf\x3d\x3f\x32\
\xba\x5d\x65\x36\x35\x76\x3d\x15\x71\xf0\xda\xdb\x34\xea\xc6\x13\
\xbb\xc3\xd7\x51\x95\xee\x8d\x40\x0e\x97\x59\xdb\xd4\xc8\xe5\xe5\
\xbb\x16\x75\xd1\xf4\xa2\x28\xe8\x6d\xdd\xe1\x51\x4f\x07\xc1\x30\
\x8e\x6a\xc3\x4a\x2a\x77\xc8\x49\x78\x3d\xd4\x7a\xff\x8b\x9a\x70\
\x86\x8e\xe7\x8b\x2f\xbf\x6c\x8c\x22\x7d\x87\x1d\xa7\x67\xe8\xe4\
\xdf\x62\xc7\xef\x3a\x04\xa1\x13\xe7\xcf\x07\x1b\xca\x75\xcb\xec\
\xd3\xfd\x06\x73\x00\x72\x9b\xe7\x1c\xf8\x76\x3a\x36\xfe\x29\xc8\
\x99\x67\xd8\x07\x10\xee\x96\x13\x90\xeb\xea\x14\x46\x05\x39\x01\
\xae\x6a\x53\x3b\xd0\xee\x1c\x36\x9f\x5b\x3e\xd0\x25\xe8\x52\x43\
\x79\xf8\x1e\x50\x89\x18\x7c\x02\x20\x45\x3f\x78\xe1\x1d\x55\x03\
\x80\xe5\xe4\x3b\x64\x63\x9d\x4d\xad\xbf\x13\xb2\xb7\xf4\xfb\x3f\
\xbf\x7c\x89\x9f\xeb\xd9\x83\x3d\x9b\x29\xee\x5d\xc8\xbe\x3a\x5b\
\x6a\x98\xaa\x48\x2a\x23\x7d\xaf\xfe\xf4\x6c\xaa\x14\x1e\x22\xdb\
\x3c\x1b\x19\x20\xd9\xf2\x93\x6c\x29\xff\x5d\xfe\x1b\x41\x3b\x2a\
\x3e\x5b\x36\x36\xb4\x7d\x6c\xbb\xaa\xa2\xc6\x60\xf0\xfb\x4a\xa3\
\x88\x04\x2e\xae\x72\xa4\x7a\x79\x27\x4f\xba\x09\xd4\x83\x25\x90\
\xe3\x5b\x2c\x16\x4e\xa5\xe1\x19\xf7\x8a\x61\xe8\xed\x18\x22\xeb\
\x4b\x89\x37\xdb\xc7\xfd\x9d\xd0\x90\xa6\x20\xac\x9e\x71\x0e\xc0\
\xbd\xac\x68\x1c\x88\xa5\x63\x03\x96\x13\x6e\x71\x1c\x21\x47\xc0\
\xaf\x89\xf7\xc9\x96\x43\x64\x3b\x4a\xb0\xc5\x67\xd4\x31\xf4\x5d\
\x8e\xac\xd7\x3f\xaa\x4e\x61\x24\x90\xc2\x0d\xc0\xd9\x99\x83\x83\
\x83\xd6\x0c\x69\x9c\x84\x9b\x25\xcf\x6f\x0a\xe0\x09\x94\x24\x6c\
\x70\x7b\x4b\x0a\xb8\x62\x18\xe4\xc8\x61\xa8\xad\xcb\xc6\x86\xec\
\x68\x8c\x6c\x4b\x61\x03\xf5\xfd\x0b\x92\x6d\x6e\xbf\xd8\xf3\xe9\
\x8e\x53\xda\x37\x3e\xba\x51\xff\x7d\x0f\x01\x15\xda\xed\x4b\x7f\
\x06\x6d\xd5\xda\xb3\xb5\x9c\x88\x2f\x11\x35\xc8\xd6\xb5\xc4\x0c\
\xfa\x1c\xcb\xc6\xaa\x5d\xdd\x0a\xe8\xd9\xa0\xff\x14\xbf\x3d\x9f\
\xcf\x1d\x09\x97\xe2\x40\x48\x38\x48\x05\x93\x26\xdd\xa1\xa1\x25\
\x7a\xa8\xa9\x37\x44\x25\x66\x88\x74\xa7\xee\xe0\x52\x84\x53\x32\
\x6c\x3b\x9e\xbb\x35\xfc\x19\x59\x0f\x92\xed\xc8\xb2\x7c\x51\xc8\
\xc1\xd3\x71\x18\x53\x95\xcd\x72\xfb\x02\x9e\xe1\xf7\x08\x7c\xf3\
\x23\xbe\x33\x10\x1d\x04\x0f\x21\x95\x9b\x1d\x8b\xd7\x2e\xc8\xbb\
\x53\x5f\x84\x83\xa0\xe3\xa4\x6b\xd3\x87\x6c\xcb\xcf\x75\x1c\x43\
\x4b\x85\x51\xa7\x30\x3a\x68\x74\x0d\x80\xb3\x3b\x14\x86\xd1\xae\
\xa7\x2c\x14\xc3\xc4\x10\x8a\x93\x34\xc6\x78\x75\xba\xe9\xbd\xe4\
\xeb\x8a\xe1\x90\xb6\xae\xaf\x8d\x95\xb6\x13\x08\x0b\x17\x72\x14\
\x91\x6f\x27\xf0\xb2\x6b\xc6\x18\xa0\x2c\xab\x7d\x22\xe2\x04\x27\
\xdd\xec\xe0\xdb\xf6\x74\x89\xca\xed\xd9\x4d\xb1\xdc\x22\xdd\x60\
\xf6\x95\x7e\x4b\xd8\xd7\x41\x76\x95\xdb\xca\x50\xdb\x10\xbb\x0a\
\x0c\xb2\xab\x29\xbe\xf3\xa9\xc2\x75\xcc\x8c\xf1\xa3\x17\x16\x0b\
\xcc\x66\xb3\x96\xdd\x31\x68\xa2\x1e\x52\xbc\xce\x93\x26\xdd\x04\
\xd9\xab\x21\x67\x40\x37\x85\x4f\x21\xaa\x4a\xf7\x6a\x18\xa2\xc0\
\xc8\xf5\xbe\x64\xdb\x73\x16\x40\x94\x80\xb7\x96\xc9\x59\xd0\x77\
\xea\x36\xf7\x7b\xcc\x50\xb3\x2f\x37\xe7\x23\x31\x06\xe9\x46\xd3\
\x3b\x77\xdf\x85\x30\xf0\x80\xe7\x60\x97\x3a\x84\xd0\xb6\x65\xcb\
\xf5\xef\x07\x9d\x80\x5c\x57\xa7\xb0\x16\x64\xb9\x40\x5e\xd6\x8a\
\x6c\x52\x43\xcc\xd3\x9e\x91\x92\xc0\x95\x78\x6e\x5b\xa5\x03\x24\
\x81\x43\x31\x0c\xf2\xfa\x02\x2b\xaa\xdc\x82\x48\xbb\x7d\xf8\x72\
\xc4\xbe\x72\xd8\x80\xed\xf3\x48\x38\xd0\x22\xce\xc1\xe5\x40\x5b\
\x88\x90\x87\xc8\x7b\x48\xf1\x36\x8c\x5c\x73\x3f\x4f\xcb\x1e\x09\
\x46\xc4\x6e\xc6\x3e\x57\x21\xdf\xf5\xdf\xea\xab\x76\x37\x4d\x2a\
\x6a\x0c\x85\x01\xbc\xb0\x3d\x1a\x39\xa4\x09\x72\x48\xf9\xa6\x67\
\xa1\xb4\x65\xc7\xaf\xed\x1e\x57\x82\x74\x03\xd5\xc3\x9c\xe7\xb9\
\x2b\x69\x05\x34\xc3\x9e\xf4\x82\xce\xf2\x1c\x05\x9f\x06\x5b\x31\
\x18\x2d\xc7\xb0\x4c\x91\xe9\x49\xbc\xa5\x33\x08\xa9\x31\x1c\xa1\
\xa1\x79\x6f\x18\x94\xf6\x69\x36\xca\x1f\x88\xd7\xb0\x09\x11\x7b\
\xf9\x1d\xe9\x30\xea\xf3\x09\xa9\x33\x21\x67\xc0\x97\xb7\xa9\xca\
\x48\x07\x25\x55\x19\x75\x0a\xab\x83\x87\x5b\x50\x3e\x02\x91\x6f\
\xb2\x4f\x44\xca\x89\x7c\x4f\xe1\x5a\xd3\x71\xf2\x9c\x19\x4a\x46\
\x0b\x3d\xab\x69\x77\x23\xd2\x03\x17\x8d\xbc\xf5\xaa\xd1\x23\xdf\
\xab\x8a\x19\xad\x51\xc4\x0e\xfb\x2a\x3b\x59\xd4\xe6\x89\x1a\x6c\
\x5f\xf7\x7b\x1d\xa4\x3b\xf4\x4c\x04\x09\x3e\x6b\x0f\x7d\xba\xe5\
\xba\x13\xb0\x8c\x6c\xb7\xda\xb8\xed\x8b\x6c\xeb\x6d\x63\xf9\xdf\
\x8e\xd8\x55\x7e\x0c\x53\x78\xd7\x53\x05\x11\x6e\x1e\xea\xc6\xa3\
\x19\xe8\xfa\x86\x62\xf9\x53\x53\xbc\x27\x49\xba\x63\x0f\xb3\x9c\
\xa6\x98\x6f\xe3\xc9\x95\x41\xe3\xa0\x58\x0a\xf7\x50\x57\x2b\x00\
\xfc\xe1\xd0\xa0\x22\x23\x9d\x04\xc2\x2a\x4c\xa7\x1a\x43\x9f\xd6\
\x1f\xf2\x0e\x85\x17\x05\x55\x69\xfa\x5d\x81\xa8\xca\x18\x23\xdd\
\x91\xdf\xe7\x21\x2e\x9c\x68\x77\xa9\xd9\x7c\x79\xa3\xe4\x5b\x3a\
\x82\xe6\x8f\x87\xd7\x13\x32\x4e\x53\x84\xb4\x3f\x31\x25\x31\xb4\
\x2d\x05\x84\x6c\x2b\xb5\xf1\x0a\x26\x1e\xc9\xb6\x3a\x82\xb8\x2e\
\x62\x36\x15\x40\xdb\x8e\x92\xdd\x19\x40\xb6\x43\x24\xbb\x8f\x5d\
\x6d\x89\x1a\x7c\xbf\x7a\xd2\x39\xb6\x43\xfb\xc4\xfa\x92\x6e\xfa\
\x7b\xfc\x3b\xf2\x93\x5f\x2f\xd3\x08\x67\x6b\xd9\xd7\x10\x09\xef\
\x68\x1b\x6a\x57\xe5\x3b\xa4\xf6\x75\x38\x1c\xaf\x60\xd7\x92\xc7\
\x76\x53\x18\x9f\x17\x66\x8c\x76\x27\x36\x15\x4c\x92\x74\x07\x43\
\x0c\x6c\xa3\x6c\x93\xe2\xc4\x1f\x76\x5e\xbf\xbb\x28\x8b\xad\x1f\
\xf3\x55\x81\x53\xb2\x84\xca\x1d\x54\xbd\x43\xc4\x3b\xb0\x8c\xfa\
\xfb\x4e\x8d\x81\x20\xe0\x3d\x54\x6f\xbe\x1c\x23\xe4\xd2\x29\xf4\
\x51\xba\x5b\xbf\x1f\x68\xe7\x61\x2e\x21\xa2\x5d\x2d\xc6\x9d\x81\
\x34\xf2\xb1\xcf\xa8\xb3\x58\x65\x39\xb0\xae\x58\x0f\x3c\x8c\x04\
\x68\xec\x8f\x24\x35\x53\xb9\xd6\xd5\x73\x6d\x61\x4b\x7f\x38\x9f\
\xc0\x9d\x5f\x9e\xe7\x5a\x32\x70\x1d\xd4\x76\xae\xb7\x4d\xad\xb7\
\xaf\x14\xb2\x07\x44\x89\x38\x87\x17\x0f\x1e\xb1\xa7\x2d\xd5\xbb\
\xfd\x23\x51\x3b\x1b\xed\x90\x06\xfe\x9e\x45\x9b\x3c\x85\x6c\x2a\
\x5f\x5e\x45\xcc\x88\x92\xef\x11\xec\xea\x54\xde\xfb\xd4\x60\x00\
\xaf\x48\x06\x8d\xb4\x51\x48\x09\x75\xf8\x3d\x21\xc3\x98\xfa\x9b\
\xaa\x74\x8f\x02\x79\x01\xab\x1e\xb2\xf5\xaa\x02\x58\xdb\xd4\x72\
\x04\x9a\x82\xea\x00\x30\xcb\x67\xaa\x76\xaf\x01\x6f\xd8\xa6\x6a\
\x68\xd6\x07\x10\xef\xfa\x4b\x7e\xf6\x7d\xdd\x16\x73\x14\x5c\x25\
\xef\x42\x97\xea\x66\x4c\x95\x88\xd9\xf1\xe5\xf8\x6f\x99\xb6\x42\
\xe9\x0d\x33\x8a\xf6\xce\x65\xa1\x88\x2c\xfd\x1c\xd1\x31\x20\xb0\
\x9e\x92\x61\x9a\x3a\xe4\x68\x9b\xe7\x14\x58\x5b\xea\x28\x4b\x0b\
\x98\xc6\xa6\x72\xf5\x88\x9c\x1f\x85\xf5\x51\xd9\xc0\xf4\xcf\x2a\
\x4d\xf0\x67\x22\x64\x63\x07\x11\x6f\x74\x90\xec\x80\x7d\xed\x42\
\x8c\x7c\x07\x05\x0e\xfa\xfd\xe6\xcb\x9d\xcf\x43\x2c\x3c\x90\xdb\
\x2b\x77\x7d\xea\x36\x7e\xbd\xba\x96\xc7\x10\x35\x06\xd9\x58\x69\
\x57\xd9\xf1\xa8\x6d\x5d\x1d\xbc\xc3\x65\x8c\xf1\x72\x65\x08\xd5\
\x73\x08\xb6\xad\x79\x54\x52\xbb\xf6\x93\x24\xdd\xa1\x61\x03\x6e\
\x14\x68\x88\x97\x26\xc9\xa1\x36\x7f\xda\xe2\xb4\x6e\xc4\xd4\x10\
\x55\x64\xba\x9c\x44\x0f\xb2\xdd\x52\xbb\x23\x08\x6d\x8f\xf6\x68\
\xa5\x22\x23\x87\x45\xc5\xbe\xee\xbc\x18\xf8\xaf\xc6\x5e\xe2\xa1\
\x4a\x0c\x5f\x5e\xe6\x28\x46\x23\xdf\xec\x77\x54\x85\x19\x17\x54\
\x21\x89\x14\x18\xea\xf4\x53\xe2\x8f\x61\xcf\x3e\xed\x9f\x3a\xe4\
\x31\xca\xca\x25\x74\x4e\x74\xee\x8a\xf5\xe0\xd9\xd1\x3e\x02\x46\
\xfd\xbd\xd6\xf2\x92\x51\x44\x69\x3f\x87\x8a\x1a\x2d\x84\x94\xf0\
\xc0\x7a\x17\xba\x08\x76\x70\x9f\xb1\x44\x8d\x2e\x12\x3e\x44\xd4\
\x80\xb0\xab\x92\x8c\x2b\x56\x42\x97\x9f\xf7\xae\xad\x69\x62\xbf\
\x8d\x19\xf6\xec\x6d\x13\x93\x24\xdd\x21\x18\x34\x09\x3f\xa4\x6e\
\x93\xd3\x23\x67\x40\x37\x28\xcf\x73\x55\xba\x47\x00\x7f\xe0\x87\
\xa8\xdc\x2d\x35\xa6\x4b\xed\x5e\xf2\xd9\x4b\xa9\x11\xfb\xac\x42\
\xe8\x41\x6d\x1d\x06\xb4\x8b\x74\x7b\xeb\x01\x67\xd0\x57\x8d\x89\
\x3a\x84\x50\x5b\x0f\xc7\xa0\x4e\x61\x5c\x50\xb5\x24\xa0\xc9\x31\
\x29\x8a\xc2\xd9\x22\xa9\x18\xa6\x7a\xed\x43\x1d\x84\xb2\x2c\x5d\
\x27\x82\xc2\xf5\x28\xb4\x84\x12\x9a\x14\xeb\x63\x30\xf1\x1e\x22\
\x6c\x10\x56\xb0\xab\x5d\x76\x33\xb8\x6d\x8d\x50\xa3\x3e\xa4\x5b\
\xae\xf7\x21\xdb\x9d\xf6\x94\x3e\x63\x36\x34\xd4\xb6\x44\xd4\x48\
\xf5\xfd\x9e\x1a\x68\x64\x4d\x86\x92\xc8\x38\xee\x29\x08\x49\x93\
\x26\xdd\x72\xd8\x9f\xc7\x52\x72\xf0\x24\x4a\x37\xcb\x61\xa2\x37\
\x64\x8a\x88\x3a\x89\x7a\x7b\xd4\x80\x87\x8c\x72\x87\x2a\xd3\xd7\
\xb0\xaf\xac\xd6\xf4\xf8\x6e\xd7\x8b\xdc\xda\x26\x1c\x5e\xa7\x83\
\x58\xa6\xca\x74\x91\xf0\x35\x1d\x83\x62\x1c\xf0\x38\x43\x6b\x2d\
\xae\x5d\xbb\xe6\x4d\xce\x05\x6b\xeb\xc7\xb5\x79\x5f\xa4\xe3\x48\
\x05\x7c\x44\x90\x54\x6d\x0a\x23\xa1\x89\x70\xe8\xf9\xa1\x7d\x55\
\xe9\x1e\x0f\x43\x46\x0e\x97\x09\x1b\xf5\x0f\x55\x6d\x3d\x54\x6f\
\xda\xbf\x45\xbe\x79\x58\x4a\x8f\x38\xd9\x75\xec\x70\x75\xca\x2b\
\x92\x6e\xb6\x3c\x9a\xa8\xd1\xc7\xc6\xaa\x5d\xdd\x18\xe8\x9a\x72\
\x41\x15\x68\x92\xbb\xe9\x49\xe3\xf6\x28\x55\xdb\x3a\x49\xd2\x2d\
\x1f\x68\xba\xb0\x3c\x8e\x12\x68\x92\x27\x69\x5d\x4e\xc7\xac\x58\
\x1f\xf4\x90\x07\x89\x37\x37\xcc\x31\x35\x06\x1d\x6a\x77\x04\x43\
\x55\x98\xb1\x31\x84\x78\xaf\x32\x04\x3a\xd8\x21\xd0\xa7\x58\xa6\
\xdf\x5c\xb6\xac\x18\x07\x79\x9e\x7b\x15\x94\xa8\x83\xef\xca\x5c\
\x19\x03\xcb\x6a\xc8\x06\x87\x48\x13\x02\x8f\xdb\xad\x8e\xb1\x5d\
\xa6\x93\x26\x01\x92\xed\x8a\xf5\xb1\x96\xca\x8d\x71\xec\xea\x2e\
\x11\x7c\x2f\xfa\x08\x19\xe8\xb0\xa5\x68\xbf\x77\x83\x44\x8d\x01\
\x76\x35\xd5\xf7\x7a\x8a\x20\xc2\x4d\x1c\x8f\x3a\xfe\x64\x73\x81\
\x76\xce\x49\xaa\x3e\x6e\x92\xa4\x9b\x40\x17\x35\x33\xed\x12\x81\
\x34\x1c\x01\x54\xce\x83\x1c\x83\x1b\x02\x55\x07\x31\x1a\xba\x88\
\x77\x88\x6c\x7b\x0a\x4b\x44\xed\x86\x31\xf1\x4f\xda\x0d\x11\x27\
\xd1\x91\x28\x34\x78\x88\x34\x72\xbe\x7d\xb7\x79\xeb\xdc\x61\xac\
\x40\xb6\x97\x3a\x84\x50\x9b\x12\xee\xad\x81\xc2\x48\xc8\xf8\x73\
\xd5\x9b\x46\xda\xf8\x94\xf0\x29\x83\x3b\xad\xe6\x7f\x65\x4f\xc9\
\xae\x52\xa9\x2e\x3e\xc2\x98\x65\x19\x0a\xb5\xad\xa3\x61\x08\xf1\
\x26\x44\xed\xaa\xdb\x61\x80\x5d\xed\x11\xc6\xb7\x31\xb2\x1e\xea\
\x2c\xc8\xb6\x88\x4d\xed\x22\xdb\xdb\x12\x35\x14\xe3\xc0\x02\x6e\
\xa4\x8d\x88\x37\x75\xf6\x79\xce\x8c\x9c\x0e\x3e\x55\x11\x60\x1a\
\x1e\x60\x09\x2c\x9a\x0b\xcc\x4b\xcb\x00\x0d\x01\xa4\x38\x44\x5e\
\x5c\x5d\x31\x1e\x62\xc4\x3b\x44\xb6\xeb\x1d\x82\x04\xbc\x57\x68\
\x49\x17\x51\xdf\x06\xba\x94\xa3\xa1\x4e\x81\x2f\xaf\xf3\xc9\x0d\
\x7f\xa8\x4d\x09\xf7\xc6\x41\x0a\x77\x51\x14\x5e\x2c\x37\x85\xb7\
\xf1\xff\x53\xba\x07\xb6\x0e\x8b\x29\xca\xd2\x65\x18\x73\x45\x89\
\x4f\x79\x5f\xb2\x99\x0b\x15\xe3\xc0\x23\xde\x75\x5b\x68\x79\xa9\
\xda\xbd\xcc\xbe\xf6\x14\x35\xfa\x90\xec\x51\x88\x78\xc4\xce\xf6\
\x11\x32\x76\x2d\x6a\x28\xc6\x83\x41\x13\x22\x0c\x54\xd7\x97\xc8\
\x36\x0f\x39\xb1\xd6\xc2\xb2\xbc\x99\x54\xef\xc3\x24\x49\x77\x8c\
\x34\x53\x32\x0f\x1f\xee\xe4\xb5\x73\x69\x5b\x96\x65\x38\x38\x38\
\xc0\x05\xc5\x77\x2b\x46\x81\x24\xde\x5d\x71\x81\x4b\x49\x74\x04\
\xcb\x42\x4b\x5a\xdb\x7b\xfe\xf6\x20\x27\xb1\x2a\xe9\x46\xc0\x01\
\xf0\xe5\xa1\x44\x7c\x0d\xf2\xad\x18\x17\xa4\x6a\x93\x7d\x21\xd5\
\x37\x26\x02\xa4\x1a\x8e\xc1\xe3\x21\xf9\xfb\x6c\x0c\x30\xcb\x73\
\x94\x79\x01\x14\x7e\xa8\x1e\xa9\xf8\x65\x59\x3a\x02\xa7\x18\x17\
\x83\xc2\xf7\xd0\x43\xed\x8e\x60\xa5\xef\x6d\x52\xf0\x08\xd9\xda\
\x98\x4d\xe5\xdb\xfa\xd8\x52\xfa\x6e\xc8\x66\xca\xcf\x88\x5d\x0d\
\x6d\x57\x8c\x0b\xc3\x4a\x93\xca\xeb\xcb\x89\xb8\xb5\x16\x86\x55\
\x5b\x4a\xd1\xbe\x02\x13\x25\xdd\x9c\x3c\x84\x6a\x85\x96\xe2\x46\
\xc8\x9b\x45\x43\xbf\x8a\xf1\xe1\x5d\x67\x30\x32\x1c\x50\xbe\x83\
\x8e\x22\xf0\x19\x42\x1f\xe7\x30\x24\xb4\x64\x10\xc8\xc0\x46\xb6\
\x75\x91\xee\x51\xc8\xb6\xfc\x5c\x46\xb4\x45\x9b\x62\x7c\xe4\x2c\
\xb3\x9e\x54\x18\x5e\xbe\x94\x87\x67\x00\xbe\x43\x48\xc9\x39\x84\
\xc8\x03\x1f\x45\x2c\x19\xc1\xa6\x6d\xbc\x5c\xa0\x3e\x63\x9b\x43\
\x1f\xb2\xcd\xdb\xdc\x2a\x96\xab\xda\x5d\xe8\xda\x7f\x99\x08\xb2\
\x36\x7a\x90\xee\xa0\xfd\xe4\xcb\xab\xda\xd7\x9e\x02\x86\x12\xee\
\xcd\x22\x63\x02\x86\xe4\x7e\x55\x68\x89\xdf\x96\x92\x3d\x0d\x61\
\x92\xa4\x5b\x82\x2b\xdc\x94\xed\x2d\x27\xc5\x31\xc6\xb8\xed\xa4\
\x74\x2b\x36\x87\xde\x6a\x0c\x7d\xa1\x23\x8e\x9b\x86\x46\x47\x51\
\x53\x02\xbf\xe3\x8e\xa3\xef\xdf\x58\x42\xba\xbd\x6d\x81\xf5\x90\
\x03\x70\xfb\x04\x8c\x7f\xf5\xd1\xfe\xec\x72\x12\x6e\x1f\x75\x08\
\x5b\x81\x9b\x18\xa6\x7e\xde\x5d\xc5\x24\x53\x0f\x8b\x5a\xc0\xda\
\xd2\x11\x70\x20\x5d\x67\x2d\xdf\x5d\x5e\x0a\x90\x6c\x2b\x55\x6a\
\x21\xbb\xea\xcd\x83\x90\xd8\xf9\x5c\x25\x04\xc3\xf7\x68\x63\x97\
\xda\x1d\x88\xdf\x96\xa1\x27\x2d\xa2\x1e\xb3\x95\x7d\xee\xf1\x58\
\xcf\xc1\x48\xa4\x1b\x88\xdb\xd7\xb1\xc8\xb7\x62\x33\xe0\xa5\xa0\
\xa9\x5a\x09\x3d\xff\x65\x51\x22\x9f\xd5\xe2\x6a\x96\xbb\xfb\x91\
\xf2\x7d\x99\x3c\xe9\xa6\x8b\x2b\x63\xb5\xb9\x71\xe2\x04\x9c\xd6\
\xdf\x38\x39\xc1\xe3\x27\x4f\x76\x72\xcc\xfb\x82\x4e\x35\x86\xb0\
\xa6\xe2\xd2\x0a\x2d\xd9\x86\xd3\x67\xbf\x1f\x72\x08\xad\xf6\x65\
\x4e\x81\x2f\xf7\x75\x14\x5d\x64\x3c\x71\x52\x77\x15\x71\xfd\xfa\
\x75\xaf\x72\x09\xd5\xaf\x2e\x6d\x09\x63\x32\xc0\xc0\x91\xf2\xd4\
\x21\xab\x41\x85\xf2\x60\xa8\xee\x78\xbb\xc2\x09\x70\x72\x7c\x8c\
\xb3\xf3\xf3\xed\x1e\xf4\x1e\x21\x34\xc4\x1e\x23\xe0\x43\x30\x86\
\x42\x3d\x7a\x52\x65\xc4\x9e\x7a\x6d\xc2\x8e\xba\x6d\x7d\xec\x6b\
\x8f\xcf\x3e\xa2\x86\x62\x73\xa0\x04\xca\xf9\x7c\xee\x3a\xfc\x2e\
\x4f\x26\x63\x1c\x90\x55\x86\x4a\x39\x77\x66\xf2\xa4\x9b\x22\x08\
\x49\x5d\x32\x06\x75\x5c\x4f\x13\xcb\xcd\x49\x39\x39\xbe\xe3\x5b\
\xb7\x30\x9b\xcd\x5c\xe9\x19\xc5\x66\x10\x55\x63\x84\xa3\x18\x1c\
\x5a\xe2\x35\x74\xa8\xd7\xb1\xef\x2c\x69\xef\xc4\x9a\xa4\xdb\x6d\
\x8f\x10\xeb\x50\xdb\x10\x35\x86\x3e\x53\x34\x38\x57\x11\x27\xc7\
\xc7\x38\x3c\x38\x70\x93\xc4\x10\x68\x39\xaf\xef\x05\x4f\xa8\x24\
\xa4\x76\x8f\xe4\xf1\x1b\x76\xec\x59\x96\xc1\x02\xc8\x32\x83\xc5\
\xa2\xf0\xf6\xa5\xf0\x92\xb2\x2c\x71\xe7\xf6\x6d\x25\xdd\x1b\x46\
\x2b\x7f\x86\xd0\x33\x64\x2f\x6a\xf7\x7a\x26\x53\x2e\xdb\x36\x1a\
\x7a\x92\x6e\xb9\xbe\xb6\x7d\x1d\x20\x6a\x28\x36\x87\xe3\xe3\x63\
\xcc\xf2\x9c\x95\x06\x84\xe3\x73\xc6\x18\x64\x40\xd0\xae\xd2\x7e\
\x29\xe2\x0a\x90\x6e\xe3\x91\x69\x6b\x51\x4d\xf3\xcd\x86\x46\x65\
\xbc\x0f\xbd\x38\xb7\x4f\x4f\xf1\xe8\xf1\xe3\x1d\x1f\xff\xd5\x07\
\x77\x10\x9d\x6a\x77\x2c\xb4\x04\xab\x27\x48\x6e\x0c\x43\x88\x77\
\x07\xd1\x8e\x2d\xaf\xac\xca\xa8\x43\xd8\x3a\xde\x7e\xfb\x6d\x00\
\x70\xf6\xe6\xf2\xf2\xb2\x55\xb3\x1b\x68\xc2\xe0\x08\x29\x2a\xdf\
\xde\x73\xc3\x1c\x19\x09\x18\xb6\x2c\x51\x96\xd6\x3b\x27\x0a\xd9\
\xa3\x77\xfc\xce\x9d\x3b\xf8\xe2\xab\xaf\x76\x71\xf8\x7b\x05\x19\
\x77\x1f\x55\xbb\x7b\xd8\x57\x8e\x51\x05\x8a\x08\xe8\xa9\x5f\xfa\
\x7b\x31\x3b\x1b\x13\x32\x02\xdb\xd6\x12\x33\xe8\x33\x62\x73\x15\
\x9b\xc5\xbb\x6f\xbf\x8d\x1f\xbe\xff\x1e\x80\x9f\x5b\x02\x00\x99\
\xc9\x60\x28\x8c\x8f\x85\x9d\x00\x69\xdf\x9f\x49\x92\xee\x58\x8f\
\xc6\xf5\x7e\xb2\x0c\xc6\x34\xc9\x3e\x7c\x18\x94\x7f\xf7\xef\x3e\
\xfc\x50\x49\xf7\x96\x10\x7c\x09\xba\x62\xbc\x03\xfb\xb5\x9a\xd9\
\xfe\xab\x84\xae\xac\xe5\x44\x56\x25\xdd\xf5\xfa\x20\x55\x66\xc5\
\x4f\xc5\xe6\x31\x9b\xcd\xf0\xc1\x7b\xef\xe1\xbb\xef\xbe\x43\x51\
\x14\xae\x4c\x20\xd0\x76\x12\x44\x5a\x79\x48\x5c\x6a\xe0\xa2\x84\
\xac\x04\x40\x9d\x8a\xc5\x62\xe1\x8e\x3f\x34\xe1\xd8\x8d\xa3\x23\
\xbc\xf9\xc6\x1b\xf8\xe1\xc5\x8b\xad\x1f\xff\x3e\xa2\xaf\xda\x1d\
\x45\x88\x7c\x73\xdb\xd9\x65\x47\x65\x8c\xf8\x92\x63\x8d\x91\xed\
\xe8\xf7\x3a\x48\xb7\xd7\x16\x23\xe1\x23\xdb\x57\xb5\xad\xdb\xc3\
\x6c\x36\xc3\x7b\xef\xbe\x8b\xe7\xcf\x9e\x79\xdc\xce\xf1\x38\x03\
\x97\xb4\x5e\x2e\x16\x40\x9d\x57\x03\xa4\x95\x9c\x2e\x31\x49\xd2\
\xcd\xc1\x2f\x2e\x8f\xd9\xe6\x2f\x0a\x8f\x51\xa4\x72\x82\x00\x70\
\xf3\xe6\x4d\xdc\xb9\x7d\x1b\x4f\x9f\x3d\xdb\xfe\x81\xef\x29\x96\
\xaa\xde\xe8\x18\x02\x8d\x28\x33\xb1\xef\xc7\xd6\x47\x81\x30\xbe\
\xcb\x1c\x42\x74\xbd\x8f\x33\x10\xdb\x96\xa9\x31\x8a\xed\xe1\xde\
\xdd\xbb\x2e\x89\x12\x68\x66\x68\x74\xd5\x91\x0c\x60\x61\x91\x65\
\xa6\x95\x64\x98\xaa\x13\xe7\x65\x56\x25\xf1\x20\xb5\x5e\x3a\x41\
\x19\xee\xf0\xe0\xfe\x7d\xfc\xc7\xef\x7f\xbf\xb3\x73\xd8\x37\xac\
\x65\x57\x23\xe8\x12\x32\x56\xb1\xa9\xcb\xbe\xb3\x8c\x78\xf7\xb6\
\xb1\x43\xed\x6b\xcc\xce\xaa\x98\xb1\x53\x7c\x28\x6c\x2b\xcf\xcd\
\x33\x99\xa9\x97\xeb\x7b\xc2\x2a\x43\xa5\x8e\x49\x92\x6e\x23\x1c\
\x17\xe0\x57\xc9\xc8\x32\x83\xa2\xb0\x4e\x8d\x21\x75\x06\x80\x9b\
\x24\x87\xf0\xab\x07\x0f\x94\x74\x6f\x19\x43\x8d\xd7\x26\x48\xf3\
\xda\xbf\xd9\x83\x74\xbb\xf6\xc8\x7a\x74\x79\x0d\x55\x46\xb1\x3d\
\x1c\x1e\x1e\xe2\xde\x87\x1f\x02\x80\x47\x3c\xbd\xf2\x56\xf5\xbf\
\xa2\x28\x71\x70\x50\x85\x96\x70\x95\x3b\xb5\xe1\x50\x7e\x1c\x9c\
\x50\x03\x74\x8e\x00\xe0\x27\xa7\x53\xf5\x12\x3a\x77\x00\x78\xf3\
\x8d\x37\x54\xd0\xd8\x32\xba\x46\x13\xfb\xe4\xbd\x74\x89\x1a\xeb\
\xda\xcb\xbe\xdf\x0f\xee\x13\x52\xbb\x57\x24\xdd\xd5\x87\xda\xd7\
\xd4\x71\x70\x70\x80\x7b\x77\xef\x02\x40\xab\x53\x9f\x67\x19\x16\
\x45\x51\x3f\xd6\x24\x0e\x54\xdf\x93\x21\x7b\x29\x2a\xde\x93\x24\
\xdd\x04\xee\xbc\xf8\x4d\xa9\x96\xe1\xca\x58\xb9\x24\x20\x56\xc9\
\x84\x70\xe3\xe8\x08\xbf\xf9\xe4\x13\x7c\xf6\xf0\xe1\x2e\x4e\x61\
\xaf\xe1\xa9\x33\x52\x2d\xeb\x1b\x1a\xc2\x1d\xc5\xb2\x38\xef\x31\
\xe3\xc0\x03\xbf\x23\x1d\x40\xa8\xad\x97\x53\xa8\x97\xd5\x19\xa4\
\x0b\x63\x0c\x7e\xf7\xdb\xdf\x7a\xd3\xba\x93\x3d\xf2\xca\x02\xd6\
\xed\x3c\xde\x90\x13\xd9\x14\xd5\xee\x90\x90\x01\x10\x09\x07\xaa\
\x7a\xe3\x45\xeb\x7b\x74\xee\x84\x5f\x7f\xf2\x09\xce\xce\xce\x74\
\x12\xb2\x2d\x23\xa4\x7a\x73\x7b\x29\x49\xf8\xe8\x55\x4b\xd6\xb4\
\xb3\xad\x6f\x76\xd8\x53\xd7\x16\x23\xe1\x6a\x5f\x27\x07\x63\x0c\
\x7e\xfd\xf1\xc7\xce\xb6\x72\x31\xc3\x5a\x8b\xcb\x9a\xd3\xd5\x72\
\x85\x67\x73\xf8\xb4\xf0\x29\xda\x56\x60\xe2\xa4\x9b\x2b\x2b\x4d\
\xbc\xb6\xa9\x33\xec\xab\x1b\x34\xab\x87\x42\xe5\xcc\x45\xbc\x07\
\xf4\xc1\xfb\xef\xe3\xc7\x9f\x7e\xc2\xb7\x7f\xfb\xdb\x0e\xce\x62\
\xbf\x21\x5f\x0a\xd7\x53\xad\x8d\xa2\xac\xf3\xcd\xfb\xad\xad\x5e\
\xac\xd8\x1e\x6d\xab\xdb\xbd\xd5\xe1\x87\x1e\x55\xb7\x5b\xdb\x43\
\xaa\x78\x97\x1a\xde\x47\x19\x4f\xd0\x98\xec\x13\x7e\xfd\xf1\xc7\
\x78\xe3\xe4\xc4\x6b\x73\xd5\x4a\xf2\x3c\x6a\xf0\x43\xa5\xac\x52\
\x54\x63\x1a\xf1\xc2\xb7\x95\x14\x3e\x43\x21\x26\x65\x59\x55\x31\
\xe1\x6d\x84\x6b\x87\x87\xf8\xe7\xdf\xfd\x0e\xff\xf1\xfb\xdf\x27\
\x79\x8e\x57\x19\x31\xfb\x10\x25\xe1\x91\xfd\xba\x7e\xa3\x2f\x86\
\xee\xbf\x0e\xe9\x96\xeb\x5d\x0a\xb7\xd7\xa6\x64\x3b\x19\x3c\xb8\
\x7f\x1f\x6f\xdf\xb9\xd3\x6a\x27\x31\xc3\x5a\x5b\x85\x97\x58\x9f\
\xcf\x71\x3e\x08\xa4\x69\x57\x81\x89\x92\x6e\x59\x72\xcb\xff\x0f\
\x54\x13\x51\x34\xc1\xf6\x15\x79\x6b\x86\x42\x79\x5c\x37\xe1\x37\
\x9f\x7c\x02\x00\x4a\xbc\x77\x84\x50\xc8\x90\x42\x91\x22\x7e\xf5\
\xe0\x01\xee\x7e\xf0\x81\xd7\x26\xd5\x18\x59\xa9\x04\x68\xea\x5e\
\x73\xc7\x90\x1a\x64\xc2\x39\xb7\xad\x3c\x6c\xa6\x3a\x57\x83\xb2\
\xcc\x60\x4c\xa5\x2e\x5d\x06\x14\xed\x37\x4e\x4e\xf0\xdb\x7f\xf8\
\x07\xfc\xd7\xff\xfc\xcf\xb6\x4f\x45\x81\x61\xb6\x34\x48\xc4\x7b\
\xe4\xd1\x6c\xa2\xac\x60\x97\xa0\x11\x1c\x3d\x94\xeb\x7d\x43\x4c\
\x54\xd0\x48\x0a\xef\xbe\xf3\x0e\x3e\xba\x77\xcf\x6b\xf3\xab\xd3\
\xd5\xd1\x0c\xa8\xea\x72\x93\xcd\x8d\x25\x50\xa6\x48\xbc\x27\x49\
\xba\xa5\x4a\xc4\xff\x7b\x04\x1c\x40\x51\x02\x80\x41\xc6\x62\x7d\
\xa4\x33\x24\xfc\xe6\x93\x4f\x70\x7c\xeb\x16\x3e\x7b\xf8\x30\xc9\
\x9b\xa5\x50\x28\x76\x87\xd9\x6c\x86\x7f\xfa\xc7\x7f\xc4\xed\xd3\
\xd3\xd6\x36\x99\x7c\x58\x0d\xed\x5b\x17\x5e\x42\xcc\x80\xc7\x1c\
\xa6\x16\xcf\x0d\xf8\x43\xb2\xf2\x38\x1b\xfb\x5a\xed\x6b\xcb\xc6\
\xde\xca\xd0\x12\x8e\x77\xdf\x79\x07\xd7\xaf\x5f\xc7\x1f\xfe\xf8\
\x47\xbc\xbe\xb8\xd8\xfc\x49\x28\x5a\x90\x89\xae\x84\x65\x8a\xf7\
\xae\x30\x84\x74\xbb\xb6\x00\x81\xae\x16\x87\xa9\xde\x8a\xed\xc3\
\x18\x83\xbf\x7f\xf0\xc0\xe5\xc8\x70\x48\xbb\xda\x94\x63\x35\xde\
\x83\x12\x52\xb9\x53\xbc\xa7\x93\x24\xdd\x1c\x52\x21\x25\x85\xe9\
\xf2\xf2\xb2\x7a\x99\x5c\xfc\x1a\x5c\x0c\x41\xd7\x8d\x78\xff\xbd\
\xf7\x70\xf3\xc6\x0d\x3c\xfc\xe2\x0b\x9d\xe0\x41\xa1\x50\x00\x00\
\xde\xbe\x73\x07\x7f\xff\xab\x5f\xe1\xe8\xfa\xf5\xe8\x3e\xc6\x18\
\xcc\x66\xb3\xa6\x5a\x52\x3d\x05\x7c\x59\x14\x80\x9d\x7b\xd5\x40\
\x68\x7f\x20\x4d\x35\x06\xf0\x3b\x08\xb4\x5e\xe5\xc9\xd4\xeb\xa2\
\x1a\x54\xd6\x51\x41\xe0\xe4\xf8\x18\xff\xef\xdf\xff\x1d\x9f\x7d\
\xfe\xb9\x26\x57\xee\x08\xb1\x58\x7d\x89\xae\xd2\xad\x9e\xea\xdd\
\x37\xef\x66\x45\xc4\xc2\xf3\xdc\xb6\xbe\x21\x7a\x3d\x09\xb8\x62\
\x37\xb8\x71\x74\x84\x5f\x7f\xfc\x31\xde\x7c\xf3\xcd\xe0\x76\xb2\
\x3b\x5c\xed\x76\x23\x8a\x65\x3d\x2a\x17\x18\x9d\x03\xd2\xb4\xad\
\x93\x27\xdd\x2d\x75\xdb\x18\x2c\x16\x0b\x77\x43\x78\xe5\x92\x8a\
\x83\x2f\x9f\x90\xe2\xf8\xf8\x18\xff\xf7\xdf\xfe\x0d\xcf\x9f\x3f\
\xc7\x9f\xff\xf2\x17\x9c\x9d\x9d\x6d\xe3\x54\x14\x0a\x45\x62\xb8\
\x73\xfb\x36\x1e\xdc\xbf\x8f\x5b\x37\x6f\x2e\xdd\x97\x6c\xcd\x6c\
\x36\xab\xe3\xba\x33\x94\xc5\x02\x98\x55\x23\x6b\xa4\xc4\xc8\x91\
\xba\x94\x9d\xbe\xe7\xf0\xea\xdc\x98\xb2\x2c\x61\xea\xb8\x3d\x3a\
\x7e\x1e\x7a\x12\xc3\xe1\xc1\x01\xfe\xe5\x77\xbf\xc3\xd9\xf9\x39\
\xbe\xf8\xf2\x4b\xad\xe3\xbd\x23\xf0\x1c\x19\x22\x9e\xab\x4e\x88\
\xb3\x91\x72\xac\x35\x96\xaa\xdd\x6b\xc4\x75\xcb\x65\xc5\xf6\x71\
\xed\xda\x35\x3c\xf8\xe8\x23\xbc\xfb\xce\x3b\x9d\xf7\x42\x26\x9d\
\x1b\x18\x94\x45\x89\xd9\x7c\x06\x20\x3c\xa7\x80\x2a\xdd\x1b\x82\
\x4c\xf6\xe1\x43\xbc\xa4\x6e\x53\x79\x40\x5b\x5a\x58\xb4\x93\x98\
\xba\x70\x7a\x7a\x8a\xd3\xd3\x53\xbc\x7e\xfd\x1a\x4f\x9f\x3f\xc7\
\xf3\xe7\xcf\xf1\xea\xf5\x6b\x5c\x5e\x5e\xe2\xf2\xf2\x32\xc9\xc9\
\x2d\x14\x0a\xc5\x70\xe4\x79\x8e\xf9\x7c\x8e\xf9\x7c\x8e\xa3\xeb\
\xd7\x71\xe7\xf6\x6d\xdc\x3e\x3d\xf5\xaa\x93\x2c\x03\x2f\x9d\x47\
\xcb\x55\x3d\xd9\x26\x3c\x43\x26\x52\xf6\x11\x01\x76\x01\x6e\x23\
\x5d\x79\x43\xc0\x29\xdb\x24\x6a\x64\x59\x86\xb2\x28\x5d\xdd\xdc\
\x3e\xe7\x72\x72\x7c\x8c\xff\xf3\xaf\xff\x8a\x9f\x5f\xbe\xc4\xd3\
\x67\xcf\xf0\xf4\xe9\x53\x1d\x55\xdc\x05\x98\x6a\xdd\x0a\x3b\x19\
\xeb\x99\xec\x99\xb0\xde\xf2\xc8\x23\x91\xa5\x14\x49\xd7\x3e\xe3\
\xda\xb5\x6b\xb8\x73\xfb\x36\xee\xdc\xbe\x8d\x37\x4e\x4e\x7a\xdd\
\x1f\xc9\xef\x90\x01\xf9\x2c\xc7\x62\x71\x89\x83\x83\x43\xaf\xfc\
\x2a\x17\x5f\xa9\x2d\x35\x4c\x9a\x74\x03\xe1\x0b\x5d\x39\xbb\x0c\
\x45\x3d\x73\x5a\x95\x4d\x69\x01\xbb\x5a\x12\xd3\xe1\xe1\x21\xee\
\xbe\xff\x3e\xee\xbe\xff\xfe\xc8\x47\xaf\x20\x84\xc8\x47\xe7\x10\
\x68\xe2\x0a\xe1\xd4\xd0\xae\xc7\xdc\x0e\x2d\x90\xeb\xa1\x7d\xe5\
\x32\xed\x13\xfb\x4e\x8c\x74\x86\x48\xc0\xb2\xfb\x9d\xc2\x33\x61\
\xad\xc5\x7c\x5e\x85\x92\x94\x45\x01\x93\x65\xc8\x67\xb9\x57\xd7\
\x9a\x27\x5b\xa6\x70\xcc\x21\xf0\x7b\xc6\xcb\x1d\x36\x55\x4b\x9a\
\x84\x4a\x18\xf8\xeb\x3d\x71\xe3\xe8\x08\x37\xee\xdd\xc3\x47\xf7\
\xee\xa1\x28\x0a\xfc\xfc\xf2\x25\x5e\xbe\x7c\x89\x5f\x5e\xbd\x82\
\x55\x41\x43\x31\x71\xf0\x4a\x31\xfb\x0a\x83\x8a\x3f\x1d\x1d\x1d\
\xe1\xe8\xfa\x75\x1c\x1c\x1c\xac\xfe\x5b\xb5\x2d\x82\xb3\x9b\x3e\
\x97\xcb\xf3\xbc\x55\x6d\x29\x45\xdb\x3a\x49\xd2\xdd\x27\x43\xd5\
\x2f\x27\x58\x7a\x2a\x54\x8a\x37\x62\x9f\x21\x09\x98\x74\xde\xa1\
\x7b\xa6\xf7\x70\x7d\x84\x14\x57\xde\x79\xa5\x76\xda\x57\x7e\x77\
\xc8\x32\xff\x7b\x32\xbc\x42\x22\x74\x6f\xfb\xdc\xef\x5d\x3f\x13\
\xe4\x14\x48\x0d\xae\x86\x3c\x2d\x0c\xab\x25\xcb\x9d\x42\x8a\x55\
\x4c\x42\x1d\x24\xde\xc6\xe7\x45\x30\xc6\xa0\x64\x49\x4e\xa1\x8a\
\x2d\x7d\x91\xe7\x39\x8e\x6f\xdd\xc2\xf1\xad\x5b\x23\x9c\x85\x42\
\xb1\x3b\xc4\xc4\x84\x94\xd5\xd7\xd4\xe1\xc2\xd7\x32\x9a\x6e\xac\
\xb9\x9e\xa1\x39\x58\x76\xed\x0b\xba\x90\x9e\xd5\xef\x81\x10\x31\
\xe0\x61\x26\x00\x30\xcb\x73\x77\x33\xf2\x3c\xc7\xe1\xc1\x01\xf2\
\x59\xae\x0f\x7c\x22\x88\x11\x2f\x59\xdd\x41\x56\x50\x50\xac\x0f\
\xae\xb0\x4a\x52\x15\x22\xca\x7d\x3b\xaa\xad\xd8\xbb\xc0\x7f\xf9\
\x9b\xbc\x9d\xbf\xc7\xf2\x18\x52\x07\x3f\x97\xb2\xe4\xc4\xd5\xe0\
\xf2\xf2\x32\xaa\xfa\xa7\x16\x5e\x12\xb2\xab\xfc\xd8\x67\xb3\x19\
\x32\x16\xc3\x3d\xaf\xc3\x72\x78\xa7\x4d\xa1\xd8\x57\x84\x46\xfe\
\xf8\xb6\x94\xde\xf5\xa9\xc0\xb3\x95\x54\x31\x09\xed\x39\x04\x68\
\x9f\xd4\x6b\x75\x4f\x92\x74\x03\x61\x15\x8d\xd4\xed\xa2\x28\x50\
\x0a\x62\xb1\x58\x14\xee\x86\x59\xab\x43\x97\xbb\x46\xec\x65\x90\
\xea\x2b\x7d\xaa\x33\x1f\x0f\x43\x89\x6e\xcc\x89\xc8\xdf\xea\xdb\
\x41\x0a\x75\xb8\xfa\x24\xd2\xf4\xf9\xed\x5d\xc2\x18\x83\xa2\x28\
\x30\xab\x13\x27\xcb\x5a\xf1\xe6\x09\x94\x53\x7d\x96\x89\x70\x73\
\xdb\x4a\xb3\xc2\x95\x45\xa3\x7e\x6b\x9e\x8b\x62\x9f\xb1\xcc\xae\
\x2a\x86\x83\xec\x4a\x59\x96\xde\xa4\x5c\xb3\xd9\x2c\xc8\x11\x52\
\xef\xdc\x4c\x92\x74\xc7\x62\x76\xc8\xb9\xf1\xd8\x9e\x2c\xab\xe3\
\x29\x0d\xed\x9f\x61\x73\xf9\xd6\x8a\x31\x10\x22\xde\x8a\xcd\x62\
\xc8\xf5\x8e\x91\xc7\x50\x7b\xd7\xa8\x45\xcc\x30\xf6\x25\xe0\xa9\
\x81\xe2\xb9\x69\xd9\xb0\x70\xb6\x90\xfa\xd2\xa7\xc3\xb1\x6d\x84\
\x42\x49\x88\x60\xd3\xcc\xbe\x34\xe3\x26\x09\x1c\x75\x79\x08\x25\
\x19\x0a\x45\x8d\xd0\x88\x96\x62\x35\x90\xcd\x21\x5e\x97\x65\x19\
\x50\xdb\x27\x6e\x5b\x63\xa3\xb7\xa9\x61\x92\xa4\x3b\x76\x21\x43\
\x41\xf4\xd4\x23\xaa\x66\x4f\x2b\x91\xe7\xe9\xdd\x84\x7d\x87\xc6\
\x6b\xa7\x83\x3e\xa4\x89\x27\x01\x12\xe4\x3d\x5b\x16\xcf\x18\x0a\
\x5d\x18\x7a\x1c\x29\xa1\x31\xf8\xd5\xb9\x11\x31\x05\x9a\x78\xc4\
\xae\xef\xa6\x02\x7e\x3f\x64\xcc\x24\x1f\x49\xa4\x4a\x50\xf3\xf9\
\xac\x8e\xaf\x6c\x0f\xed\x2a\x14\xfb\x88\x90\xed\x4b\x99\x04\xa6\
\x0e\x97\x03\xc3\x6c\x2a\x27\xd7\xdc\xb6\xca\xbc\xa1\x94\x6c\x2b\
\x61\xd2\x16\x52\xf6\x68\xf8\x7f\x4e\x0c\x2a\x85\x86\x9c\x87\x3e\
\xf8\xa9\x81\x2b\x7f\xb2\xa7\xaa\xd8\x1e\xf8\xf5\x8f\x85\x74\xc4\
\xc2\xba\x62\xea\x6d\xe8\x7e\x86\x0c\xe2\xd4\x3b\x5e\x74\xbc\x65\
\x59\x97\x28\xb5\xcd\xf9\xb9\xf2\x81\x82\x94\xa6\x18\x6a\x12\x7a\
\xef\xe4\x6c\x93\xd6\x5a\x64\x26\xab\xe7\x43\xa8\xaa\x33\xf0\xc9\
\x2b\x14\x8a\x7d\x46\x68\xb4\x2f\x65\x12\x98\x3a\x5c\x47\x5f\xcc\
\x03\x20\xf3\x82\x42\xf9\x28\x29\x62\xb2\xa4\x3b\x14\xcb\xd3\x38\
\xbe\xb2\xd5\x66\x32\x53\x87\x9a\x58\x8d\x3b\x4c\x10\xa1\x38\x63\
\x40\x8d\xd4\x26\x10\xba\xa6\xb2\xe3\x43\x08\xc5\xd7\xf3\xcf\x3e\
\x7f\x27\x16\x9b\xdf\x35\x62\x35\x45\x10\xe9\x2c\xca\x02\xd6\x96\
\x5e\x99\x40\x1e\xae\x91\x72\xa2\x4f\x28\x5c\x2f\xd4\x21\xa2\xf8\
\x4a\x6b\x2d\xb2\x3c\x73\xf1\xec\x0a\x85\xa2\x82\x16\x02\x18\x07\
\x94\x4f\x52\x96\x55\x15\x3a\x8a\xef\xa6\xf2\xab\x04\xb9\x9e\xea\
\x35\x9f\x64\xc9\xc0\xae\xca\x97\xa4\x26\xc9\x32\x32\x06\x06\xc6\
\x00\x59\x66\x60\xcc\x6a\x65\xad\x14\xe3\x63\x59\x12\x9f\x62\x7c\
\x84\xc8\x6e\x28\x3c\x24\x16\x9b\xcd\x3f\xe9\xbb\xa1\x7b\xc6\x55\
\xf3\x54\x55\x87\x51\x51\x8f\xa2\x51\x89\x40\x59\x93\x1b\x08\x87\
\xc0\xa5\x75\x6d\xda\xa5\x3a\xa9\xd3\x00\xb4\x2b\x45\xb9\xe7\xa4\
\x0e\x3d\x49\xeb\x5c\x14\x8a\xdd\x21\x14\xaa\xa5\xbe\x6d\x35\xb8\
\xc4\x6d\x6b\x31\x9f\xcd\x50\xd6\x71\xde\x74\x3d\x29\xdf\x84\xc4\
\x00\x20\x45\xdb\x5a\x61\xa2\x4a\x77\xfc\x42\xf2\x9b\x03\x54\xbd\
\x9f\x3c\xcf\x51\x94\x05\x0a\x5b\xa2\x28\x4a\x7d\xf0\x13\x42\x57\
\x32\x5d\xaa\x2f\xcd\x55\x45\x48\xed\x8e\xa9\xd5\xcb\x14\xf0\x75\
\x63\x18\xa7\xf8\x8e\x96\xb6\x74\xb1\xdc\xa4\xc4\x84\x26\x8d\x89\
\x85\xee\xa4\x81\xf6\xfd\x22\x67\x26\x87\x72\x9d\x82\x6f\x2d\x8a\
\x5a\xdc\xd0\x51\x44\x85\xc2\x07\xef\xa4\xae\x92\x58\xa9\x3e\xd0\
\x9f\x77\x65\x41\xb3\x8c\x07\x42\x1a\xa7\xa0\x74\x4f\x94\x74\x57\
\x88\xa9\x73\x7c\x02\x07\xa0\x89\x49\x34\x00\xf2\x3c\xd3\x64\x9f\
\x84\xc0\x49\x9a\x34\x4c\x8a\xed\x22\x44\x9c\xb9\xb2\x29\xef\x55\
\xe8\xde\x2d\x43\x57\x68\x0b\x3f\x8e\x29\x3e\x03\x7c\x62\x98\x2c\
\xcb\xbc\xfa\xdc\xc6\x18\x37\xa5\xbc\x77\xbe\x13\x38\x4f\xae\x78\
\xbb\x75\xd0\xbd\x07\xb2\x2a\x8b\x12\x94\x40\xaa\x50\x28\x7c\x84\
\xe2\xbc\xf9\xb6\x2e\xa4\x4a\x1e\xb7\x05\xb2\x3d\x3c\x6c\x98\xfb\
\x1b\x12\x56\x29\xec\x84\x7d\x71\x17\x87\xbb\x14\x93\x66\x9f\x5c\
\x41\xe2\xc3\x0c\x40\x13\xdf\x43\x24\x9b\xe2\x81\xb4\x46\x77\x5a\
\x88\x55\xb3\x88\xed\xa7\xd8\x0c\x42\x21\x3e\xb1\xf8\x6b\x4e\xc4\
\xf9\x36\xd9\x16\x0b\x1b\x0a\x91\xec\x50\xfb\xd4\xe0\x4a\xec\x95\
\x7e\x58\x06\x91\x55\xa9\x02\x53\x58\x46\x8a\xf3\x44\xcb\xfb\x6d\
\xad\x75\x31\xdb\x79\x9e\x23\xcb\x33\x64\x99\x41\x96\x19\x14\x8b\
\x45\x45\xbc\x53\x3c\x11\x85\x62\x47\x08\x89\x11\xa1\x11\xc0\xa9\
\xdb\xbd\x6d\xa0\x19\x31\xf4\x45\x00\xce\xfb\x5a\xfe\x2a\x51\xdb\
\x3a\x59\xd2\x1d\x1a\xae\xc9\xeb\x59\x28\xb9\x93\xa0\xc4\x49\xda\
\x06\xe8\x04\x0e\xa9\x21\x44\xb4\x63\xc4\x4c\xb1\x19\x84\xb2\xc2\
\x69\x39\x46\x9e\x43\xc4\x6c\x59\xa2\x64\x57\xc7\x6a\xea\xf7\xd8\
\xa9\x31\x75\x62\x21\x1f\x75\x03\x3a\xce\x2f\xa1\xd3\x0e\x1d\x22\
\xd9\x56\x3e\x72\x58\x3d\x17\xd5\xf6\x6c\x46\x2a\x93\x56\x1d\x52\
\x28\x08\x52\x48\x8a\x55\x81\x9a\xba\xdd\xdb\x34\x8c\xa1\xe4\xed\
\x2a\x69\x9b\x62\xb9\x8b\xb2\x70\x7e\x87\x13\x70\x4f\xf0\x49\xf0\
\xd2\x4e\x96\x74\xc7\x88\x1a\x8f\x9f\x02\xfc\x1e\x10\xdd\x2c\x93\
\x25\x78\x27\xf6\x04\x7d\x62\xda\x34\xc4\x64\xb7\xe8\x52\xb5\x09\
\x31\xd5\xba\x8b\x74\x5d\xf5\x51\x0c\x37\xe3\x6d\x3d\xcc\xc9\x55\
\x6e\x99\x54\x1a\x1a\x1d\x48\x01\xa1\x43\x21\x7b\x4a\x8e\x8d\x3a\
\x13\xee\x1c\x4d\xdd\xae\x61\x7b\x0a\x85\x87\x50\xdc\x71\x6c\x1f\
\x45\x18\x4d\x70\x82\x85\xad\x23\x16\xb2\x2c\x43\x9e\xe5\x41\x5f\
\x05\xf8\x5c\x30\x35\x4c\xd6\x4a\xc6\x2a\x00\xc8\x38\x1f\xae\xd0\
\xd0\xcd\x82\x55\x42\xb7\x2b\x84\xc8\x9a\xaa\xda\x69\x20\x74\x4f\
\x96\x25\x44\x76\x19\xbd\xbe\x7f\x2b\x94\x9b\x31\x45\x18\xc3\xc3\
\xda\xf2\xe0\x88\x9a\xbc\x46\xa9\x9f\x2b\xbf\x37\x2e\x37\xa6\x56\
\xbe\x49\xc4\x68\xc8\xf7\x34\x63\xf1\x15\x8a\x4d\xa1\xcf\xc8\x9f\
\xa2\x1b\x16\x16\x99\x69\x57\x84\xe2\xb9\x7b\x32\xff\x08\x48\x57\
\xbc\x9b\x2c\xe9\x0e\xc5\x44\xc5\x48\x03\xc5\x22\x36\x37\x24\x6d\
\x47\xb7\x6f\x48\xb5\x47\xba\x6f\x08\x39\x08\x49\xa2\xfb\x18\xb2\
\x3e\x2a\x43\xd7\x6f\xa4\x68\x28\x97\xc1\x18\x53\x4d\xfb\x0e\x78\
\x43\x9d\xfc\x5a\xf0\x51\x38\x7e\x7d\x53\x3b\x5f\xa9\xc2\xf3\x4f\
\x0a\x2d\x01\xd0\xaa\x97\x2b\x27\xd1\x51\x28\x14\x15\x42\x39\x30\
\x80\x86\x99\xf4\x01\x4d\xfb\x4e\x11\x0a\xa1\x82\x0b\xf2\xfa\xc6\
\x46\x68\x53\xc0\xe4\x2d\x24\xbf\xf0\x72\x32\x07\xea\x09\xb9\x8c\
\x7a\x9a\x25\x4e\x9f\xed\x9d\x62\x48\x8f\x3f\xc5\x97\x66\x9f\x10\
\x2b\x75\xd5\x87\x34\x5f\x95\x04\xc9\x3e\xa0\xeb\x54\x16\x85\x47\
\x52\x43\x8a\xb7\x54\x63\x52\x07\x77\x62\x72\xf8\x96\xd7\x21\xe7\
\xea\x93\x42\xb1\xcf\x88\x25\xa6\x87\xde\xf7\x7d\xb2\x93\xab\xa0\
\xb4\x75\x0d\xee\xa2\x09\xd9\xe3\x55\x92\x48\x08\x98\xca\x48\xc2\
\xe4\x49\x37\x3d\xa7\x7c\x98\xb3\xd5\x7b\xac\x1d\xc2\x6c\x9e\x63\
\x3e\x9f\x03\x89\x0e\x3b\x5c\x75\x48\x87\x4d\x58\x55\x11\x55\x6c\
\x1e\xb1\xd0\x0f\x1e\x1a\xd1\x15\x2a\x14\xfa\x8d\xab\x0a\x93\x35\
\x24\x5b\xce\x42\x19\x22\xac\x29\xaa\xdc\x21\x48\x05\x49\x26\xda\
\x52\xe7\x62\x3e\x9f\x29\xe9\x56\x28\xd0\xdf\xe6\xa5\xaa\xc6\xa6\
\x84\xcc\x64\xf5\x8c\xe2\xfe\xbc\x07\xf4\x9f\x08\x78\x48\x01\x4f\
\x11\x13\x9d\x91\x92\x23\xac\xc2\x91\x23\xb0\xd6\xc2\xd6\xbd\xa3\
\xc5\xa2\xa8\x13\x82\x72\x7d\xd0\x77\x80\x7d\x26\x64\x53\x81\xcc\
\x00\x0f\x11\xc3\x10\xe9\x22\xc8\xce\xd4\x3e\xdd\x5f\xae\xc4\x84\
\x88\xb5\x8c\x41\x04\xa6\x73\x8d\x42\xc3\xe3\xbc\x14\x22\xa9\x4d\
\x79\x3e\x79\x1d\x47\xa1\x18\x1d\x32\x54\x8b\xda\xe4\x76\xb9\xac\
\x80\x53\xb9\x01\x78\xa2\x06\x0f\x6b\x93\x31\xdd\x7d\x46\x64\x77\
\x85\x49\x93\x6e\x19\x5a\x22\x7b\x3a\xdc\xc9\xf1\x78\xc3\xa2\x28\
\x93\xbc\x19\x57\x15\x21\x23\x32\x15\xb2\xb1\x6f\xe8\x1a\x8d\x08\
\x11\xf0\xab\x16\x9b\xbd\x2a\x8c\x31\xc8\xeb\xd8\x43\xb2\x33\xe4\
\x14\x62\xfb\xd3\x67\x4a\x0e\x36\x74\xcf\xf9\xa8\x86\xec\x44\x70\
\x02\x5e\x96\x16\x1a\xbb\xa7\x50\x84\x21\xdf\xf5\xd8\x7b\x9f\x92\
\x3d\x48\x01\xc6\x54\x15\x92\x60\x1a\xfb\xc4\xd5\x6d\xc0\xcf\xa3\
\xe1\x48\xf1\x5a\x4e\x58\x96\xf0\x7b\x85\x7c\x9a\x62\x4e\x18\xa8\
\x27\x44\xa8\x6a\xc9\xea\x54\xf0\xdb\x44\xd7\xb5\xd6\xfb\x90\x26\
\x62\xe4\x5a\x1d\x45\x1c\x25\x8b\x73\x96\x76\x89\x86\x41\xa5\x12\
\x8e\xc4\xae\x1b\x25\x9a\x4b\x15\x2e\x34\x9a\x61\x8c\xa9\x92\xd4\
\x0d\xd9\x61\xb5\xab\x0a\x45\x08\xa1\x0a\x5d\xa1\x90\x33\x45\x1b\
\x3c\x0f\x8f\xae\x59\x35\x07\x8b\x1f\xba\x37\x95\x24\xee\x69\x1c\
\x65\x10\xe1\x90\x12\x99\xdc\xd3\xce\xa8\xd7\x7a\xb2\xdb\xc6\x32\
\x02\xa7\x8e\x7a\x3a\x88\x39\x06\x4d\x84\x6d\x46\xd4\x42\x23\x6c\
\x3c\xf1\xc7\x1b\x66\x36\x06\xe9\xa9\xc3\xed\xea\x25\xdc\xa9\x71\
\x11\xa3\x2a\xc1\x5a\x95\x63\x55\xd2\xa0\x50\x84\x21\x79\x0a\x30\
\x8d\x92\xa1\x29\x80\xec\x50\x51\xf8\x09\x93\x3c\x8c\x18\xf0\x63\
\xba\x9b\xeb\x9a\x9e\x4d\x9a\x34\xfb\x0c\x85\x93\xf0\x0c\x7a\x4e\
\xb6\x1b\xa7\x67\xea\x29\x8b\x15\xdb\x42\x28\x86\x8d\xd6\xa7\x92\
\x4c\xb6\xcf\x58\xa7\x73\xb4\x4f\xf7\x56\x86\xbb\x01\x95\xdd\x21\
\x55\xc6\xbb\x8e\xde\x73\x9f\x9e\xe3\x95\xf1\xa5\x6e\x8a\x7b\x6b\
\xdd\xb9\xf1\x0a\x26\xa4\xee\x2b\x14\x8a\x38\xba\x6c\xa9\x6b\xd3\
\xf7\xc8\x83\x45\x65\x73\x66\xb3\x8a\xc3\xf1\xb0\xb6\x8a\x8c\x17\
\x9e\x2d\x02\x90\xb4\x6d\x9d\x34\xe9\xe6\xe1\x24\x99\xf1\x95\x6e\
\xde\xdb\xe1\x4e\xaf\x1a\xd1\x4d\xef\x46\x5c\x65\x84\xc2\x7e\x00\
\xbd\x0f\x53\x40\xea\x49\x29\xa9\x80\x8f\xaa\x51\x02\x37\x50\x39\
\x08\x0a\x2b\xe1\xce\x22\xf5\x2b\x19\xea\x20\x13\xe1\xe6\x0a\x5d\
\x33\x25\xbc\xbe\xcb\x0a\x45\x08\x32\x27\x22\x14\x6a\xc2\x3f\x53\
\x0b\x39\xdb\x39\xac\xdf\xc1\xe7\xd7\x50\xce\xf8\x3b\x85\x30\x9d\
\x49\x93\x6e\xa0\xb9\x19\x05\x73\x68\xd4\xf3\xe1\x19\xae\x80\xef\
\x38\x14\xdb\x83\x2c\x2f\x17\x53\xbe\x15\x69\x61\x0a\x06\x2c\x15\
\x90\x43\xe0\xe1\x25\x44\xc2\xb9\x83\x88\x8d\xf6\xa4\x82\xae\xe3\
\xe3\x1d\x07\xea\x48\xf0\xdc\x19\xfe\xa9\x50\x28\x2a\xc4\xde\x71\
\xd9\x2e\xfd\x62\x4a\x76\x61\x97\x90\xbc\x8e\xb7\xcb\xfc\x3d\x20\
\xfd\x09\x87\x26\x6b\x21\x65\x6f\x91\x1c\x1a\x57\xbb\xa9\xbc\x8c\
\x2c\x27\xa3\xb5\x64\xb7\x8f\x58\x32\x96\x22\x5d\x0c\xbd\x47\xfb\
\xac\x76\x1a\x63\x00\x63\x30\x9b\xcd\x1c\xd1\x9e\xcf\xe7\x5e\xa7\
\x5f\x86\x69\xf0\xff\xa9\x20\x36\xfc\x2d\xed\x2b\xdf\x8f\x2a\x97\
\xa8\x6d\x55\x28\xba\x21\xcb\xad\x86\x08\x62\x57\x08\xca\x3a\x7e\
\x73\xca\x3e\x57\xda\x9f\xd9\x6c\x16\xcc\xdf\x93\xd7\x2e\x25\xdb\
\x4a\x98\x6c\xc9\x40\xff\x01\x6a\x2b\x72\x94\xe1\xca\x6b\x39\x16\
\x45\xe1\x25\x34\x29\xb6\x0f\x79\x9f\x54\x4d\xbd\x3a\xd8\xe7\xfb\
\x68\xad\x85\x01\xbc\x7c\x12\x99\xd4\x43\xb6\x87\x08\x7a\x6a\x2a\
\x37\x87\x54\xe0\xb8\xca\x2d\x95\xa5\x4a\xd1\x37\x28\x4b\xa3\xf6\
\x55\xa1\xe8\x80\x54\xb1\xa9\x5a\x50\xb3\xdc\x8d\x75\x48\x64\x8a\
\x04\x74\x08\xb8\xb2\xcd\x6d\xd2\x7c\x3e\x77\xdb\xdb\x31\xdd\xe9\
\x61\xb2\x4a\x37\xc0\x1f\xa2\x26\x91\x92\x0f\xe9\xf2\x38\x1f\xa0\
\x5d\x5d\x40\x31\x3e\x86\x12\x89\x65\xfb\x4e\xdd\x50\x28\xf6\x07\
\x5c\x71\x29\x8a\x02\x80\x5f\x3f\xd6\x8b\x8f\x67\xdf\x49\x09\x9c\
\x0c\x70\x72\x2d\x6d\x26\x8f\x9f\xe4\x76\x36\xb5\xf3\x51\x28\x52\
\x45\xac\xc2\x46\x2c\xbc\x64\x9f\xc3\x4e\x48\xc5\x2e\x8a\xc2\x89\
\xa9\x04\x9e\x6b\x02\xa4\x7f\x7d\x26\x4d\xba\xb9\x03\xe3\x31\xdc\
\x3c\xa4\x04\xf0\x87\x71\xb2\x2c\xd7\xb8\xc3\x0d\x22\xe6\x78\x79\
\xdb\x10\xc7\x9c\xfa\x0b\xb4\x0f\x50\x22\xb5\x1c\xbc\x7c\xd5\x6c\
\x36\x73\xc9\x94\x7c\x4a\x78\xc2\x14\xae\xa7\xec\x1c\xf0\x04\x26\
\x7e\xfc\x3c\xce\x52\x55\x6e\x85\x62\x38\x24\x59\x0c\xda\x07\x91\
\x80\xb9\x4f\x7e\x91\x27\x50\x1e\x1c\x1c\x20\xcb\x32\x27\x6a\xb8\
\x6b\x56\xda\xee\xeb\x97\x10\xae\x00\xfb\x34\xb0\xf0\x1f\x42\x8a\
\xf7\x59\x2c\x16\x5e\x8c\x77\x96\x65\xc8\x58\x91\x75\xc5\x76\x20\
\xd5\x30\xbd\xf6\xd3\x82\xc6\x76\x2f\x07\xaf\x94\x44\x35\xab\xe9\
\x99\xa7\x75\x1e\x97\x38\x95\xaa\x30\x74\x27\xb9\xa8\x41\xe0\x76\
\x95\xce\x49\x89\xb7\x42\xd1\x0f\x32\xc7\x89\x8f\x1c\xb5\x6c\x82\
\x10\xad\xf6\xc9\xc6\x72\xde\xb0\x58\x2c\x5a\x02\x40\x96\x65\x30\
\x99\x9f\x6b\x92\xb2\x6d\x9d\x3e\xe9\x36\xed\x1e\x0e\x29\xdd\xa1\
\x6c\x56\x8b\xfd\x7b\x68\x93\x80\xd5\x89\x01\xf6\x05\x29\x1a\xba\
\x6d\x80\x13\x6b\x8e\xd9\x6c\xe6\xed\xc3\x3f\x81\x74\x3a\x29\xdc\
\x69\xf1\x36\x5e\xeb\xb6\xeb\xbd\xa5\x3c\x1a\x85\x42\xd1\x0f\xb2\
\x13\x1e\x4a\x00\x34\xa8\xfd\xe6\x7e\x9a\x55\x00\x7e\xe5\x39\x39\
\x67\x80\xec\xbc\x48\x9b\x95\x1a\x26\x4b\xba\x5d\x8f\x86\x3d\x89\
\x7c\x66\x22\x1e\x50\xcf\x1f\xea\x29\x04\xda\x4f\x11\xde\x83\x1f\
\xb0\x0e\x16\x6d\x67\xae\xf7\x40\x71\x55\xc0\xc9\x34\x57\x7b\xe5\
\x33\xce\x63\xa3\x53\x1e\xf5\xf1\x1d\x99\xef\xd8\xa8\x5c\xa0\xdc\
\x3f\x44\xda\x15\x0a\x45\x1b\xc1\xea\x45\xb6\xbd\x4f\xd5\x5c\xef\
\x13\x8c\x3a\x49\xd3\x7e\x8c\x0d\xce\xdd\xbc\x84\x74\x20\x52\x11\
\x6a\x37\xc7\xd9\x07\x93\x25\xdd\xed\x87\xad\x29\x57\xc5\x13\x80\
\xa4\x32\x93\xb2\xa3\x9b\x32\xfc\xd1\x84\x7e\xa5\x8e\xd4\x41\x2b\
\xae\x12\xa8\xba\x87\xb4\x37\x61\xf5\x38\xcd\x21\x50\x2f\x91\xb2\
\x6e\xe3\xce\x2c\xa4\xca\xd1\xf7\xd4\xb6\x2a\x14\xfd\x10\x4c\x92\
\x34\xf1\x30\x93\xb0\x9a\x4b\x7c\x26\xf6\x9b\x1b\x3c\x81\x2d\x83\
\x42\xf4\x68\x99\x27\x4f\x72\x5b\xc4\x95\xef\x54\x6d\xd1\x24\x49\
\x77\xe8\x62\x92\x1a\xc3\x7b\x44\x3c\x0e\x91\xda\x16\x8b\x85\xdb\
\xa6\xd8\x1c\x42\xa1\x24\x4d\x8f\x9e\xc5\x5d\xe9\x6d\x50\x5c\x01\
\xf0\xd1\x35\x5e\x36\x50\x8e\xae\x71\x87\x90\xb2\x0d\xaa\x48\x40\
\x75\xac\x54\x7b\x9c\xc7\x70\x03\x68\xc5\x73\xf3\x19\x37\x15\x0a\
\x45\x37\xe8\x1d\x8b\xd9\x82\x50\x35\x8e\x50\x32\x73\xe3\x56\xad\
\xf8\xfe\x06\x0e\x7a\x07\x20\xbb\x43\x61\xc3\x79\x9e\x3b\xc2\xcd\
\x89\xf7\x54\x84\xbd\x49\x92\xee\xae\x0b\x69\xd0\xd4\x93\xe5\x0e\
\x81\x7a\x4a\xbc\xa6\xa3\x62\x5c\xc8\x38\x55\xf9\x32\xb8\xed\xfc\
\xda\xeb\x6d\x50\x5c\x01\xc8\x30\x36\x19\x83\x68\x8c\x09\x86\x96\
\xa4\x6a\x87\xb8\x8d\x5d\x2c\x16\x2e\x27\xc3\xaf\x04\x95\x39\x11\
\x83\x26\x23\x4b\xd1\xc9\x29\x14\xa9\x22\xf6\xf6\xc7\x46\x8d\xf6\
\x75\x34\xa9\xad\xee\xb7\x95\x7f\x6e\x9b\x52\xbe\x46\x93\x24\xdd\
\xd1\x1e\x8d\x31\xb0\xa6\xe9\xfd\xf0\x7a\xb9\xb1\x1b\xa6\x18\x0f\
\x7d\x7b\xeb\x0a\xc5\x55\x03\xef\x64\xca\x92\xa4\x3c\xdc\x0d\xc6\
\x57\xba\x53\x27\xa9\xae\x32\x54\xab\x98\x42\x25\x64\xcc\x66\xb3\
\x49\x9c\x87\x42\x31\x05\x78\xef\x11\x53\xb0\x87\x96\xdc\xbd\x4a\
\x89\x97\x9c\x43\xf0\x7a\xdc\x21\x3b\x2b\x8b\x6a\xa4\x88\x49\x92\
\x6e\x09\x63\x0c\x32\x63\xaa\xf1\x14\xdb\xb4\x01\x55\xd0\x3d\x25\
\xfe\x48\xa5\x49\xb1\x1e\xfa\x12\xe9\x50\x46\xb6\x42\x71\xd5\xc0\
\x89\x74\x68\xd8\xd3\x90\x8d\x42\x15\x0e\x47\x5e\x31\xc5\xf7\xc2\
\xd9\x4f\xd3\x2e\xc5\xc5\xc3\x4c\xe8\x3c\xb5\x54\xa0\x42\xb1\x1a\
\x64\xae\x84\x53\x6e\xe1\xbf\x73\x31\x7f\x1b\xda\x16\x4b\xbc\x9c\
\x22\x64\xf8\x1a\xb7\xb1\xb4\x5d\xda\x28\x20\x4d\xbb\x0a\x4c\x94\
\x74\x87\x2e\x66\x49\xbd\x1f\xe7\xe0\x2a\xc2\x4d\x71\x40\xbc\xbc\
\x8c\xaa\xdd\xe3\xa0\xab\x74\x18\x7d\x86\xc2\x4b\x54\x19\x53\x5c\
\x35\x84\xe2\x2e\x79\x22\xb7\x54\x67\xac\x2d\xbd\x04\xa8\xd4\xec\
\x91\x23\x02\xf5\xba\xac\xcf\x4d\x20\x47\xa8\xa5\x02\x15\x8a\xd5\
\x10\x4b\xfc\xe3\x44\x92\x8f\xa4\xc9\x7d\x3b\xfd\x69\x5a\x66\x65\
\x65\x70\x95\x9b\x4a\xb0\x72\x6e\x07\x70\xdb\x9a\x76\xe8\xde\x24\
\x49\xb7\x24\x73\xbc\xa7\x58\x5a\x7a\x08\xfd\x8b\xcf\x87\x25\x14\
\x9b\x47\x57\x6f\x33\xe5\x17\x42\xa1\x58\x15\x92\x68\x73\xf0\x44\
\xa0\x94\x1d\xa1\xa7\xb4\x31\x87\x2f\x2b\xb3\xf0\x99\x36\xe5\x7f\
\x85\x42\xd1\x0f\x5d\x8c\xc4\xb3\x21\x26\xd0\x86\xe5\xa3\xcd\xae\
\xc6\xf7\x84\xc1\xa3\x14\xe4\xf9\xf3\x32\xd1\x4d\xa1\x06\xb8\xb6\
\x14\xcf\x7d\x92\xa4\xbb\xeb\xc1\x33\xc6\x2f\x1b\x03\xc0\x2b\x25\
\xa8\x43\xa1\xdb\x83\x45\x2c\x19\x84\x3e\xb5\x13\xa4\xb8\x1a\x90\
\x0a\x14\x4f\xe4\xe6\x1d\x7f\x47\x4c\x99\x8a\x9c\x12\xba\xde\x49\
\x6b\x2d\xb2\x3a\x54\x8f\x46\x11\x01\xbf\x13\x2d\xe3\x2c\x15\x0a\
\x45\x07\xac\x75\x61\x24\x9d\x73\x59\x88\xb0\x59\x5a\x8e\xe5\x4c\
\x85\x92\x0b\xf9\xb6\xa9\x81\x6c\x0e\xe0\x57\x8a\xe2\x11\x0c\xce\
\xf6\x44\x4a\x28\xa6\x82\x2b\x65\x21\xb9\xca\xc4\x9d\x1c\x57\x6a\
\x94\x70\x6f\x16\xde\xe8\x43\x44\xd2\x33\x89\xbf\x14\x0a\xc5\x50\
\x70\x55\x85\x27\x72\xb7\x87\x84\x0d\x4d\x8b\x9b\xb2\xe0\x0d\xc0\
\x7f\x3f\x5d\x15\x96\x7a\x9d\x2a\x95\xf0\x73\x0c\xcd\xc6\xa9\x50\
\x28\xe2\x30\xc6\x38\x3f\x19\xf3\x97\xb4\x1f\x5f\x96\xe1\x26\x7c\
\x9f\x65\x64\x7b\x6a\x62\x97\x8c\xdf\x96\x95\xd1\x9a\x11\x39\xff\
\x3b\xfc\x33\x25\x5c\x2d\xd2\xcd\x6a\x75\xf3\x1b\x33\x9b\xcd\x1c\
\xd9\xe6\xc9\x94\x8a\xf5\x21\x0d\x45\xf5\x90\xa7\xf7\xa0\x2b\x14\
\x9b\x04\x91\x4e\xea\xdc\x4b\xe5\xb7\x5a\xaf\xde\x8d\x54\x87\x3d\
\x43\x70\x64\x1a\xa6\x55\x12\x30\xcf\x73\x67\x5b\x65\x7c\xa5\x42\
\xa1\x58\x1f\xfc\x7d\x0a\x8f\x1a\xdb\x16\x99\x6e\xbf\x83\xd3\x24\
\xdb\x04\x2e\x9c\xf2\x79\x02\x00\x00\x96\x8f\xae\xf9\x89\xa7\xa9\
\x62\xf2\xa4\x9b\x0f\xbf\xc8\x70\x06\x4e\xbe\xe9\xa6\x29\xe9\x1e\
\x17\x3c\xc3\x1a\xa8\x5e\x6f\x6b\xa7\xdb\xab\x56\x28\x56\x05\x8f\
\xe9\x06\xfc\xd9\xe5\x2a\xfb\x63\x5b\xfb\xa4\x0c\x1e\xbf\x0d\x23\
\x66\x9d\x65\x04\x9b\x66\x88\x73\xfb\x2a\x14\x8a\x51\x20\xc3\x4b\
\xa2\xe0\xdb\x5b\xf9\x15\xe9\xdb\x9a\x2e\xc8\x8e\x05\xb7\xa9\x16\
\x16\x56\xd8\x9c\xd4\x6d\xeb\xe4\x49\x37\xc1\x64\x75\xb0\x7d\x7d\
\x43\x48\x7d\x21\x75\x86\x86\x3e\xa9\x7c\xa0\x62\x3c\x78\xd7\x53\
\xf4\x32\xf5\x5a\x2b\xf6\x01\x64\x63\xb8\x0a\xc3\x63\x9e\x01\xb4\
\x62\xbc\xa7\x04\x7e\x7e\x7c\x36\x38\xb2\xb1\x72\xe6\x5f\x85\x42\
\xd1\x8d\x18\x39\x94\xad\x3c\xf9\x3a\x16\xc3\x4d\x53\xc8\x1b\xd3\
\x94\x25\x75\xfb\x4e\x3c\x99\x52\x16\xc2\x70\x09\xe9\xf0\x67\xce\
\x0d\x25\x81\xa7\x88\x49\x5a\xc8\xd8\x30\x4b\x96\x65\xee\x81\xa5\
\x84\xc9\xa2\x28\x5c\x68\xc9\x14\x6e\xc8\x94\x61\x84\x61\xd0\xe1\
\x66\xc5\xbe\x80\x6c\x4b\x51\x14\x8e\x5c\xd3\xf4\xe9\x7e\x1d\xde\
\xe5\x43\xc6\xa9\xc0\x48\x67\xc6\x86\xa9\xa5\x8a\xcf\x93\x9c\x14\
\x0a\xc5\x72\xc4\xde\xfd\xbe\x16\x41\x76\xde\xa5\xbf\x75\xef\x2b\
\xa8\xbd\xfd\xcb\x29\xdb\x1f\x09\x12\x4c\xe7\xf3\xb9\x9b\x01\x17\
\xe0\xe7\xd0\x44\x35\xa4\x7c\x5e\x93\x24\xdd\x12\x9c\x4c\x37\x21\
\x25\x8d\xd2\xc4\xe3\x0d\xd5\x29\x6c\x12\xed\x0c\x6a\x85\x62\x1f\
\x40\x84\x5b\x0e\x83\x12\xd1\x06\x80\x3c\xaf\x26\xc4\xe1\xb6\x2a\
\x35\x84\xaa\x20\x38\x95\xc9\x75\xaa\xfd\x30\x12\x63\x0c\x16\x8b\
\x85\x56\x86\x52\x28\x56\x85\xe0\x25\x9c\xab\x74\x85\xcc\xf2\x7d\
\xe5\xbb\x6b\x5b\xdf\x0d\xfd\xd9\x69\xf0\x21\xae\x6e\x03\xbc\x8c\
\x29\x00\x58\x64\xcc\xb6\x02\x69\x73\x8f\x49\x92\xee\x10\x79\xb6\
\xd6\xba\x89\x71\xea\x16\x6f\xb8\x41\x87\x3e\x37\x87\xae\x17\x37\
\xe5\x87\x5f\xa1\x18\x0b\x3c\x84\x0d\x68\xaa\x7b\x50\xc5\x92\x8a\
\x94\x37\x22\x40\xaa\x21\x58\xd2\xd1\xfb\xf1\xe9\x70\x9d\x08\x6e\
\x57\x29\x6c\x8f\x1c\xa1\x42\xa1\x18\x88\x40\x67\xd7\xaf\xcc\x61\
\x5b\xdb\x42\xeb\x46\x70\xa0\x66\xa7\xf4\x27\x8d\xe9\x02\x57\xb5\
\x79\xb2\xba\xad\x13\x29\xcb\xa2\xa9\xe3\x2d\x47\xe8\x52\xc3\x24\
\x59\x68\xe8\x21\x33\xc6\xb8\x9e\x9d\xaf\x78\x37\x71\x40\x32\xc6\
\x52\x31\x26\x5c\x60\x4f\xeb\xda\x2b\x14\xfb\x02\x39\xea\x06\x34\
\x0e\x93\x3a\xfd\xbc\xc6\x6c\x6a\x08\x29\xdd\x8d\xb3\xf6\x3b\x17\
\x3c\x41\x9d\x97\xf5\x52\x28\x14\xe3\x20\x44\xa6\x65\xa2\x36\x40\
\x55\x48\x6d\xe4\x3b\x7e\x68\xd8\xba\xe1\x6d\x5d\xa5\x0d\x37\x01\
\x79\xcc\xfc\x3c\x89\x78\x73\x71\x83\xef\x93\xa2\x8d\x9d\xa4\x95\
\x8c\x65\xd1\xd7\xd1\x4b\xd5\x30\xae\x6d\x6a\xc7\x02\x7e\x71\x75\
\xc5\x78\xa0\x87\xbd\xb9\x25\x69\xf7\x32\x15\x8a\x4d\x81\x1b\x7c\
\xae\x7a\x73\xe7\x47\xdb\x81\x34\x27\x92\x91\xc3\xd4\x8d\xf3\xaa\
\x04\x0b\x5e\x16\x31\x94\x18\xaa\xef\xbc\x42\xb1\x59\x84\x46\xc9\
\x4c\x80\x5b\x36\xe4\xb4\xfd\x5d\xa9\xa4\x87\xde\xdb\xd8\xbb\x2c\
\x27\xf1\xd9\x34\x78\x22\x3a\x00\x37\x0d\xbc\xb5\xd5\x5c\x20\x9c\
\xff\x4d\x01\xe9\x59\xfd\x1e\x90\x0f\x43\xe3\xbc\xaa\x89\x27\xac\
\xf5\x7b\x7e\x3c\xe3\x3e\xf4\x7d\xc5\x70\xc8\x61\xac\x50\x82\x2a\
\xdd\x87\x6a\x79\x1a\x2f\x84\x42\xb1\x2a\xb8\xbd\xe1\x4a\x0b\x4f\
\xf4\x01\xa6\x53\x4e\xd3\x27\xd4\xa6\x15\xc7\x0d\x34\xb6\x55\x49\
\xb7\x42\xb1\x43\x18\x5e\x5e\xb0\x72\xbc\x44\x48\x9d\x9d\xf1\x5c\
\xf6\xf2\x84\xc3\x14\xec\x53\x68\xe4\xad\x28\x0a\xb7\x1e\x9b\xf5\
\x3a\x65\xcc\x76\x7d\x00\xeb\xa2\x95\x61\xcf\x62\x0d\x81\x26\xe0\
\x9e\x96\x53\x4d\x60\x9a\x1a\x42\xa4\xa2\xfd\x82\xf0\x65\xbd\xe6\
\x8a\xab\x8d\xd0\x7b\x40\xa5\x4b\xab\xf0\xb7\xf0\xbb\x92\x82\x73\
\x23\xc8\xe3\x92\x36\xb5\xb4\x7e\x07\x9b\x87\x97\xa4\x74\x1e\x0a\
\xc5\x95\x47\x15\x57\xd1\x6e\x67\x9d\xfa\x56\xb8\x05\x28\xb1\xdb\
\x78\xc4\x3b\xf6\xea\x4a\x35\x7c\x57\xef\x38\xb7\x9b\x14\xb1\x50\
\x25\xa6\x53\xd9\xc0\x70\x35\x97\x14\x31\x49\xa5\x1b\x68\x3b\x07\
\x99\xed\xcb\x1f\x38\x5e\xc2\x4b\x43\x4c\xfa\x61\x19\x49\xa6\xcd\
\x9d\xaa\x5d\x9a\xcf\xbc\x42\x31\x3a\x88\x94\x36\x59\xf5\xcd\x3a\
\x0d\x87\xd2\x8c\xb9\xa1\xef\xa6\x0a\xfe\x5e\x57\x33\x53\x36\xed\
\xad\xf3\xd3\x69\xe0\x15\x8a\xed\x61\xa9\x8f\x8e\x84\x87\x58\x7f\
\x3b\xaf\xb0\x24\xbf\xbf\x4b\xe2\x1a\xcc\xdb\x63\x1c\xaf\x28\x4a\
\x91\x73\xd2\x4e\x2e\x4d\xd1\x1e\x4d\x96\x74\x77\x65\xa9\x92\xb2\
\xcd\x87\x21\x48\x8d\x91\x84\x5c\x11\xc6\xb2\x97\x8d\x36\x7b\xa3\
\x07\xf2\x3b\x7a\x89\x15\x7b\x02\x22\xdb\xfe\xb4\xef\x15\x11\xa5\
\x72\x7a\xa5\xf5\xc3\x33\x52\xb7\x41\x74\x8c\x72\xa4\x90\x40\xef\
\x7d\x51\x14\x8e\x78\x6b\xf5\x12\x85\x62\x2c\xb4\x93\x07\x07\x7d\
\x3b\x50\xf1\x84\xdb\x9d\x58\xe8\x9b\x8c\xf7\x5e\xe7\x18\x56\x85\
\xb4\x8d\xd6\x5a\x57\x92\x95\x57\x4c\x72\xf6\xc6\x46\x12\x4c\x13\
\x54\xbb\xff\x3f\x00\x00\x00\xff\xff\xec\x5d\x4d\x8f\x24\x37\x72\
\x7d\xc1\xac\x91\x00\x1b\x18\xc1\x36\x6c\x58\xf0\xc1\xbe\xd8\xd8\
\xcb\xfe\x09\xff\x6b\xdf\x7c\x30\xa0\xc3\xda\x30\xe0\x6f\x58\xf6\
\x62\xb5\xb2\xa4\xdd\xb5\xac\xd1\x68\xfa\xab\xaa\x32\x49\x1f\xc8\
\x20\x83\x91\xc1\xac\xaa\xee\x9e\xee\xcc\x6e\xbe\x51\xab\xaa\x32\
\x99\x4c\x7e\x46\x3c\x06\x83\xe4\x66\x49\x37\xa3\xde\x0f\x37\x4e\
\x33\x58\xa7\x4f\x3a\xe7\x32\x09\xe7\xed\xad\x3a\xee\x0f\xd3\xa5\
\x64\xe5\x24\xa2\xa3\xe3\x63\x41\xbb\xb5\xf1\xd1\xe8\x7c\x62\x63\
\x1c\x94\xce\x0f\x8e\x5a\x3b\xf1\x96\x56\x24\x1f\xa2\x65\x69\x10\
\xa7\x4f\xea\xc5\xa3\x6b\x5c\x1c\xda\xd1\xb1\x4d\x3c\x6c\x5b\xd1\
\xb6\xa5\xdb\x22\xa7\xf3\xfb\xcf\x09\x3d\xc0\xe7\xc3\x70\xbc\xf7\
\x98\xa6\xa9\xb9\x63\xd2\x16\xd6\xed\x6d\x5e\x42\x6a\x17\x12\x3e\
\xf2\x34\x20\x54\x87\xe3\x00\x71\xd5\xeb\x9a\x2b\x63\xed\xb0\xfc\
\x3d\x25\x56\xd0\x57\x3b\x3a\x9e\x05\x92\x4c\xf3\x49\x94\xc8\xfe\
\x87\xa1\xb2\xd0\x6c\x6d\xd1\x21\xa7\x73\xa0\xe8\x9a\xe7\x53\x5e\
\x59\xf9\xf5\x45\xea\x1d\x1d\xeb\xc5\x6c\x9b\xc0\xc6\x21\x76\xb5\
\x75\xfb\x79\x4f\xcd\xb5\xdc\x45\x58\xb6\x12\x11\x48\x0c\xfa\x65\
\xd8\x2d\x0c\xfa\xd7\x9f\xc2\x06\xac\x0a\xe1\x6b\xde\x7b\x38\x2a\
\x0b\x29\xad\x7d\x65\xbb\x72\xb8\x1c\x92\x54\x93\x31\x0a\xef\x45\
\xda\xf1\x5a\x21\xad\xdc\xd9\xa7\x9b\x65\x0e\xea\xa9\x5a\xcb\x07\
\x71\x6d\x30\x17\x7c\x62\x4e\xac\xd9\xad\x84\xe5\xab\x74\xe9\xeb\
\xe8\xe8\x78\x1e\x58\xae\x25\xf9\x1e\xc2\xf2\x20\x99\xe2\x6e\x45\
\x56\x5c\x29\x40\xfb\xd9\x47\x82\x76\x0f\x91\xae\x6e\x44\xc8\x8b\
\x40\xad\x05\xdc\x6b\x96\xab\xc0\x86\x49\xb7\x84\xf4\xd5\x06\xac\
\x1d\x4d\xea\x30\xd2\x32\xd3\x71\x1a\xd2\xef\x2b\x4f\x27\x53\x7b\
\xb7\x82\xf0\x40\x5f\xb4\x8e\x8e\x2d\x42\xb6\x75\xef\x7d\x3e\xac\
\xcb\x11\x81\xa8\xb6\x06\xaf\x75\xb7\x0f\x6b\x30\x60\x59\xe7\x5b\
\x72\xb4\x2f\x54\xef\xe8\x78\x7e\x2c\x11\x4f\xed\xd7\xcd\xd7\xf2\
\x77\xcc\x67\xb2\x6b\xb9\x30\x27\xc4\x1f\x0b\x1c\x37\xfb\x73\xc7\
\xf7\x0a\x6e\xe7\x24\x19\x9f\xfb\xaa\xaf\x91\x80\x6f\x96\x74\xeb\
\x2d\xeb\xb4\xe3\x7f\x7d\x7d\x7e\xad\xe3\x7c\xe8\x72\x8d\x5f\xda\
\xe1\x2d\x2b\x78\x47\xc7\x4b\x06\xcb\x16\xb6\x76\x0f\xc3\x80\xdd\
\xe0\xc4\xec\x4f\x80\x73\xeb\x77\x2d\xb1\xac\x46\x7a\xff\x71\x39\
\x7b\xa8\xf7\xee\x5e\xe3\x40\xa2\xa3\xa3\xe3\x3c\x98\xae\x26\xc9\
\x68\x99\xb7\x3c\x3d\x67\xe7\xb2\x47\x80\x8c\x57\xae\xc3\x1b\x86\
\x01\xce\x11\x9c\xa3\x74\x08\xe2\x7c\xb0\xbf\x66\x39\xb4\x59\xd2\
\xcd\xd0\xa3\x9b\xbc\xa0\x49\x7c\x72\x38\xe9\x7e\xd2\x71\x3e\xb4\
\xdf\x54\x1f\xb8\x74\x74\xd4\x90\x7d\x24\xbb\x5a\xf8\x00\xef\xe5\
\xf4\x68\xbd\xb3\xc9\xda\xd1\xb2\x6e\x3b\x72\x59\xbe\xea\x3c\x77\
\xac\x08\x8a\x1c\x55\xb7\x36\xd2\x06\x3b\x1e\x0f\x56\xff\xb4\xdc\
\x74\xeb\xfb\xc5\x88\x96\x8d\x69\xca\x88\xd9\xc2\xa5\x6d\xac\x6d\
\x59\x8f\xd8\xbd\x79\x03\x20\xf2\x37\xef\x03\xa6\xc9\x23\x36\xf2\
\x6d\xc9\x9e\xcd\x93\x6e\x89\x6a\xe4\x45\xb1\x89\x78\x5f\xbb\x9e\
\xe8\xc5\x4c\x1d\xe7\x61\x8b\xbe\x53\x1d\x1d\x4f\x89\xa8\x0c\xe2\
\x80\x9e\x88\xd4\x01\x70\xdb\x51\x0a\x12\xda\xa7\x12\x00\xc8\x15\
\xf7\x18\x12\x61\xfa\xee\x25\xeb\x82\x5e\x30\x27\xb1\xd5\xf6\xd8\
\x71\x7f\x9c\xab\xaf\x6b\x97\x93\xf9\x8e\x4b\x32\xbe\xa5\x76\x74\
\x69\x1b\xb3\xc2\xf3\x35\xef\x3d\x82\x70\x21\xb1\x07\x08\xdb\x98\
\x61\x7f\x51\x12\x52\xbb\x41\x4c\xde\xe7\xa9\x11\x6b\x85\xfd\x9a\
\x2b\x66\xcd\x58\xab\x3f\x6a\x47\xc7\x73\x62\x3e\x98\x6f\x5b\x82\
\xb7\x20\x7b\xb4\x3b\x9e\x5c\x88\xee\x99\x74\xbb\xe2\x52\xa3\xdd\
\x4d\x3a\x9e\x07\xd6\xb4\xbf\xe5\xa7\xdf\xd1\x21\x21\xdd\x47\x2c\
\x42\xdb\xb2\x8a\x9f\xdb\xb6\x4e\x35\x39\x3d\xa3\x2e\xe3\x72\xce\
\x55\x06\x0d\xbe\x26\x9f\x33\xdd\x60\x57\x88\x17\x41\xba\x35\x89\
\xae\xb7\x92\x29\x3b\x97\x38\xea\x0b\x28\xef\x03\x6b\x25\x74\x17\
\xda\x1d\x1d\x36\xe4\x02\x6e\xa0\x0c\xfa\x5b\xe1\xd6\x0a\x4d\xde\
\x9c\xd8\x9f\x3b\xee\x3d\xee\xc0\x3e\x0c\x2c\x5b\xd7\x9e\xa7\xd7\
\x00\x8b\x0c\x69\xbd\xd7\xf5\xe0\xcb\x45\x38\xe3\x28\x68\xd3\xd5\
\x44\xb8\x91\x10\x51\x26\xe1\x4b\x6e\x1f\x56\x5f\x6f\x6e\xb0\xa0\
\xcf\xce\x53\xcf\x9e\xd3\x26\xe5\xd9\x00\xbc\x5d\xa9\x45\xfa\xd7\
\x2c\x87\x36\x4f\xba\x5b\x53\x1c\x45\x61\x94\x29\x09\x1f\xea\x3d\
\x65\xbb\xe0\x89\x38\xe5\xf3\x67\xf9\x76\x76\x74\x74\x14\x48\x6b\
\x4b\xf0\xf5\xea\x79\x5e\x04\xb4\x66\x45\x20\xa1\x17\xa7\xeb\x29\
\xdd\xb2\xa0\x32\xee\xd0\xe2\xd3\x8c\x62\x97\x0f\xeb\x42\xbb\x1e\
\xd6\xdf\x06\x3b\xee\x8f\x25\xb7\xa2\x1c\xa6\x21\x87\xf4\x7e\xde\
\x85\x2b\x95\xfb\x72\xa6\x3b\xbb\x99\xdd\x43\xb6\xb5\xc9\xb9\x7d\
\x5d\x5a\xbb\x81\xb2\x78\x52\x5b\xc0\xd7\x8e\xcd\x92\xee\xd6\x02\
\x4a\xbe\x16\x42\xc0\x6e\xd8\xcd\x94\x5f\xc7\x1c\xd6\x34\xa4\xb5\
\x13\x8c\xfe\xde\xd1\xd1\x11\x91\x17\x19\x3a\x07\x37\xb8\x34\xd8\
\x2f\xf7\x89\x68\xb6\xc5\xde\x5a\xc9\x69\x6b\xea\x38\x6f\xbb\xea\
\x43\xb6\x76\x3b\xa0\x3a\xf9\xb7\xcb\x87\xc7\xc5\xa5\x25\x69\xb9\
\x4e\xce\xe5\xfb\x3a\xdb\x5d\xc7\xf3\x43\xeb\xff\xd2\x9e\xca\xfd\
\xb3\x08\xfb\x3d\x16\x51\xca\x41\xbe\x8e\x8b\x65\xa7\x9e\x41\x04\
\x8a\xf5\x7b\x2b\xb3\x39\x9b\x25\xdd\x0c\x59\xb9\x72\xba\x21\x9e\
\x08\x97\x03\x01\x28\x27\xa8\x75\x44\x9c\x3b\x35\xb4\x95\x05\x0a\
\x1d\x1d\xcf\x05\x6d\x15\xe6\x55\xf5\x0c\xf6\x85\xde\x4a\x5f\xb2\
\xc8\x5b\x9e\xca\x95\x0a\x8e\xca\xa1\x38\x2c\x7f\x3b\xce\xc7\xc9\
\xa9\xfa\x46\x78\x49\x7e\x2c\x82\xad\x17\xc0\x5e\x32\x28\x5a\x73\
\xbb\xec\x78\x1a\x2c\xb5\x81\x25\xcb\xf6\x7d\x07\xdf\xa7\xd6\xdb\
\xe5\x77\xc6\xbb\x99\xe3\xf1\x3a\x12\x2b\x4d\x6b\x6d\xc7\x9b\x94\
\x90\x2d\xb2\x28\x2b\xac\xaa\x08\xd4\x96\x6e\xed\x80\xff\x5a\x71\
\xce\x48\xf0\x35\x97\x4f\x47\xc7\x25\x60\x6b\x8c\x24\x9e\xa7\x48\
\xd2\xda\xd0\x4a\x5b\x6d\x49\x2a\xd6\x28\xa2\x78\x24\xf3\x6e\xb7\
\x9b\x2d\x56\x5f\x73\x3e\xd7\x82\x4b\x67\x3e\xac\x9d\x24\x4e\xed\
\x2a\xa5\x17\xbe\x9f\xb2\x48\xf6\x0d\x07\x3a\xce\xc5\x92\x85\x5a\
\x7b\x21\xdc\xb7\x1d\xf1\xb3\xd1\x90\x5a\x0f\x30\x43\x08\x95\x07\
\xc3\x16\x66\x12\x37\x49\xba\xad\xa9\x4f\xed\x50\x2f\x1b\x83\xbc\
\x26\x15\x62\xdf\x85\x63\x19\x4b\x3e\x9a\xbd\xec\x3a\x3a\x6a\xc4\
\x23\xd0\xed\x23\x96\x97\x94\xce\x9a\x48\x4d\xcb\x42\xd5\xb2\x60\
\x85\x50\xb6\x0d\x94\x32\xb8\xcb\x87\x87\xe3\x3e\x56\x3b\x8b\x70\
\xeb\x7b\xda\x47\xbf\x85\x73\xd7\x3e\xad\xa9\xfd\x76\x7c\x1c\xc8\
\xc5\x99\xd6\xcc\x8a\x36\x2e\x3c\xe6\xfa\x8e\x38\x4b\x38\x21\x84\
\xe8\xa5\xe0\xd5\xd6\x81\xd6\xa7\xfe\xbe\x26\x6c\x92\x74\x2f\x59\
\xba\xf5\x48\x87\x49\xb6\xa5\x04\xfa\x48\xbe\xc0\x22\x05\xa7\xac\
\x29\xbd\xdc\x3a\x3a\x0a\xe2\x89\x93\x65\xe7\x24\xf6\x75\x6e\xf9\
\x48\xaf\xb1\xff\x58\x44\xcc\x4a\xbf\x9e\xde\x05\x1e\xe6\xd3\xf9\
\x5a\xb0\x54\x2e\x56\xdb\xd0\x83\x9d\x96\xce\xb2\x06\x3b\xad\x77\
\xe9\x59\xe1\x87\xe6\xa1\x0f\xae\x5e\x3e\xac\xc5\x99\x2d\xce\xa5\
\xdb\xdf\x43\x07\xe0\x45\x86\x16\xb9\xa3\x07\xf8\xf7\x75\x6b\x79\
\x0e\x6c\x92\x74\x4b\xc8\x91\x95\xe5\xd7\xc3\x87\xe3\xb8\x21\x91\
\x6f\xcc\xa7\x3f\x5e\xab\xd0\xb0\x46\xac\xad\x70\xe7\x86\xed\xe8\
\x78\xbd\x70\xd5\x14\xe8\x38\x8d\x00\xa2\x65\x46\x4e\x81\xae\x7d\
\xc0\xda\x1a\x18\x68\xeb\x15\xcb\xcf\x61\x18\x66\x2b\xfe\xba\x8c\
\xb0\x71\x8e\x65\x59\xea\x24\x6b\x71\xd8\x39\xee\x95\x3a\xbe\x73\
\x7e\xeb\xef\xf7\xc9\x43\xc7\xcb\xc6\xd2\xcc\x89\x15\xd6\xb2\x44\
\x5f\x3a\xe0\x8b\x64\xdb\x81\x84\x5b\xf0\xe4\xa7\x7c\x5f\xcb\xd6\
\xb5\x63\xf3\xa4\x9b\xd1\xf2\x43\x73\x2e\x4d\x4f\x4c\xd1\xc7\x1b\
\xe1\xf5\x59\xb8\xcf\xc9\xa7\xd5\x29\x3a\x3a\x3a\xce\x47\xee\x36\
\xc9\xcf\xd0\xa5\x63\xdf\xe5\x96\x81\x5b\x81\x65\x49\xd5\x53\xc7\
\x14\x17\xcb\xc4\x45\x94\xd3\xb6\xb6\xed\x7a\x0e\x9c\x6b\xe5\xd6\
\x83\x1a\xbe\x6f\xf9\xab\x9e\x72\x19\xb1\xea\xb1\x15\x4f\xcb\x70\
\x25\xef\xf7\xfa\x7d\xdd\x38\x67\x96\xa3\x35\x68\xd4\xd7\x4e\xcd\
\xc8\x94\xf8\xd2\x27\x87\xa5\x68\x79\xd7\x33\x6d\x5b\x69\x9b\x9b\
\x26\xdd\x5c\xb9\xad\x95\xab\xf1\x1e\x89\xc3\x1c\xa8\xb9\x99\xfa\
\x4b\xc3\x25\x96\xe9\x96\xb5\xbf\x55\x2e\x2f\xb1\xbc\x3a\x3a\x1e\
\x03\xd3\x34\x01\x69\x37\x0f\xee\x53\x96\x0f\x22\x63\x8d\x06\x80\
\xd6\x62\xa8\xf9\xc0\xc1\xc1\x25\x4b\xb7\x1b\x86\x4a\xb6\x76\x82\
\x36\x47\x4b\x0e\xb7\x5c\x7a\x4e\x91\xf4\x96\x8c\x3f\x45\xc0\x97\
\x2c\xdb\xd6\x34\x7d\xd1\xa5\xf3\x77\xf7\x7a\x7e\xdd\xd0\x6d\x50\
\xb7\x8b\x56\xfb\xb0\x06\x8b\x4b\x90\xb2\x34\x78\xfb\x38\xfa\xad\
\xf0\x95\xdd\x73\x27\xe0\xbe\xd0\xa3\xf2\xb9\x80\xa8\x77\x11\x90\
\x8a\x4f\x6f\x1b\xf8\x12\xa7\xcb\x4e\x8d\x40\x65\x18\xed\x66\x73\
\xe9\x74\x63\x47\x47\x07\x00\x22\xec\xc4\x9e\xd5\x3c\xc8\xd7\xfb\
\x73\xf3\x3d\x60\x9d\xb2\xa7\x45\xa8\x58\x46\x94\xc3\x71\x42\x5a\
\x3c\x9a\xbc\x4b\x1a\xf2\xa5\x63\x0e\xa9\xbf\x5a\x6e\x1f\xfc\xfd\
\x94\xdb\x88\x75\xdd\x22\x33\x4b\xc4\x44\xa6\x45\x0e\xb2\x54\xa8\
\xec\x57\x7b\xee\x22\xcb\x8e\xd7\x83\xd3\x16\xeb\xf9\x61\x5b\xe7\
\x22\xef\x38\x17\x5d\x17\xf2\xec\x21\x80\x4a\x26\x6d\xc1\xa0\xba\
\x59\x4b\xb7\xd5\xe9\x79\xaa\x81\x2b\x88\x3f\xbd\xf0\xff\x91\xd7\
\x5f\x03\xce\xb5\x44\x2c\x5b\xb4\x3a\x3a\x3a\x4e\x81\x50\x2f\x2a\
\xe4\x81\xfe\x6e\xb7\xcb\xd7\x00\x98\x44\x6b\x4d\x68\x2d\xc6\x9b\
\xc9\x05\x02\x78\xfb\x40\x18\x8a\x74\x8d\x79\x5b\x0b\x96\x48\x6b\
\x6b\xe6\xd1\x22\xd5\x3a\x8e\xd6\x60\xae\xe5\x32\xa2\xdf\x69\x59\
\xba\x75\x58\x2b\x8e\x5e\xd7\x1d\x40\x7b\xcb\x3e\x2d\xfb\xe4\xdf\
\x85\x2f\x00\x91\xab\xf8\x8a\xc5\x59\xd6\xdc\x1e\x37\xcf\x3e\x65\
\xe1\x32\xe1\x96\xc4\x3b\xde\x2f\x02\x27\x1e\x59\xbc\xfe\xd1\x50\
\x0b\xa7\xa6\x1c\x35\x5a\x53\xc5\x32\xbc\x65\xd1\xea\xe8\xe8\xb8\
\x10\xc1\xe7\xbe\xc4\x2e\x6d\xde\x7b\x4c\xd3\x94\xaf\x6d\x61\x5a\
\xde\x9a\x16\x96\xd6\xa4\x98\x8f\x38\xc8\x20\x72\x89\x7b\xb3\x9b\
\x9f\x9b\xc5\xd5\x51\x60\x11\xdf\xa5\xb6\x70\x4a\x2e\xb7\x0c\x24\
\xfa\xda\x29\x72\x63\x91\x96\x25\xe2\x7e\xa9\x1e\xea\x78\xd9\x68\
\xcd\x92\x4b\xf7\x5f\x89\x53\xed\xde\x78\x01\x02\x8a\xec\x01\x6a\
\x8f\x85\x2d\xb5\xb9\xcd\x93\x6e\x60\x3e\xed\xc9\x53\x0f\x5c\xd9\
\x79\xdb\x40\xa4\x45\x4d\xc6\xa9\x94\x5b\xa8\xb4\x96\x05\x84\x71\
\xca\x6a\xa2\x3b\xc1\xa9\x29\xc2\x3e\x75\xd8\xd1\x71\x1e\x88\x08\
\x2e\xb9\x96\xb0\x85\xfb\xdc\x7e\xb6\x56\x68\x0b\x2a\xcb\xd2\xe8\
\x52\x22\xdc\xf9\x10\xa7\x7d\xa3\xfc\xed\x27\xfe\x2e\x61\xc9\x82\
\x2d\xbf\x9f\xab\x8f\x1e\x6a\x2c\x69\xcd\x68\xf0\xb5\x73\xc8\xb5\
\x35\x73\xb3\x05\x7d\xda\xf1\x78\x58\x1a\x34\x3e\xb4\x2d\x64\xd9\
\x8a\x9a\xff\x58\x6e\x7b\x4b\x69\x59\x0b\x36\x4b\xba\x5b\xd6\x59\
\x49\xc0\x59\x01\x72\xc5\xb8\x05\xd2\xda\x5a\xb5\xbd\x26\x9c\xab\
\xb4\x5b\x02\x54\xdf\xbf\xc4\xca\xd2\xd1\xd1\x71\x1e\xb4\x7b\x1b\
\x50\xfc\xbb\xf9\xfb\xa9\x01\xf4\x9a\xc0\x69\x67\xcb\xd2\x6e\xb7\
\x9b\x4d\x0f\x13\xb6\x37\xa8\xf8\x18\x38\x25\x33\x97\xe4\xad\x76\
\xef\x38\x07\xe7\x0e\xe8\x2e\x91\xf1\x4b\xe9\xd3\xef\x5a\xf2\x47\
\x3f\x15\x5f\xc7\xeb\xc4\x43\x07\x87\xd6\x82\xcd\x87\xc4\xfd\xd4\
\xd8\x2c\xe9\x5e\x92\x31\xd2\xda\x04\x94\xd3\x2a\x89\x08\x8e\xe6\
\xbb\x97\xf0\x33\xd6\xf7\xa7\xc4\xb9\x53\x76\xfa\x7b\x6b\xda\x4f\
\x5e\x6f\x4d\xf3\xb4\x70\x2f\x7f\xab\x8e\x8e\x57\x0c\xa9\x18\x24\
\xf1\x6e\xed\x23\xbb\x5e\x05\x31\x4f\xa3\x5c\x98\xce\xee\x32\xd2\
\xfa\x2d\xc3\xce\x62\x5b\x6d\x3e\x23\x2e\xa9\x93\x4b\x2c\xb9\x96\
\x1b\x9f\x94\xc3\xd6\xfd\x73\xd3\x71\x9f\xf4\x5c\x22\xcf\x97\xc8\
\xb3\x6c\x13\x96\x0b\xc1\x9a\xd7\x2b\x74\xac\x07\x97\x0e\x2c\x01\
\xcc\x0e\xc6\xa9\x5d\xde\xb6\xe1\x36\xbc\x59\xd2\x0d\x2c\x77\x6c\
\xb9\x9a\x95\x2b\xcd\x7b\x8f\x80\xb0\x48\xd8\x81\xe7\xb3\xd8\x9c\
\x72\x1d\xb1\xac\x09\xfa\x19\x8b\x5c\x5f\xea\x3f\xb5\x05\xab\x7f\
\x47\xc7\xda\x10\x50\x9f\xe0\xaa\x07\xbc\x39\x9c\xe1\x2b\xbb\x2e\
\xcc\xad\x4a\x92\x70\xe9\x41\x04\x2f\x1a\xe5\xdf\x5b\xc3\x52\xdd\
\x58\x61\x5b\xb3\x14\x3a\xef\xe7\xb8\xef\x5d\xaa\x6b\x1e\xa2\x9b\
\x2e\xa9\x9b\x4b\x07\x15\xda\x02\xd9\xb2\x4c\x76\x74\x30\x2e\x69\
\x13\x01\xf3\x7e\x27\x67\xdf\xb6\x84\x0d\x93\xee\x88\x73\xdc\x27\
\x18\x65\xaf\xee\xe5\xe9\xb3\xe7\x22\x9c\x4b\x16\x78\x2b\x4f\x7a\
\x9a\x5a\x92\xeb\x73\x56\x08\xb7\xae\x77\x01\xd9\xd1\x71\x39\x1c\
\xcd\xc5\x29\x5b\x60\x98\xa8\x6e\x6d\x30\x6b\xcd\x94\x59\x44\xfc\
\xcd\x9b\x37\x27\xf3\xf6\x9c\xf9\xbe\x34\x5d\x4b\xe1\x4f\x91\xe8\
\x96\xf5\xd9\xf2\x7b\x6e\x11\xf8\x4b\xd2\xfa\xd8\xb8\x2f\xb1\xb7\
\x74\x94\x35\x48\xd9\x52\xfb\xef\x78\x7e\x50\xfa\x07\xd4\x7d\x8c\
\x67\xd9\x5a\xdc\x6f\xad\xd8\xec\x3e\xdd\x8c\x58\xf8\xed\x2d\x8e\
\x24\xe9\x3c\x65\x59\xb8\x54\x00\x7e\x2c\xc8\x74\x58\x96\x6c\x1d\
\x46\x0b\x38\x79\x4d\x3f\xbb\x8d\xe9\xed\x8e\x8e\x6d\xa0\xea\x87\
\xce\x65\x2b\x86\xb6\xf8\x59\x9f\xd6\xcc\xd5\x5a\xb0\x34\x55\x5b\
\x16\x53\x16\x9c\xe3\x53\xfc\x9c\xf9\x7c\x2c\x8b\xb2\x1c\x74\x58\
\x33\x16\xda\x6a\x7e\x2a\xdf\x6b\xb4\x02\x3f\x34\x3d\x5a\x0f\xe9\
\x72\x58\x63\x7b\xef\x58\x2f\x02\x42\x35\xbb\x96\xaf\x1b\xb3\xfa\
\x5b\x68\x5b\x9b\xb7\x74\x47\xd8\x64\x5b\x4e\x79\xf2\x9f\x55\x79\
\xb3\xd8\x1e\x59\x08\xb6\x88\xb0\x65\x09\xb1\x2c\x49\x7c\xef\x5c\
\xc2\x2d\x9f\xb1\xde\xb7\x85\x86\xd9\xd1\xb1\x05\x54\xfd\x30\xc4\
\xb5\x26\xda\x9d\xcb\xb2\xc6\xac\x7d\xf0\x1b\x42\xc8\xd6\x25\x86\
\x5c\x9c\xae\xe5\x14\x5b\x9d\x96\xe2\x5b\x2b\xee\xe3\xeb\x7c\x8a\
\x70\x5b\x33\x92\xda\x02\x6c\x3d\xf7\x12\xa0\xf5\xd6\xda\xdb\x7a\
\xc7\xba\xc1\xfb\x72\xb3\x6c\x95\x72\x26\xef\x4c\xf7\xcc\x5e\x0a\
\x97\x60\xf3\xa4\x5b\x5b\xb2\x5b\x8a\x8e\xe1\xbd\xc7\x52\x95\x7c\
\x0c\x21\xa8\x05\xf5\x12\xf9\xd5\x56\x81\x96\x82\xb6\x5c\x4b\x34\
\x5a\xef\x59\x7b\xa3\xec\xe8\xd8\x22\x78\xd6\x8d\x61\x59\x3d\x2d\
\x42\xb2\x36\xd2\x95\xd3\xa9\xc4\x04\xa7\x53\x2e\x4c\x97\xb2\x4d\
\x2e\x5e\xb7\xe2\xdc\x22\xb4\xc1\xc4\x22\xd0\x96\xa1\xe4\x9c\x59\
\x55\xeb\xfb\x4b\x43\xcb\xb0\xf4\x5a\xf2\xdf\xf1\x70\x94\x7e\x36\
\xbf\x6e\xf1\xa4\xb5\xc9\x53\x8d\x4d\x93\x6e\xe9\xd3\x23\x8f\x5b\
\xb6\xac\x30\x80\x20\xbf\x68\xbb\x5f\xa0\x71\xef\x92\x34\x9d\x82\
\x65\x95\x6e\x59\x07\xb4\x0f\x93\x95\xde\xa5\x6b\x6b\x9c\xbe\xec\
\xe8\x78\x99\x08\x59\x0e\x01\x36\x41\x63\x2c\xcd\x50\xad\x09\x16\
\xc1\x04\x4a\xba\xcb\xee\x01\xcb\x0a\x6f\xcd\x3e\xbd\x16\xb1\x66\
\x2c\xcd\x20\x6a\x5d\xb3\xf4\x4c\x47\xc1\x39\xb3\xb4\x1d\x1d\x05\
\x73\x62\xad\x07\xc1\x12\x6b\x6f\x4b\x9b\x26\xdd\x00\x57\x47\x3c\
\xad\x08\xa8\x0b\x5c\x1e\xc9\xcc\xe4\x7c\xc9\xba\x74\x6e\x65\x2d\
\x85\x3b\xe5\x57\xbd\x34\x1a\x6b\x4d\x3f\xb6\x84\xfe\x39\x0d\x4e\
\x2b\x83\x8e\x8e\x8e\xc7\x83\xec\x5f\xec\xba\xc6\xfd\x8c\x17\x6e\
\x73\x38\xcb\xc2\xb7\x5a\x05\x91\xd3\x15\x00\x2a\x06\x0e\x8b\x20\
\x0d\xc3\x80\x71\x9c\xd2\x63\xcb\x96\xee\xb5\x59\xf6\x5b\x3a\xc1\
\xb2\x5a\x6b\x82\xdd\xca\xd3\x92\xfc\x7f\x6d\x68\x95\xa9\xbe\xf7\
\x18\x06\xaf\x8e\x97\x0b\x29\x5b\xa5\xb1\x75\x89\x7c\xaf\x15\x9b\
\x26\xdd\xd1\xef\x30\x00\x62\x75\x2b\x50\x2a\x40\x5a\xc1\x79\xea\
\xf3\x1c\x81\x78\x4a\x29\x9c\xbb\x18\xd3\x12\xc4\xa7\x84\xf3\x39\
\xc2\xe7\xbe\x8d\x6b\x2b\x8d\xb2\xa3\x63\x2b\x90\x24\x6c\x9a\xa6\
\x4a\xce\x58\x6b\x4a\xf8\xb7\xfc\x5c\x23\x09\x45\x4e\x53\x2d\x5b\
\x25\xf1\x96\xf9\x3c\x77\xad\xcc\x53\xe7\x75\xc9\xf0\x01\xcc\xad\
\xd6\x56\x1a\x5b\x96\xfe\x35\x5b\xef\xd7\x82\x56\xf9\xeb\xd9\xdb\
\x35\xf6\x85\x8e\x75\x20\x04\xe4\x85\xdb\x52\xe6\x9c\x63\xdc\x5c\
\x23\x36\x4b\xba\x73\x27\xc5\x7c\xb4\xa3\xf7\x8c\xd5\xd3\xbd\x97\
\xbe\x63\xe9\xde\x39\x56\xe8\x73\xa6\x44\xce\x7d\xaf\xf5\xae\x73\
\xdc\x4c\x3a\x3a\x3a\x3e\x2e\x88\x08\xbb\x5d\xd9\x10\x4a\x2e\xf2\
\xb1\xdc\xc4\xd6\xda\x47\x89\x08\x60\x52\x2d\xae\x69\xb2\xa4\xe5\
\xda\xd2\x42\xca\x47\x4f\x9f\x4a\x57\xeb\x77\xeb\x39\x0b\x7a\x71\
\xa3\x94\xaf\x2d\x22\xbe\xd6\x3a\x5c\x03\x96\x5c\x8d\x64\x19\x3f\
\x74\xe6\xb9\xe3\x65\x83\x08\xb3\xb3\x01\x64\xfb\xd9\x92\x6c\x05\
\x36\x4c\xba\x01\x64\xa5\xa0\xc9\xa7\x9c\xd6\x65\x48\x9f\xef\x53\
\xca\x61\x49\xa0\xea\x4a\x5d\x12\x2c\x5a\x68\x9f\xd3\x10\xce\x55\
\x0c\x32\xec\xd6\x46\x7a\x1d\x1d\x2f\x05\xad\x81\xb4\xb4\xc6\x48\
\x3f\x6f\x00\xd9\x8a\xbc\x6a\x37\x04\x96\x57\x06\xa1\xd5\xf9\x94\
\x8b\xd6\x4f\xcd\x20\x3e\x46\x5e\xb5\x5b\xc2\xd2\x6f\x99\x4e\xeb\
\xb7\x95\x1e\x3d\xb0\x78\x08\x91\x7f\xcd\x38\x55\x66\xa7\x8c\x4f\
\x6b\x26\x4e\x1d\x4f\x0f\x6e\x2b\x6c\x54\x95\xa7\x53\x3a\xe7\xc4\
\xec\xdc\xba\xfb\xe5\xa6\x49\x77\x0b\xf2\x94\x22\x49\x92\xbd\xf7\
\x17\x9d\x62\xb4\xe4\xfe\xc1\xd7\x97\xac\xd9\xad\x38\xf5\xe8\x4c\
\xc7\x7b\x4e\x9a\x3a\x3a\x3a\xd6\x03\xcb\xe7\x57\xef\xa0\x94\x89\
\xf7\x06\xac\x31\xad\x19\x3c\x3d\x93\x77\x1f\x83\xc2\x53\xc9\xb0\
\x96\xdc\xb6\xee\xb7\xbe\x77\x3c\x0d\x96\x74\x69\x47\x07\x43\xca\
\xd6\xd9\xa6\x11\xf9\x7f\xeb\x5e\x23\xf0\x22\x48\x77\xec\xb0\xfa\
\x77\x3d\x2a\xb2\xee\x9d\x1b\xf7\x52\x05\x6a\x12\xde\x9a\x86\xb4\
\xa6\x67\x4f\x61\xcd\x4a\xb9\xa3\xe3\xb5\xa3\x22\x6a\xe9\x53\xbb\
\xb6\x99\x7d\x3d\x5c\x2e\x87\x9e\x03\x16\xf1\x96\x03\x09\x3d\xd0\
\xb8\x54\xae\x5a\xef\x78\x68\x3a\x97\x88\xb6\x76\x6b\x90\xd7\x1e\
\x2b\x2d\x1d\xe7\x63\xa9\x7e\xfa\xec\x6d\x07\x83\x67\x0d\x97\xdc\
\x86\x81\xb4\xfa\xe4\xc4\xcc\xd4\x1a\xf0\x22\x48\x77\x44\xd9\x5b\
\x96\x3b\xae\xde\xbe\x0b\x98\x93\xf0\x4b\x70\xce\xc2\x19\xed\x9a\
\x62\x59\x88\x2c\x12\x6f\x29\xb8\x35\x37\x9c\x8e\x8e\x0e\x81\xd4\
\xaf\x77\xbb\x5d\x45\xe2\xb4\x65\x58\x1b\x08\xd6\x8c\xca\x62\xef\
\xe6\x86\x03\x0e\x93\xa7\x77\x71\xb9\xa1\xe0\x5c\x5f\xde\x53\xee\
\x20\xf2\xbb\xa5\x74\xb5\x5c\xee\x44\xfb\xf9\xa1\x67\x79\x5b\xb3\
\x2b\xad\xdf\x1d\xaf\x03\xcc\xe5\xd8\x6d\x58\x0e\x9c\x73\x9b\xa1\
\xf8\xc7\xbb\xd8\xad\x19\x2f\x88\x74\x27\x84\xf6\xa1\x13\xf7\x1d\
\x01\x59\x53\x5f\xda\x79\xdf\x7a\xd7\x2c\x69\x4a\x39\x9c\x7a\x67\
\x47\x47\xc7\x4a\xb1\xd0\x3d\xb5\xbc\x98\x9d\xe4\xf8\x44\x49\xbc\
\x2f\x6a\x32\x44\x71\xca\x56\x4c\xdb\x4a\xa3\x86\x0c\xaf\xbf\x9f\
\xf3\x9e\x25\x39\x79\x4a\x5e\x5b\xc4\xda\xfa\xad\xd3\x77\xca\xed\
\xa4\xe3\x69\x71\x4e\xbd\x75\xbc\x5e\xe8\x01\xbe\xe5\xc2\x47\x58\
\xb7\x75\x5b\x62\x77\x3a\xc8\xba\xa1\x05\x2a\xfb\xfa\xe8\x2d\x65\
\xee\xeb\xe3\xd3\x12\xca\x7a\x8a\xf5\xd4\x74\xd8\x7d\x15\x53\x47\
\x47\xc7\xfa\xa0\x8f\x48\x07\x30\x5b\x50\xa8\x67\xbc\x86\x61\x30\
\xad\xc4\x6b\x05\x5b\xe5\x03\xc2\x2c\x6f\x7a\x1b\x56\x5e\x2f\x73\
\x09\x5a\xae\x79\xda\x05\x44\x1b\x35\xb4\xec\x95\xf1\xb5\xee\x2d\
\xe5\xb1\xcf\x2a\xae\x13\xf7\x59\xf3\xd4\xf1\x32\xa1\xb7\x2a\x05\
\xda\xee\xbc\xd6\xf7\x35\xe1\x45\x58\xba\xab\x8e\x49\xf3\xd3\xd2\
\x38\xcc\x30\x0c\xcd\xe3\xe1\x97\xe2\x96\x7f\xd6\xae\x25\x7d\x1a\
\xac\xa3\xa3\x83\x61\x0d\xf2\xf5\x74\xe8\x5a\x15\x02\x30\x97\x5f\
\x99\x98\xba\xb9\x1c\xe4\xdf\x72\xea\xf7\x5c\x58\x72\x95\xdf\xdf\
\xb2\x7e\x2e\xc9\xd6\x53\xee\x7a\xe7\x3c\xd7\xb1\x1e\x2c\xd5\x67\
\xaf\xb3\xd7\x07\x8b\x70\x9f\xb3\xc3\xdc\xda\xb0\x69\xd2\x6d\x5a\
\x40\x42\x5d\xe8\x72\x84\xe4\xbd\x3f\x7b\xa5\xbd\x84\xb5\x63\x89\
\xb4\x90\x9c\xf2\x4d\xeb\xe8\xe8\x78\x19\xc8\x7d\xbf\xe1\x24\xa2\
\xe5\x82\xfc\xed\x86\x6d\x88\x5b\x8b\x3c\xeb\xdf\x7a\xbd\xcc\x7d\
\x65\x2b\x30\x5f\xcc\xa8\xcb\x70\xe6\xbf\xa9\xd2\x74\xc9\xce\x29\
\x1d\xdb\x45\x77\x0b\x7a\xbd\xb0\x5c\x86\x2d\xf7\x36\x89\xb5\xf6\
\xf9\x6d\x68\x81\x05\x9c\x9a\xaa\x7d\x0c\xbf\x6e\x4b\xb8\x5b\x8d\
\xe0\x63\x57\x72\x17\x34\x1d\x1d\xcf\x8b\x3c\xb0\x36\xdc\x4b\xb4\
\xd5\x77\xe6\x9b\x1c\xd6\xab\x08\x5a\xa8\xe4\x65\xa8\x2d\x4c\xd6\
\xce\x50\xf7\x7d\x47\x6b\x1d\x8e\x26\xdf\xa7\xdc\xf8\x3a\x5e\x26\
\xba\xee\x7b\xbd\x90\x32\x88\x17\x54\x02\xa7\x77\x1e\x5a\x6b\x9b\
\xd9\x2c\xe9\x6e\x16\xb2\x51\x09\x96\x55\xfa\x5c\xb4\x48\xf5\x73\
\x4c\x13\x77\xe5\xd2\xd1\xb1\x6e\x48\x32\xaa\xe5\x4d\x94\x43\xdb\
\x99\x2a\x9f\x19\x15\x92\x65\x29\x2f\x5e\x52\xfe\xd3\xec\xd2\x77\
\x2e\x2c\xd9\xda\xfa\xd4\xdf\x3b\x5e\x17\xf4\xa0\xeb\x3e\xba\xbc\
\x63\x9b\x90\x2e\xbd\x21\x04\x4c\xd3\xd4\xa8\xff\x6d\xc8\xd5\xcd\
\x2f\xa4\x04\x54\xe1\x86\x90\x4f\xa9\x64\x05\x20\x17\x55\x5e\xba\
\x68\x66\xad\x15\xd7\xd1\xd1\xf1\xf4\x58\x9a\xca\x94\xd6\x18\xfe\
\x64\x22\x5a\xc8\xc2\x3c\xfc\xda\xd0\x22\xba\x7e\x9a\xf2\xa9\x6f\
\xec\xb6\x77\x9f\xc5\x8b\x56\xdc\x1d\x1d\xa7\xa0\xfd\x79\x3b\x5e\
\x0f\xa4\xbb\x5e\x2d\x6b\x85\x1c\xa5\x6d\xac\x99\xd9\xac\xa5\x5b\
\x42\xfb\x50\x92\x73\x70\x4a\x71\xac\x59\xc9\x75\x74\x74\x6c\x03\
\xa7\x94\xbd\x5e\xa8\x7d\xae\x0b\xda\x9a\x64\x53\xcb\x7f\xda\x39\
\x07\x27\x5c\x67\xf2\xb5\x94\xe7\xfb\xfa\x74\x77\x74\x5c\x8a\xae\
\xcf\x5f\x17\x64\x7d\xd7\xb3\x6c\x82\xff\x6d\x64\xdb\xc0\x17\x41\
\xba\xe7\x23\xdf\xb2\xcc\xe9\x9c\x83\x13\x3a\x3a\x3a\x3a\xce\xc1\
\x92\xec\x60\x39\x24\xb7\xcf\xd3\x06\x01\x1d\xc7\x25\x8b\x01\x3f\
\x36\xac\x85\x6a\x4b\x83\x04\x26\xd9\x41\x58\xbf\x1f\x5b\xb6\x5e\
\x72\xb6\x41\xc7\xeb\x44\xd7\xe7\x2f\x1b\xd6\x80\xbe\xe5\xd2\x76\
\xee\x1e\xff\xcf\x89\x17\x41\xba\x01\xd1\xf1\x84\xdf\x24\xbb\x98\
\x74\x3f\xb0\x8e\x8e\x8e\x8f\x09\xa9\x00\xac\xd3\x19\xb5\x0f\x34\
\x63\xad\x44\x52\x0f\x0c\x78\x06\x11\x40\x3e\x28\x47\x5a\xb9\x9f\
\x2a\x1d\x1d\x1d\x12\x7d\x61\xed\xcb\x87\x94\xad\xb3\xba\x5d\xe0\
\x74\x6b\x95\xad\x9b\x27\xdd\x33\xe5\x20\xae\x91\xda\xa7\xbb\xfb\
\x82\x75\x74\x74\xdc\x1f\x6d\x65\xae\xf7\xef\x97\x4a\x82\x68\xbe\
\xcb\xd2\x16\x16\x53\xce\x16\x82\xc6\x8b\x20\x37\x4f\xeb\xa9\xed\
\xbb\x3a\x3a\x1e\x13\x4b\x87\xa2\x74\x1d\xff\xb2\xa0\xdd\xdd\x2a\
\x57\x62\xeb\xda\xca\x79\xde\xfa\x49\x37\x21\x29\x2d\xeb\x6f\xee\
\x58\x1f\x42\x80\xa3\x64\x69\x32\x16\x50\x76\xa5\xd0\xd1\xd1\x71\
\x3f\x9c\x16\xe4\xb6\x5b\xc6\x36\x64\x8e\x75\x02\xa4\xb6\xca\x3b\
\xcc\x67\x0d\xd7\xae\xe4\x3a\x5e\x1e\x9a\x16\xee\xae\xdf\x5f\x1c\
\xb2\x7b\x89\xb8\x26\x77\xaa\xdb\x1a\xd6\xb7\x7b\x09\x7b\x89\x94\
\x2f\x45\x65\x89\x91\x4d\xfc\x29\x4e\x9e\x4c\xff\x9c\x77\xd5\xce\
\x25\x0f\x5d\x61\xdf\xd1\xd1\xd1\x71\x8e\xcc\x98\xef\x54\x72\xda\
\xaa\xbd\x36\xb9\x24\x17\x49\xf2\xef\x2a\x1f\x0e\x20\x4f\x08\x80\
\x92\xc5\xcf\x9f\xf6\x8e\xd7\x8d\x3e\xf0\x7b\xb9\x90\x5e\x0c\xb5\
\x95\x7b\x7b\x72\x67\x5d\xa4\xdb\x18\xa8\xca\xdf\x44\x31\x0c\x02\
\x40\x21\x12\x73\x47\x80\x0f\xf1\xf8\x77\x97\x94\x9e\xf7\x93\x78\
\xb6\x6c\xe3\xb5\x16\xc5\xd6\xd1\xd1\xb1\x21\x9c\x21\x32\xac\x45\
\x92\xda\xe5\x42\x4e\x7d\x6e\x61\xd6\xcd\x1a\x2c\xe4\x3d\xc8\x11\
\xed\xfe\x9c\x8f\x69\x9a\x2e\xda\xa3\xbb\xa3\xe3\xb1\x61\xf5\xa7\
\x4e\xc4\x5f\x16\xa4\x2c\x8d\x06\x8e\xfa\x3a\x7f\x5f\xb3\x6c\x7d\
\x16\xd2\x9d\xcb\x23\x93\xe2\x34\xad\xc9\x32\x9b\x02\xaa\xa9\x5c\
\x32\x3e\x43\x00\x51\x74\x21\x71\x3b\x20\x4c\x80\x07\xe0\x02\x21\
\x80\x30\xec\x1c\xa6\x29\xdd\x77\xc4\xdb\xcb\x9a\xca\xb1\xa3\xa3\
\xa3\xc3\x04\x51\xdc\x97\xea\x84\xb8\x90\xb3\x6b\xd5\xce\x25\xae\
\xbd\x63\xc9\xda\x61\xed\x04\xc0\xca\x6e\x9a\xa6\x47\x39\xed\xb7\
\xa3\xa3\xa3\xe3\x14\xe4\x0c\x62\x74\x35\x09\xd5\x46\x19\x5b\xe2\
\x75\x4f\x4e\xba\xa3\xdf\x95\xf2\x7b\xa4\x48\xbc\x29\x9a\xaf\x11\
\x28\x6f\xf8\x57\x36\xff\x13\x84\x3b\x72\xee\x00\x76\xeb\x21\x04\
\x50\x08\x70\xe0\x7d\x1b\x09\x21\xb8\x1c\xc7\xe4\x8b\xd5\xbb\xef\
\x25\xdb\xd1\xd1\x71\x36\x42\x30\x8f\x7c\xd7\x90\xbb\x25\x01\x65\
\x66\xcd\x89\x65\x33\x6b\x57\x0c\x2d\x37\x98\x53\x47\xb3\x73\xd8\
\x2e\x57\x3b\xd6\x8c\xde\x46\xb7\x0b\xbd\x2d\x69\xe1\x80\xdb\x38\
\x10\x47\xe2\xa3\x93\x6e\x69\xd5\x8e\x46\x9f\x64\x35\x22\x00\xe4\
\x41\x04\x78\x4c\xf0\x61\x44\x20\x0f\x50\x40\x80\x4f\xa3\x19\x1f\
\xc3\x23\x14\x4b\x35\xa4\xd1\xa9\x58\xb0\x83\x23\x10\xc5\x43\x71\
\x02\xf9\xb8\x44\x74\x04\xbc\x07\xdc\xe0\xe0\x7d\x48\xd6\xf1\xde\
\xf1\x3a\x3a\x3a\x0a\xb4\x4c\xd0\x64\xf2\xdc\x38\xa4\x7b\xc5\x6c\
\xe7\x8f\x05\xc5\xb0\x46\x0b\xb1\x76\x89\x91\xdf\x2b\x37\x93\x7b\
\x94\x55\x47\xc7\xc7\x46\x77\x25\x7d\x59\x98\xbb\xae\xcd\x77\x2b\
\xd9\xc2\x8e\x50\xc0\x47\x26\xdd\xd1\xaa\x1d\x17\x3c\x02\xca\x7d\
\x84\xd2\xa7\xf3\x08\xe1\x88\xc9\xef\xe1\x69\x82\xc7\x14\x49\x37\
\x26\x84\xe0\x05\x01\x0f\x79\x9a\xd7\xb1\xed\x89\x1c\x08\x0e\x44\
\x0e\x08\x0e\xce\xed\x30\xb8\x37\x20\x47\x18\x0f\x01\x08\x04\x04\
\x87\x71\x8c\x0a\xc2\x07\x64\x65\xd1\xd1\xd1\xd1\x01\xb4\x2d\xb9\
\xfa\xfb\xb9\x28\x4a\xa0\x58\x65\xac\x30\x6b\x24\xdb\x1a\x7a\xb0\
\x50\x11\x70\x00\x53\xb2\xee\xf3\xa1\x40\x1d\x1d\x6b\xc2\x8c\x90\
\x15\x6f\xd6\xea\x7e\xc7\x7a\xd1\x32\x54\x38\x76\xfd\xc3\xb2\x51\
\x63\x6d\x78\x7c\xd2\x5d\xed\x36\x12\x57\x3c\x46\x77\x91\x48\xa7\
\x43\xf0\xf0\x41\x10\x6b\x9a\x30\xfa\x3d\x8e\x7e\x0f\x8f\x63\xb4\
\x7a\xc3\x03\xf0\x08\x21\x59\xba\xf3\x76\x31\x69\x8a\x21\xad\xa8\
\xa4\x44\xbf\x09\x03\x28\x38\x0c\xf4\x49\x24\xdd\x7e\x87\x40\x03\
\x82\x8b\xe6\x75\x37\x44\xcb\x4c\x54\x72\x29\x91\x1d\x1d\x1d\xaf\
\x1a\x2d\x85\xfb\x90\xc5\x8e\xd2\xc7\x30\xeb\x79\xe5\x77\xb8\x25\
\xe8\x93\xdf\xc6\x71\x2c\xd6\x25\x20\x2d\x5c\xf7\x7d\xa1\x7a\xc7\
\x6a\x51\xcd\x38\x81\x20\x37\x9f\x0b\x7d\xf6\x7b\xf5\x98\xed\xa6\
\x94\xf8\x1b\xcb\x9f\xad\x58\xb8\x19\x8f\x4b\xba\x99\x70\x27\x1f\
\x10\x62\x57\x11\x78\x04\x8c\x08\x61\xc4\x14\x46\x4c\xfe\x88\xd1\
\x1f\x31\x85\xf8\x37\xfa\x3b\x1c\xfd\x1d\xa6\x70\x84\xa7\x09\x40\
\x21\xdb\x62\xe7\xc0\xfc\x92\x18\xbd\x03\x52\x05\x50\x88\x16\xef\
\x1d\x7d\x82\xc1\x7d\x8a\x81\x3e\x85\x0b\x9f\x80\xb0\x03\x68\x87\
\x00\x17\x17\x53\x12\x21\x84\xa1\x5b\x64\x3a\x3a\x5e\x01\x4e\x29\
\xd3\x96\x3f\xf2\x7d\xc9\xa3\x24\xeb\xfa\xf8\x77\xcb\x5d\x63\xad\
\x8a\xde\x4a\x2b\xa0\x66\x00\x54\xf8\x4e\xb8\x3b\xd6\x84\x56\x5b\
\xb4\xfa\xdc\x5a\xfb\x61\x47\x44\x5e\x2f\x93\xea\xd4\x07\x8f\xc1\
\x0d\xf9\x9e\x0c\x07\xd4\x8b\xda\xd7\x88\xc7\x21\xdd\x92\x6c\xbb\
\xb4\xf3\x08\x79\x78\xf2\xf0\x61\x84\xc7\x18\x09\x75\x38\x60\xf4\
\x07\x8c\xd3\x01\xc7\xe9\x90\x08\x77\x22\xdd\xd3\x5d\xb4\x74\x67\
\xd2\x9d\xd6\x5b\xe6\xb8\xcb\xbe\x8c\xfc\xaf\xb2\x76\x07\xc2\x6e\
\xf8\x14\x6f\xdc\x11\x3b\x37\x62\xe7\x26\x38\xfa\x14\xce\x11\x9c\
\x23\xf8\x40\x08\x1e\xdd\xc8\xdd\xd1\xf1\x4a\xb0\xa4\x4c\x25\xd1\
\xd6\x44\x59\x5f\xbf\x04\xce\xa5\x75\x25\x98\x2b\x7e\x6b\x0f\xef\
\xb5\xc2\x52\x66\x6c\xd5\x8e\x53\xbb\x40\xc0\xbc\xcc\xd6\x9c\xa7\
\x8e\xd7\x07\xeb\x34\x43\x7d\xbf\x82\x58\xa4\xd7\xb1\x0e\x64\xc3\
\x85\xd8\x15\xca\x0a\x23\xbf\xaf\xd9\x08\xf0\x30\xd2\x5d\x59\xb6\
\x03\x8a\x3b\x89\x47\xc0\x11\x1e\x23\x46\xec\x93\xfb\xc8\x01\xd3\
\x94\x08\xb7\x3f\x60\x9c\x84\xa5\x7b\x3a\x24\xd2\x3d\x02\xe4\x11\
\x10\xd4\x82\x49\xde\xa5\xa4\x50\xed\xc4\xf0\xd3\x35\x07\x0a\x04\
\x1f\x26\x60\x88\x56\x72\x42\x2a\x7c\x1a\xe0\x86\x01\xde\x07\x10\
\xc5\xec\x5a\xc7\x18\x77\x74\x74\x6c\x1b\xf7\x99\x26\x6e\xf9\x0b\
\xb6\xee\x2d\x47\x96\x56\xd4\x2b\xcb\xb6\x4e\xdb\x5a\x95\x81\x86\
\x45\x50\xca\x35\x02\x51\xb4\x3e\x79\x65\xd5\xef\xe8\x58\x0b\x96\
\x2c\xde\xba\x8f\x86\xca\x95\xb5\x63\x2d\xd0\x32\x5d\x6f\xcd\x7a\
\xee\x82\xf5\xb5\xe0\xfe\xa4\x3b\x13\xee\x42\xb4\xa3\x75\x7b\x44\
\xc0\x88\x29\x1c\x30\x61\x8f\xe3\x74\x87\x83\xbf\xc3\x61\xbc\xc3\
\x98\x48\xf7\x38\x8d\x98\x7c\x72\x35\x49\xa4\x7b\xf4\x07\x84\x30\
\x22\x50\x28\x0b\x2f\xab\xd7\x15\xc2\xcd\x04\x1c\xc1\xa1\x10\x6f\
\x42\x80\x8f\xdb\x07\x52\x3a\x28\x87\x06\x00\x6f\xe0\xdc\x1b\x90\
\x1b\xd2\x9e\xdd\xc0\x34\x01\x37\x37\x37\xf8\xbd\xdf\xfb\xbd\xfb\
\x97\x5c\x47\x47\xc7\x0a\x50\x56\x46\x2d\x5a\x40\xd2\xfe\xa2\x4b\
\x56\xec\x87\x2c\x9e\x3c\x1e\x8f\x70\x24\x76\x2f\x71\x04\x47\x6e\
\x66\xdd\xae\xd2\xb4\x42\x68\x2b\x51\xcb\x3d\x26\xee\x60\x12\xc4\
\x0c\x64\x5f\x94\xd6\xb1\x1d\x58\x33\x5b\x71\x9d\x42\x6f\xbf\x6b\
\x43\x94\x37\xf5\x49\xe3\xda\x7d\xa4\x35\xe0\x5f\xa3\xac\xbd\x98\
\x74\x17\x43\x47\xda\xd2\x8f\x3c\x3c\x4d\xd1\xb2\x1d\x8e\x91\x6c\
\x87\x3b\x1c\xa7\x3d\x46\x7f\x87\xc3\x74\x87\x7d\x22\xdc\xd3\x34\
\x62\x9c\x8e\xf0\xc1\x63\xf2\x53\x5a\x34\x39\x45\x0b\xb8\x3f\x44\
\x4b\x35\x79\x10\x05\xe3\x3c\x9c\xf4\x8f\x85\x7f\x22\xdd\x24\x48\
\x37\xa5\xf4\x11\xb9\xb8\xb8\x12\x3b\xbc\xa1\x4f\xe0\xc3\x9b\x9c\
\xdd\xe8\x88\x1f\x70\x77\x77\xf7\x90\x72\xeb\xe8\xe8\x58\x05\xe6\
\x7e\xd9\xd6\xf4\x62\x00\x66\x2b\xdd\x5b\xb8\x8f\xa0\x3e\x1c\x0e\
\xf5\x3b\x93\x6b\x5c\xcb\xb7\x7b\xed\xb0\xce\x33\xd0\xbe\xea\xec\
\x6e\x22\xc3\x1e\x0e\x87\xe7\x48\x6e\x47\xc7\xc5\x88\xed\x79\x3e\
\xd8\xee\x03\xc7\x75\xe1\xfa\xfa\x1a\x21\x78\x53\xae\x6f\x4d\xae\
\x02\x17\x92\x6e\xca\x3e\x1f\xc9\x95\x04\x13\x3c\x8d\xf0\x38\x62\
\xc2\x1e\x23\xee\x30\x4e\xb7\x38\xf8\x1b\x1c\xc6\x5b\x1c\xc7\x5b\
\xec\xc7\x3d\x0e\xe3\x3e\xba\x93\x4c\x13\xbc\x9f\xe0\xd3\x2e\x26\
\x01\x1e\x81\x7c\xf4\xeb\x9e\x8e\x08\x98\x40\xc9\x1f\x3c\xbe\x2a\
\x24\x8b\xba\xf2\xe3\x4e\x09\xa1\xb4\x25\xa0\x63\x17\x13\x12\xa4\
\x9b\x06\x38\x7a\x03\xe7\x0e\x70\xf8\x04\x21\xdd\x67\x66\xde\x49\
\x77\x47\xc7\xb6\x60\x29\x44\xbe\x76\x6a\x21\xe4\x39\xd3\xcc\x0f\
\xc1\xf1\x78\xcc\x56\x6d\xfe\x94\x27\xa6\xf1\xbb\x64\x7a\xac\x95\
\xf7\x6b\x42\xcb\x17\xd6\xf2\x55\xe7\x2d\x03\x0f\xc7\xe3\x93\xa5\
\xaf\xa3\xe3\xa1\x58\x71\xf7\xeb\x48\xb8\xbb\xbb\x9b\x9d\x3c\xb9\
\xb4\x58\x72\xed\x24\xfc\x34\xe9\xe6\xdd\x43\xf2\x29\x91\x6c\xd9\
\x1e\x31\x85\x68\xcd\x1e\xc3\x5d\xf2\xdd\xbe\xc5\x61\xba\xc5\x61\
\xba\xc1\x71\xdc\xc7\xbf\xe9\x88\xe3\x78\x88\x96\xed\x30\xc1\x07\
\x1f\x4f\x8d\x4c\xe4\x1a\x21\xc4\x83\x71\x30\x26\x12\x1e\x17\x62\
\xb2\x9b\x48\x5a\xd6\x80\x50\x59\xba\xe5\x5f\x80\x4f\xe7\xbe\x4d\
\x61\x8a\x6e\x2b\xd3\x11\x23\x1d\x30\xd0\x11\x03\x46\xec\x5c\xb4\
\xc8\x73\x3c\x00\xf0\xc3\x0f\x3f\x3c\x72\x51\x76\x74\x74\x3c\x15\
\x2c\xb2\x8d\x2c\x2f\xda\x7b\x6d\x9f\x5a\x58\x75\x5f\x7c\xf8\xf0\
\x61\x66\xd9\x96\xef\xd0\x2e\x1a\x56\x5a\xd6\x06\x6d\xa1\x67\x72\
\x5d\x0d\x1e\x1c\x21\xf8\xb2\x47\xf7\xd8\x49\x77\xc7\x46\x61\xad\
\xbf\xb0\x7e\x77\x3c\x2d\x6e\x6e\x6e\xaa\xdf\x4b\x8b\xd1\xb7\xb0\
\x83\xc9\x49\xd2\x5d\x16\x4a\x22\xb9\x93\x04\x04\x3a\xc0\xe3\x80\
\xa3\xbf\xc6\xde\x5f\xe3\x38\xdd\xe0\x18\x6e\x71\xf4\xb7\xd8\x8f\
\xb7\x38\x1c\x6f\x71\x9c\x8e\x18\xc7\x03\xc6\x29\x12\xe1\x48\xb6\
\xbd\x3c\xd8\x1d\xa0\x00\x22\x1f\xef\xc5\x5d\xbc\x51\xac\xe8\x3c\
\x43\x5b\x7c\xb9\x43\xb6\x7a\xe7\xe3\x71\xe2\x50\x35\xa4\x8d\x09\
\xc3\x84\x31\x1c\xe1\xfc\x0e\xce\x1f\x31\xf8\x23\xde\xb8\xe8\xc2\
\x42\x21\x92\x78\x3e\x95\xf2\x9b\x6f\xbe\xc9\xfb\xcb\x76\x74\x74\
\xac\x1b\x7a\x2a\x58\xdf\x03\x92\x25\x99\x64\x78\x9b\x00\x3f\x36\
\x6e\x6f\x6f\x71\x75\x75\x05\x50\xdc\x29\x89\xa1\x2d\xd9\x6b\xb7\
\xc0\x9c\x02\xef\x5c\x02\x88\x32\xf7\xb1\xcc\x87\x61\xc8\xf7\xdf\
\xbf\x7f\x8f\xcf\x3e\xfb\xec\x39\x93\xda\xd1\xf1\x20\x68\x9f\x6f\
\x5e\x39\xd2\x09\xf8\xd3\xc2\x7b\x8f\x1f\xde\xbd\x6b\x92\xeb\x96\
\xeb\xde\x9a\xe5\xac\x4d\xba\xa9\x7c\x04\x8a\x16\xe9\x80\x29\x6e\
\xe9\x17\x8e\x18\xfd\x2d\xa6\x70\x8b\xfd\x78\x8d\xbb\xe9\x0a\x87\
\xe9\x26\xed\x50\x72\x87\xe3\x18\xfd\xb9\x8f\xd3\x31\x2d\x98\x4c\
\x2e\x25\x41\x1c\xe9\x1e\x4d\xd8\xd9\x85\x24\x50\x7c\x4f\xa6\xe3\
\x89\xe9\xcb\x62\x0b\x14\xc4\x15\x6e\xf4\xfa\xb4\xb7\x90\x2d\x31\
\xf1\xcf\xc3\xfb\xb8\x75\x21\x05\x8f\x21\xa4\x67\x88\x70\x7b\x7b\
\x8b\xdf\xfe\xf6\xb7\xf8\xfc\xf3\xcf\x1f\x5c\x88\x1d\x1d\x1d\x27\
\x90\x06\xc7\xf5\xa5\xb6\x02\xb3\x17\x3a\xd5\x7b\x6b\x7f\x0c\xdf\
\xec\xfb\xe0\xfb\xef\xbf\x07\x42\xc0\xe0\x86\x2c\xc3\x5a\x56\x98\
\xad\xf8\x20\x5a\x75\x23\xb7\x0c\xac\xee\x87\xba\x5e\xde\xbd\x7b\
\xd7\x49\x77\xc7\xc6\x51\x2f\x26\x96\x0b\xb0\x3b\x9e\x0e\xbf\xf9\
\xcd\x6f\xe0\xa7\x09\x7c\xa8\xd1\x92\x0c\xdd\x82\x5c\x05\x2c\xd2\
\x2d\x0c\xc8\xbc\xdf\x36\x13\xee\x31\xdc\x62\x0c\xb7\x38\xf8\x2b\
\x1c\xa6\x6b\xdc\x8d\x57\xb8\x3b\x5e\xe1\x38\xdd\xc5\xfd\xb7\x7d\
\xf4\xdd\x8e\xbb\x91\x8c\x18\xfd\x18\x5d\x4a\xbc\x4f\x3b\x8b\x00\
\x79\xf3\xed\x44\x7e\xf3\xf6\x7f\x24\x98\x7e\xb5\x8c\x32\x24\x0b\
\xb7\x81\x38\x2a\x40\xa1\xef\x11\x81\xff\x85\x44\xf2\x7d\x10\xcf\
\x87\x34\x62\x05\xfe\xf3\x3f\xff\xb3\x93\xee\x8e\x8e\xa7\xc0\x89\
\x43\x29\x2c\xbf\x67\x7d\x4f\x7f\x5f\x0a\xf7\x54\x08\x21\xe0\xb7\
\xbf\xfd\x2d\xc8\xb9\xac\x14\x74\x9a\xb6\xb4\xb2\xde\x82\x5e\x38\
\x69\x5d\xe3\x7a\xf3\xde\xe3\xdd\xbb\x1f\xf0\x17\x7f\xf1\x17\xcf\
\x98\xe2\x8e\x8e\xfb\x43\x0e\xf2\x3b\x9e\x17\x5f\x7d\xf5\x55\x34\
\xbe\xa4\xdd\xa0\x96\xb0\x95\x2d\x59\x1b\x96\x6e\xa6\xad\x1e\x3e\
\x1c\xe1\x71\xc0\x18\xee\x70\x98\xae\x71\xf4\x57\xd8\x4f\xd7\xd8\
\x4f\x57\xd8\x1f\xaf\x71\x77\xbc\xc6\x71\xda\x63\xf2\xc7\x7c\xd8\
\xcd\xe4\x79\x4b\xc0\xe2\xc7\x8d\xe4\xa3\xad\x17\x42\x46\x3f\xed\
\x01\x7c\xc2\x64\x0a\x51\x8e\x7d\x17\xe5\xc7\xde\xdd\xf5\x15\xeb\
\x3a\x92\xdf\x78\xda\x29\x2c\x4d\xf9\x16\x77\x95\x48\xf2\xbf\xfd\
\xf6\x5b\xbc\x7b\xf7\x0e\x7f\xf0\x07\x7f\xf0\xc0\x62\xec\xe8\xe8\
\x58\xc2\x39\xd3\xb2\xe6\x16\x5e\x0b\x3b\x92\xac\x01\xbf\xfb\xdd\
\xef\xb0\xdf\x1f\x40\x79\x30\x4f\xd5\xfe\xb1\x5b\xb2\x6e\x6b\xe8\
\x74\x5b\xfe\xf0\xd5\xcc\x03\x00\x4f\xc0\xf1\x38\xe2\x7f\xff\xf7\
\x7f\xf1\xc7\x7f\xfc\xc7\xcf\x91\xec\x8e\x8e\x07\x41\xb6\x71\xed\
\xa2\xd6\x7d\xbd\x9f\x0e\xd7\xd7\xd7\xf8\xee\xbb\xef\x22\xbf\x53\
\x3e\xda\x96\x5c\xdd\x8a\x7c\x2d\xa4\x9b\xad\xc9\x69\x21\x63\xc0\
\x98\xac\xdb\x7b\x1c\xfc\x0d\x8e\xd3\x35\xf6\xe3\x07\xec\xa7\x2b\
\x1c\xc6\x1b\xec\xa7\x1b\xec\x8f\xf1\x2f\x6e\xf7\x37\xc2\x87\x11\
\x63\x3a\xea\xdd\x07\x0f\x1f\xa6\xb8\x38\x32\x78\x11\xbf\x20\xdb\
\xbc\xdd\x1f\xbb\x9a\x84\x74\xe2\x10\x0a\x9d\x0e\x82\xac\xf3\x81\
\x92\xec\x63\x45\x08\xd1\x57\x1b\x01\x2e\x44\xa3\x77\xfa\x85\x62\
\xfd\x8e\xcf\x0d\xe9\x3d\x3e\xc5\xce\x9d\xe5\x1f\xff\xf1\x1f\xf1\
\xd7\x7f\xfd\xd7\x1f\xbf\xa4\x3b\x3a\x5e\x19\xf4\xb4\x6c\x4b\x28\
\xca\xc5\x79\x4b\x0b\x1d\xd7\x26\x54\xbd\xf7\xf8\xfa\xeb\xaf\x01\
\x84\x34\xb0\xaf\x15\x00\xe7\xc5\xda\xab\x5b\x62\x6d\xf9\x92\x8b\
\x54\xad\xc1\x4e\xcb\xbf\x72\x62\x9f\x6f\x02\xbe\xfe\xfa\x6b\xfc\
\xd1\x1f\xfd\x51\x5f\x33\xd3\xb1\x69\x2c\xf5\xcd\x4e\xb8\x3f\x2e\
\xfe\xfd\xdf\xff\x3d\xad\xd3\x99\xcb\x1b\xb9\x33\xd4\xd6\x0c\x1a\
\xc2\xd2\x1d\xdd\x38\x22\x2d\x9d\x30\x85\x03\xc6\xb0\xc7\xd1\xdf\
\x44\xb2\x3d\x7e\xc0\xdd\x78\x85\xfd\x78\x85\xe3\x74\x1b\xf7\xdf\
\x3e\xc6\x45\x93\xa3\x3f\x26\x17\x94\x68\xd9\x9e\x90\x16\x4e\xc6\
\xcd\x01\xf3\xc2\x48\x5e\x10\xe9\x40\x00\xb9\xe4\x72\x12\x4f\x93\
\x74\x69\xa1\x64\xf1\xd3\x4e\x4b\x17\xe4\x56\x60\xc5\x19\xa5\xb8\
\x75\xf3\x29\x52\x91\x71\xe7\xb7\x94\x3f\x14\x16\x1f\x08\x34\x38\
\x60\xa2\xb8\xb8\x12\xc0\xb7\xdf\x7e\x8b\x2f\xbf\xfc\x12\x7f\xf9\
\x97\x7f\xf9\xf8\xa5\xdb\xd1\xf1\x8a\xb1\x74\xac\x7a\x8b\xc8\x6d\
\x49\x91\xfd\xf2\x97\xbf\xc4\xfe\x70\x00\x51\x7d\x32\x9a\x74\xbd\
\xb0\xf2\x1b\xef\xa3\x7a\x66\x8d\xd0\x84\x5b\x5b\x95\xcc\x53\xfd\
\xd2\x89\x7e\xe3\x38\xf6\x35\x33\x1d\x2f\x0e\x96\x15\xbc\x5b\xbf\
\x1f\x1f\xef\xdf\xbf\xc7\x57\x5f\xfd\x1a\x60\xa3\xac\x20\xda\x40\
\x5b\x6e\xae\xd9\x48\xc3\xd8\x15\x06\x9b\x16\x1e\x86\x64\xdd\x9e\
\x6e\x70\x98\xae\xb1\x9f\xae\x71\x18\xaf\xb3\x85\xfb\x30\xde\xe0\
\xe8\xe3\xd1\xee\x87\xf1\x0e\x87\xe4\x5a\x12\x12\x59\xf7\xe4\xe1\
\x31\xc5\xf8\xd2\x36\x7d\x99\xff\x3a\x02\x1c\xbb\x61\x7b\x10\xb9\
\xbc\x45\xa0\x47\x60\x6e\x9e\x39\x32\x21\x0d\x72\xc4\xfa\xca\x00\
\x08\xc2\x8d\xfc\x40\x74\x27\x89\x64\x3e\x9b\xce\xf3\x53\xe2\x33\
\xc4\xd8\x9d\x73\x71\xf1\xd3\x30\xe0\xef\xff\xfe\xef\xf1\xd9\x67\
\x9f\xe1\x4f\xfe\xe4\x4f\x1e\xb5\x70\x3b\x3a\x9e\x1b\xcf\xa1\x04\
\x5a\x96\x50\xa0\xbd\xa5\x5e\xeb\xd9\xb5\xe2\xbb\xef\xbe\xc3\x77\
\xbf\xf9\x0e\x83\x1b\xe0\xa8\xec\x6c\xa0\xf3\xa2\x09\x6b\xb9\xbf\
\x6e\xeb\x8c\xd5\x6e\x64\x1e\x64\x3d\xf2\x1e\xdd\x0c\x47\x04\x4f\
\x71\x87\xa8\xb7\x6f\xdf\xe2\xf7\x7f\xff\xf7\x9f\x3a\xf9\x1d\x1d\
\x1f\x1d\x7d\xa1\xe5\xc7\xc1\x38\x8e\xf8\xe2\x8b\x2f\x32\xd9\x66\
\xb4\x64\xe9\xd6\xac\xdd\x69\xd8\x80\x4c\x9a\x47\xbf\x4f\x8b\x24\
\x7f\xc2\xf5\xe1\x1d\xae\xf6\x3f\xe0\x6a\xff\x0e\xd7\x77\xef\x71\
\xb3\xff\x09\x37\x87\x2b\xec\x0f\x37\x71\x5b\xc0\x71\x8f\xe3\x78\
\xc0\x71\x3a\xe0\xe8\xe3\xa9\x92\x93\x3f\x46\x3f\x6e\x4c\x08\x88\
\x27\x4c\xc2\x79\x90\x0b\x40\xfa\x0b\xe4\xd3\x1f\x1f\x21\xcf\x1e\
\xe4\x01\x3e\x13\xe8\xe2\x93\x5d\xfe\xca\x0d\x79\xbd\x18\xc4\xd9\
\x96\x5e\x5c\x4b\x62\x98\xb8\x97\x2c\x10\x9d\xf1\x99\xd0\xe7\xc5\
\xf7\x21\xe0\xef\xfe\xee\xef\xf0\xee\xdd\xbb\xa7\x2e\xff\x8e\x8e\
\x8f\x8a\x25\x25\xf0\x98\x82\x4a\xfb\x3d\x2e\xed\x4a\xb2\x75\xfc\
\xf0\xc3\x0f\xf8\xaf\xff\xfa\xaf\x3c\x27\xa7\x09\x77\xcb\x9d\x64\
\x2b\x0b\x7d\x32\xe8\xd4\xc0\x01\xd5\xf5\x98\xef\x72\xdd\x7b\x8f\
\x2f\xbf\xfc\xb2\x9f\x52\xd9\xf1\xa2\x61\xed\xa8\xb4\x99\x3e\xbe\
\x42\x7c\xf1\xc5\x17\xb8\xbe\xbe\xae\xae\x49\x19\xa3\x67\xd8\x4e\
\x2d\xbe\x5f\x1b\x5c\xdc\x9d\x64\xc4\x88\x3b\xec\xc3\x15\x6e\xa7\
\xf7\x89\x6c\xbf\xc3\xf5\xfe\x47\xdc\xec\xdf\xe3\xf6\xf0\x01\x77\
\xc7\x6b\xec\x8f\x77\xe9\xc0\x9b\xb4\x4b\x89\x3f\xa6\x83\x6d\x3c\
\x10\x8a\x2b\x09\x25\x83\xb3\x73\x04\x37\x38\x38\xe7\xe0\x06\x87\
\xc1\x95\x3f\xe7\x1c\x9c\xe3\xa9\x03\x08\x83\x34\x2f\x9e\x64\xda\
\xad\x11\x8a\x7f\x78\x86\x74\x25\x09\x89\x88\x53\x32\xa9\x73\x90\
\xf8\xbd\x5e\x7d\x5f\x6e\xdf\xde\xde\xe2\x6f\xfe\xe6\x6f\xf0\xcd\
\x37\xdf\x3c\xb8\x50\x3b\x3a\x1e\x03\xd6\xb4\xfe\x25\xf7\x4f\xc5\
\x2d\xfd\x76\x4f\xa5\xc1\xba\x6e\x91\xb0\x53\xe9\xd8\xba\x25\xe8\
\x7f\xfe\xe7\x7f\xf0\xaf\xff\xfa\xaf\xcd\x3c\x5b\x7e\x86\x52\x61\
\x68\xac\x59\x39\x10\x28\x5b\x26\x5a\xb3\x17\x72\x80\x11\xb7\x13\
\xac\xa7\x7f\x0f\x87\x03\xfe\xe3\x3f\xfe\x03\xfb\xfd\xfe\xa9\x92\
\xdd\xd1\xf1\xec\xd8\xdc\x00\x7b\x25\xf8\xc5\x2f\x7e\x11\xb7\x09\
\xf4\x5e\xbb\x72\x67\xf9\xd9\x3a\xff\x60\x2b\x03\x9e\x5d\x20\x0f\
\x8f\x11\xa3\xbf\xc3\xc1\x5f\xe3\x76\x7c\x8f\x9b\xc3\x8f\x89\x68\
\x5f\xc5\xe3\xdc\xfd\x01\xd3\x94\x16\x4b\xfa\x11\x13\x22\xd9\x66\
\xab\x76\xb4\x68\xc7\xed\x05\x29\x31\xe2\x48\xbc\x09\x70\xa9\x40\
\x5c\x3a\x38\xa2\x38\x33\x82\xa7\x58\xd9\x5a\x5d\xb6\x13\x0c\x82\
\x6f\x73\x01\x86\xfa\x37\x51\x72\x47\x29\x9e\xe2\x15\xc9\xce\xa6\
\x72\x4a\x3c\x5d\x8e\x8c\x4a\x30\xae\x2c\xef\x3d\xa6\x69\xc2\xdf\
\xfe\xed\xdf\xe2\x67\x3f\xfb\x19\x7e\xfe\xf3\x9f\xe3\x93\x4f\x3e\
\x79\xd4\xc2\xee\xe8\xb0\xb0\xe4\xcf\x7c\xca\x3d\xe4\x94\x2f\xb4\
\x74\x05\xb0\x76\x07\x59\x0a\xbf\xf4\x8e\x25\xb2\x7e\x1f\x12\xbf\
\x76\xec\xf7\x7b\xfc\xf7\x7f\xff\x37\xbe\xff\xfe\xfb\x22\xdc\xc5\
\xae\x48\x4e\x59\xb4\xad\x1d\x4c\xf8\xfa\x9a\x4f\x4b\x03\x74\x7d\
\xcf\x77\x60\xd1\x6d\x32\x6f\x25\xa8\x66\x38\xf8\xc0\x9c\xfd\x7e\
\x8f\x7f\xfa\xa7\x7f\xc2\x5f\xfd\xd5\x5f\xf5\xfd\xbb\x3b\x5e\x1c\
\x96\xe4\xe8\xd6\x8d\x0c\x4f\x85\xbb\xbb\x3b\x7c\xf1\xc5\x17\xf8\
\xbf\xff\xfb\xbf\x22\x57\xd5\x1a\x4a\x4b\x2f\x6d\x51\x9f\xec\x8e\
\xe1\x0a\x63\xb8\xc3\x9d\xff\x80\xbb\xf1\x03\x6e\x8e\xef\x71\x73\
\x7c\x8f\xbb\xf1\x1a\xfb\x31\xba\x90\xf0\x36\x80\x21\x4c\x40\x5a\
\x2c\x59\x9d\x20\x09\x24\xeb\x33\x13\xe0\x82\xb8\x53\x89\x8b\x04\
\xd9\xa7\x42\xa2\xf4\x00\x87\x4d\x07\xd9\x44\x48\x8f\xee\x1c\x0b\
\x1f\x39\x91\x9e\x70\xc8\xfb\x6d\xe7\x67\xd8\xa7\x0a\x35\x67\x97\
\xb1\x10\x09\x2e\x5f\x14\x8b\xb4\xda\x78\xef\xf1\x6f\xff\xf6\x6f\
\xf8\xf2\xcb\x2f\xf1\xf3\x9f\xff\x1c\x3f\xfb\xd9\xcf\x30\x0c\xc3\
\xc5\x05\xdb\xd1\xc1\xb0\x88\x2c\xa3\xb5\x57\xb5\xfe\x6e\x09\xef\
\x4b\xad\xd4\x2d\x97\x07\x8b\x48\x59\xc4\xdc\x4a\xdf\x4b\xc7\xe1\
\x70\xc0\xaf\x7f\xfd\x6b\x7c\xf3\xcd\x37\xb3\xdd\x48\x88\x09\x29\
\x30\x23\xd1\x4b\xb3\x00\x6b\x26\xdc\x33\x24\x1b\x88\xa5\xec\x58\
\x5e\xe6\x93\x2a\x9d\x43\x48\xa7\xfc\x4e\xd3\x54\xf9\xb9\xb2\x5c\
\xfd\xfc\xf3\xcf\xf1\x67\x7f\xf6\x67\x78\xf3\xe6\xcd\x33\x65\xa8\
\xa3\xe3\xe3\xc2\x32\x70\x74\xb4\xf1\xcb\x5f\xfe\x12\xff\xf2\x2f\
\xff\x92\xdd\xd0\x58\xae\x02\xb6\xce\x5a\xb2\x6c\x6f\x41\x2f\xed\
\xf6\xe1\x03\x0e\xe1\x03\x6e\xa7\xf7\xb8\x39\xfe\x84\x9b\xe3\x4f\
\xb8\x3d\xfe\x84\xfd\xf1\x0e\x87\xf1\x80\x71\x3c\xa6\x63\xdc\xe3\
\xe2\x48\x22\x79\xb2\x24\x7f\xaf\x09\x37\xb1\x85\xd9\x07\xc0\xa5\
\xed\xfb\x3c\x65\x2e\x4d\xc9\xa7\x84\x28\x86\x8b\x44\x39\xba\xa7\
\x94\xfd\x49\x8a\x45\xbb\x9c\x45\x19\xbf\xcb\xf7\x31\x8a\x7f\x77\
\xb1\x9c\x07\xbd\xea\x32\x29\x0f\x62\x6b\x13\xc5\xed\x04\x43\x72\
\x39\x91\x04\xe4\x78\x3c\xe2\x1f\xfe\xe1\x1f\xf0\xcf\xff\xfc\xcf\
\xf8\xfc\xf3\xcf\xf1\xe7\x7f\xfe\xe7\x5d\x59\x74\x9c\x0d\x4d\xb4\
\x97\x08\xb5\x44\xcb\x9a\x6c\x11\x65\xfd\xbe\xa5\xb4\x9c\x73\xef\
\xdc\xe9\xb9\x2d\x08\xb6\x87\xe0\x70\x38\xe0\xfb\xef\xbf\xc7\xef\
\x7e\xf7\x3b\xfc\xf8\xe3\x8f\xf9\x3a\x11\x61\x18\x86\xd9\x76\x55\
\xda\x87\xdb\x52\x18\xf2\xbb\xb5\x98\x74\xad\xb0\xdc\x64\xf8\xbb\
\x1c\x84\xb0\xdb\x1e\x5b\xb7\x1d\x11\x26\xef\x11\x7c\xa8\x0e\x0d\
\xfa\xf6\xdb\x6f\xf3\xae\x26\x7f\xfa\xa7\x7f\xda\x67\x13\x3b\x5e\
\x24\x2c\x43\x4b\x27\xe0\x05\xd3\x34\x65\x57\xbd\xab\xab\x2b\x0c\
\xc3\x30\x1b\xa4\x58\xb2\xc7\x32\x64\x94\xbf\x27\xcf\xc6\xbd\xb0\
\xdb\x87\x1f\x71\x37\x45\xd2\x7d\x3b\xfd\x14\x0f\xbe\xf1\xd7\x69\
\x61\xe4\x11\x63\x88\x84\x3b\x84\xe8\x63\x13\x98\xf6\xe6\x0c\xa6\
\xa3\x6c\x84\xe7\x08\x80\x44\x70\x9d\xd8\x93\xbb\xd8\xa9\x11\x52\
\x01\xf1\x5f\x9e\x86\x49\x04\x3b\x47\x44\x08\x81\x7f\x8b\x82\x4e\
\x2f\x28\x57\x89\xff\x13\x21\xc4\x5b\x29\xee\x0d\x0e\x24\x6b\xf6\
\x84\x6c\x9d\x61\xe2\x0d\x61\x95\xe1\x4a\x9c\xa6\x09\x87\xc3\x01\
\xbf\xfa\xd5\xaf\xf0\xab\x5f\xfd\x0a\xde\x7b\xbc\x7d\xfb\x16\x6f\
\xdf\xbe\xc5\x67\x9f\x7d\x86\x4f\x3f\xfd\xb4\x64\x57\x4c\x1d\x2f\
\x61\x69\x14\x7c\x6a\xba\x9f\xdd\x60\x2c\x02\x76\x6a\x1f\x64\xb6\
\xae\x59\xae\x06\x4b\xae\x07\xe7\xee\xd1\xcb\x61\x75\x9a\x75\x3e\
\x5a\x79\xb3\xd2\xbc\xf4\x7c\xeb\x59\x2b\x0f\x4b\xf9\xb6\x70\x4e\
\x39\xb4\xae\xe9\xeb\xe7\x94\xed\x52\x7b\x38\x67\x91\xc8\x29\x22\
\xaf\xe3\x6a\xb5\xd5\x73\xea\x8f\x3f\x4f\xe5\xb1\x95\x56\xeb\xfd\
\xad\x81\x07\x13\xdc\xa5\x32\x68\xd5\xab\xce\x6f\x6b\x10\xc4\x38\
\x1c\x0e\xb8\xbe\xbe\xc6\xcd\xcd\x0d\xf6\xfb\x7d\x65\x8d\x96\x04\
\xdb\x7b\xdf\x9c\xf9\x92\x8b\x7c\xf8\x7d\x4b\x3e\xde\x5b\x04\x93\
\xec\x69\x9a\xaa\x3a\xe0\x7b\xf2\xfb\xe0\x06\x4c\x88\x47\x38\x67\
\x79\x9b\x08\xfa\xd7\x5f\x7f\x8d\xaf\xbe\xfa\x0a\x6f\xdf\xbe\xc5\
\x1f\xfe\xe1\x1f\xe2\xed\xdb\xb7\xf8\xe4\x93\x4f\xb0\xdb\xed\xba\
\x61\xa3\x63\xf3\xe8\x84\xbb\xe0\x78\x3c\xe2\x70\x38\x60\xbf\xdf\
\xe3\xa7\x9f\x7e\xc2\x37\xdf\x7c\x83\x6f\xbf\xfd\xb6\xe6\x35\x21\
\xf2\x39\x37\x0c\xd5\x3a\x12\xcb\x80\xc1\x98\xcb\xd1\x6d\xc8\xd7\
\xdd\xed\xf4\x23\xee\xfc\x4f\xb8\x9b\xae\xd2\x89\x93\xb7\x98\xc2\
\x01\x53\x38\xc2\xe3\x58\x76\x20\xc9\xc4\x9a\x40\xbc\xd8\x71\xe6\
\x77\x1d\x89\x77\xce\x6f\xd5\xce\x6a\xe2\x0c\x19\x24\x99\xa9\x03\
\x33\x67\x71\xb4\x3b\xc8\x65\x9f\x6c\x1d\x03\x55\x7f\x94\x5f\x4e\
\xc4\xe1\x93\xaf\x77\x9e\x06\x66\xa5\x50\x56\xc1\xc6\x23\x8c\x45\
\x9c\x49\xb1\x02\xc0\x6e\xb7\xcb\xd3\xa4\xac\x84\xaf\xae\xae\x70\
\x75\x75\x85\xef\xbe\xfb\xae\x39\x35\x2f\x2d\x3f\x7c\xdd\x52\xc8\
\xb9\x0c\x42\x98\x11\x0c\xdd\x61\xd9\x82\x74\x8a\x58\xc8\x3c\xf0\
\x33\x7c\x4d\x12\x01\x4d\x9c\x64\x18\xb9\xfd\x97\x6c\xc0\x3e\x4d\
\x1d\xf3\x75\x49\x8e\xf8\x28\x68\x7d\x6a\x94\x45\xce\xe4\x7d\x59\
\x5e\xf2\x5d\x16\xc1\xe6\xb8\xf5\xc0\x43\x13\x48\x99\x47\x59\xee\
\x56\x9c\xfc\xbd\x45\x42\x35\x39\xd4\x71\xc9\xba\x6b\x91\x4f\x99\
\x27\xab\x8c\xe4\x3d\xf9\x5b\xa7\x49\x12\x5e\xed\xa2\x60\xb5\x03\
\x7d\x6c\x37\x7f\x5a\x03\x37\xf9\x6c\x8b\x28\xeb\x34\xcb\x7a\x6b\
\x0d\x66\x2c\x72\xcc\xcf\xca\xb8\x5b\x6d\xa5\x45\xae\x5b\x03\x0b\
\xd9\x8e\x96\xca\x70\x69\xb0\xa6\xf7\x82\xd5\x64\xd9\x22\xd1\x32\
\x1e\x59\x3e\xfa\x1d\x6b\x57\x08\x12\xb9\x4c\xc8\x1e\x6c\xb7\x06\
\x4d\x44\xd1\x8d\xcf\x92\x3d\x52\x66\x00\xc0\x87\x0f\x1f\x70\x75\
\x75\x95\xe5\x87\x35\xb8\x91\xed\x55\xcb\x56\x2d\x07\xa4\xfc\x5a\
\x92\xcf\x7c\x5f\xe6\x65\xa9\xdd\xcb\x7e\xce\x71\xe8\x01\xa1\x94\
\x03\xb2\x5f\x58\x65\xa0\xdb\xbf\xbc\xa6\xe3\x1c\xc7\x31\x7f\x97\
\x65\xda\x1a\x34\xeb\x3c\xb5\x08\x9f\x35\x58\x5a\x7a\x66\x49\x0e\
\xea\xf7\x03\x45\x5f\x58\x32\xd3\x92\x91\xba\xcc\x96\xd2\x20\xe3\
\xd1\xcf\xe9\x38\x5b\x65\xa3\x31\x4d\x93\xa9\x4b\x74\x7a\x75\x5b\
\x6e\x95\x8f\xd4\xa3\xad\x32\xb2\xe4\xb6\x8c\x87\xf3\xa6\x07\xad\
\x3a\xdf\x96\xec\x93\xf1\x5a\xfa\xde\xd2\x39\xa7\xee\xcb\x70\x44\
\x94\x07\xdf\x92\x23\x2c\xb5\xbd\x96\xdc\x20\xa4\xfe\x1b\xa2\xdb\
\xf0\x29\x17\x3c\xab\x6f\xe9\x38\xd7\x8a\xdd\xed\xf4\x1e\x77\xd3\
\x07\xec\xc7\x1b\xec\xa7\xdb\xb4\x07\xf7\x31\x1d\x70\x93\x4e\x94\
\x24\x8f\xb8\x50\xb2\x98\x93\x4b\xde\xa4\x9f\x74\x28\xac\x98\x8a\
\x4b\x08\x40\x99\x80\x07\xd4\x7c\x3d\x84\x74\xe4\x7c\xfa\x84\x7c\
\x86\x4a\x25\xe4\x4d\xbc\xab\x58\xa5\x5f\x65\xf1\xaf\xcc\x24\x9b\
\xaf\x8b\x13\x2a\x89\x9c\x78\x8f\x14\xe2\x35\xd9\xe1\x85\x95\x16\
\x21\x68\x91\x19\x06\x0b\x9b\x69\x9a\x2a\x41\xbc\x44\x46\x58\xc9\
\x58\xc2\x40\x13\x76\x29\x4c\x38\x2e\x9d\x0e\x8b\xd8\xc9\xf4\x01\
\x73\x4b\xa2\xec\x64\xfc\x0e\xd9\xb0\xb5\x85\x4f\x76\x66\x56\x0e\
\xb2\xfc\x64\x18\x4d\x26\x65\xbe\xf4\x77\xad\x74\xac\xc1\x86\x8c\
\x5b\x3f\x6f\x75\x7a\x8b\xd0\x49\x25\x27\xeb\x41\x97\x29\x87\x93\
\x42\x99\xe3\x90\x75\xa6\xcb\x52\x0a\xc0\x53\x84\xeb\xdc\xb0\x4b\
\xc2\x8c\x21\x07\x94\xd6\xe0\x43\xc6\xad\xcb\x85\x3f\xa5\x90\xb7\
\xca\x55\x92\x24\xfd\xac\x2e\x3f\x2d\xcc\xad\xbe\xa0\x15\x83\x7e\
\x86\xdb\x81\xee\x4f\xd6\x00\xcc\xaa\x1b\x4b\xc9\xb7\xe2\xd1\xa4\
\xa8\xba\x3e\xd8\xfd\x4a\xe7\x5b\xfe\xe9\xd5\xf6\x56\x19\xac\x0d\
\x55\xf9\x84\xe5\x41\xb3\x2e\x3b\x86\x73\x04\xef\xe7\x7d\x8e\xe5\
\xaa\xee\xef\x2e\xed\x6a\xa5\xc9\x8a\x6e\x1f\x0c\x5d\xbf\x3a\xbc\
\x26\xeb\xf2\xbe\x95\xe6\x25\x63\x84\xee\xcf\xfc\x9c\xd5\x76\xa5\
\x71\x42\x97\x89\xec\x53\x3a\x6c\x8b\xc8\x4a\xa3\x86\xf5\xae\x56\
\x5a\xad\xdf\x0c\x29\x1b\xf4\xb3\x12\xda\xd0\x61\xe9\x8b\x66\x5f\
\x31\xe4\xbc\xfc\x2d\xd3\x64\xa5\xc3\x1a\xd8\xc8\x72\xd2\x75\x60\
\x95\x9d\x8c\x63\x18\x06\x4c\xd3\x34\xcb\x6b\xab\x3d\x70\x5a\x75\
\x19\xcb\xdf\x56\xd9\xeb\xb2\x68\xa5\x59\x42\xdf\xd3\xed\x5a\xe6\
\x4f\x1b\xbe\x5a\xe1\x65\xfa\xb9\xdf\x59\xf9\xb3\xd2\x21\xcb\x4f\
\xb7\xd1\xd6\x77\x2b\xbd\xad\xbc\xb7\x38\x11\x11\x01\x46\xff\xe3\
\xb4\x5a\xf1\x6f\x0d\xbb\x9b\xc3\x07\xec\xa7\x1b\x1c\xd9\x87\x7b\
\x1a\x31\xf9\x29\x2e\x90\x81\x34\x66\x93\xf8\x43\x61\xce\x52\x3e\
\xa6\x32\x08\x29\x48\xd9\x4c\x84\xbd\xb5\x03\x1b\xcc\xe3\xc3\x21\
\xc6\xeb\x53\xa7\x08\x14\xaf\x05\x8a\x44\x99\x92\x4b\x0b\xc1\xc5\
\xe9\x07\xe6\xfc\x24\x1b\x36\xa2\x0b\x0b\x09\x62\x2d\xfc\xbe\x89\
\xb4\x9b\xc9\xbc\x53\xeb\xc6\xab\x85\x16\x11\xcd\xa6\x53\x75\x27\
\xb7\x3a\x9f\x26\xd1\xad\x8e\x27\x95\x97\x24\xc2\x5a\xc8\xc9\x77\
\xb6\xd2\xd2\x7a\x9f\xde\x4d\x81\x85\xb8\x25\x00\xac\xf4\x49\xe1\
\x0b\xd4\x64\x98\xc3\x33\x29\x97\x65\x2b\xdf\x29\xe3\x69\x29\x0c\
\x06\x3f\xaf\x47\xd2\x2d\xf2\x62\x91\x35\xad\x78\xac\x6b\x52\xe8\
\x58\xc4\xcb\x22\xd8\x56\x99\x6a\x21\x22\xf3\x67\x29\x37\x69\x95\
\xd0\xe4\x60\x49\xa1\xca\x32\xd4\xed\xc0\x2a\x43\xfe\x6c\xb5\x55\
\x3d\xcb\xa0\xdb\x5b\x0b\xda\x1a\xcc\xb0\xca\xa1\xd5\xe6\x75\x79\
\x5b\x0a\xc3\xea\x9f\xb2\xbe\x2c\xeb\xa0\xd5\xfe\x74\xda\xad\x36\
\x62\x29\xcd\x5c\xf7\x2e\x1d\xba\x15\x00\x72\x25\x4f\x9a\xf8\x59\
\x8a\x44\xc7\xb7\x45\xc8\xbc\x59\x75\xca\x4a\xbd\xb2\xc4\x19\x2e\
\x28\xb2\x6e\x96\x14\xf6\x6e\xb7\x9b\x19\x36\x64\x3a\xe4\xbb\x75\
\xbc\xf2\x9e\x45\xd2\x75\x9f\x94\x79\x6a\xc5\x69\xb5\x0f\x6b\x46\
\x44\xe7\x4b\xf7\x05\x2d\xdb\xf5\x2c\x99\x4c\xa7\x4e\x9f\x26\x80\
\x96\x5c\xb4\xc2\x59\xf2\x47\xcb\x2c\x26\x64\x7a\xb6\x40\xc3\x32\
\x82\xc8\x78\xad\xef\x16\x69\xb6\x60\xd5\x81\x8e\x4b\x87\x97\xf1\
\x69\xb9\x29\xf3\xcd\xba\x49\xe6\x57\xce\x1c\xc8\x7b\x4b\xfd\x54\
\x87\xd1\x64\x56\x97\xab\x95\x57\x2b\x6f\x72\x00\x23\x07\x06\x32\
\x9c\x2e\x17\x6d\xb4\x92\x16\x70\x7e\xc6\x1a\x20\x58\x86\x14\xd9\
\x2e\x59\xae\x5a\xf2\x57\x96\xb7\xd5\x1f\x74\x1d\x58\xcf\xe9\x81\
\x43\x34\x6d\x17\x83\xac\x55\x36\xda\x4d\xaf\xca\x93\xd1\x07\xd6\
\x8c\xdd\xed\xe1\x1a\x87\xe9\x16\xe3\x94\x16\x4d\x4e\x13\x26\xef\
\xe3\x31\xee\x81\xad\xcc\x91\x61\xe7\x0c\x32\xe9\x06\x78\x23\x11\
\xe4\x22\x4b\xd6\x6e\xa1\x02\xc1\x0c\xbd\xd4\x4f\x28\x85\x9b\x2a\
\xdb\x83\x09\x77\x7c\xc4\xc1\x23\xba\x96\x04\x80\xf8\xe8\x1c\x27\
\x7c\xca\x33\x03\x8f\x95\x00\xa5\xec\xa4\x83\x89\xf0\x2d\x8f\xe1\
\x4b\x23\x95\x0d\xdd\x52\xd2\xb2\x51\xcb\xdf\xf2\xbb\x14\xb6\xb2\
\xf1\xf2\x3b\x64\x23\xe6\x0e\x21\x15\x8f\x16\xca\xf2\xbb\x16\xe4\
\x0c\x49\xa4\xe4\x33\xfc\x2e\xfd\xbc\xec\x08\x7a\xda\xcf\xea\xdc\
\xb2\x1c\x74\x9e\xf4\x3b\x75\xd9\x48\xc1\x6c\x09\x71\x4b\x51\x48\
\xe2\x27\x05\x96\xb6\x8a\xc8\xef\xd6\xec\x80\xa5\x00\xb5\xb0\xb2\
\x84\x62\xcb\x1a\x23\x47\xfa\x56\x39\xe8\xf7\xe8\x3a\xb6\xca\x9b\
\xd3\x67\x29\x69\x6d\x9d\xd6\x79\x5e\x2a\x5b\x5d\x8f\x2d\x4b\x91\
\xce\xa3\x16\x8a\x4b\x33\x39\x5a\x90\xea\x72\xb5\xfa\x49\x4b\x18\
\x6a\xc2\xda\x1a\x7c\x58\x79\x6b\x29\x66\x4b\x29\x59\x44\xcb\x8a\
\xd3\xaa\x93\x9c\x37\x94\x6d\x01\xad\x36\x66\x2a\x03\x81\x73\x48\
\xc4\xda\x50\xc9\x02\xb0\x82\x9b\x87\xb1\xda\xc4\x34\x4d\x00\xc5\
\x35\x33\x9a\x44\x70\x5d\xeb\x3a\x04\x4a\xbb\x69\xcd\x3c\x48\x19\
\x23\x5d\xff\xac\xc1\x63\x6b\x96\x46\xa6\x9d\xe3\xd4\xb2\x40\x5f\
\x97\x72\x40\xd7\xbf\x96\x1b\x4b\x32\xd6\x2a\x03\xf9\xac\xcc\xa3\
\x96\xe3\x32\xdf\xba\xff\x9f\xea\xa7\x9a\xe0\x6b\x0b\xb6\x25\xbf\
\xa4\x9c\x6d\xd5\x93\x55\x0e\xba\x5c\x5b\xed\x5d\xe7\xbd\x35\x3b\
\xaa\xc3\xcb\x3a\x96\xef\xb0\xfa\xae\xae\x5b\xfe\x2e\x49\xb8\x7c\
\xbf\x4c\xaf\x9e\x75\x91\xd7\x39\x6e\x8b\x94\x72\xd8\x53\xb3\xbd\
\xad\xc1\x8b\x4c\xbf\x94\x61\x96\xee\x95\xe0\x38\xe5\xa0\x4d\xb7\
\x65\x9d\x4f\x6b\x10\x67\x59\xbf\x5b\xf2\x4b\xf7\x33\x2b\x8c\x15\
\x47\x7d\x13\xd1\x98\x41\x25\xac\x94\xab\x9a\x27\xe9\xfe\x21\xdf\
\xb7\x05\xd9\xea\x8e\xe3\x1e\xd3\x14\xc9\xb6\x67\xb2\x0d\x79\xd0\
\x4d\xb2\x30\xe7\x4c\xcd\x23\xe1\xfb\x94\x48\xb0\x86\x1c\x49\xf1\
\x1f\x93\xd1\xf8\xce\x74\x2d\x78\x04\xef\x11\x8f\xa3\x17\x61\xa6\
\xb4\x0a\x3e\x6e\x05\x2b\x08\xbd\xb2\xbe\x30\xc1\x86\x03\xd1\x00\
\xd0\x00\xc2\x00\xc0\xc5\xeb\xae\xad\x64\xab\x78\xd4\x75\x4e\x07\
\x3f\x97\x0b\x2f\x09\x7b\xfe\x2e\x3b\xa5\x14\xd2\xc3\x30\x54\x02\
\x58\x37\x16\xcb\xaa\x20\xc3\xe9\xc6\x26\x85\xa1\xce\x8f\x6e\xa8\
\x16\x39\x6e\x91\x15\xdd\x70\x25\x09\xb4\xc2\x6a\xe1\xa0\xe3\xd6\
\x75\x6e\x85\xe3\x34\xf2\xea\x65\x2d\x4c\xa5\x80\x94\xcf\x5b\xf9\
\xb3\xca\xd0\x22\x9c\x32\xdd\x2d\xd2\x20\x7f\xcb\x3a\x6e\xad\xb2\
\xe6\xdf\x96\x10\xd2\xe5\x6d\x0d\x02\x38\x7e\xf9\x4e\x4b\x50\x2d\
\x0d\x20\x74\x7c\xad\xb2\xd1\xe9\xd1\x7f\x32\xcf\x96\x32\x59\x0a\
\xc3\xdf\x65\x7d\xca\x77\x2e\x09\x70\x2d\x58\xe5\x6f\x0e\x2b\xc9\
\x81\x2e\x23\xfd\x0e\xdd\x97\x65\xbb\x92\xe9\x97\x61\x00\xdb\x7a\
\xad\xd3\x6b\x95\x99\x0e\xd3\xb2\xce\x58\x75\xb2\x56\xe4\x74\x73\
\xbe\x31\x9f\xb1\x6a\x29\x58\x2d\x5b\xa5\x6c\xe2\x70\x9a\x38\xf1\
\x75\x59\x76\xf2\x5d\x52\xe6\x0e\xc3\x50\xf5\x47\xdd\x5e\x96\xda\
\xbf\x25\xeb\x80\xb9\xaf\xb6\x24\x46\xd6\xe0\x8a\x9f\x91\xf7\x2c\
\x7d\xa2\x71\x2a\x3e\x59\x4e\x32\xff\x52\x2e\x2e\x11\x9d\xa5\x32\
\xd4\x69\x90\xcf\x58\x65\x66\xf5\x4b\x3d\x28\xe6\x30\xba\xae\xac\
\x32\xd7\x6d\x42\xe7\xcf\x4a\xa7\x2c\x67\x9d\xdf\x96\x61\x45\xa6\
\x4b\xcb\xad\x96\xbe\xd0\xe9\x94\xe5\x6f\xc9\xfc\x96\xfe\xd0\xe9\
\xd5\xd7\x96\x66\x22\x74\xfe\xad\xb2\xb7\x64\x9e\xce\x83\x35\xa0\
\xd3\x03\x0b\x9d\x47\x8e\xc3\xd2\xf9\x32\x7e\x99\x06\x3d\x78\x94\
\xf1\x2d\xf5\x3d\x2b\x1f\xf2\xfd\xf2\x9e\x96\xdd\x56\x1f\xde\x0a\
\x76\xc7\xf1\x0e\x53\x18\xe1\x27\x9f\x0a\x8f\x0b\x30\xfd\xcd\x08\
\x37\x17\xae\x95\x51\x82\x74\xfd\x60\xcc\x89\x0f\xc7\xcf\xbf\xd8\
\xa7\x3b\xb9\xa6\x04\x20\xc0\x67\x6f\x6c\x20\xba\x9c\x78\x97\xac\
\xdc\x81\x10\x88\x52\x1a\x5c\x0a\x47\xe9\x1b\x81\x32\xf1\x8e\xe4\
\x3b\xfb\x74\xb3\x31\x1e\xf5\xf4\x47\x4e\x3d\xf1\xf5\x64\x60\x57\
\x4a\x00\x98\x8f\xfa\x75\x87\xb3\x04\xbf\x25\x40\xb5\x30\x67\x70\
\x87\x6c\x09\x3f\x4d\x46\xad\x86\x78\xca\x92\xdd\x8a\x57\xc2\x52\
\x20\x76\x59\xcd\x09\x1f\x97\x57\xcb\x7a\x6d\x09\x60\x4d\x5a\xe5\
\xf7\xd6\x00\xe2\x94\x65\x4b\x42\x5b\xc5\x97\x3a\xec\xb9\x04\x5a\
\x97\x15\x3f\x23\xf3\xc0\x69\xd5\x79\xb1\xe2\x93\x03\x1c\x99\x5e\
\x6d\x79\x68\xb5\x41\x4b\x11\x9e\xf3\x9c\xae\x0b\x99\x77\x9d\x4e\
\x4b\xc1\x58\x65\xc9\xed\x73\x69\x2a\xda\x6a\xff\x56\x9b\xb5\xca\
\xb1\x95\x07\xf9\x5b\x92\x68\x6b\x86\x49\xa7\x49\xb7\x3b\xfd\x6e\
\x22\xbb\xdd\x58\x04\x2a\xe7\xc1\xc8\xf3\xd6\x94\x04\x43\xf7\xe3\
\x56\xdf\xe0\x7b\xda\x5a\xad\xcb\x5b\x3f\xa3\xe5\xc9\x92\x2c\x93\
\x75\xac\xd3\xa5\xad\x77\xdc\x97\x18\x9a\x60\x6b\xd2\x27\xeb\x5e\
\x5a\xb7\xf5\xb4\x3d\xc7\xe1\x5c\xbd\x9b\x8b\x24\xee\xa7\xe4\x07\
\xbf\x8b\x5d\x73\x24\x91\x69\x91\x43\x00\x79\xb0\xd1\x72\xd1\x93\
\xe5\x6d\xf5\x71\xdd\x7f\x25\x89\x97\x7d\xa7\x25\x9b\x39\x0d\x32\
\x4e\x2b\x8f\x56\x7d\xeb\x77\x5a\x32\x44\x97\x99\x6e\x5b\x7a\x80\
\xdc\x32\x0c\xc9\x7a\x69\xc9\x4c\xad\x47\x74\x3c\x56\x3d\x02\x71\
\xa3\x05\xa2\xb8\xbd\xb0\x35\x30\x62\x58\x3a\x54\xcb\x66\x9d\xa7\
\x25\x9f\x7b\x4b\xe6\xe9\xb2\x29\x32\x8b\xcc\xb6\xa8\xfb\x85\x36\
\xa0\x58\x79\x96\xdc\x44\xbe\x43\xd7\xaf\x8e\xc7\x5a\xab\xe6\x48\
\xc8\xda\x24\x27\xb5\x6c\xd4\x7d\xbb\x35\x48\xe5\xf7\x6e\x45\xae\
\xee\x7c\x98\xb2\x75\x9b\x89\x70\x4c\xbb\xcc\x80\x74\xa9\x10\x57\
\x33\x39\x17\xe1\x42\xa8\x1e\xb5\x09\xb7\xba\x12\x04\x0d\x0f\x28\
\x2e\x24\x40\x3e\x80\xc7\x23\x80\x7c\x40\x70\x49\x38\x78\x80\x19\
\x39\x93\x75\x48\xfa\x4d\x0e\x8e\x06\x48\xe2\x9d\x28\x39\x26\x25\
\xa8\x2c\x21\x19\x42\xdd\xe8\xb9\x63\xca\x06\xa4\x85\xbb\x14\x4e\
\xfc\x29\x3b\x9b\x45\x6e\x64\x1a\x18\x96\x4f\x9f\x35\x3a\x96\xfe\
\xd5\xba\x73\xcc\xcb\xb8\x4d\xe2\xe7\x75\x34\x1f\xc9\x6b\xe1\xae\
\xc9\xb1\xd5\x01\xb5\xa5\x45\x77\x0c\xa9\xf4\x5a\x84\x50\x0b\x92\
\x96\x50\xb0\x04\xa6\x4c\x7f\xeb\x1d\x4b\x0a\xde\x2a\x33\x5d\x56\
\x56\x47\xb7\x94\x56\xeb\x9a\x2e\x07\xad\xf8\x2d\x42\xa9\x07\x69\
\xfa\x53\x3e\x23\xdb\xad\x8e\x8f\xbf\x6b\xdf\xe8\x96\xc2\xb1\x48\
\xac\x2c\x03\x2b\x5e\x5d\x2e\x7c\xdd\x1a\x4c\x70\xfa\x2d\x25\x28\
\xaf\xb7\x94\x20\xbf\x83\xa7\xe0\x39\x8c\x8e\x4f\x12\x30\x8b\xa4\
\x58\xf9\xd2\xed\x56\x0a\xff\x25\x61\xef\xd4\xfd\xad\x28\x06\xa0\
\x2d\x03\x2c\x82\x22\x15\x72\x55\x6e\x88\x06\x93\xd2\x07\xe2\x6e\
\x51\xb2\x7d\x32\xf4\xee\x1f\x0c\x6e\x9f\x2d\x77\x32\xdd\x4f\xf5\
\xe2\x66\x4d\x2c\xf8\xba\x45\xba\x74\xfd\x58\x53\xf5\x39\x6f\xaa\
\x8f\xc9\x34\x58\x84\x49\xb6\x35\x99\x1e\xce\x97\x6c\xdf\xbb\xdd\
\x6e\x26\xd3\x65\xb9\x2f\x91\x55\x5d\x3f\x12\xd6\x00\xa2\x45\xec\
\x64\x7c\xba\xfc\x64\x78\x1d\x4e\x97\xa1\xee\x57\x2d\xd9\xb1\x24\
\x5b\xb5\x9c\xb2\xc8\x9d\xce\xa7\x94\xe7\xd6\x5a\x29\x1d\xa6\xa5\
\x93\xa5\x2c\x91\xba\x9f\xe3\xd5\x84\xdb\xd2\xff\xba\x1c\xb4\x81\
\x85\xe5\x96\x1e\xa8\xea\x72\x97\x32\x6c\x1c\x47\xbc\x79\xf3\xa6\
\xb9\x7d\xa7\x26\xe0\xd2\x2d\x49\xeb\xd5\x71\x1c\x9b\xbc\xc1\xe2\
\x30\xba\x0d\xe9\xf4\xc9\x74\x5b\x7a\x5c\x97\xb1\xec\x5f\x3a\xed\
\x56\x5a\xe4\xfb\xe4\xf7\x56\xbb\x5f\x13\x76\xde\xa7\x1d\x4a\x10\
\x77\x28\x21\xe1\xbe\x11\x33\xc4\xbe\xd8\xd2\x27\x5b\x92\x0f\x95\
\x41\x42\xcd\xcc\x05\xea\xc2\x50\xa4\x9e\x19\x77\x89\x04\x21\x39\
\x78\x07\x78\x90\x23\x84\xb4\xe5\x5f\xc8\xe4\x9b\x09\x37\x25\x13\
\x39\x01\x54\x5b\xb8\x1d\x84\xa5\x1b\x73\x4b\x84\x54\x26\x25\xcf\
\xf6\x08\xdf\xb2\xb6\xf2\x27\x5f\xd3\xcf\x2f\x59\x17\xad\xa9\x9e\
\x96\xf0\xb1\x84\x82\xa5\xfc\xe4\x77\x4b\xc1\xcb\xb8\xac\x46\xdc\
\xba\x67\x75\x02\x2d\x08\xad\x74\x59\x9d\xa4\xa5\x0c\x74\xfe\x5b\
\x96\x56\xf9\xa9\xbf\xeb\xc1\x8a\xa5\x04\x2d\x0b\xbd\x26\x88\x4b\
\x64\x57\xcf\x92\x58\xe5\xde\xca\xbb\x24\x30\x56\x9a\x75\x1a\x2c\
\x25\xc9\xf7\xf4\x16\x66\x4b\xbe\xdd\x7a\x41\xaa\x2c\x13\x1d\x8f\
\x84\x6e\xf3\x32\x5d\x3a\x9d\x7a\x3d\x81\xb5\x9f\x75\x8b\x6c\xb7\
\x48\x03\xa7\x5f\x0f\x38\x5b\x79\x01\xe6\xbb\xcc\xb4\xfa\x9f\xfe\
\x6e\xb5\x29\x9d\xe7\x56\x7d\x6a\x59\x20\xc3\xca\xeb\xba\x7e\xd6\
\x0e\xab\xbc\x96\x14\xb1\x6e\xdb\x7e\xd6\x47\xa2\x4c\xd7\x72\x57\
\xbe\x0f\x40\x5e\x48\xa9\x2d\x80\x5a\x76\xeb\x34\x02\x73\x6b\x1d\
\x5f\xd3\x6d\xb9\xa5\xb0\x2d\xb9\x6a\xa5\xd1\x6a\xb3\xfc\xdb\x2a\
\x17\x3d\x80\x61\xc8\x7e\x58\x97\x95\x4d\x8a\xe5\x3b\x5b\xd7\x5b\
\xf2\x68\x29\x6d\x3a\x7d\x9a\xb0\x59\x69\x93\xe9\xb7\xf4\x96\x55\
\xc7\x72\x2b\x48\xab\x5c\x5b\x7a\xa9\x65\xf9\xd5\xcf\x5b\x71\xeb\
\xf2\x94\xed\x83\xe5\x85\xbc\x6f\x59\x85\xa5\x6c\x93\xf9\xd6\xe9\
\xb0\xf4\xa1\x55\xe6\x3a\x5f\x9c\x66\x9d\x3e\x5d\xde\xfc\x3c\xf7\
\x11\xfe\xad\x67\xbe\x35\xc9\x97\xd7\x65\x3c\x21\x94\x41\x9e\x94\
\xdd\x9a\x08\xb7\xea\x5d\x97\x3b\x41\x0c\xd2\xa3\x6b\x41\x5d\x77\
\x44\x79\x8d\x88\x6c\x63\xba\x0e\x35\xaf\xb2\xfa\xab\x7e\x66\x0b\
\xd8\xe5\x6d\x01\x43\x12\x16\xc2\xda\x1d\x3b\x12\xc0\x64\xd8\x1e\
\x41\x58\x96\xec\xe5\xe9\xf8\x39\x08\x15\xdb\x4f\x84\x9b\x38\x35\
\x01\x91\x68\x53\xa4\xe0\xc1\x21\xfa\x77\x03\x85\x7c\x53\x8c\x87\
\x10\x2d\xdc\x0e\x43\xb6\x74\xe7\x85\x94\xaa\x73\x70\xfa\x66\x96\
\x54\xd4\x95\x2c\xc9\x37\x3f\xa3\x47\x6e\x16\x11\x69\x8d\xa2\xb5\
\xa2\xd6\xf7\x5b\xd6\xd6\x16\x59\x90\xe5\xac\x05\xfa\x29\x82\x6b\
\x91\x66\x2d\x54\xe4\x73\x40\x6d\x99\xb1\xb6\x11\x94\x71\x4c\xd3\
\x34\x3b\xec\xa2\xa5\xb4\xac\x81\x85\x15\x5e\xa6\xd3\x52\x88\x96\
\x60\xb5\xea\x49\xe6\x43\x93\x34\x4b\x39\xb7\xea\xc2\x4a\xbb\x55\
\xdf\xda\xd5\x82\x85\x9b\x26\x17\x9a\x4c\x48\x21\xd8\x52\xc6\x5a\
\xf9\x70\x9c\x52\xa1\xcb\x29\x6c\x49\xd0\x2d\xa5\xa0\xeb\xa4\x75\
\x4d\xc2\x72\xdf\xd1\x8a\xc3\xda\xfa\xcf\x72\xb5\xb2\x14\x93\xcc\
\xe7\x4c\x41\x78\xa5\xfc\x42\x6d\x39\xb5\xfa\x7d\x08\x21\x4e\x73\
\x52\xdd\x9e\x64\xff\xd4\xed\x47\xff\xc9\xb4\x4a\x65\xa4\xeb\x5e\
\x7f\xdf\x12\x74\xfb\xd0\xd6\x61\x60\xde\x87\x75\xbd\x87\x90\x6c\
\x22\xa0\x3c\x43\x29\xb7\xc2\xe3\xf7\xb4\xfa\x9e\xf5\x1e\x9d\x46\
\xeb\x19\x49\xac\x2c\xe2\x26\xfb\x16\xe7\x4d\xb7\x61\xf9\x0e\x6b\
\xc6\x8f\x3f\x75\x7b\x69\xf5\x55\x00\x95\x25\xdb\x22\x57\x52\x36\
\x70\xba\xe4\x3b\x2d\x92\xb2\x44\x44\x74\xff\xb6\xae\x6b\x52\xb9\
\x24\xdb\x96\xc8\xa6\xd5\x06\x64\x9b\xb1\x8c\x03\x3a\xde\xa5\xdf\
\x3a\xed\x5c\x56\xc0\xdc\x8a\xae\xeb\x43\x1a\x27\x38\xbd\xda\x0a\
\xce\x71\x6b\xc8\xe7\xa5\xde\xd3\x33\x25\xda\xa2\x6c\xb5\x03\x4b\
\x6f\xb7\xca\x57\x0e\x7a\x5a\xbc\x40\x3e\xab\x3f\x5b\xed\xab\xa5\
\xe7\x65\x9c\xf2\xdd\xba\xec\x58\x7e\xf2\xa6\x1b\x5a\xbe\x71\xf8\
\x56\x7f\x76\xe4\xe0\x51\xeb\x21\xdd\x26\x34\x7f\x22\xa2\x28\x48\
\x8c\xf8\xb6\x22\x5b\x93\xa5\xbb\xb6\x30\x03\x5c\x21\x85\x40\xcb\
\x4a\xaa\x2b\x48\x47\x19\xaa\x6b\x56\x83\x98\x83\x2d\x20\x75\xf8\
\x5c\x59\x88\x42\x3b\x20\x59\xb9\x43\xb2\x74\xa3\x10\xee\x40\x00\
\x5c\xb4\x6d\x3b\x4d\xbc\x93\xbb\x89\x4e\x83\xee\x84\x81\x95\x3f\
\xa2\x72\x08\xde\x26\x41\xfa\x9a\x84\xec\xb4\x96\xcf\xb5\x56\xe2\
\x56\xfc\x96\x42\xb1\x94\x49\x2b\x0d\xa7\x84\xa7\xee\xd0\xad\xa9\
\x9c\x25\xe5\xc3\xcf\xb6\xd2\xc2\xc2\x55\x4f\xf5\x5a\xef\xb0\xac\
\x84\x2d\x61\x6b\x59\x74\x65\x99\x6b\x42\x60\xb5\x39\x1d\xbf\x35\
\x7d\x67\xe5\x87\xf3\xa4\xad\x6d\x4b\x75\xa1\xe3\xb4\x3e\x75\x58\
\xce\x8b\xae\x3b\x1d\xbf\x16\x96\xf2\x7e\x4b\x01\xca\x77\x5b\x0a\
\x5b\x97\x6d\x6b\x30\xc0\xd0\xf9\x59\x8a\xdf\x12\xfa\xd2\x6a\x6d\
\xe5\x5d\xbb\x86\x58\x69\x8e\x3f\x6c\xe2\x25\xe3\xb3\xd2\xc1\x43\
\x7b\xfe\xae\x5d\xe3\xac\xbc\x73\x5b\xd5\xd7\x2c\x25\xd0\xfa\xbd\
\x15\x58\x6d\xd4\xba\x6e\xb5\x09\x40\x12\x74\xc0\x27\xe2\xad\xed\
\x34\x7a\x1a\x5a\xb7\x3d\x5d\xe7\xf2\x99\x56\xbb\xd0\x69\xd6\x33\
\x95\x1c\x4e\xf7\x2f\xf9\x0e\x4b\x6e\x6a\xd7\xa4\x25\x19\xd0\x92\
\x89\x56\x7e\xf4\x77\xb9\x10\xd9\xea\x53\x16\xe9\xd2\xa4\x51\x92\
\x73\xd9\xcf\x74\x79\x59\xe9\xd0\x65\xaf\x9f\xa9\x07\x54\xb6\xbe\
\xb2\x08\xb2\x75\x5f\xca\x1d\x29\xbf\x5b\xf2\x5c\xe6\xc1\xb2\xe0\
\x5a\xe5\xa2\xe3\x96\xe1\xf4\x00\xd2\xb2\xee\xea\x83\x89\x24\xa4\
\x2c\x90\x7a\x5f\xde\xb7\xdc\x79\x96\xda\x85\xd6\x0f\x7a\x26\x71\
\x69\x96\x48\xa6\x99\xe3\x91\x69\xd0\x69\xd7\xe9\xd1\x75\x3d\x0c\
\x43\x3e\xc4\xd0\x2a\x7f\x59\x66\xcd\xe7\xab\x36\x12\x79\x9b\xc7\
\x7c\xe7\x94\xa5\xbe\xdf\x92\xb9\x32\xed\x5b\xc0\x6e\x4a\xa4\x9b\
\xc4\xe6\xdb\x41\x10\xef\xc0\x5b\xf9\x05\xf5\x9b\x2d\xe2\x85\x2f\
\xc7\xdf\xe0\x7b\x94\x2f\x9b\x05\x42\xe5\x0b\x89\x45\x8e\x80\xea\
\xc4\x21\x0f\x03\x0a\xc1\x76\x89\x7c\xb3\xd5\x1b\x01\x3e\x00\x08\
\xc2\xd2\x4d\x03\x1c\xed\x6a\xe2\x8d\xba\x51\xc9\x46\x43\x44\x80\
\x73\x00\xe7\x11\x88\x2e\x2d\x69\x34\xd7\x1a\x15\x32\x2c\xab\xb0\
\x25\x28\xcf\xe9\xc4\x96\x02\xb1\xa6\xd8\x73\x11\x19\x42\x54\xa7\
\x57\xe6\xd7\x22\x27\x3a\x9d\x5a\xf8\x59\x0a\x84\xbf\x5b\x3e\x94\
\x96\xff\x9d\xb6\x38\x70\xdc\xba\x4c\xe4\xc0\x44\x97\x4b\x8b\xb4\
\x4a\x61\x60\x11\xce\xa5\x43\x76\x64\x9e\x2d\x85\x20\xd3\x28\xeb\
\xd1\x52\x62\x5c\xc6\x5a\xc8\x59\x8a\x41\x97\xa7\x2e\x1f\x19\x9f\
\x2c\x3f\x9d\x5f\x9d\x27\x8e\x43\x2f\xb6\xb2\x84\x3d\xbf\x4b\x5b\
\x02\x5b\x02\x58\x42\x97\x35\x80\x6a\x3a\x51\xbe\x2b\x7f\x27\x29\
\x19\xa4\x95\x0f\x70\x6a\x77\xa1\x00\x3d\x20\x8a\x6f\xe0\xb0\x3c\
\x08\x97\x71\x55\x75\x0a\x98\x65\xc3\x65\x9d\x9f\xe1\xf4\x64\x81\
\x15\x5f\x46\x44\x79\xc7\x23\x2d\xe4\x65\x3a\x75\x1e\xe3\x6f\xca\
\x11\x5a\xcf\x6d\x0d\x55\x1e\x12\x71\x96\xca\x9c\xa8\xde\x1a\xd0\
\x24\x33\x1c\x57\x6a\x23\x01\xb6\xcb\x47\x8b\x44\x72\x18\xfe\xad\
\x67\xec\x38\x3d\xba\x9e\x2d\xa2\xbd\x94\x47\x4b\xbe\xb7\xdc\xe8\
\xe4\x77\x2d\x33\x2c\x19\x26\x67\xd9\x2c\xeb\x63\x2b\x8f\x56\x3c\
\x16\x41\xd1\x71\x58\xbe\xc3\xba\xff\xb7\xca\x62\xe9\xb7\x4c\x93\
\x7e\xbf\x4e\x97\xfe\xae\xe5\xae\xd4\x37\xd6\xfb\xac\x99\x26\xab\
\xac\xe4\x6f\x29\x07\x5b\x3a\x4c\x96\x8f\x96\xa5\xfa\x59\x19\x67\
\xa5\x2b\x7d\xe1\x0b\x96\x6e\xd2\xef\x6e\xd5\x93\x2e\x93\x96\xac\
\x91\x33\x97\x96\x1e\xd2\xdc\x09\x44\xd1\x62\x09\x35\xc0\x70\xe9\
\xe0\xc1\x5c\x3f\x04\xef\x17\xca\x54\xe6\x01\xf3\x01\x54\x4e\x77\
\x8a\x57\xd6\x5d\x55\x16\x08\xc9\x08\x5a\xeb\x02\xab\x7d\xe9\x77\
\x14\xb9\x6a\xeb\xd0\xad\x60\x37\x8e\xc7\xa4\x1b\xb4\x50\xb5\x09\
\x77\x08\xe5\x1a\xc0\x96\x0b\x2e\x40\xe6\xce\xa1\xc4\x93\x0b\x0e\
\xf9\x3d\xc5\xa0\xc4\x95\x28\xd5\x70\x04\xd7\x1b\x8f\xb0\x02\x10\
\x17\x53\x22\x80\xd2\x16\xde\x2e\xa0\xb8\x9d\x64\xf6\x4f\x20\x0c\
\x70\xd8\xc1\xd1\x0e\xc4\x8b\x29\xe1\x80\x60\x93\x14\xa0\x08\x24\
\x2f\x1a\xcc\x39\x9d\x5b\x13\x24\xad\xf8\x75\xa7\x92\x02\xb0\xe4\
\x75\x6e\x75\x95\xe9\xb4\xa6\x2d\x5b\xca\x67\x49\x90\x72\xfc\x2d\
\x42\xd5\x12\xb4\x5a\xd8\xb5\x04\x88\x95\x3e\x99\x07\x19\x97\x2c\
\x73\xad\xa4\x2d\x72\xae\xa1\xcb\xab\x55\xde\x32\xdd\xd6\xd4\xb2\
\x16\x8e\x32\x1e\xed\x82\x21\xcb\x50\x86\xb5\xd2\x60\x11\x00\x59\
\x2e\x7a\x61\xa3\x25\xdc\xb3\x5f\x5d\x9a\xc2\x93\xe9\x96\x65\x2a\
\x9f\x99\xd5\x21\x28\x3f\xdf\x6a\x97\x56\x7d\x01\x84\x61\x70\x79\
\x30\x5c\x95\x11\xc5\x7e\x27\xf3\x57\xb9\x72\x64\x22\x5c\x04\x24\
\x81\xaa\x34\xcc\xcb\x0c\xf9\x7e\x4e\x67\x48\xa6\x51\xa2\x3c\x0b\
\x15\x9f\xa5\x1c\x27\xb9\xa8\x40\xa0\x94\xb7\xb4\x08\xe5\x77\xb1\
\xfc\x91\x24\xcf\x51\xda\xa6\x34\xfd\x4e\x29\xce\x7b\x72\xa3\x2e\
\x33\xab\xdc\x65\x9d\xcb\x3f\xe7\xc8\x2c\xf3\xad\x61\x26\xc3\xc8\
\xc1\x53\xed\x7f\xaa\x77\x89\xb0\xfc\x75\x33\x29\xa0\x22\xa9\x99\
\x78\x6b\xc2\x65\xc9\xa2\xd9\xa0\x4a\xd4\x23\x5b\xb2\x65\x9a\xac\
\x30\xd6\xfd\x19\x71\x30\xfa\x84\x0c\xa3\xf3\x67\x11\x10\x4b\xde\
\xc9\x32\x58\xba\xaf\xe3\x95\xf1\xe9\xeb\xf2\xbe\x35\xd8\x97\xf2\
\x53\x6e\xaf\x68\xad\x6b\x91\xb0\x64\x89\x4e\xa3\xd6\xa3\x96\xfb\
\x5c\x2b\xbd\xd6\x3d\x29\x37\xe5\x3d\x6b\x80\x62\x3d\x57\xbd\x37\
\xa0\x99\x2e\x19\x46\x0f\x6a\xac\xb2\xb1\xf4\x5e\xd6\x27\x14\x2a\
\x77\xd4\x73\x08\x37\x11\x95\xdd\x3b\x28\x80\x02\x21\x50\x98\xd5\
\x3d\xcb\x55\xb6\x0c\x03\x35\xe1\xb5\xf4\xd6\xcc\x18\x17\x23\x43\
\x08\xf1\xd4\xed\x5c\x8e\x89\x53\x95\x36\x39\x1f\x74\xb2\x5c\x95\
\x65\x5c\xca\x12\x91\x88\xa7\x30\xce\x11\xa6\x29\xe4\xf0\xb2\x5c\
\xb3\x1e\x4f\x3a\xa0\x24\x10\xd0\xc4\xcf\xea\x7b\xf5\x27\x00\xcc\
\x65\xed\x96\x64\xeb\xee\x38\x8d\x49\xaf\x11\xe2\x02\xc4\x24\x0c\
\x45\x23\x04\x90\x09\xb7\xfc\x03\x58\x29\x85\x24\x40\x91\xbe\x8b\
\xc2\x89\x1f\xb1\xe2\x81\xfc\x2e\x40\x74\xb8\xe0\xe2\x62\x49\x4e\
\x55\x00\x40\xa9\xa1\xa5\x7a\x2c\xf6\xf7\x92\x16\xef\x03\xc8\x85\
\xec\xfb\x1d\xe5\xb9\xb0\x72\xd3\x2e\x5b\xb9\x73\x45\xb9\x7a\x04\
\x2c\x15\xa9\xee\xd4\xb9\x31\x27\xe5\x4f\x88\x0d\x51\x0a\x01\x3d\
\xca\x6f\x11\xcf\xa8\xd0\xa9\x6a\x64\xac\x74\x4c\x92\x2a\x7c\x4d\
\x65\x59\x11\x08\x6e\x50\xd6\x1b\x94\x7c\x59\x96\x11\x9d\x1f\x1d\
\x4e\x5b\xdd\x2d\x41\x2a\xe3\xe2\x78\xac\xfd\x8c\x2d\x6b\x7c\xce\
\x4b\x10\x33\x24\x4a\x48\x71\x78\x29\xf4\x2c\x6b\xa9\x0c\xa7\x15\
\xd8\x4c\xd8\xc3\xb6\x44\xeb\x72\xc9\x8b\x3f\x84\xa5\x95\x9f\xb1\
\x08\xb5\xb6\x7a\xcd\x14\x3c\xc8\x2c\x7f\x19\xaf\xb4\x5e\xeb\x38\
\x4b\x7a\x99\x74\x02\xe4\xe7\xc4\x5f\xd7\x89\x35\x40\x91\x42\x2e\
\xde\x13\x44\x98\x85\x27\x6c\x22\xa9\xdb\x77\xb6\x70\xa6\x36\x28\
\x91\xc3\x42\x0e\x12\xf3\x48\x1b\x01\xc0\xe0\x12\x31\x77\x55\xc3\
\x06\x21\x29\x56\xe5\x02\x56\x95\x87\xac\x07\x96\x51\x08\x7c\x16\
\x57\x8c\x47\x94\x83\x5d\xf6\x88\x52\x4a\xb6\x01\x10\x40\x0e\x90\
\xd6\x1b\x95\x27\x5d\xee\x92\x1c\x98\x82\x9f\x48\xc8\xd4\xed\x29\
\x05\x0d\xab\xcf\xb4\xfa\xae\x96\x07\x45\xa9\xb3\x22\x27\x90\x4f\
\x12\x5b\xca\x51\x4a\x83\xab\x50\x7c\xf4\x41\x42\xde\x84\x79\x3a\
\xf8\xbd\x52\x5e\xe4\x7e\x14\x8a\x9e\xe0\x70\xf9\x39\x15\x97\x0c\
\x33\x93\xc3\x22\xfe\xa5\x9d\x4c\xb4\x6c\xe5\xef\xba\x9c\x64\x5a\
\xb4\xeb\x14\xcf\x38\xc9\x30\x32\x0d\x9a\xac\x4b\xd2\xa2\x07\x87\
\x12\x52\x16\xc9\xb5\x1e\xd6\x7d\x4b\x7f\xe9\x70\x9a\xe8\x49\xf9\
\xa5\x65\x37\x80\x6a\x36\x4a\xa7\xcf\x7a\x8f\xbe\x5f\xc9\xa0\x80\
\xd9\xbb\x75\x1a\x65\x39\xb5\x06\x17\x54\x48\xca\x2c\x3f\x5a\xe6\
\x57\xef\x11\x64\x55\xde\x93\xf5\x1c\x3f\x1d\x42\xa8\xdb\x25\x8f\
\xf7\xe3\x7d\x20\x69\xa8\xa2\x1b\x43\x80\x1b\xa2\x7b\x6c\xed\x36\
\x53\xeb\x2a\xee\x17\xe4\x28\x0f\x1c\x72\xa6\xcc\xba\xe3\xf4\xc8\
\xeb\x49\x82\x2a\x1e\x54\xe5\x39\x17\x54\x29\xd7\x14\x1d\x1c\x65\
\xd3\x6a\xea\xb7\xaa\xde\x10\xf3\x58\x85\x63\x0f\x08\xaa\xcb\x59\
\xf7\x51\xfd\xa9\x52\x64\xea\xe5\x2d\x61\x37\x4d\xa3\x10\x90\x61\
\x66\x9d\x01\x84\xa5\x5b\x11\x6e\xbe\x27\xc1\x24\xdb\xea\x18\xb2\
\xf1\xd7\x8d\x36\x3e\x94\x9f\x21\x20\x1f\x4d\x09\xe4\xad\xbf\x43\
\xfe\xc7\x44\x1c\x71\x41\x25\x25\x63\x7b\x48\xdb\x04\x62\x87\x81\
\xde\x60\xc8\xa4\x3b\x2a\x7f\x69\x31\xd4\xc2\x50\x0b\x40\x4e\x8a\
\x23\x87\xe0\xe2\x0b\xf5\x33\x16\x79\xe7\x4f\xcb\x97\x99\x67\x0e\
\x64\x87\x41\x40\x4d\xf6\xf2\x67\x43\xd1\x70\xd9\xa6\xbe\xca\x53\
\xf3\x0c\x6b\x21\x09\x43\x0e\x2c\x32\xf9\x09\x80\xee\xa4\x9c\x56\
\x47\x2e\x0b\x68\xad\x40\x2c\x22\xa2\x95\x51\x7c\x17\xc5\x79\xe5\
\x5c\xb7\x42\x3d\x94\x2a\x36\xdb\x88\x8c\x67\xa6\x24\xa9\x90\xea\
\x1c\x9d\x73\xf5\xc0\xb9\xc1\x73\x2a\xb2\x4d\x6d\x97\x21\x19\x5e\
\xbe\x5b\xe6\x17\x28\x06\xd9\x6c\x51\x76\xed\x59\x01\x59\xb6\xe5\
\x79\x9f\x07\x4d\xfa\x7d\x8e\xe6\x03\x9f\xd9\x14\x63\xca\x2a\x25\
\xf2\xa8\xd3\x48\x54\x4f\xf5\x87\x24\xfd\xc9\x11\x28\x44\x5f\x5b\
\x9d\xbf\xe2\x72\x26\x48\x38\x6a\x17\x10\xc6\x30\x0c\x85\xdc\xf3\
\x38\x81\xd4\x00\x40\x28\xc3\xd6\x60\x55\xca\x81\xd2\x1e\x4a\x45\
\x12\x45\xab\x34\x52\xbd\x3b\xa4\xe9\x2e\xd4\x7d\x4f\x96\x4d\x4d\
\x80\xb2\xd8\x9f\x29\x9a\xd6\x6c\x85\xcc\x7f\x8b\x44\xcf\xee\x1b\
\x61\xb7\x4e\xbc\x81\x5a\x9e\xc8\xfc\xe8\x7a\xb4\x06\xf0\x80\x20\
\x9b\x14\x2d\x29\x4e\xae\x79\x11\xcf\x73\xff\xe6\xb8\x63\x64\x25\
\x0d\x12\xa5\x6f\x88\x9d\xa2\x84\xfe\xa9\xda\x8f\x73\x71\xc6\xc4\
\xcd\x65\xd5\x5c\x89\x17\xb7\xa7\x96\x8e\x90\xcf\xe5\x74\xa9\x7b\
\x4b\x03\x7e\x2d\x37\xab\xbe\x27\xe4\x84\x0c\x2f\x9f\xf7\xbc\x9b\
\x40\xca\x22\x89\x41\x60\x3c\x68\xae\x1e\x34\xca\xc1\x33\xe5\x3e\
\xe3\x40\x54\xf4\x58\x24\xcf\xa2\xed\x73\x9e\x00\x0c\xae\xf6\xaf\
\x6e\xb9\x10\x96\x7a\x4f\xb2\xd1\x09\xc2\xa8\xc0\x03\xa4\x32\xd2\
\x85\xa8\xfb\xe4\x46\x16\x42\x36\x8a\x78\xa4\x45\x7b\xce\x45\x42\
\x27\x74\xb0\x1e\x2c\xc8\x81\x9e\xb6\x7c\x3b\x57\x64\x27\xeb\x76\
\x6d\x14\xaa\xca\x8c\xe3\x23\xc2\x20\xea\xb5\xd2\xfb\xa2\xbc\x08\
\xc0\xe4\x93\x49\x52\xe8\x96\x41\xf5\x0f\xf9\x0e\xb6\x06\x5b\xed\
\xc7\x1a\xcc\xcc\x16\x31\xf2\xbb\x67\x72\xa6\x2e\xff\x5a\x9f\x89\
\xf7\xe4\xb4\x53\xa5\x3b\xcb\x02\xd8\xf9\xe0\xb1\xea\xeb\x89\xb3\
\xe4\x41\xa2\x28\x0b\x0e\x43\x9e\x07\x1c\xe5\x9a\xf5\x29\xfb\x43\
\x7e\x96\x4a\x1d\x96\x6b\xdb\x93\xa9\x3b\xb9\x95\x98\x73\x01\x80\
\x9b\x15\x80\x24\x6a\xf2\xfb\x0c\xa2\xe3\x68\xa2\x62\x29\xa9\xfa\
\x7b\xe9\x6d\x21\xf0\xef\xf4\x11\x4a\x98\xc0\x97\x3c\xe2\xfe\xaf\
\xe9\x2f\xf6\x70\x07\xc2\x10\x09\xb7\x7b\x83\x81\xde\x80\x30\x24\
\x32\x62\x4f\xbf\x6b\xa2\xa3\xd3\x53\xde\x88\xdc\x30\x49\x35\x08\
\x9d\x47\x2d\x88\x4a\x83\x51\xa3\xcd\xec\x12\x53\x3a\x30\x0b\x2a\
\x2e\x50\x39\x2a\xd6\x65\x96\x2d\x0b\xa9\x93\x58\x0d\x50\xc7\xeb\
\xa8\xb8\xd0\x64\x6b\xa1\x50\x14\xfc\x8c\x9b\xa5\xb5\x6e\xec\x52\
\xe8\xe4\xdf\x29\xdc\xac\xbe\xb9\x34\x75\xfa\x42\xdb\xdd\x25\x0e\
\xaa\x8a\xf5\x53\x13\x63\xee\xe4\x95\xc2\x6a\x08\x96\x58\x1f\x3c\
\xca\xae\xa7\x57\x2b\x42\x37\x53\x90\x36\x11\x97\x42\x44\xd7\x89\
\x65\x71\xd2\x8a\x7a\x70\xf5\x51\xee\x9a\x58\xc8\x67\x43\x22\x27\
\x08\x01\x5e\x92\x55\x17\x05\xae\x23\x97\x59\x3f\xb7\x13\x6d\xb1\
\x83\xa8\x27\x50\x9c\xf7\xf1\xa2\x66\xa4\xf2\x2a\x65\x39\x9f\x8a\
\xa7\x54\x31\xe4\xb4\xd5\x04\x33\x2b\xb5\x14\x0f\xfc\x5e\xbe\x28\
\x15\xb6\xd5\x27\xed\xbe\x58\x14\x78\x6a\xec\xb1\xdc\x02\x13\xab\
\x94\x0e\x35\x63\xa5\xe3\xd4\xed\xba\xd5\xa6\xad\xe7\xad\xdf\xd2\
\xda\x2d\xaf\xb7\xe4\xdd\x56\xa1\x09\x06\x5f\x6b\x7d\x12\xd1\x6c\
\x9b\xb9\xa2\xf8\x93\x55\xd7\x4f\x8a\x00\x1a\x75\xc2\xd6\x38\x41\
\x9c\x51\xc9\x01\x20\xca\x69\x2a\x2e\x41\x44\x08\x8e\xc9\x88\x3a\
\xee\x7b\x28\x44\x9a\x09\xa6\x23\x97\xe5\x53\x21\x3c\x3c\x20\x00\
\x40\xf3\x76\x53\xf2\x19\xbf\x73\x92\x64\xdb\x9b\x1b\x2a\x62\x5a\
\x97\xda\x06\x93\xbf\x48\xa2\x52\xbf\x4c\xe9\x2c\x04\xbb\xd6\x33\
\x59\xe6\xe5\xf7\xfa\x3c\x1b\xc5\xef\x97\x03\x22\x49\xe2\xb8\x2e\
\xfc\x34\x81\x50\xd6\xd5\x44\xb7\xab\xd2\xb9\x08\xf6\xe1\x5a\x7c\
\x8f\xc3\x49\xe2\xab\x49\x9a\xd4\x25\x0e\x01\xd3\x64\x0f\x92\x72\
\x5d\x88\x99\x8a\xda\xd8\xa4\x2d\xb3\x45\xb6\xeb\xb2\xac\x48\x39\
\x90\xca\x52\x10\x39\x24\x59\x18\xa2\x95\x99\x2d\xc9\x29\x11\x85\
\x90\xcb\xf6\x21\x54\x43\x19\x24\x8a\x83\xfc\x12\xe1\x1c\xf8\x9d\
\x99\x14\xcb\x01\x96\x17\x72\x9b\x2a\xf7\x39\x6e\x27\xf2\x9d\xd5\
\xa0\x30\x3d\x67\x71\x10\x0d\x5d\xfe\x41\xc8\x4b\x39\xa8\x81\x20\
\xda\xa1\x7c\xad\xda\xfc\x30\xb8\xc8\x1d\x54\xbb\x66\xf0\x8c\xb6\
\xbe\x5e\x73\xa3\xb9\x9c\x9d\xe9\xab\x04\x6b\x67\xb4\x96\xae\xd8\
\x12\x76\x3e\x4c\x69\x92\xc3\x01\x3e\x20\x04\x6f\x16\x00\x8f\x08\
\x83\x20\x22\x72\x21\x13\x77\x9e\xac\x8c\x88\xf2\xca\x19\x16\x24\
\x59\x82\x65\x4b\x53\x8a\x47\x0a\x51\xa4\x29\x09\xee\x8c\x0e\xc9\
\xe6\xe6\x22\xa9\x26\x02\xf1\x5e\xdc\x2e\x5a\xb6\x07\xb7\xc3\x8e\
\xde\x60\x70\xbb\x44\xb2\xed\x9d\x4b\x98\xc4\x4a\xb4\x1a\x47\xa5\
\xb8\x53\x9b\x94\x4f\x16\x3f\xd2\x64\xfd\x4b\x1d\x98\xcb\x89\x3f\
\x88\x8a\x00\x61\xa1\x58\x04\x46\x11\xc4\xa5\x4c\xe7\xe9\x89\x9d\
\xab\xae\x8b\x48\x9e\x59\x68\x95\x11\xb5\x25\xec\x4b\xc9\xa6\x65\
\x0c\x4e\x8c\xca\x8d\x72\xd0\x71\x84\x80\xec\x4e\x20\x09\x67\xf0\
\x21\x5b\x8d\x2a\x01\xcc\xf7\xf9\xb7\x10\x94\x55\x5a\x84\xa2\xb2\
\xa6\x6b\x07\x37\xdf\x96\x49\x97\x8d\x26\xb4\x16\x91\x8b\xf7\xa3\
\x78\xcd\x32\x9c\xef\x27\x6b\x6f\xb1\x16\x4b\xcb\x45\x1c\x96\x48\
\xb0\xcb\x84\x26\x76\xfc\xbc\x14\xc2\x10\x69\xd4\x0b\x44\x63\xf3\
\x11\xfd\x2c\x29\x40\x9e\x79\x90\x7e\xc9\x84\xd4\xde\xe4\x2c\x06\
\x0a\x31\xe0\x38\x6a\x65\x5a\x48\x01\x2b\xb7\x5c\x9f\x5c\x2f\x06\
\xd1\x61\xeb\x57\xbc\x66\xac\xf8\x17\x82\x8f\x72\x7f\x36\x84\xbd\
\x2b\x16\xdf\x14\x71\xa5\x80\xa4\x0f\xb8\x4e\x77\x08\xa8\xfc\xc9\
\xeb\x7a\x2f\xf9\x27\xd5\x66\x4a\x5d\xcf\x89\x7c\x5d\x87\x73\x4b\
\x95\xee\xfb\xb5\x85\xa5\xfc\xf1\xcc\x8f\x0e\x2b\xc3\xc8\x34\x59\
\xd7\xb7\x0c\x2d\x1f\xf9\x9a\x26\xcd\x92\xe4\xb5\xae\xf1\xe0\x13\
\x48\xad\x88\xcb\x0a\x91\xb8\x20\x11\x95\xf2\x5e\x36\x7a\x10\xd2\
\x6d\x64\x72\x82\x79\x1b\x4e\x5d\x10\x4a\x72\xa7\xeb\x42\xe6\x88\
\xbe\x2a\xd3\xca\x72\x35\xf6\x49\x91\x4f\x31\xa3\x56\x86\x03\xc5\
\x5a\x59\xca\xa6\x58\xe7\x38\x9d\x92\x74\x68\x59\xc4\x33\x55\xba\
\xbc\x89\x67\x4d\x39\x2e\xd9\x87\x61\xf9\x7b\xdb\x3b\x8b\xc8\x3c\
\x4b\xb7\x36\x1e\xd8\xeb\x81\xb7\x9e\x7d\x9b\x95\x0f\x7f\x07\xf2\
\xa2\xbc\x22\x0f\x03\x28\xf5\x61\xdd\xf2\x43\x08\xb9\xae\xeb\x76\
\x93\x6a\x92\x65\x79\xe2\x01\x21\x19\x17\x78\x90\xcd\x11\x16\x57\
\x18\xad\xb3\x81\xea\xad\xb9\x1e\x65\x62\x62\x7b\x72\xce\x21\x4c\
\x53\x55\xea\x15\x79\x1c\x5c\xe5\x1e\x23\xdb\x31\x97\x57\x89\x4d\
\xe9\x90\xc4\x11\xa4\x8c\x29\x33\x6f\x85\xd9\xe6\xb0\x09\x71\xb0\
\x52\xda\x82\xd6\xc7\x48\x33\x36\x32\x0d\x55\x7f\x54\xef\x95\xe5\
\x2e\xe5\x91\xee\x9b\x1c\x94\x07\xaf\x32\xcf\xf9\x7b\x08\x95\xd1\
\x51\xb7\x19\xfd\x9c\xb5\xcb\x4a\xeb\x64\x68\xad\xcb\xb5\x1c\x96\
\xf1\x6e\x59\xa6\xee\x42\xf2\xcf\x08\x14\xca\x5e\xd7\x89\x24\x41\
\xfc\x2e\xe0\x69\x8c\x28\x18\x7d\x3e\x61\x0c\x60\x32\xec\x08\xf0\
\x2e\xc0\x79\x02\x1b\xe2\x02\x28\xef\x95\x1d\x77\x18\x21\xf0\x2b\
\x3c\x02\xca\x81\x98\x65\x9a\x04\x89\x1c\xc6\x91\x28\x1f\xf4\x9e\
\x4e\x96\x4c\x27\x4e\xba\x21\x91\x6e\x27\x48\x37\x06\x38\x7a\x03\
\x47\x6f\x04\x71\xb3\x2b\xa9\xa5\x3c\xb4\x60\x61\xf1\x6a\x5b\x2f\
\x04\xd9\xe4\xb4\x03\xc8\x5c\x3f\x14\x4b\xa0\x7c\x57\xad\x24\x8a\
\xb0\x09\x88\x8a\x25\x99\x23\x67\xe9\x91\x8b\xbc\xd8\xaf\x15\x4e\
\x2b\x28\xad\x84\xe6\xef\xab\xae\x13\x93\xbe\x7a\xb0\x91\x5d\x5f\
\x38\x8d\x52\x50\x12\xaa\xf7\xb0\xe4\xe1\xdf\x6c\x41\x95\x53\x7b\
\xb2\xcc\x59\x21\x99\x23\x74\x87\x6a\xba\xaa\x2a\x07\xe1\x62\x10\
\x9f\x55\x96\x00\x95\x2e\xae\xbf\x32\x8b\x13\x05\x4c\x08\x21\x0e\
\x34\x39\x8c\x2a\xb7\x28\x40\x6b\x4b\x02\x0f\xaa\x66\xe4\x2e\x94\
\xe1\x52\x8b\xa0\xd6\x3e\x6c\xb1\x9f\x10\xbb\x3c\x35\x84\x10\xc3\
\x9a\xb2\x6f\x11\x1d\x3d\xd8\xd2\xbe\x73\x75\x7d\x95\x7e\x98\x07\
\x73\x0d\x77\x16\xdd\xae\x4e\x11\x5c\x8b\x84\x96\xb8\x62\x02\x64\
\xba\x65\x9c\x00\x66\x4a\xbf\x1e\xb4\xb4\x7d\xfa\x64\x7f\x99\xf5\
\x31\x23\x5d\x4b\x3e\x9c\x9a\x6c\xe8\x77\xe8\x6b\x1c\x9f\xa5\x2c\
\xb6\x0e\x2b\xff\x00\xf2\x6c\x99\xbc\xb7\x64\x75\xe3\x3a\xac\x06\
\x5a\x48\xfd\x8d\xc3\x9a\xd6\x2f\x96\x55\x80\x1b\x30\x1b\xeb\xc9\
\x36\x22\x65\x43\x2d\x2b\x8a\x6c\xd5\x72\x51\xe6\x2b\x24\x59\x98\
\x65\x71\x68\xb7\x2b\x18\x71\x84\x10\x30\x0c\xf5\x00\x3c\xdf\x67\
\x8b\xe7\x40\xb3\x6d\x69\x53\x6a\xeb\x6b\x4c\xb8\xa5\x0e\xb3\xe2\
\x25\xe9\x86\x50\xa7\x87\x67\x1d\x38\x1e\x5e\x58\x57\xbb\x86\x59\
\x33\x7d\x25\x1e\x4d\xec\x02\xcf\x64\x00\x70\xc3\x00\xef\xa7\xbc\
\x03\x86\x23\xfb\x04\xd9\x2c\x6b\x39\x0e\x45\xde\xb9\x9c\xa5\x4e\
\x74\xa0\x32\xab\xc7\x33\xd0\xe2\x39\x53\x76\x80\x67\xa9\x4b\x0e\
\xe2\x80\xaf\xe4\xa5\xd2\xa9\x86\xdb\x5b\x2c\x5b\x92\x45\x50\x83\
\x28\x1b\xbf\x72\xd9\xa4\x72\x8b\x83\x84\x92\x2f\x1d\x85\xd5\x96\
\x18\xfa\x64\x4a\x89\x9c\x4e\x65\xb4\xd0\xf9\xe1\x36\xa9\x17\xd5\
\xce\xb3\x30\x6f\xb7\x4b\x32\x6b\x49\xfe\xea\xe7\x6a\x79\x5f\xd2\
\xa6\x37\x50\x00\xe6\x7d\xb1\xb2\x7e\xa3\x36\x5e\xe8\x3f\x4b\xd6\
\xac\x19\xff\x0f\x00\x00\xff\xff\xec\x9d\xe9\x96\xe4\x28\xb2\x84\
\x8d\x45\x4b\x2c\x99\x95\xd5\x3d\xe7\xdc\xf7\x7f\xd0\x0e\xdd\x1f\
\xe0\xc8\x71\x39\x8a\xa8\x9e\xce\x99\xc9\x2c\xfb\xfa\x54\x67\x84\
\x42\x42\x80\xc0\x31\x5c\x2c\x59\xc6\xb5\x62\xf3\x1b\x10\xb7\xa1\
\x05\x9a\x47\x6e\xef\x65\x15\xf9\x0c\x54\x0f\xe1\x86\xfa\x7a\x28\
\x74\xcb\x0a\x36\x5b\x21\x87\xea\x65\x5d\xb6\x05\x11\x90\xd5\xc0\
\x86\x00\xd4\xd5\x47\x62\x08\x4a\x78\x87\xb6\x26\x77\x8a\x19\x31\
\xe6\x3a\xac\x44\x4d\xa2\x0c\x65\x62\x82\x36\x66\xfd\xad\x7c\x21\
\xde\x17\x86\xd2\x33\xb5\x0f\xb9\x15\x52\x1d\x96\x24\x50\x85\xf3\
\xe8\xb6\x94\x2f\xbd\x58\xc9\x37\xef\xfe\xa1\x66\x90\xf5\x60\x74\
\xf7\x0b\xe2\x59\xaf\xcf\x65\x43\x57\xd1\xa2\xea\xa1\x87\x6a\x1c\
\xc4\xd3\xa8\xc7\xbb\x5a\x81\x26\xf9\x64\x3d\xd8\xf2\xa8\x36\xd4\
\x71\x69\x9b\x78\x9d\xf4\x24\xb4\xfd\x95\x60\x3f\x96\xb6\xaf\x60\
\x5d\xde\xd6\x30\xe4\x6f\x3b\x26\xc3\x1b\xa0\x2b\xe3\x76\x68\xe4\
\x6c\xa3\x09\x89\x7f\xf0\xc7\x1c\x96\xfb\xee\x79\x7a\xf6\x7a\xae\
\xbf\x46\x79\x65\x71\x34\x1a\xc5\xa0\x4b\x59\xd9\x0e\xd7\x97\x37\
\x33\x68\x9b\xb8\xa0\xe6\xa5\x7e\xb3\xa4\x6f\x6f\xd3\xa5\xc5\x84\
\x6d\xc8\xf4\xbd\x8a\x28\x09\xad\x01\xd5\xc7\xed\x2a\x00\xed\xa1\
\x62\x2f\xbb\xa3\x46\xcc\x1b\xde\x23\xc7\x6d\x1e\x09\xda\x13\x72\
\x2c\xe7\xbd\xc7\x51\x37\x10\xf6\x75\xa3\xd7\xb8\x78\xc6\xfa\x4c\
\xe8\x79\xb6\x4d\x87\x3f\xea\x54\x8c\x3c\xde\xf6\x98\xf5\x76\x9f\
\x95\xcf\xaf\x8c\xf7\x0c\x82\xf5\xda\x39\x75\xdd\x7a\xbd\x47\x43\
\x15\x04\x19\x06\x57\x9b\xa6\xce\xe1\xa1\xef\xb3\x3f\xf3\x62\xb9\
\xbc\x32\xa7\xed\x0c\x20\xf6\x01\xc0\xc1\x43\xbc\xfb\xad\x53\x88\
\x78\x60\xdb\x27\x82\x85\x5e\xd4\xeb\xbc\x18\xa5\xbb\x2b\xf7\x5d\
\xfd\xac\x71\x00\xf0\x50\xf5\x6f\xdb\x44\xac\x3d\x6a\xa7\x43\x6c\
\xc9\xee\x50\xe9\xc2\xae\xa9\x1e\xc5\x47\x0b\xf3\xd8\x86\xe5\x48\
\xf9\xdc\xd3\x9e\x62\x2c\x6f\xc3\x4c\x38\x72\xf9\x21\x2d\xe8\xbd\
\x90\xf2\x5d\x44\xa6\x08\x5e\xed\x55\x6f\x42\x4b\x3d\xe3\x83\xbd\
\xad\xed\x7d\xb3\xb3\x6a\xa5\x8c\xd4\x2e\x34\xe3\xda\xd5\x84\x5b\
\x6c\xfa\x78\xbf\xee\xb7\x95\xbd\x9d\xcd\x09\xc7\xa5\x25\xed\x33\
\x6b\x79\x1b\x02\x36\x19\x92\x2b\xe7\x3d\xcc\xc4\xd7\xa0\x27\x92\
\xef\xed\xa6\x7d\x46\xf2\x5d\xe7\xc5\xc8\xae\xca\xb1\x53\xcd\x60\
\xb0\xed\xb0\x3d\x3f\x98\x74\x7b\x62\xda\x3e\x7b\xad\xf9\xbc\x8e\
\x8a\xdf\xf6\xf5\x36\xc0\x0e\xc9\xb3\xe9\xb5\xd7\x5a\x7b\xfc\xd5\
\x44\xb6\x25\x3f\x1e\xfb\xb8\x3b\xa9\x90\xfb\xf7\xd7\x1a\xab\x8e\
\x6d\x6b\xc2\xcb\x56\x52\xfd\x60\xba\x0d\x28\xe5\xba\x51\xe3\xdc\
\x7c\x20\xca\xd3\x2d\xff\x55\x03\x12\x42\x44\x0a\x13\x72\x98\x90\
\xe3\xdc\x3c\xdf\xb1\x4e\xe8\x0a\xcd\x06\x1d\x0b\xfd\xc1\x73\x81\
\xbe\xe2\x97\xef\xe8\xae\xb1\x15\xd1\x1a\x57\x9d\x5f\xb1\x8a\xca\
\x62\x20\xfb\x5e\xec\x21\x2c\x95\x5f\x3a\x7e\x72\xac\x1f\x03\x7c\
\x14\x57\xed\x9c\x87\xb9\x5e\x19\x89\xb3\x42\xdb\x35\x5a\xfa\x29\
\x84\xa3\x01\xd9\x8d\x52\x5f\x51\xbb\xc9\x1e\xca\xeb\x34\x12\xb5\
\x22\xf8\x9e\x19\x14\xaf\x11\xf0\xf2\xa9\x5e\x75\x68\x24\xcf\x04\
\xa4\x15\x5d\xfa\x5c\x3b\xfe\x3a\x45\xb3\xd8\x7f\xd8\x3b\x67\x92\
\x41\xee\x10\x86\xc7\xf1\x1e\xfd\x73\xeb\x5f\x5f\xeb\x78\x78\xe3\
\xdb\xe4\x7a\x6b\x28\x45\x28\x78\x06\xd5\x13\x97\x67\xbf\x7b\x22\
\xcb\x3e\x97\x76\xdf\xd8\x8f\x31\xf5\xc2\xd0\xc7\xec\x73\xf4\xc4\
\x9a\xf7\x59\x5f\x33\xec\x98\x9a\xb8\x1d\x3a\x90\x03\xc3\x3e\x4a\
\x9b\x8e\xf3\xab\x02\xdb\x2b\xcb\x5f\x99\x51\xd9\x3d\xcb\x6b\xdb\
\xb0\x8a\x1d\xd0\xde\xbc\xd1\x92\x6e\xed\x19\x87\xd8\x8d\xc5\x95\
\x70\x7b\xbb\xe9\x97\x9d\xee\x15\xb8\xb5\x91\xc6\x1e\x1d\x6c\x33\
\xb0\x4f\x78\x37\xe1\x01\x6a\x29\x3b\x9c\xbf\x92\xf7\xae\xad\x27\
\x75\x36\x76\x1f\x4f\xbd\x0f\x87\x2c\xe1\xf4\xab\xc2\x48\x58\xf2\
\xbd\x13\xda\x92\xff\x40\x1b\xc2\x21\x74\xd6\x51\x85\x73\x58\xe1\
\x43\x3d\x87\xe3\xe4\xc7\x80\xfd\xb4\xa3\xb7\x58\x8e\xcb\x33\x93\
\x7b\x1e\x86\xa9\x99\xb8\xd8\x67\x51\xec\x60\xa8\x36\xd3\x88\xd3\
\xb0\xbf\x39\x6e\x7d\x89\xcd\xaf\xd3\x76\xf2\xab\x6d\x2b\x43\x08\
\x48\xe6\x98\xcd\x23\x7d\x3c\x00\xa6\xdc\xf5\xdf\xcf\x84\xb1\x17\
\xae\x77\x6c\xf4\xa6\x71\x14\xb7\x51\x58\xa3\x0e\xa1\x0d\xb7\x6b\
\xa3\xd4\x3d\xec\x33\x93\x73\xec\x72\xb7\xfa\x9e\x67\x36\xd8\xc6\
\xdb\xb6\xcd\xd6\xd9\x52\xfe\x15\xa7\xde\xa8\xee\x7f\x45\xf2\x5f\
\x8f\xbf\x94\xe7\x54\x84\x37\x00\xe9\x75\x1e\xfe\x6a\x42\x33\x1c\
\xe2\xfd\xd6\xe7\x88\x67\xb5\xf5\x10\x9b\xa7\xb2\xee\x4e\x26\xe7\
\x6d\x6a\xa4\xb8\x3c\xf4\x4d\x8c\x5d\x68\xff\x42\x30\x42\x1b\x01\
\x65\xa8\x4a\x44\x0c\xb9\x0c\x33\x49\x55\x70\xa7\x8c\x18\xf7\x4d\
\x71\xaa\x23\xd8\x2d\x0c\x56\xc0\x88\xa1\xb1\x82\xae\x2b\x60\x35\
\x4d\xa9\x4e\x72\x83\x29\x98\xb6\x62\x87\x10\x10\x95\x80\xd2\xbb\
\x5f\xb6\x30\xd5\x5f\x5b\xc1\xda\x38\x77\x28\x2f\x90\xd3\xd8\x8f\
\x2a\xbd\x3e\x57\x7b\x1d\xba\x19\xef\x8f\x47\xe7\x79\x06\xd0\xee\
\xe3\x19\x99\xa0\x7e\x3f\x54\xd0\x72\xe2\xb1\xb1\x08\xbb\xc7\xbd\
\xab\xcc\xe8\x67\xc7\xeb\x78\xef\x1d\x96\xa3\x58\x96\xf8\xda\x74\
\x96\xcf\xbe\x77\xd6\xcb\xef\xb3\xdf\xad\x47\xd9\x15\x15\x5d\x0f\
\xa5\xcb\x7a\x57\x4c\x78\xf7\xeb\xf2\xd4\x78\xe8\x87\x8d\x9b\xe3\
\xed\xd6\xe1\x69\xce\xbc\x04\xcf\x86\x58\xe8\x74\x8c\xd2\xe3\x85\
\x65\x45\x82\x8d\xab\x17\x4f\x2f\x7f\x6c\x83\xa6\xaf\xd3\x65\xda\
\xde\xd3\xcb\x9b\x51\x7a\x6d\x83\x63\xd3\x36\x32\xfc\x36\x2e\xde\
\xf1\xef\x84\x27\x62\x74\x3e\x8b\x2d\xb0\x79\xaf\xcf\x97\x09\xfc\
\xba\xe1\xb5\xf9\x25\x76\x76\x03\xda\xeb\x74\xeb\x01\xb4\x1e\x74\
\x1b\x4f\x1b\xbe\x5c\x07\xec\xb6\x48\x6c\x15\x70\x14\x22\xe5\xd8\
\xb8\xde\x96\x4e\xb8\xb3\xba\x13\xd0\xec\x75\x08\xa1\x5f\x67\x3e\
\x84\x66\x1b\x0f\x71\x12\x1b\x68\xf2\xda\x7a\x6e\x6d\x9e\xd6\x2f\
\xcd\x6e\x6c\xdb\xa6\x5f\xe9\x95\xf8\xd8\x8e\xad\x79\x5e\xbb\x2d\
\x3b\xda\x1a\x9d\x9f\xfa\xde\xa7\xcf\x20\xf4\x9d\x0a\x5d\x56\x62\
\x2c\xcb\x23\x5a\x2f\xa9\xdb\x4e\x99\xcf\xf2\x5d\x7b\x5a\x75\xfc\
\xed\x7a\xe5\x3a\xdf\x1f\x26\x3e\x82\x5d\x76\x52\x87\xe5\x3d\x03\
\xf9\xae\x45\xa8\x7d\x96\x36\xfc\x91\xb3\x47\x5f\x03\x8c\x87\x97\
\x58\x1b\xe3\xcd\x73\xd2\xe1\x5a\x1b\x66\x3b\x49\x23\xfb\x34\x6a\
\x13\xbd\xdf\x6c\x9a\x47\xd7\x3d\xfb\x6d\x6c\x5b\xfb\x37\xd3\x67\
\xf1\xfe\x2a\xd4\x25\x03\x01\xa8\x55\x4b\x5a\x65\x69\x95\x66\xef\
\xdd\xf6\x99\x5e\x37\x9d\x91\x9c\x09\x00\x20\xeb\x7d\xc8\xff\x43\
\x79\x4d\xb7\x95\xa1\x26\x8f\xb0\x95\x55\xbe\x14\x4d\x98\xab\xde\
\x24\xaa\xf7\xa2\xbd\x32\x6a\xff\xdf\x3d\xdb\x6d\x32\x65\xcc\x48\
\x29\x23\xc5\x19\x39\xce\x48\x71\x6a\x43\x4b\x64\x1c\xb8\x04\x64\
\x1b\xd2\x67\xbd\xd2\x51\x6f\xf0\x60\x5c\x7e\xa1\xf0\x6d\x5a\x54\
\x99\x73\x87\xbd\x59\x65\x38\x37\xf4\x05\xf3\x10\x76\xf0\xc5\x90\
\x4e\x93\x1b\xa7\x81\xc1\xb3\xd7\x6d\x7b\x2d\x28\xc3\x7d\x74\xe3\
\x62\xc5\xb4\x8d\x8f\x32\xc4\x3a\xbd\x76\xac\x98\xce\xe7\xcd\x09\
\xab\x19\xbe\x6d\x1b\x86\x27\xc7\x6c\xbe\x5a\x6c\x3a\x6d\xde\x79\
\x8d\xed\xe8\x9a\x33\x11\xa1\xcf\xb5\xbb\x76\x36\xe3\x0b\x1c\x26\
\x19\x7a\x46\xdc\x13\xdc\x5a\xec\x8c\xe2\xea\xbd\x0a\xd4\x9c\x79\
\x55\xf4\xeb\xc1\xb3\xf4\xd9\x7b\x9f\x09\x73\xdd\xd9\x1d\x79\x66\
\x46\x1e\x15\x9d\x6f\xfa\x8d\x8a\x8d\xf3\x19\xcf\x1a\x36\x2f\x1e\
\xde\x35\x92\x86\x4e\xd4\x7c\xe1\x86\x61\x84\x7e\x9e\xae\x97\x54\
\x9d\xa7\x9f\xab\x2d\x73\x87\x72\xaf\xca\x5c\xf7\xcc\xaa\x8d\x19\
\xd5\xc9\x56\x0f\x70\xe8\xeb\xba\xf7\xb1\xc7\xa2\x53\x66\xac\xfd\
\xd2\xf6\xd6\xcb\x07\x98\xdf\xbd\x32\xaf\x9d\x1b\x9d\x20\x56\xd7\
\x8e\x3a\xa4\xa3\xb4\x0b\xad\x5c\x6a\x7b\x50\xf3\x4e\xce\x7d\x3c\
\x1e\xdd\x0e\xb5\x00\x86\x79\xa6\xd3\xa0\xef\x67\xd3\xab\xeb\x9c\
\xd7\xc1\x3d\xb3\x31\x5e\x9e\xd9\x37\x1e\x3a\xcc\xc3\xdb\x3c\x13\
\x86\xde\x6b\x42\x44\xb0\x5e\x57\x7d\xdb\xfa\xb7\xbd\x36\x7e\x76\
\x87\x47\x49\xaf\x16\xd8\xde\xd0\x0b\x2f\xad\x9e\x93\xa6\xdb\x3c\
\xcc\x29\x37\xf6\xde\xf6\x0d\xb1\x1d\xca\x61\x45\xb5\xd7\xee\x79\
\xed\x8b\x7d\x9e\x3a\x8e\x67\x6d\x9a\x57\xf6\x75\xc7\x46\xee\x6d\
\x17\x0c\xb0\x78\xed\x92\x6d\xc3\x6c\xa7\xc0\xb3\xc5\x5f\x99\xe2\
\xe9\x0e\x00\xf0\x80\x5e\xb5\x00\x38\x1a\x19\xfd\x17\x00\x62\x50\
\xe3\x96\x42\x19\x7b\x15\x42\x91\xda\x32\x3a\x4e\x26\xc3\x6d\x61\
\x6b\x9f\x65\x84\x55\x00\xea\x12\xce\x55\x28\x6c\xca\x0c\x1c\x9e\
\x97\x78\xb9\xf7\xe1\x25\x31\xca\x46\x38\x09\x29\x4e\xc8\x69\x42\
\x4e\x33\x52\x9a\xdb\xd0\x12\x6c\x7d\xbc\x75\x21\xf2\x04\xa2\x7c\
\xd6\xc6\xc9\xa6\xfb\x60\x94\x4f\x8c\xcd\xa8\x62\xea\xdf\x3c\xc1\
\x36\xc2\xbb\xe6\x2c\x7c\xfb\x57\xf7\x8e\xcf\xbc\x44\x67\xf1\xd0\
\x15\xc0\x56\x7e\x7b\x4c\xc2\xf1\x3c\x87\x9e\xc0\x01\x70\xc8\x07\
\x6b\x14\x74\xc5\xd4\xc6\xcc\xe6\xb7\x4d\xcf\x99\xf7\xe0\xec\x19\
\xe8\xfc\x1a\x35\x30\xfa\x3e\x67\xcf\xe4\xd9\x70\x08\xcf\x9b\x6b\
\x8d\xa4\x36\xe2\xfa\x95\x9c\xf5\x06\x79\xc6\xdc\xe6\xbb\xcd\x5f\
\x1d\xfe\x59\xfc\x3d\xc3\x7a\x26\x42\xbc\xfc\xf4\x0c\xbc\xbd\x56\
\xe7\x89\x0d\xc3\x6b\xd4\x3d\x2f\xfb\x08\xef\x77\xfd\x1c\xbc\x63\
\x7d\xfe\xd6\xcd\xc4\xbe\x69\xe3\x30\xc2\xd6\x99\xd1\x31\x6b\x5f\
\x46\x8d\xb1\x2d\xa7\xde\xb3\xb5\x5e\x4d\x5d\x4f\xb7\x6d\x6b\x5e\
\x5b\x1d\xa6\xb6\xe1\xd6\xdb\x6d\xcf\xf3\xd2\xe3\x09\x1b\xcf\xd6\
\x69\x3c\xaf\xba\x6d\x0f\xec\xef\x36\x5f\x47\x1e\x4a\x7b\x0f\x9d\
\xb7\x87\x32\x17\x42\x1b\x26\x62\xf3\x4a\x0b\x4c\x9b\xb7\xcf\x84\
\x96\x7c\xb6\x9e\x66\x9b\x4e\x2f\xde\x5e\xbe\xe8\x8e\xfc\xa8\x3d\
\xf3\xc2\xf0\xee\xe3\x09\x4c\x39\x7f\x54\xee\x2c\xde\xbd\xbc\xe5\
\x4d\xe5\xb3\xf7\x86\xcd\xc6\xd3\x6b\x23\x6c\x07\xe3\xac\xe3\x32\
\x6a\x9b\x75\x7d\xf0\xc2\xd4\x71\xf6\xea\xa2\xce\xc7\xb3\x7a\xa9\
\xc3\x19\xd5\xa7\xd1\x5f\x2f\x3c\x9b\xd7\xba\x5d\xf7\xd2\xfc\xdd\
\xec\x6a\x96\x59\xcc\x00\xb0\x6d\xf2\xca\x4f\x32\x68\xec\x49\x05\
\x64\x04\x48\x91\xd7\xe5\x38\xba\xbf\xb6\x62\x74\xbd\xc5\xad\x78\
\xc6\x1f\x01\x65\x2b\xf7\xad\xf4\xfe\xe5\x6e\x7d\x2f\xbc\x48\xf4\
\xa0\x84\xf7\x2e\xb6\xcb\xca\x25\x39\xce\xc8\x69\xc1\x94\x16\xe4\
\xe6\xe9\x0e\x08\x31\xed\xe1\x43\x55\x7a\xec\xdf\x3d\x21\x0c\x1c\
\x0b\xe2\xc8\xb8\x68\xe1\x73\x66\x54\xe5\x5c\x9d\x27\xf6\x9e\xf6\
\x3a\xcf\xf0\x9d\x15\x70\x4f\xdc\xea\x73\x46\x22\xf5\xcc\xb0\x8d\
\x0a\xba\xbd\xaf\x5c\x63\x1b\x83\x51\xdc\xad\x68\x94\x74\x8b\xe0\
\xd3\xe1\x8c\x7a\xd5\xf6\x3e\xa3\xf8\x86\x10\xba\x70\x5f\x7d\xee\
\x36\x6e\xf6\x98\x6e\x7c\x6d\x63\x6c\x1b\x74\xdb\x28\x9c\x79\x8c\
\xbd\xf2\xe0\x95\x47\xf9\xed\x99\xf1\x1b\xd5\x63\x2f\xdf\xb4\xb8\
\x1c\x09\xf6\x91\xe0\x3a\x13\xe5\xf6\x1e\x23\xef\x91\xfc\xf5\x1a\
\xa0\xb3\xbc\xf3\x9e\xa7\xbd\xbf\xcd\x3b\x8b\x15\x7e\x36\x3c\x29\
\x8b\x01\xa1\x6d\xfa\xd1\x8e\x7d\xb3\xc6\x61\x84\x57\xa6\xf4\x31\
\x4f\x50\x48\xfd\xf3\x5e\xfd\x7b\x02\xce\x86\x2f\xdf\x43\x08\xc8\
\x39\x0f\x1b\x6f\x8b\xf7\xaa\x7e\x64\x47\x47\x65\x42\x3f\xe3\xb3\
\x7a\x73\x56\xc7\x74\xdd\xb0\xd8\xb4\xd8\xb7\x07\x7a\xfb\x76\xf9\
\xe7\x75\xb6\x25\x0d\xd6\x91\xe2\xd5\x1b\x9b\x0e\xdb\x89\xd7\x6b\
\xac\xcb\xf9\x7a\xa9\x37\xcf\x39\x60\xe3\x6d\x9d\x56\xde\x6a\x26\
\x67\xf1\x03\x80\x9c\x73\x17\xce\xa8\x6c\x8c\x3c\xba\xde\x77\xdb\
\xee\x7a\xc3\x75\x46\x62\xd9\x3e\x37\xdb\x39\xd7\xa2\xd4\x6b\x0f\
\xf4\xb9\xfa\xf9\x78\x9d\x35\xfb\x7d\x64\xd3\xb4\x63\xcb\xda\x4d\
\xfd\xd9\x8e\xc5\xb6\xcf\xc1\xa6\xc7\x0a\x6e\x9d\x2e\x6b\xdb\x47\
\x69\xd4\x61\x8f\xd2\xaf\x8f\x01\xd8\x87\x32\x3b\xf9\x72\x66\xd3\
\xbf\x0a\xf9\xb1\x15\x0f\xf3\x9e\x01\xf2\x90\xe5\x01\xfb\x85\xa6\
\x9c\x53\x84\xf2\xbe\xc1\x8a\x74\xb0\xf7\x8c\x06\xfa\x8c\xea\xbc\
\x71\x40\xf1\x6e\x4b\x45\xa8\x1e\xf1\x9a\xed\x2a\x3e\xa1\x1e\xd9\
\x87\x8b\xc4\x10\x91\x42\x42\x0e\xbb\xe8\x9e\xd2\x8c\x29\xaf\xc8\
\x69\x6e\x5e\x70\x79\x35\x68\x91\xdd\xba\xbc\x02\x38\x12\x16\xb6\
\x02\x59\xe3\x77\x56\x21\x2c\x3a\x4e\x67\x86\x5c\x7f\xd7\x71\x1c\
\xf5\x34\xf5\xb9\xfa\xef\xb0\x80\x0f\x8c\x82\xbd\xfe\x95\x7c\xd1\
\xdf\xf5\x7d\xbc\x3c\x1b\x19\x47\x7d\x8e\x77\x9e\x0e\xdb\x6e\xcb\
\xfc\x6a\x65\x1c\x89\x5d\xdd\xb0\xd8\x67\xaa\x8d\xfa\x48\xe4\x9e\
\xe5\xf1\xb3\x06\xdd\x4b\xe7\x59\x7e\x4b\x3a\x24\x6e\x8f\xc7\xa3\
\x89\x11\xaf\xbc\x8f\xd2\x63\xf3\xc4\x1a\x7b\x4f\xd8\xcb\xf1\x51\
\xf9\x38\x7b\xfe\xfa\xb8\x9d\x1c\x7a\xf6\xac\x6d\x9a\xbd\x70\xbd\
\x3a\xe0\xc5\xd3\x9e\xeb\xe5\xc3\x59\x03\x09\xa0\xdb\x45\xf6\x59\
\x63\xf2\x5d\xf1\x04\x9e\xd7\xd9\x94\xef\xba\x93\x65\xdf\x56\x49\
\x18\x67\x36\x50\x8e\x79\xe2\xc0\x2b\x03\xfa\x1a\x5d\xd6\x46\xa2\
\x6f\xd4\xa9\xd5\xf7\xf0\x6c\x92\x3e\xdf\xb3\xa3\x36\x2c\x1d\x9e\
\x27\xa6\x46\x75\xce\x13\x31\x5e\x5b\xa4\xf3\x5a\x3e\x7b\xf1\x1d\
\xd9\x04\x6b\xaf\x62\x2c\xe3\xaf\x6d\x27\xd9\xe6\xd9\xc8\xa9\xa0\
\xf3\xce\xe6\x95\xf5\x72\xdb\x67\xe2\xdd\xc3\xfe\x66\x3b\x79\x1a\
\xfd\xbb\x4e\xb7\x0d\xc3\xe6\xf1\xa8\x4d\x93\xfc\xf4\xca\x99\x0e\
\xcb\xa6\x6b\x74\x9e\x7d\x06\xfa\xf9\x79\x9c\x95\xf5\x91\x50\x97\
\xbf\x76\x41\x00\xaf\x0d\xb3\x71\xf1\xca\xa7\xb6\xc5\xde\x44\x4b\
\x8f\xb3\x4e\xd1\xa8\x4c\x8e\xda\xd3\xaf\x4e\xb6\xe3\x38\x44\x38\
\x17\x42\xfd\xec\x37\xe4\xfd\x75\xbb\x87\x1b\x6a\xfc\x34\xd0\x4f\
\x52\xe8\xef\xb3\xed\xe3\xb7\xc5\x98\xb4\x69\x8f\x1b\xa0\x6f\x19\
\xc4\xcb\x2d\xff\x8a\x97\xbb\x0c\x2b\x59\x30\xe7\x15\x53\x5a\xf6\
\xf1\xdc\x88\x00\x02\xcc\xe4\xf3\x16\x2f\x5d\x60\xac\x17\x75\x94\
\xd6\x91\x01\x04\xc6\x43\x0f\x3c\x01\x67\xc3\xf0\x1a\x9b\x91\xa1\
\x18\xc5\xcf\x6b\xe4\x6c\xe5\xb6\x95\xe6\x95\x02\xee\x89\x1d\xcf\
\xb8\x8e\x1a\x5b\x1d\xbe\x3e\xe6\x79\x38\xbd\x74\x69\xef\x8a\xfe\
\x6c\xcf\xb1\x61\x78\xb3\xd6\xe5\xbe\xf6\x59\x7b\x46\xd6\xc6\xcb\
\x1a\xfd\xd1\xc4\x1b\x49\xbb\x15\xef\x67\xf9\x75\xd6\xb8\xda\x74\
\xe9\x67\xa8\x8f\x5b\x6f\x87\x4d\xbf\x4e\x97\x57\x1e\x6d\x3e\x9c\
\x95\x07\x4f\x74\x78\x86\xfc\xd9\x35\x5e\xa3\x61\xcb\xad\x3e\xcf\
\xab\x4b\x36\x2c\xdb\xe0\x4b\x5e\x8c\x3a\xa9\x5e\x07\xc4\x0b\xdb\
\xe6\xb5\x7c\x1f\x09\x95\xef\xce\x28\xff\x05\xa9\x17\xe2\x69\x1e\
\x09\x15\x1b\xde\xb3\xce\xf3\xa8\x6c\x9e\x85\x6d\xcb\xd2\xa8\x0c\
\x9c\xd9\xd5\x91\x6d\x10\xbc\xce\xf8\x59\x39\xf6\x3a\xf1\x5a\xb0\
\x79\xf7\xd2\xf9\xa3\xeb\xb6\x15\xab\x29\xa5\x83\xf8\xd3\xf1\x94\
\x73\xe4\x77\x5b\x76\xb5\x5d\xd3\x76\x45\x87\xa1\x3b\x31\xfa\x37\
\xfd\xd6\x62\xd4\xb6\x8d\x3a\x36\xfa\x3c\x2d\xca\xe5\x37\x9d\x5e\
\x1d\xae\xf6\xd2\xdb\xa1\x16\xfa\x5a\x8b\x67\x1f\xed\x33\xf3\x3a\
\x8a\xb6\x2d\xf1\x6c\xbc\xce\x1f\xb1\x41\x36\x5d\xfa\x3a\x3b\xfe\
\xfa\x99\xfd\x1d\xd5\x11\x1b\xa6\x2e\x73\x36\x4e\x1a\x7d\xcf\xb3\
\xb6\xfb\xac\xad\xb2\xcf\xd6\xb3\xad\xb6\x9e\xbc\xec\xe4\x78\x52\
\xc7\xbf\x12\x07\xd1\x2d\x94\x04\x6e\xe6\xb3\x49\x78\xd3\xca\xbb\
\xa7\xbb\xfd\x80\x63\x85\xb7\x63\x4e\xeb\x10\xef\x22\xb2\xb7\x22\
\xb2\xb7\x7a\x4c\x96\xac\x08\x25\x02\x08\xb5\x33\x10\x42\xa8\xab\
\x95\x44\xa4\x50\x56\x2b\x99\xd2\x82\x29\x5d\x90\xe3\x52\x27\x52\
\x66\xe8\x5d\x28\xf7\xf8\x1d\x05\xc6\x56\x05\xff\xe8\x81\xca\xf1\
\xb3\xf1\xc0\xfa\xb3\x2d\xa4\x67\xd7\x00\xbe\x00\x03\x8e\x02\xd3\
\x86\x65\x2b\xdd\xb3\x46\x61\xd4\xd8\x78\x71\xd2\xd7\x58\x91\xa7\
\x8f\x8f\x1a\x24\x3d\xa9\x65\x74\x5f\x2f\x5f\xbc\xe3\x92\x47\x5e\
\x9a\x74\xf8\xd6\x28\x58\xaf\x8a\xdc\xd7\x13\xbb\x67\xf7\x96\xeb\
\x6d\x7e\xeb\x46\x7a\xe4\xd1\x38\x7b\xfe\xcf\x3c\xc5\x5e\x7c\x46\
\xe2\xc0\x3e\x27\xf9\xab\xcf\xf5\x8c\xb4\x8d\xdf\xe8\xcd\x82\x27\
\x98\x47\xdf\x47\xbf\x79\x5e\xc0\xb3\xeb\xcf\x1a\xc9\xb3\xdf\x9b\
\xe8\x0e\xa1\x59\x36\x79\x3d\xdf\x9f\x0b\x60\x38\x8d\x0c\x87\x7c\
\xd6\xf7\xd6\xa2\xdb\xe6\xe1\x77\x69\x18\x5e\xc1\x6b\x7c\xad\xf7\
\xdb\xda\x7c\xed\x75\x1b\x89\x33\xaf\x4e\x8f\xee\xf7\x2c\x4e\x80\
\x6f\xe7\xce\xec\xc0\x2b\x69\xb5\xbf\xd9\xce\xde\x59\xbd\xf6\x3c\
\xab\x3a\x5c\x4f\xa8\xc8\x71\x2b\xb0\x6d\x5e\xda\xfc\xf3\xec\x8c\
\x3e\x2f\xe7\x0c\x00\x87\x09\x70\xda\x86\x8e\xec\x91\xd7\x26\x69\
\x81\x7a\x36\x6c\x43\xe2\x6d\xd3\x39\x72\xc6\x78\x69\xb3\xf9\xae\
\xe3\xad\xf3\xc3\xb6\xfb\x67\x9d\x3a\x6b\x03\x47\xed\xb0\xa4\xcb\
\x0e\x7f\xb1\x71\xf5\xda\xf3\x10\xfa\xa1\x1e\xf2\xbb\xcd\x0b\xfb\
\xdd\x96\x1f\xd1\x2e\x30\xcf\x40\xa7\xe5\x4c\x33\xd8\x73\xcf\xf2\
\x05\xe8\x77\x90\xb6\xe9\xeb\xe3\x29\xd1\xaa\xbb\x66\x8b\xa6\x83\
\xa9\x3b\x21\xf4\xab\xea\xd4\xd5\xf0\x44\xaf\x7d\x57\xbb\x9a\x6d\
\x5a\x4c\x9e\x0c\x7f\x2b\x88\x57\x3b\xb4\xcc\x86\x19\x8d\x7d\x7c\
\x28\x22\x9e\xd1\x26\x53\x4a\x38\x72\xd5\x16\x42\x19\x76\x12\x64\
\x4a\x26\xaa\xf0\x0e\x65\x78\x49\x48\x28\x2b\x96\x4c\x55\x74\xaf\
\x98\xd3\x05\x39\x2d\x88\x51\x56\x2d\x19\x8b\x44\x7d\xec\xf1\x78\
\x00\x31\x36\x4f\xbb\xae\x98\x56\x34\x9c\x19\xe6\x67\x85\xe4\x99\
\x38\x19\x19\x64\xc9\x43\xcf\x8b\x36\x6a\x60\x6c\xba\xed\x3d\x6c\
\x1e\x8c\x04\xcc\x28\xde\x67\x62\x4d\x1b\x3e\x6d\x60\xbd\xb8\x3c\
\x8b\xc7\x48\xa8\xd9\xeb\x6c\x83\x33\xba\x76\x24\x9c\x6d\x63\xa3\
\xcf\xd5\x6f\x30\x34\x9e\xe1\xf1\x9e\x87\xf5\x10\xe9\xdf\xbc\x8e\
\x99\x16\x2e\xa3\xf2\x64\xf3\xd5\x4b\x9f\x34\x3c\xd6\x63\x55\x4e\
\x44\x1b\x12\xd6\xc2\x2f\x37\x71\x3b\x53\x23\xf1\x63\xef\x3f\x4a\
\xa7\x57\x1e\x3d\x81\xaf\x09\x62\x24\x4e\x84\xd5\x59\xb9\x38\x43\
\x0b\x8a\x4e\x0c\x34\x6b\x64\x04\x19\x20\x19\xd4\xae\xf5\xd2\xf6\
\x9d\x1a\x86\x5f\x41\xd2\xae\xeb\x8a\x7d\x95\xed\x79\x09\xe5\xda\
\x91\x8d\xb2\x75\x59\x1f\xb3\x9f\xbd\xef\xf6\xf8\xc8\x7e\xeb\x67\
\x37\xb2\x77\xa3\xf6\xe3\xec\x1a\xc1\xab\xe7\x1a\x6b\x4b\xec\xfd\
\xac\x03\x63\x34\x79\xcf\xda\x0d\xdb\xa9\xd1\xe7\x7b\xe2\xd3\xeb\
\x68\xda\xf8\x9f\xfd\x6e\xdb\x80\x51\xfd\xf7\xda\x08\x2f\x1c\xaf\
\x6c\xd8\x65\xfb\xec\xd2\x93\x9e\x78\xdc\xe3\x1c\x10\xc2\xf1\xcd\
\xc0\x71\x39\x3f\x79\xc3\xbf\x3f\x1f\xaf\xed\xd4\xf1\xd2\xe7\xea\
\x6b\x44\xf0\xd8\xe7\x20\xdf\xf5\x1b\x89\xb3\xf2\xfb\x78\x3c\xba\
\x25\x7a\xbb\x7b\x98\x7b\xdb\xef\xb6\x4d\x1b\x9d\xff\x6a\x98\x45\
\x16\xcb\x01\xb4\xf9\x71\xde\xbd\xa2\x6c\x66\x54\x4f\x69\xbb\x9f\
\xca\x88\x86\x00\x6c\x5b\x6f\x13\x44\xb0\x7f\x57\x7b\x9a\x81\x5d\
\x4c\x4b\xa3\xf3\x2b\x89\x2d\x8e\x6e\x5d\x10\xda\xd1\xe3\xb9\xed\
\x3c\x23\x60\xf0\x40\x90\x45\x06\x03\x10\xb6\xba\x25\x7d\xd7\x89\
\x2b\xd7\x85\xb0\x8f\xe7\x96\xa1\x25\x22\xba\xa7\x38\x23\x22\xef\
\xcb\x18\x2a\x6c\x9a\x6c\xc5\x1f\xf5\x56\xf5\xb9\xb2\x50\x7b\x08\
\xa1\x0d\x82\xe9\xdf\x06\x8c\xd9\xaf\x79\xee\x49\x19\xfd\xbe\x57\
\xfe\xd2\x4f\x28\x71\xab\x49\x0d\x50\x13\x5a\xf7\xb7\x0e\x7a\x75\
\x99\xd1\x7d\x7e\xe5\xde\xa3\xe3\x7d\x45\x2d\xf7\xf5\x1a\xcf\xb3\
\x46\xaf\x18\x97\xad\x7b\x74\xd6\x78\x5b\xef\x85\x27\x80\xf4\xef\
\x00\xba\x89\x19\x7b\x9c\xd4\xb3\x34\xe1\xdb\x06\x21\x48\x06\xb7\
\x61\x53\xc7\x7c\x7d\x35\xbf\x6c\x43\x72\x1c\xaa\x23\xcf\xf7\xb8\
\x6b\x97\x77\x1f\x2f\xcd\xba\x11\x92\x3c\xda\xe3\xba\xa7\xa3\x5d\
\xbb\x75\x15\xad\x0b\xdf\x4b\x8f\xce\xfb\xd1\x35\xdd\x77\x47\xe4\
\xdb\x74\x7b\x0d\xbc\x46\x1f\xb7\x9f\xed\xfd\x6c\x47\xec\x10\xb7\
\x70\xb4\x75\x9d\x98\x30\x1d\x76\x2b\x34\xbc\xb7\x28\xbf\x2b\xb6\
\x6c\xd8\xb2\x27\xe2\xc2\x13\x15\x56\x78\x08\xde\x70\x08\x7d\xbf\
\xb3\xb8\x78\x8c\x44\x27\x82\xf1\xb4\x39\xe5\x3c\x84\x62\xb3\x45\
\x3c\x78\x42\x70\x74\xff\xb1\xf8\xeb\x8f\x59\x11\x5d\xda\xa2\x00\
\xd9\xad\xf6\x68\x5b\xfb\xf0\xb4\xd7\x54\x3c\xd7\x5e\xbd\xd2\xd5\
\xdc\x73\x92\xd8\xb8\x9f\x75\x2a\xf4\xb5\xa3\x32\xe0\x4d\xdc\xf3\
\x6c\x9e\x3e\x07\xf0\xc7\xff\xda\x61\x30\x5a\x2c\x8f\x6c\xa0\x4e\
\x47\xa8\x9d\xe6\xbd\x5d\x8c\xd5\x0e\xe0\x90\x06\xc9\x2b\xdd\x86\
\x79\xe5\xb0\x4f\xb7\x6e\x1f\x8e\xe9\xf2\x04\xae\x66\x64\x47\xac\
\x3d\x8c\xe6\xb7\xd1\xf9\x3a\xcf\x46\xe7\xdb\x4e\xc6\x28\x3c\x2f\
\xfc\x2e\x5f\x94\xbd\x1c\x0a\xfd\x1a\x7e\xec\x36\xd2\xf3\x3b\xd9\
\xf2\xf9\x10\xc6\x37\x21\xef\xd9\x8e\x7d\x25\x12\x48\x6f\x26\x1c\
\x8e\x6b\xaa\x8f\xbb\xfe\x7f\xab\x22\xb9\xf9\xa6\xd1\xc4\x77\x7d\
\xbd\x10\xa4\xe3\x87\x47\xf5\x5a\x97\x63\xa5\xc7\x53\xd6\xf1\x6e\
\xc2\x5b\x5d\x2b\x95\x03\x6a\xe5\x92\x22\xb8\x65\x68\x49\x11\xde\
\x29\x4c\x65\x07\xca\x6e\x22\xe6\x8e\x7d\xa8\xfa\x61\xc6\x18\x55\
\xb5\xd1\x95\x55\x55\x2e\x99\x3c\xb5\xed\xe7\xec\xcb\x2c\xbe\x68\
\x98\xba\xc6\xbe\xe6\xdd\x40\xa0\xd9\x30\xce\x38\x5e\xbf\xf7\x18\
\xbd\x73\x6d\xaf\x7d\x24\x54\x6c\xd8\x9e\xa0\x1c\x89\x4c\xdb\xbb\
\xb7\x15\x49\xee\xa5\x5f\xbd\xe5\xec\x0f\x47\xda\xf3\x41\x84\x64\
\x6f\x28\xec\x90\x16\x2f\xee\x92\xc6\x3d\xfd\xaf\x89\x5a\x7d\xbe\
\xcd\xbf\x91\x10\x3c\x6b\xc8\xbd\x57\x96\xfd\xf7\x2a\xee\x42\xdc\
\x57\xd9\x81\xd4\xa1\xde\x5b\x6c\x0d\xa0\x60\x3b\x23\x7d\x27\x24\
\xb6\x4e\x48\xb9\xb0\x25\xcd\xcd\x03\x2d\x8c\x3c\x23\x39\xca\xc3\
\x57\x8e\x8f\x04\xf6\x99\x98\xd5\xd7\x9c\x89\x1e\xef\x9c\x91\xa8\
\xf7\xc2\xb7\xcf\xc8\x8b\xef\x2b\x75\xf3\xbb\xd3\x3f\x83\xe2\xb9\
\xf2\x86\x8f\x68\x0e\x76\x46\x75\x84\xe4\xf7\x67\x36\xf1\xec\x6d\
\xc9\xbe\x68\xad\x7f\xfd\x1e\x87\xda\xd2\xb9\xe5\x50\xdb\xd1\x1a\
\xbf\xb0\xa9\xdf\x74\x19\x09\xad\xde\x6e\xd5\xf1\x34\x12\x14\x96\
\xf1\x78\xe9\x63\xc7\xb4\xe4\xe7\x71\xa9\x4e\x9b\x17\xde\x04\x57\
\x4f\x18\x4a\x98\x67\x4e\x27\x11\xb8\x9e\x1d\x1b\xa1\x6d\x52\xb1\
\x45\xc0\xe3\x71\xee\x69\xb5\xcf\x43\x9f\x53\x9c\x1c\xc1\x78\xfd\
\x23\xb6\xad\x1f\xa2\x62\x6d\xde\x99\x60\xdb\x6d\xdb\x51\x28\xeb\
\xb2\x6b\xcb\xa2\x7d\x1b\xbd\xe7\xdd\xb1\x7d\x13\x87\xcf\x58\xf0\
\x1e\xbf\x4b\x98\x9e\x9d\xb1\xf1\xb4\x69\xd1\xc7\xed\x18\x6e\x2f\
\x3f\xec\x77\xaf\x8e\x78\x61\xf7\x6d\xf2\xb8\x9c\x3f\xbb\x9f\xbd\
\x6f\x9f\x9f\xdf\x93\xdc\xd6\xd1\x6e\x63\xb6\x01\xf1\x30\x97\x6d\
\x6d\x76\x0f\x6d\x70\x3c\xd4\x5b\x33\x44\xa1\xb5\xdd\xcd\x07\xbc\
\x95\x2b\x43\x15\xcd\x45\x70\x43\x9d\x87\xea\xbf\x96\x57\xb8\xaa\
\xf5\xd7\x42\x60\x03\xc4\x24\x47\xc4\xba\xf3\xe4\xee\xe5\xce\xb2\
\x4c\x60\x1b\xcb\x1d\xd4\xc5\x47\x46\xc6\xbc\x54\x12\xec\x9f\x07\
\x62\x52\xc4\xf7\xc8\xe0\xeb\x63\xcf\x1a\xe5\x57\xce\x91\xf3\xa4\
\x01\x78\x25\x4d\x9a\x4e\xf8\x62\x17\x6f\xf6\xda\x91\x18\x0f\x31\
\x34\x2f\xba\xbd\xd7\x33\x01\xf3\x2c\xae\x5a\x04\xd9\xbc\x78\x25\
\x6c\x7d\x8e\x78\x79\x24\xdc\xd2\x30\xc4\xea\x3d\x37\xe2\xbd\xa6\
\xe9\x3c\xfc\x5d\xe4\xeb\x70\x01\x63\x78\x11\x9a\x0b\x42\xc2\xeb\
\x5e\xf3\x96\xd6\xb8\x13\xdc\x56\x10\x0e\x05\xaa\xaa\x7f\xd8\xca\
\x16\xf4\x5e\xd1\x1e\x95\x3f\xef\xf8\xe1\x39\x86\xfe\x9a\xb3\x30\
\x75\xb8\xaf\x3c\x9b\x57\x7e\xfb\x15\x21\xff\x6a\xd8\xb6\xd1\xb6\
\xf7\xf1\x3c\x7b\xb6\xfc\xc9\x5b\x87\x10\xc2\xa1\x5f\xf2\xbb\x0b\
\x6d\x8f\xfd\xd9\xc9\x50\x87\x0d\x21\x96\xf6\xc5\x5b\xa6\xd3\xe3\
\xd9\xd8\x52\x11\x31\xfd\x7d\x77\x61\x2c\x3f\xee\xf2\xf2\x18\x3f\
\x8b\xe7\x44\xc0\xa6\xdf\xb6\x9e\x0f\x41\xab\xa1\x1c\x6c\xc5\x21\
\xee\x27\xf7\xef\xbf\x3f\xda\x9b\x54\x2d\xc0\xc4\xe3\xae\x05\x90\
\x15\xcf\x52\xf6\xdb\x4e\xd3\xf0\xe2\x7a\x9c\x64\x67\xed\xaf\x15\
\x9b\x76\x3c\x79\x6b\xd0\x4d\x47\xc9\xfa\xdb\xf4\xbd\x63\x34\x75\
\xf1\xf1\x90\x87\xa6\xce\xdb\x10\xc2\x3e\xc9\xf3\xec\xad\x47\x39\
\xd8\xdc\x73\x87\x30\xbd\xbc\xe9\x3a\x17\x08\x65\xff\x90\xad\xf7\
\xc0\xdb\x0e\x8b\xb7\x04\xa6\xfe\xdd\xb6\x67\xfa\x9e\x3a\xbd\x5d\
\xb4\x1d\x91\xad\x19\x8d\xf1\xf6\xc6\xaa\x6b\xfc\xb2\x79\xfc\x5d\
\xce\x79\x26\xec\x05\xef\xed\x83\xfe\x6e\xcb\x92\xf0\x6a\xbd\x97\
\x30\x7e\x07\x27\x46\xde\xb6\xdd\x97\x16\x42\x5f\xd1\xf6\x9e\xbe\
\x3c\x8c\x7d\x03\x1d\xa0\x08\x75\xd9\x79\x12\xea\x28\x9a\xf7\x56\
\x1d\x95\xb0\x80\x36\xb0\xbe\x88\xe8\xe2\xd9\x2e\xf1\x50\x05\xa0\
\xd9\xd6\x5d\x9e\x87\x10\x11\x63\xf5\x72\xc7\x05\x73\x1b\x56\x52\
\x56\x2d\x49\x21\x3d\x15\x52\xa1\xf6\x2a\xa4\x31\xd5\x48\x23\xbb\
\xc7\xd9\x6c\xc0\x70\x22\x34\xce\x2a\xa5\xfe\xfc\x4c\xa8\x7b\xe7\
\xdb\xca\x7d\x56\xa1\x46\x85\xf6\xdf\x11\xfe\xa3\x0a\x35\x12\x30\
\x23\xf1\xee\x85\xfb\xac\x21\x3c\x13\x8e\xc3\x4e\x91\x8a\x6f\x19\
\xe7\x37\x6e\x58\x46\xc6\x50\x1f\xf7\xc6\x65\xdb\x7b\x59\xac\xd1\
\x1c\x89\xd9\x57\xc5\xe3\x59\x1c\x47\x13\x4d\x6d\x79\x39\x6b\x64\
\x47\xf7\x3f\x3b\xfe\xcc\x98\x8e\x86\x9f\x9c\x3d\xb3\x67\xf7\x7e\
\xf5\x77\x1d\x87\x57\xea\x9c\x4e\x93\x16\x8f\xed\xf3\xdf\xb8\xf7\
\xef\x84\xce\x33\xc9\xee\xf2\xf8\x03\x10\x76\x21\x25\xe7\x8e\x1a\
\xf8\x57\xf2\xf6\x57\xca\x86\x7d\xf6\x23\x91\xa1\xeb\xc3\x3f\x71\
\xdf\x5f\xf9\x5d\x8b\xa8\x12\x87\x3a\x0e\xde\xd8\x7d\x2d\x02\xcf\
\xae\xf7\xd2\xe9\xe5\xf3\xd9\x39\x9e\x28\xd4\x9d\x0e\x2b\xf8\xed\
\x35\x76\xac\xaf\x77\x8f\xf0\x64\xf2\xe0\x68\x17\x47\x7b\x6e\x77\
\xce\x20\x4c\xdd\x71\xd2\xe9\x1a\x85\x35\xca\xa7\x51\xd8\xf6\x98\
\xd5\x0b\x23\xb1\x2a\xf4\x43\x00\x95\xa7\xdc\x29\x93\xa3\xb9\x4e\
\x5e\x5e\x9d\xd5\x33\x6f\x1d\x75\x9b\x66\xaf\x3e\x8c\x9e\xc5\x33\
\x7d\x22\xe7\x3c\x6b\x73\x5e\x11\xe8\x5f\x99\x2c\x62\x58\x0b\xd1\
\xd6\x99\x0d\xde\x43\x53\x0b\xd5\x07\x71\x05\xc8\x6f\xd6\x78\x88\
\x60\xee\xbd\x11\x9d\x13\x7b\x43\xf5\x96\x07\x60\x13\x9f\x77\xec\
\xfe\x05\x14\xb1\x1d\xe3\x84\x14\xcb\x4a\x25\x73\xba\x62\x4e\x37\
\x2c\xe9\x86\x1c\x97\xb6\xed\xfb\xc1\x0d\xe2\xb2\x4f\x94\xd8\xd3\
\x2b\x05\xc1\xaf\xe4\x21\xf8\xbb\x5a\xe9\xdf\xcf\x0a\xab\x35\x9c\
\xde\xf5\xf6\xbb\x27\xb8\xbd\xdf\xac\x31\xd1\xf7\x3f\x13\x48\x3a\
\x9c\xd1\x18\x5b\x7b\xae\xc6\x9b\xdd\xee\x75\x4e\xce\x84\xa3\x8d\
\xa3\x77\x9e\x77\xdc\x13\x49\xde\x39\xa3\xfc\x1b\x5d\x6b\x9f\xe1\
\xbf\x23\x0e\xbd\xf2\x70\x76\x3f\xe1\x95\xfb\x3e\xbb\xb7\xfe\x7d\
\x14\xd6\x59\xde\x79\xd7\x7b\x5e\x9c\x67\x46\x54\x87\xe5\x35\xfe\
\xde\xfd\xbc\x38\x0b\x52\x57\xa5\x0e\x8f\x05\xb5\x7e\x33\xb4\xd7\
\x77\xb1\x41\xbf\x2a\xdc\x28\xb4\x5f\xa5\xb7\xad\x80\xe4\xdf\x6e\
\xa7\xbc\x25\x1c\xdb\xd5\x4f\xea\xc2\x99\x2d\x79\x36\xbe\xfe\x57\
\x05\xbd\xb5\x79\x4f\xbd\xf0\xbf\x50\x1f\x47\x02\xf7\x95\xef\x23\
\x5b\x6f\xbf\xcb\xfd\xbc\x61\x3e\xcf\x56\x0e\x39\xb3\xf5\xba\x2e\
\xeb\x34\xbf\x3a\x86\x78\x94\x87\x23\x81\xa7\xd3\xa2\x9f\xb5\x8d\
\xc3\xc8\x16\x79\xe9\xb6\x22\x53\x78\xd6\x56\x9d\xc5\x69\x94\x2f\
\x23\xbc\xbc\xf3\xda\x89\x91\xed\xb7\x1a\xc0\xc6\xd5\x76\x00\xce\
\xee\x2f\x76\xd2\xa6\xd3\xb3\xf9\x68\x6f\x4f\xfc\xf8\x9d\xdd\xcb\
\xeb\x10\xfc\x6e\xe4\xd6\x86\x29\x6c\x63\x36\x3e\x1e\x80\x3a\x21\
\xad\x0f\xa4\x08\xee\xce\x2b\xde\x44\xd9\x2e\xbc\x51\xef\xbd\x95\
\x41\x28\x4d\x78\x17\xb1\x9d\xca\xcb\xb4\x20\x9b\xe1\xe4\xe6\xe1\
\x9e\xe2\xa5\x09\xee\x25\xdd\x30\xc5\x05\xa1\xae\xcd\xfd\xf7\x1e\
\xe2\xf8\x75\x7f\x2b\x6c\xa6\x21\x29\xa9\x0c\x87\x09\x62\x7b\x5e\
\x39\x05\x31\xc0\x1d\x6d\x3e\x32\x1c\x67\x82\x46\xff\x3e\xf2\x28\
\xea\x8a\x62\xbd\x14\xed\x5e\x66\xec\xe3\x59\x65\x3f\x13\x22\x21\
\x84\xee\xd5\xef\x2b\x46\x63\xf4\xbb\x8e\xdf\xaf\x08\xc3\x67\x1e\
\x0b\xef\xb7\x97\x56\xd1\x50\x8c\x56\x15\xd1\xf7\xf7\x44\xc0\xc8\
\xd0\x78\x69\x1b\x09\x12\xcb\x28\xdf\xce\xee\x79\x96\x56\x7b\xee\
\x59\x5e\xe8\xe7\x32\x8a\xe7\xb3\xeb\xff\x0e\xe5\xb2\xa3\xb0\xf3\
\xcf\xdb\xff\xda\xe3\xbf\x76\xcf\xdf\xaf\x61\xf8\x27\xb1\x76\xcc\
\x5b\xc6\x4e\x9f\xab\xe7\x0f\xbd\xf2\xa6\xe2\x99\x9d\x78\x45\x94\
\x3f\xab\x97\xd6\x99\xf0\xac\xb3\x79\x56\xdf\xac\x2d\xb2\xf5\xf6\
\x20\xc0\x44\xe4\x98\x09\xd0\x5a\xe4\x79\xe9\x39\xf3\x90\x8e\xde\
\x8e\x3d\x4b\xff\x68\xe5\x14\xaf\xb3\x72\x68\x6b\x9e\x74\x26\xbc\
\xc9\xb6\x5a\x18\x3f\x13\xa4\xde\xf3\xb0\xbb\x60\xea\x74\xdb\x65\
\xfb\xfa\x6b\x00\x2d\x42\xbd\xe7\x78\x14\xdf\x38\x9c\xb3\x5f\x0f\
\x60\xa0\x15\xf4\xf9\x7f\x57\x90\xfe\xbb\x36\xca\xbb\xdc\xb3\xdf\
\xd2\x81\x96\x6b\x4e\xfa\xa0\x2f\xdc\xf3\xf7\xb4\xab\xf9\xf1\x57\
\x29\x5a\x41\xf4\x52\x28\xff\x82\xfc\xc3\x2e\xa6\x8a\xd1\x91\x93\
\xca\x58\xd5\x32\xa2\xaa\x56\x0c\x04\x00\x8f\x3a\xc4\x23\xee\x9f\
\x65\x78\x88\xdc\x55\xbc\x4d\x75\x32\x25\x1e\x1b\x1e\xa2\xfe\xeb\
\xc2\x23\x31\x06\xc4\x98\x10\x30\x21\xc5\x19\x53\xbc\x60\x49\x77\
\xac\xd3\x3b\xae\xf3\x0f\x5c\xe7\x77\x2c\xf9\x56\x96\x09\x0c\xb9\
\xcc\x2e\xff\xdb\x0d\xf9\x6b\xe2\xc1\x35\x4e\x38\xbf\xd6\x86\x31\
\xfa\xed\xcc\x80\x8d\xae\x7f\xa5\x97\xff\x2c\xac\x67\xc3\x71\xbc\
\x09\x49\xa3\x70\x5b\xa7\xe2\xc4\xf8\x78\x3c\x13\xba\x5e\x03\x26\
\xf7\x1b\x36\xdc\x67\xcf\x6c\x60\xa8\x37\xf4\xaf\xf4\xce\x04\xb1\
\x17\xd6\xb3\xc6\xe8\x95\xef\x96\x91\x87\xbc\xfc\xb6\x1b\xbe\x10\
\x7a\xe3\x2f\xa7\xbf\x22\xf2\x7f\x25\x3e\x84\xbc\xc2\xa8\x1c\xb9\
\x62\x4f\xec\x86\x3a\xf6\xaa\x23\xe0\x95\x7b\xfe\x8a\x0d\x3d\x0b\
\xdb\xfe\x6e\x3d\xc3\x07\x0f\xb4\xd8\xce\x7a\x59\x0c\x67\xcb\xd9\
\x1d\xc3\xed\xec\x5e\x6d\x2f\xdb\xf7\x93\xeb\xbd\x38\x9f\x09\x5e\
\xef\xed\xe4\xc8\x4b\x6a\x77\xf6\xf4\xe2\x6d\xe3\xd0\xe2\x7f\xe2\
\x70\x1a\x39\x8f\x6c\x79\xb1\x69\x3f\xfb\xae\xaf\xf7\x3a\x11\xde\
\xf1\x1a\x92\x9b\x8e\xd1\xb5\xfb\x77\xff\xda\x67\xbf\x91\xdf\x8b\
\xfc\x78\xd4\x01\x1d\x55\x6c\x03\xb5\x72\x84\x50\x36\xa4\x89\xa1\
\x88\xeb\xaa\xca\xcb\x04\xb4\x7a\x5e\x40\x11\xdd\xea\xb5\x43\xf1\
\x54\x44\x04\xec\xe3\xbf\xf5\x14\x4b\x99\x8c\x19\xb6\x5d\xd0\x6f\
\x0f\xe0\xf1\x57\x5d\x93\x3b\xca\x4c\xe5\xba\x1e\x77\x98\x91\xb0\
\x62\x8a\x57\x2c\xf9\x8e\xcb\xf4\x86\xeb\xfc\x81\xcb\xfc\x51\x44\
\x77\x9c\xeb\xd0\x92\xe0\x56\xea\xef\xcc\xaf\x0a\xb8\xa7\x98\x97\
\x18\x32\x89\xe8\x97\x85\x9a\xfd\xfa\x0f\x09\x39\x37\x9c\xf0\xef\
\x85\x6f\x3b\x20\x9e\xa7\xfe\xbf\xc9\x79\xa3\xda\xff\xb5\xc7\x9f\
\x5d\x4f\xc8\x7f\x8a\xd3\x72\xbc\xed\x6f\x0c\x9b\xc8\x93\x26\x63\
\xc3\xfe\x36\xb1\x1e\xdb\xb6\x5e\xcc\x02\xea\x3c\x39\xae\xc7\x30\
\xbe\x10\xaf\xbf\x65\xe7\xb0\xdf\xa7\xfb\x4d\xbf\x76\xd7\xf1\x55\
\xe1\x9c\x8b\xbe\x51\x04\xd4\x2d\x5e\x70\x31\xbe\xda\x1e\x5a\xcf\
\xb7\xfd\xed\xef\xe0\xa5\xd1\x5b\x2e\xd7\x3a\x8d\xfe\x53\xbc\x62\
\x57\x09\xf9\x0c\xb2\x94\xf3\x66\x16\x9a\x8b\x0c\xd5\x78\x89\xdb\
\xac\xf6\x86\x61\x8d\x85\x57\x51\x1e\xd8\xb6\xe2\xe9\x16\xb1\x0d\
\x09\x0e\x32\x33\x5b\x7e\x8f\xd8\x36\xf1\x8e\x86\x32\xbc\x64\x4b\
\x08\x5b\x2e\x5e\xee\x20\x9b\xdf\x5c\xb1\xe6\x3b\xd6\xe9\x0d\xeb\
\x74\xc7\x92\x2f\xbb\xe0\xc6\xab\x63\xb9\xc9\x29\x36\x0b\x99\xa5\
\x84\x90\xcf\xc6\xf1\x74\xef\x9e\x1d\x25\x1e\xcf\x3a\xc4\x56\xf8\
\xfe\xa7\x6c\xd7\x0b\x8e\xd2\x33\x8f\xfe\xdf\xbe\x2d\x95\x21\x21\
\x5f\x92\x7d\x8d\xb5\x80\xb2\x13\x24\xb4\x98\x36\x3d\xd4\xd6\x83\
\x17\x2d\xee\xbb\x13\xb6\x3a\xcc\x04\x6d\x22\x65\xf9\xb7\x6d\x65\
\xbd\xce\x72\xd5\x5f\xd8\x10\x8b\xc7\x7b\x8b\xc0\x16\x11\x90\x10\
\xb6\x32\xa4\x24\x60\x42\x44\x1d\xc3\x9d\x56\xcc\xf9\x86\x35\xbf\
\x61\xcd\x77\xcc\xe9\x8a\x29\x96\x75\xb9\xbd\x8d\x70\x08\x21\x84\
\x10\x42\x08\xf9\x5f\xa2\x88\xee\xa0\x84\x31\xba\x37\x7b\xed\xff\
\x7a\x72\xcb\xae\xc7\xed\x7b\xbc\xad\x9e\x5e\x77\xd4\x92\x55\x06\
\x36\x19\x57\xf5\xa8\x13\x2c\xcb\xc4\xc9\x50\x27\x7b\xc4\x47\x59\
\x7f\x3b\xd4\x09\x94\x01\x09\x29\x4c\xc8\xa1\xae\x54\x92\x6f\xc5\
\xcb\x3d\xbf\x61\xc9\xb7\xb2\x11\x4e\x9c\xd4\x8a\x25\x84\x10\x42\
\x08\x21\x84\xfc\xef\x92\xdb\xb8\xb3\xaa\xbb\xc5\x13\xbd\x99\xf1\
\x72\x8f\xb0\x29\x69\xbd\x0f\x33\xd1\xf2\xbc\x78\xb3\xb7\xfd\x22\
\x79\x95\xb6\xc9\x0c\xe2\x32\xa6\x5b\xc2\x0e\x5b\x19\x0f\x5e\x26\
\x88\x44\x20\xc8\x38\xee\x8c\x1c\x67\xcc\x79\xc5\x9a\xaf\xb8\x4c\
\x6f\xb8\xcc\x6f\xb8\x4e\xef\x58\xa7\x1b\xa6\xb4\x8f\xe3\x26\x84\
\x10\x42\x08\x21\xe4\x7f\x9d\x6c\x47\x87\x6c\xd8\x85\xf7\xf1\x07\
\xf7\x8b\x3a\xa7\x6e\x70\xa3\x27\x44\x6c\xc5\xe7\xdd\xbc\xdd\x78\
\x14\x71\x8d\x3a\x44\x45\x9c\xe3\x21\x20\x20\x21\x22\x21\x85\x8c\
\x29\x2d\x58\xd2\x15\xeb\x74\xc7\x65\x7e\xc7\xa5\x8e\xe5\x9e\xd3\
\xa5\x7a\xb9\x39\xac\x84\x10\x42\x08\x21\x84\x7c\x0d\xf2\xbe\x76\
\xa4\x5a\x42\xc8\x9c\xd4\x3c\xdc\x83\xc9\xc5\x32\xb3\x5c\x04\x77\
\x71\x60\xd7\xc9\x97\x5b\xef\x19\x0f\x28\x63\xc1\xcb\xf0\x12\x14\
\x97\x7a\xb7\x16\xf7\x82\x9c\xea\x3a\xdc\xd3\x1d\x97\xe9\x1d\xb7\
\xf9\x03\xeb\x74\xc7\x94\x16\xa4\x98\x9b\xe0\xfe\xdd\x56\x2b\x21\
\x84\x10\x42\x08\x21\x5f\x93\xea\xe9\x36\xc2\x5b\xcf\x7f\x94\xa3\
\x5b\x37\xaa\xbb\xd1\x0b\x6e\x54\xc1\x2d\x8b\xf3\xd7\x60\x36\x3d\
\x4e\xbc\x6c\x37\x1f\xea\xc1\xd0\x26\x5b\x46\x44\xe4\xb2\x5a\x49\
\xbc\x62\xce\x57\xac\xd3\x1b\x2e\xf3\x3b\x6e\xf3\x0f\x2c\xf9\xda\
\x44\x77\x40\xa2\xe0\x26\x84\x10\x42\x08\x21\x5f\x86\x2c\x43\x34\
\xda\xb0\x92\x6e\xb9\xd1\xe2\xa3\x8e\x1b\x80\xb0\x8b\xe8\x7d\xfe\
\x64\xdd\x49\x12\x5a\x6c\xa3\x2c\x5c\xb2\x85\x26\xd6\x21\xeb\x71\
\x37\xef\x74\xf1\x6c\x97\x1d\x24\x23\x52\x98\x30\xc5\xb5\x08\xed\
\x7c\x2f\xe3\xb7\xe7\x0f\xdc\x96\xea\xe1\xce\x2b\x52\xda\x97\x07\
\xe4\xa8\x12\x42\x08\x21\x84\x10\xf2\x95\xc8\xb2\x3c\x76\x80\x2c\
\x19\x68\xbd\xd9\x5b\x59\x8b\x64\x93\x05\xec\x77\xcd\x1d\x45\x64\
\x87\x50\x77\xf3\x03\xb6\x47\xd9\xec\x06\x90\x21\x26\xa1\x09\x74\
\x59\xde\xaf\xac\x52\xb2\x0b\xef\x18\x27\xe4\xba\x16\xb7\x0c\x29\
\x29\xbb\x4e\x7e\xa8\x71\xdc\x99\xab\x95\x10\x42\x08\x21\x84\x90\
\x2f\x49\x1b\x5e\xa2\x05\x77\x73\x64\x6f\xe2\xf9\x6e\x5b\x81\x35\
\xe1\x0d\xec\x43\x48\xca\xe7\xb0\x7b\xba\xeb\xf7\x7e\x9d\xee\xdd\
\xb3\x1d\x42\x44\x0c\x09\x29\xce\x48\x98\xb1\xe4\x2b\xd6\xfc\x86\
\xeb\xf2\x03\xf7\xe5\x27\xee\xcb\x07\xae\xcb\x3b\x2e\x73\x2f\xb8\
\xe9\xe2\x26\x84\x10\x42\x08\x21\x5f\x91\x8c\x20\x42\x5b\x2f\x01\
\x88\x32\x3e\x3b\xd4\x89\x90\x6d\xbc\xb7\xac\x4c\x52\xbe\x17\xa1\
\x5d\xaf\x7e\x88\x67\xbb\x9e\xb2\xc9\xe6\xef\xbb\xe0\x2e\x13\x26\
\x53\x59\x16\x30\x26\xe4\x38\x63\x0a\x17\x2c\xd3\x1d\xd7\xf9\x1d\
\xb7\xe5\x03\xf7\xcb\x4f\xdc\xd7\x3f\x70\x5b\x7e\x60\x9d\x64\x9b\
\xf7\x0c\xd9\x32\x9e\x10\x42\x08\x21\x84\x90\xaf\x46\xdd\x91\x52\
\x2d\x01\x68\x76\x99\xb4\x43\x4d\xd4\x74\xc8\x2a\xae\xeb\xba\xde\
\xb2\x95\x7b\x5b\xe4\x3b\xb4\xf5\xb7\xcb\x90\x90\x88\x88\x84\x18\
\x33\x52\xcc\xc8\x69\xc2\x9c\x2e\x58\xe2\x0d\xd7\xe5\x1d\xb7\xf9\
\x27\xee\x6b\xf9\x77\x5b\xde\xb1\x4c\x65\xe2\xa4\xac\xc7\x4d\xc1\
\x4d\x08\x21\x84\x10\x42\xbe\x2a\x79\x9f\x19\xa9\x24\x75\xe8\xa5\
\x76\xd8\x64\x9c\x77\x68\x93\x2b\xcb\xb7\xb0\x0f\x23\x11\xb1\x2d\
\x93\x2d\xb7\xba\x19\x4e\x15\xdc\x21\x24\x84\x90\xdb\x1a\xdc\x53\
\x5e\xb0\xa6\x1b\xd6\xfc\x8e\xfb\xf2\x81\xf7\xf5\x4f\xbc\xad\x7f\
\x16\x0f\xf7\x7c\xc3\x9c\x56\xc4\x90\x11\x29\xb8\x09\x21\x84\x10\
\x42\xc8\x17\xa7\xae\x5e\xb2\x35\x97\xb6\xb7\xed\xcd\x76\xf8\x10\
\xda\xca\xdb\x65\x97\x49\xe3\xe5\xae\xff\xda\x84\xc9\x2d\x21\x20\
\x17\x11\x1d\x67\xe4\xb8\x60\x4e\x17\xac\xd3\x1d\xd7\xa9\x0e\x2b\
\x59\x7f\xe2\xbe\x7e\xe0\x32\xdd\x30\xe7\x0b\x52\x4c\x88\x21\x72\
\xd7\x49\x42\x08\x21\x84\x10\xf2\xe5\x31\x4b\x81\x14\xe5\xbc\x39\
\xbb\xe0\x84\xb6\x96\xa0\x1a\xb7\x8d\xd0\x89\x6c\xf9\x57\xbc\xdf\
\x11\xd8\x44\x70\x27\x44\x64\xc4\x30\x23\x87\x05\x53\xba\x60\x49\
\x37\xac\x75\xe3\x9b\xb2\x52\xc9\x1b\x96\x7c\x41\x4e\x33\x62\x4c\
\x75\xc2\x25\x05\x37\x21\x84\x10\x42\x08\xf9\xfa\xe4\xfd\xa3\x19\
\xbd\xbd\x6d\x4d\xf4\xf6\x82\x5b\xad\x4a\xa2\x56\x27\x09\x32\xbe\
\xbb\x89\xef\x3a\x69\x12\x11\x08\xa9\x6e\x7c\x33\x21\xc7\x05\x53\
\xbc\x60\xce\xb7\xba\xdb\xe4\x4f\x5c\xe7\x1f\xb8\x4c\x6f\x58\xa6\
\x2b\x72\xcc\x88\x31\x7d\x7e\xca\x09\x21\x84\x10\x42\x08\xf9\x0f\
\x91\xff\xfa\xeb\x2f\x84\xba\x23\x65\x1b\xab\x1d\xb0\x0f\x19\x69\
\xab\x99\xec\x6b\x6e\x8b\x23\xfc\x2f\x6c\x78\xe0\x81\x08\x19\x70\
\x22\xc3\x49\x44\x70\xcb\x38\xee\xa9\x0e\x29\xb9\x62\xcd\x37\xdc\
\xe6\x0f\xdc\xd7\x0f\xbc\x2d\x7f\xe0\x6d\xfd\x03\x97\xe9\x8e\x9c\
\x66\x24\xb5\x0e\x37\xc7\x71\x13\x42\x08\x21\x84\x90\xef\x42\x11\
\xdd\x01\x88\x21\x22\x86\xba\xad\xbb\x9a\x28\x09\xec\x4b\x01\x62\
\x03\xf0\x90\x6d\xdf\x51\xb7\xa0\x7c\xe0\x01\x20\x86\xd4\x26\x3d\
\xee\x9b\xdf\xf4\x1e\xee\x39\x5d\xb0\xe6\x37\xdc\xe6\x1f\x78\xaf\
\x82\xfb\x6d\xfd\x59\xb7\x78\x97\x61\x25\x9c\x38\x49\x08\x21\x84\
\x10\x42\xbe\x17\x59\x24\x6e\x40\x68\x82\xb7\x5f\x13\x7b\x5f\xab\
\x04\x7a\x98\xc9\x86\x32\x6e\xbb\x8a\x6c\xf1\x6c\x47\xa4\xb2\xf1\
\x4d\x98\x10\xc3\x84\x29\x2d\x98\xf3\x8a\xcb\x74\xc7\x75\xfe\x81\
\xb7\xe5\xa3\x88\xed\xe5\x0f\x5c\xa7\xb7\x22\xb8\xa3\x6c\xf1\x4e\
\xc1\x4d\x08\x21\x84\x10\x42\xbe\x1f\x39\x86\x2a\xb6\xeb\xc4\x45\
\x2d\xbe\xf5\x16\xee\xfd\x90\x6f\xb5\x3a\x49\x88\xbb\xd8\x46\xaa\
\xcb\xfc\x65\xe4\xba\x4a\xc9\x92\x2f\x58\xa6\x6b\x13\xdc\xef\xeb\
\x1f\x78\x5f\xfe\xc4\xdb\xf2\x07\xd6\x7c\xc3\x9c\x16\xa4\x90\xb9\
\x52\x09\x21\x84\x10\x42\x08\xf9\xb6\xe4\x20\x9b\xcf\x18\x2f\x77\
\x13\xdd\xc0\xbe\x0e\xb7\x20\x9b\xdf\x68\x0f\x77\x5d\x83\x3b\xc5\
\x09\x29\x4c\x98\xf3\xda\x96\x05\xbc\xcc\xf7\xba\x16\x77\x19\x52\
\x72\x5b\xca\xc4\xc9\x29\xcd\x14\xdc\x84\x10\x42\x08\x21\xe4\xdb\
\x93\x63\xf3\x70\x03\x32\x1d\x32\xb4\x35\xb6\x95\xf0\x16\xda\xe4\
\xca\xa0\x3c\xdc\xb9\x8d\xdd\x9e\xe2\x82\x29\xad\x58\xa6\x2b\x96\
\x7c\xc5\x6d\xf9\x81\xdb\xfc\x03\x6f\x97\x9f\x78\xbf\xfe\xb1\xaf\
\xc5\x9d\xd6\xb6\x16\x37\x28\xb8\x09\x21\x84\x10\x42\xc8\x37\x26\
\x17\x6f\xb5\x5e\x2d\x64\x17\xdc\xa1\xad\xc3\x0d\xb5\xbd\x7b\x39\
\xa7\x6d\xeb\x8e\xea\xe1\x0e\x13\x72\x9c\xb1\xa4\x0b\xe6\xe9\x8a\
\xcb\x7c\xc7\x65\xba\xb7\xad\xdd\xdf\xd6\x9f\x78\x5f\x7f\xe2\x3a\
\xbf\x61\x4a\x0b\x72\x9c\xcb\xc4\xcb\x10\x9d\x68\x11\x42\x08\x21\
\x84\x10\xf2\x7d\xc8\x01\xfb\x3a\xdc\x76\x22\xe3\xa6\xb6\x74\xd7\
\xa2\xbc\xac\x4c\x12\xeb\x8a\x25\x09\x29\x4e\x98\xd2\x8a\x39\xad\
\xb8\xcc\x77\xac\xd3\x1d\xb7\xf5\x47\xdd\x69\xf2\x03\xf7\xe5\x03\
\xb7\xe5\x1d\xeb\x74\xc3\x94\x65\x0c\x77\xa0\x87\x9b\x10\x42\x08\
\x21\x84\xfc\x16\x64\x28\xc1\xbd\xa3\x96\x08\x04\xf6\x31\xdc\xdb\
\x3e\xac\xa4\x78\xba\x77\x0f\xf7\x9c\x56\x2c\xd3\x0d\x97\xe9\x0d\
\xd7\xe5\xbd\x8d\xdf\xbe\xaf\x1f\xb8\x2d\x3f\xb0\x4c\x57\xcc\x79\
\x41\x4e\x53\x19\x0b\x4e\xc1\x4d\x08\x21\x84\x10\x42\x7e\x13\x32\
\x1e\xa8\x8b\x94\x6c\x6a\xf8\xc8\xa6\x26\x52\xee\x6b\x6f\xc7\xea\
\xe1\x2e\x43\x42\x12\xa6\x34\x63\x4a\x2b\xd6\x7c\xc5\x3a\xbd\xe1\
\x32\xbf\xe1\xed\xf2\xb3\x79\xb7\xef\xeb\x07\xd6\xf9\x8e\x65\x2a\
\xdb\xbb\xa7\x98\x4b\xb8\xd4\xdb\x84\x10\x42\x08\x21\xe4\x37\x22\
\x6f\x32\x5e\x1b\x68\x1f\x02\x00\xa8\x8d\x6e\xca\x44\x4b\x19\xc3\
\x5d\x57\x2c\x09\x09\x53\x5c\xb0\xe6\x4b\x59\x83\x7b\x79\xc7\x6d\
\xf9\xc0\xfb\xe5\x5f\x78\xbf\xfc\x51\xbf\xff\x28\xe3\xb7\xd3\xd4\
\x86\xa2\xd0\xc3\x4d\x08\x21\x84\x10\x42\x7e\x37\xb2\x5e\x0a\xb0\
\x6d\xff\x2e\x2b\x98\xd4\x89\x8e\x31\x14\xc1\x9d\xc2\x3e\x69\x32\
\xc5\xa9\x2e\x07\xf8\x86\xdb\xf2\x03\xf7\xe5\x67\x9b\x34\x79\x5f\
\x3f\xea\x70\x92\x15\x29\xe6\xb6\xbd\x3b\x05\x37\x21\x84\x10\x42\
\x08\xf9\x1d\xc9\xb2\xa5\x7b\x0c\xa8\x4b\x05\xca\xee\x94\xb1\x0a\
\xee\xb2\xac\x5f\x0a\x19\x39\x4c\xc8\x21\x63\x4a\x97\x32\x69\xb2\
\x7a\xb3\xcb\x76\xee\xff\xc2\x7d\xfd\x89\xeb\xfc\x8e\xcb\x7c\x47\
\x4e\x33\xa6\x34\x21\xc8\x4e\x93\x14\xdc\x84\x10\x42\x08\x21\xe4\
\x37\x25\x03\x68\xeb\x74\xb7\xb1\xdb\x21\x22\xc6\x58\x57\x26\x29\
\xab\x93\xe4\x30\x15\x21\x1d\x67\xac\xf9\x8e\x25\xdf\xca\xd8\xed\
\xf5\x8f\xb2\x24\xe0\xf2\x07\xae\xb3\x4c\x98\xbc\xb4\x35\xb8\x8b\
\xd8\xa6\xe0\x26\x84\x10\x42\x08\x21\xbf\x2f\x65\x1b\x78\xf5\x5f\
\x0c\x11\x21\xd6\xa5\x00\x53\x42\x8e\x53\x9b\x30\x39\xa7\x15\x4b\
\xbe\xe0\x32\xbd\xe1\x32\xbd\xe3\x6d\xfd\x13\x6f\x97\x3f\x71\x5b\
\x3e\x70\x99\xde\xb0\xe4\x2b\xa6\xb4\x20\xc5\x0c\xd9\x5e\x9e\x82\
\x9b\x10\x42\x08\x21\x84\xfc\xee\x94\x1d\x29\xd5\x4e\x94\x7a\xed\
\xed\x1c\x33\xa6\x34\x63\xc9\x17\xcc\xf9\x8a\x75\xba\x61\x9d\x6e\
\xb8\xcd\x3f\x70\x9d\x3e\xda\xb0\x92\xcb\xfc\x86\x39\xad\x98\xd2\
\x8c\x18\x33\x62\x48\xff\xed\x74\x11\x42\x08\x21\x84\x10\xf2\x3f\
\x43\x0e\x48\x6d\x41\xc0\x10\x43\x9b\x2c\x59\xd6\xde\x5e\x30\xe7\
\x0b\xd6\xe9\x8a\x75\xbe\xe3\x3a\xbf\xe3\x3a\xbf\xe3\x36\x7f\xe0\
\x36\x7f\xe0\x3a\xff\xc0\x65\xbe\x63\x4e\x6b\x59\x7f\x3b\xa4\xba\
\x9b\x25\x21\x84\x10\x42\x08\x21\x44\xc8\x11\xb9\x0d\x2b\x89\x31\
\x22\x87\x09\x29\x64\xcc\xe9\x82\xc5\x08\xee\xfb\xf2\x13\xf7\xe5\
\x67\x13\xdd\x73\x5b\xa1\x64\x2a\xa2\x9d\x2b\x94\x10\x42\x08\x21\
\x84\x10\x72\x20\xe7\x30\x23\xc5\x32\x76\x3b\xa7\x3a\x7e\x3b\x2e\
\x58\xa6\x4b\x19\x4e\x32\x97\x35\xb8\x2f\xf3\x3b\x6e\x73\xd9\xda\
\x7d\xc9\x57\x2c\xf9\x5a\x36\xbc\x09\x19\x11\x91\x5b\xba\x13\x42\
\x08\x21\x84\x10\x32\x20\x4f\x61\x41\x8e\x13\xe6\xbc\xd4\x7f\x17\
\xcc\xd3\x8a\x75\xba\xe1\x32\xdd\x8b\xd8\x5e\xeb\x50\x92\xe9\x0d\
\xd7\xf9\x0d\x39\xce\x6d\xc3\x1b\x59\x12\x90\x10\x42\x08\x21\x84\
\x10\xe2\x93\xe7\xb4\x62\xca\xc5\xb3\xbd\x7b\xb7\x45\x70\xbf\xd5\
\x7f\xef\xb8\x4c\xf7\x22\xc8\xd3\x5a\x27\x5b\xe6\x3a\xfd\x92\x10\
\x42\x08\x21\x84\x10\x72\x46\x9e\xd3\xa5\x4c\x96\xcc\x57\x5c\xa6\
\x5b\x19\x4a\xb2\xbc\xd5\x49\x93\x6f\x58\xa7\x3b\x96\xe9\x86\x39\
\x5f\xca\x78\xef\x38\xb7\x9d\x2a\x29\xb9\x09\x21\x84\x10\x42\x08\
\x79\x4e\xbe\x2e\xef\x58\xa6\x2b\xae\xf3\x1b\x2e\x4b\x19\xbf\x7d\
\x5d\x8a\x67\x7b\x9d\x6e\x98\xf3\x15\x73\x5a\x90\xd3\x52\x26\x5b\
\x86\x54\x87\x6f\x53\x70\x13\x42\x08\x21\x84\x10\xf2\x0a\xf9\xed\
\xf2\x07\xd6\xf9\x56\x27\x49\x16\x2f\x77\x5b\x77\x3b\xaf\xc8\x71\
\x42\x8a\x13\x52\x48\x00\x02\x05\x37\x21\x84\x10\x42\x08\x21\xbf\
\x48\x7e\xbf\xfe\x0b\x97\xa9\x78\xb8\x6f\xf3\x3b\x96\xf9\x86\xb5\
\xae\x4c\x12\x63\x46\x0a\x49\x0d\x25\xe1\x0e\x93\x84\x10\x42\x08\
\x21\x84\xfc\x2a\xf9\xe7\xf5\xff\xb0\xce\x77\xac\xf9\x8a\x65\x2a\
\xdb\xb8\x4f\x69\x41\xac\x5b\xc1\x87\x36\x5d\x92\x62\x9b\x10\x42\
\x08\x21\x84\x90\xbf\x43\xfe\xb8\xfe\x5f\x15\xdb\x65\x7d\xee\x98\
\xaa\xd8\x0e\x14\xdb\x84\x10\x42\x08\x21\x84\xfc\x13\xe4\x75\xba\
\x61\x4a\x0b\x52\xcc\x88\x31\x23\xb6\x5d\x25\x29\xb8\x09\x21\x84\
\x10\x42\x08\xf9\x27\xc8\xeb\x74\x47\x8a\x19\x21\x44\x25\xb8\x09\
\x21\x84\x10\x42\x08\x21\xff\x14\x51\x04\x37\xd7\xdc\x26\x84\x10\
\x42\x08\x21\xe4\x73\xc8\x31\xa6\x2a\xb7\x29\xba\x09\x21\x84\x10\
\x42\x08\xf9\x0c\x32\x3d\xdc\x84\x10\x42\x08\x21\x84\x7c\x2e\xf1\
\xbf\x1d\x01\x42\x08\x21\x84\x10\x42\xbe\x3b\x14\xdd\x84\x10\x42\
\x08\x21\x84\x7c\x32\x14\xdd\x84\x10\x42\x08\x21\x84\x7c\x32\x14\
\xdd\x84\x10\x42\x08\x21\x84\x7c\x32\x14\xdd\x84\x10\x42\x08\x21\
\x84\x7c\x32\x14\xdd\x84\x10\x42\x08\x21\x84\x7c\x32\x14\xdd\x84\
\x10\x42\x08\x21\x84\x7c\x32\x14\xdd\x84\x10\x42\x08\x21\x84\x7c\
\x32\x14\xdd\x84\x10\x42\x08\x21\x84\x7c\x32\x14\xdd\x84\x10\x42\
\x08\x21\x84\x7c\x32\x14\xdd\x84\x10\x42\x08\x21\x84\x7c\x32\x14\
\xdd\x84\x10\x42\x08\x21\x84\x7c\x32\x14\xdd\x84\x10\x42\x08\x21\
\x84\x7c\x32\x14\xdd\x84\x10\x42\x08\x21\x84\x7c\x32\x14\xdd\x84\
\x10\x42\x08\x21\x84\x7c\x32\x14\xdd\x84\x10\x42\x08\x21\x84\x7c\
\x32\x14\xdd\x84\x10\x42\x08\x21\x84\x7c\x32\x14\xdd\x84\x10\x42\
\x08\x21\x84\x7c\x32\x14\xdd\x84\x10\x42\x08\x21\x84\x7c\x32\x14\
\xdd\x84\x10\x42\x08\x21\x84\x7c\x32\x14\xdd\x84\x10\x42\x08\x21\
\x84\x7c\x32\x14\xdd\x84\x10\x42\x08\x21\x84\x7c\x32\x14\xdd\x84\
\x10\x42\x08\x21\x84\x7c\x32\x14\xdd\x84\x10\x42\x08\x21\x84\x7c\
\x32\x14\xdd\x84\x10\x42\x08\x21\x84\x7c\x32\x14\xdd\x84\x10\x42\
\x08\x21\x84\x7c\x32\x14\xdd\x84\x10\x42\x08\x21\x84\x7c\x32\xff\
\x0f\x00\x00\xff\xff\xec\xdd\xe9\x73\xdb\x46\x82\x05\xf0\x07\x9e\
\xe2\x4d\x8a\xa2\x24\x4b\x32\x75\xd9\x51\x22\xcb\x71\x9c\x75\x92\
\xca\x6c\x4d\xed\x7f\x3e\xb5\xd9\x2f\x9b\xa9\x4c\x26\x93\x38\xb3\
\x56\x6c\xeb\x22\x45\x8a\xa4\x78\x82\x20\x40\x12\x20\xb0\x1f\x74\
\x44\xb2\x64\x1d\x16\x1b\x00\xc9\xf7\xab\x62\xc9\x54\x9b\xe8\x96\
\xd4\x20\x1f\x80\xee\x06\x43\x37\x11\x11\x11\x11\x91\x60\x0c\xdd\
\x44\x44\x44\x44\x44\x82\x31\x74\x13\x11\x11\x11\x11\x09\xc6\xd0\
\x4d\x44\x44\x44\x44\x24\x18\x43\x37\x11\x11\x11\x11\x91\x60\x0c\
\xdd\x44\x44\x44\x44\x44\x82\x31\x74\x13\x11\x11\x11\x11\x09\xc6\
\xd0\x4d\x44\x44\x44\x44\x24\x18\x43\x37\x11\x11\x11\x11\x91\x60\
\x0c\xdd\x44\x44\x44\x44\x44\x82\x31\x74\x13\x11\x11\x11\x11\x09\
\xc6\xd0\x4d\x44\x44\x44\x44\x24\x18\x43\x37\x11\x11\x11\x11\x91\
\x60\x0c\xdd\x44\x44\x44\x44\x44\x82\x31\x74\x13\x11\x11\x11\x11\
\x09\xc6\xd0\x4d\x44\x44\x44\x44\x24\x18\x43\x37\x11\x11\x11\x11\
\x91\x60\x0c\xdd\x44\x44\x44\x44\x44\x82\x31\x74\x13\x11\x11\x11\
\x11\x09\xc6\xd0\x4d\x44\x44\x44\x44\x24\x18\x43\x37\x11\x11\x11\
\x11\x91\x60\x0c\xdd\x44\x44\x44\x44\x44\x82\x31\x74\x13\x11\x11\
\x11\x11\x09\xc6\xd0\x4d\x44\x44\x44\x44\x24\x18\x43\x37\x11\x11\
\x11\x11\x91\x60\x0c\xdd\x44\x44\x44\x44\x44\x82\x31\x74\x13\x11\
\x11\x11\x11\x09\xc6\xd0\x4d\x44\x44\x44\x44\x24\x18\x43\x37\x11\
\x11\x11\x11\x91\x60\x0c\xdd\x44\x44\x44\x44\x44\x82\x31\x74\x13\
\x11\x11\x11\x11\x09\x24\xcb\x32\x3c\xab\xab\xab\x97\xbe\x69\x59\
\x96\xb0\x0a\x6f\xdb\xb6\xd3\xe5\x0f\xc1\xb6\x8b\x2b\x7f\x08\xb6\
\x5d\x5c\xf9\x43\xb0\xed\xe2\xca\x1f\x82\x6d\x17\x57\x7e\x57\x92\
\x24\x3d\xe8\x39\xeb\x18\xff\x3a\x44\x6c\x93\x75\xd8\x53\xc7\x95\
\xd0\x4d\x44\x44\x44\x44\x44\xc3\xc5\xe1\x25\x44\x44\x44\x44\x44\
\x82\x31\x74\x13\x11\x11\x11\x11\x09\xc6\xd0\x4d\x44\x44\x44\x44\
\x24\x18\x43\x37\x11\x11\x11\x11\x91\x60\x0c\xdd\x44\x44\x44\x44\
\x44\x82\x31\x74\x13\x11\x11\x11\x11\x09\xc6\xd0\x4d\x44\x44\x44\
\x44\x24\x18\x43\x37\x11\x11\x11\x11\x91\x60\x0c\xdd\x44\x44\x44\
\x44\x44\x82\x31\x74\x13\x11\x11\x11\x11\x09\xc6\xd0\x4d\x44\x44\
\x44\x44\x24\x18\x43\x37\x11\x11\x11\x11\x91\x60\x0c\xdd\x44\x44\
\x44\x44\x44\x82\x31\x74\x13\x11\x11\x11\x11\x09\xc6\xd0\x4d\x44\
\x44\x44\x44\x24\x18\x43\x37\x11\x11\x11\x11\x91\x60\x0c\xdd\x44\
\x44\x44\x44\x44\x82\x31\x74\x13\x11\x11\x11\x11\x09\xc6\xd0\x4d\
\x44\x44\x44\x44\x24\x18\x43\x37\x11\x11\x11\x11\x91\x60\x0c\xdd\
\x44\x44\x44\x44\x44\x82\x31\x74\x13\x11\x11\x11\x11\x09\xc6\xd0\
\x4d\x44\x44\x44\x44\x24\x18\x43\x37\x11\x11\x11\x11\x91\x60\x0c\
\xdd\x44\x44\x44\x44\x44\x82\x31\x74\x13\x11\x11\x11\x11\x09\xc6\
\xd0\x4d\x44\x44\x44\x44\x24\x98\xcf\xe9\x06\x90\x33\x34\x4d\x83\
\xaa\xaa\x57\xbe\x9e\x3d\x0c\xc3\xb8\x75\x1b\xe1\x70\xf8\xfc\x11\
\x8d\x46\xaf\x3c\x27\xa2\xbb\x31\x4d\x13\xdd\x5e\x0f\xfd\x7e\x1f\
\xbd\x7e\x1f\xba\x61\xa0\xd7\xeb\xa1\xd7\xef\xa3\xdf\xef\xa3\xaf\
\xeb\xb7\x6e\xc3\xef\xf3\x21\x10\x08\x20\x18\x0c\x62\x2a\x18\x44\
\xc0\xef\x47\xf0\xf4\x79\x30\x10\x80\xcf\xc7\xb7\x7b\xa2\xbb\xea\
\xeb\x3a\x74\x5d\xbf\xfc\xd5\x30\xa0\x9f\x3e\x37\x2d\xeb\xd6\x6d\
\x04\xfc\x7e\xf8\xfd\x7e\xf8\x7c\x3e\xf8\x2f\x3c\xce\x9e\xd3\xe4\
\xe1\x5f\x7d\xcc\x19\x86\x01\x59\x96\xd1\x6a\xb5\xd0\x92\x65\xc8\
\xad\x16\x64\x59\xc6\x60\x30\xb8\xf1\x75\x92\x24\xdd\xba\x6d\x4d\
\xd3\xa0\x69\x1a\x6a\xb5\xda\xb5\xe5\xb1\x58\x0c\x89\x44\x02\x89\
\x44\x02\xa9\x54\x0a\x89\x44\x02\xa1\x50\xe8\x93\x7e\x0e\xa2\x71\
\xd1\xed\xf5\xa0\x75\xbb\x27\x07\xb8\x9a\x06\x55\xd3\xee\x14\xaa\
\x6f\xa3\x1b\x06\x74\xc3\x40\x47\x55\xaf\x2d\xf7\xf9\x7c\x88\x84\
\xc3\x88\x84\x42\x88\x9c\x1e\x1c\x47\xc2\xe1\x07\xd7\x4b\x34\xca\
\x06\x83\x01\xb4\x6e\xf7\x7c\xbf\x3c\xfb\x3a\x0c\xfd\xd3\xb0\xfe\
\x31\x17\x0f\x8a\x83\x81\x00\x82\x7e\x3f\xbc\x5e\xef\x50\xea\x26\
\x77\x62\xe8\x1e\x33\x9d\x4e\x07\xa5\x52\x09\xf5\x7a\x1d\xb2\x2c\
\xa3\xd3\xe9\x5c\xfb\xff\xee\x12\xaa\x1f\x4a\x51\x14\x28\x8a\x82\
\x42\xa1\x70\xfe\xbd\x40\x30\x88\x64\x22\x81\x64\x32\x89\xb9\xb9\
\x39\xcc\xce\xce\x0a\x6f\x07\x91\x53\x4c\xd3\x44\xab\xdd\x86\xdc\
\x6e\x43\x3d\x3d\x48\xbd\xee\x0c\x99\x1d\xfb\xe3\x60\x30\x80\x7c\
\xda\x96\x8b\xc2\xa7\x21\x3c\x1e\x8b\x61\x3a\x99\x84\xdf\xef\x17\
\xde\x16\x22\xa7\x68\xdd\x2e\x64\x45\x39\x39\x69\xd4\xed\x42\xbf\
\xe6\xaa\xae\x1d\xfb\x23\xf0\x67\x28\xbf\xb8\x47\x7a\xbd\x5e\x04\
\x03\x01\x4c\x05\x02\x88\x84\xc3\x08\x06\x02\xb6\xb4\x85\xec\x21\
\xa9\xaa\x6a\xfd\xed\x6f\x7f\xbb\xfc\xcd\x1b\x3a\xdc\x6d\x9d\x71\
\x94\xcb\xdd\xdc\xb6\x9b\xca\x65\x59\x46\xa9\x54\x42\xa9\x54\x82\
\x2c\xcb\x37\x6e\xc3\x6d\x02\x81\x00\x1e\x3d\x7a\x84\xa5\xa5\x25\
\xcc\xce\xce\xc2\xe3\xb9\x3a\xcd\xc0\xad\xbf\xf7\xbb\x94\xbb\xb9\
\x6d\x0f\x2d\x77\x73\xdb\x6e\x2b\x17\xb9\xed\xc1\x60\x80\x56\xbb\
\x8d\x46\xab\x05\xb9\xdd\x86\x69\x9a\x37\x6e\xcb\x4d\x24\x49\x42\
\x3c\x16\x43\x3a\x95\xc2\x74\x2a\x85\xc0\x35\x01\x7c\x54\xff\x2e\
\x4e\x97\x7f\xac\xcc\xba\xe6\x20\xec\xc3\xef\x0d\xfb\xf9\xa4\xd5\
\xa1\x6a\x1a\x5a\xb2\x8c\x66\xbb\x8d\x7e\xbf\x7f\x65\x1b\x6e\xe6\
\xf3\xf9\x10\x3d\xbd\x42\x35\x15\x0c\x9e\x7f\x7f\x94\x7e\xff\xac\
\xe3\xcf\xef\xf1\x4c\xf7\x88\x6a\xb5\x5a\x38\x3a\x3a\xc2\xd1\xd1\
\x11\xd4\x0b\x97\x93\xed\x3a\x42\x1f\x16\x5d\xd7\x91\xcb\xe5\x90\
\xcb\xe5\xe0\xf7\xfb\xf1\xe8\xd1\x23\x2c\x2e\x2e\x62\x6e\x6e\xee\
\xda\x00\x4e\xe4\x46\xc6\x60\x80\x66\xab\x85\x66\xab\x05\x59\x51\
\xae\x7d\xc3\x1d\x05\x96\x65\xa1\x25\xcb\x68\xc9\x32\x76\x0f\x0e\
\x10\x8b\x46\x91\x4e\xa5\x90\x9e\x9e\xe6\x19\x37\x1a\x29\x8a\xaa\
\xa2\xd5\x6a\xa1\xd9\x6e\x43\x1f\xc2\xf0\x2d\xa7\x18\x86\x81\xa6\
\x2c\xa3\x29\xcb\xf0\x7a\xbd\x88\x9e\x5e\x99\xba\x18\xc0\x69\x74\
\x30\x74\x8f\x10\xc3\x30\x90\xcb\xe5\x90\xcf\xe7\xa1\x5c\x1c\x36\
\x32\x62\x41\xfb\x63\x74\xc3\x40\x2e\x9f\x47\x2e\x9f\x87\xdf\xef\
\x47\xf6\xf1\x63\xac\xad\xad\x21\x1e\x8f\x3b\xdd\x34\xa2\x6b\xc9\
\xed\x36\xaa\xf5\x3a\x9a\xb2\x3c\xb2\x41\xfb\x26\x6d\x45\x41\x5b\
\x51\xb0\x9f\xcf\x23\x11\x8f\x63\x2e\x93\xc1\xcc\xf4\xf4\xc8\x1d\
\xdc\xd3\x64\xd0\x75\x1d\xd5\x46\x03\xf5\x46\x63\x28\xf3\x24\xdc\
\x66\x30\x18\xa0\xa5\x28\x68\x29\x0a\x7c\x5e\x2f\xa2\x91\x08\xe2\
\xd1\x28\x7c\x1c\x07\x3e\x32\x18\xba\x47\x40\xb3\xd9\x44\x2e\x97\
\x43\xa9\x54\x3a\x9f\x00\x39\xee\x1f\x79\x86\xae\x63\x77\x77\x17\
\xbb\xbb\xbb\x98\x4e\xa7\xb1\xb6\xba\x8a\xc5\xc5\x45\x4e\x32\x21\
\xc7\x0d\x06\x03\x54\xeb\x75\x54\x1b\x8d\x4b\x97\xaa\xc7\x3d\x88\
\x9e\x8d\x07\xdf\xcb\xe5\x30\x3b\x33\x83\xf9\x4c\x06\x53\x53\x53\
\x4e\x37\x8b\x26\x9c\x65\x59\x68\x2b\x0a\xaa\x8d\xc6\xa5\xf9\x0a\
\xe3\xbe\x3f\x0e\x4e\xe7\x8b\xb4\xda\x6d\x84\x82\x41\xc4\x22\x11\
\x84\xb9\x50\x81\xeb\x31\x74\xbb\x94\x61\x18\x28\x16\x8b\xc8\xe7\
\xf3\x68\x4f\xd0\x1b\xc9\x75\x1a\xf5\x3a\x7e\xae\xd7\xf1\xfa\xf7\
\xdf\xb1\xbc\xbc\x8c\xd5\x95\x15\x44\x22\x11\xa7\x9b\x45\x13\xa6\
\xa3\xaa\x38\xae\xd7\xd1\x6c\xb5\xc6\xf2\xac\xf6\x5d\x19\x86\x81\
\x62\xa9\x84\x62\xa9\x84\x64\x22\x81\xf9\xd9\x59\xa4\x12\x89\x89\
\x7c\x6f\x22\xe7\x18\x83\x01\x6a\x8d\x06\xaa\xf5\xfa\xc8\x8d\xd3\
\x1e\x36\xad\xd7\x83\xd6\xeb\xc1\xe7\xf5\x22\x16\x89\x20\x1a\x0e\
\xf3\x04\x95\x4b\x31\x74\xbb\x8c\x65\x59\xc8\xe5\x72\x78\xbf\xb3\
\x03\xe3\xf4\xf2\x18\x3f\xcc\x4e\xe8\xfd\x3e\xde\xbf\x7b\x87\xf7\
\xef\xdf\x63\x39\x9b\xc5\xe6\xe6\x26\x82\x1c\xd7\x46\x82\x75\xbb\
\x5d\xe4\x8a\xc5\x8f\x2e\xc5\x37\xc9\xce\xc6\xb1\x87\xa6\xa6\xb0\
\x9a\xcd\x22\x99\x48\x38\xdd\x24\x1a\x73\xa6\x69\xa2\x5c\xad\xa2\
\x52\xad\x8e\xd4\x24\x65\x3b\x18\x83\x01\x1a\xa7\x13\x46\xe3\x91\
\x08\xe2\xb1\x18\x3c\xcc\x0f\xae\xc2\xd0\xed\x22\xb5\x5a\x0d\x6f\
\xde\xbc\x39\x9f\x18\xc9\xb0\xfd\x71\xb9\x5c\x0e\xc5\x62\x11\x9f\
\x7d\xf6\x19\xd6\xd7\xd7\x79\x54\x4f\x43\xa7\x1b\x06\x8e\xca\x65\
\xd4\x9b\xcd\x89\x3e\xb3\x7d\x17\x5a\xb7\x8b\xff\x7b\xfb\x16\xa9\
\x44\x02\xab\xcb\xcb\x08\x71\xd8\x09\x09\x50\x6f\x36\x71\x54\x2e\
\x8f\xe5\x78\xed\x61\xb2\x2c\x0b\x2d\x45\x81\xa2\x69\x48\xc6\x62\
\x88\x72\x3d\x7e\xd7\xe0\x92\x81\x2e\xa8\xbb\xd3\xe9\xe0\xed\xdb\
\xb7\xa8\x7e\xe4\x26\x33\x74\xb3\x50\x28\x84\xad\x67\xcf\xb0\xb8\
\xb8\x78\x6d\xf9\x24\xf6\x29\x3b\xca\xdd\xdc\xb6\xdb\xca\x6f\x2a\
\xb3\x2c\x0b\x95\x5a\x0d\x95\xe3\xe3\x3b\xdd\x75\x8e\xae\x9a\xcb\
\x64\xb0\xbc\xb4\x74\xed\x5d\x30\xc7\xb5\x4f\xdd\x56\xce\x25\x03\
\x3f\xfd\x79\x47\x55\x91\x2f\x16\x87\x76\xd3\x9a\x49\xe3\xf7\xf9\
\x30\x9d\x48\x5c\x59\x02\xd4\x4d\x7f\xe3\x49\xa9\x83\x67\xba\x1d\
\xa4\xeb\x3a\x76\xf7\xf6\x70\x78\x78\x08\xcb\xb2\x78\x66\xfb\x13\
\x75\xbb\x5d\xfc\xe3\xe7\x9f\xb1\xbf\xbf\x8f\xad\xe7\xcf\x91\xe0\
\x6a\x27\xf4\x89\x5a\xed\x36\x8a\xe5\xf2\xc4\x8f\x11\x7d\xa8\xf2\
\xf1\x31\x6a\x8d\x06\xb2\x8b\x8b\x98\xcb\x64\xf8\xde\x46\x9f\x44\
\xd7\x75\x14\x4f\xaf\x36\xd1\xa7\xd3\x0d\x03\xe5\x5a\x0d\xa1\xa9\
\x29\xa4\x62\x31\x5e\x19\x76\x10\x43\xb7\x43\x4a\xa5\x12\xde\xbd\
\x7f\x7f\xfe\xe1\xce\x0f\xa5\x87\xab\xd5\xeb\xf8\x9f\x1f\x7e\xc0\
\xf2\xca\x0a\x3e\xdf\xd8\x40\x80\xeb\x0a\xd3\x1d\xf5\xfb\x7d\xe4\
\x8f\x8e\x2e\x2f\xc5\x49\x0f\x62\x18\x06\x76\x0f\x0e\x50\xaa\x54\
\xb0\xbe\xb2\x82\x58\x34\xea\x74\x93\x68\x44\x58\x96\x85\x72\xb5\
\x8a\x52\xa5\xc2\x71\xdb\x43\x74\x76\x9b\xfb\x58\x24\x82\x38\x17\
\x23\x70\x04\x43\xb7\xcd\xda\xed\x36\xde\xbe\x7d\x8b\x56\xab\x05\
\x60\xfc\x97\xfe\x73\xc2\xc1\xfe\x3e\x8a\xc5\x22\xbe\xf8\xe2\x0b\
\x2c\x67\xb3\x4e\x37\x87\x5c\xcc\x34\x4d\x54\x6a\x35\x1c\xd7\x6a\
\xfc\x70\x17\x44\xd5\x34\xfc\xbe\xbd\x8d\x4c\x3a\x8d\xe5\xa5\x25\
\x1e\x0c\xd3\x8d\xda\x8a\x82\x5c\xb1\x88\x5e\xaf\xe7\x74\x53\xc6\
\x92\x65\x59\x90\x15\x05\x6a\xb7\x8b\x64\x34\xca\x9b\xec\xd8\x8c\
\xa1\xdb\x26\x96\x65\x61\x6f\x6f\x0f\x07\xb9\xdc\xc9\x58\x1f\x9e\
\xd9\x16\x4a\xd7\x75\xfc\xf6\xdb\x6f\x38\x2a\x16\xf1\xf2\xe5\x4b\
\xae\x27\x4c\x57\x74\x34\x0d\xf9\x42\xe1\x7c\x52\x16\xaf\x36\x89\
\x75\x5c\xab\xa1\xde\x6c\x62\x7d\x65\x05\x33\xd3\xd3\x4e\x37\x87\
\x5c\xc6\x34\x4d\xe4\x8b\x45\xd4\x1a\x0d\x00\xdc\x1f\x45\x1b\x0c\
\x06\xa8\xb5\x5a\x08\x05\x83\x48\xc6\xe3\x5c\xe5\xc4\x26\x0c\xdd\
\x36\x50\x55\x15\x6f\xde\xbc\x41\x5b\x51\x00\xb8\xff\xcd\xc4\xe3\
\xf1\x40\x92\xa4\x4b\x0f\xe0\xe4\xc0\xe1\xec\x6c\xe0\xc5\x7f\xbb\
\x59\xb5\x56\xc3\x7f\xff\xf0\x03\xbe\x7c\xfe\x1c\x0b\x0b\x0b\x4e\
\x37\x87\x5c\xe0\xec\xd2\xf5\x71\xb5\x8a\x51\x98\x26\x79\xb6\xff\
\x7d\xf8\x15\x96\x75\xd2\xfe\xd3\xaf\xa3\xb0\xc2\xca\x60\x30\xc0\
\xdb\x9d\x1d\xd4\x1b\x0d\xac\xad\xac\xf0\x4e\x7a\x04\xe0\x64\xa2\
\xe4\x7e\x3e\x8f\xde\x88\xcc\xa5\xb8\xb8\x2f\x4a\x27\xff\x00\xf0\
\xe7\x3e\xf8\xe1\x57\x37\xd3\x7a\x3d\xf4\x6b\x35\xa4\xe2\xf1\x2b\
\x13\x2d\x69\xf8\x18\xba\x05\x2b\x14\x0a\xd8\xdd\xdb\x83\x69\x9a\
\xae\x0a\xdb\x3e\x9f\x0f\xc9\x64\x12\xa9\x54\x0a\xd3\xa9\x14\x92\
\xa7\x5f\x43\xf7\xbc\xa3\x95\xaa\xaa\xa8\x37\x1a\x68\x5c\x78\x34\
\x9b\xcd\xf3\x3b\x67\xba\x81\x61\x18\xf8\xe7\x2f\xbf\xa0\x54\x2e\
\xe3\xf9\xd6\x16\xfc\x7c\x63\x99\x58\xbd\x7e\xdf\xb5\xab\x20\x04\
\x03\x01\x84\x42\x21\x84\xa6\xa6\x10\x0a\x06\x11\x0a\x85\x10\x0c\
\x04\xee\xf5\xbe\x61\x9a\x26\xba\xbd\x1e\xb4\x6e\xf7\xe4\xa1\x69\
\xd0\x7a\x3d\xe8\x2e\x5b\x62\xad\x5a\xaf\x43\x56\x14\x3c\x5d\x5d\
\xe5\xc4\xe7\x09\x66\x59\x16\x8e\x2a\x15\x94\x8f\x8f\x5d\x17\x50\
\xbd\x5e\xef\xc9\xbe\xf8\xc1\xe3\xbe\x93\x10\x7b\xfd\x3e\xba\x67\
\xfb\xe3\xe9\xa3\xdb\xeb\xb9\xea\xe7\x1d\x98\x26\xaa\xcd\x26\xa2\
\xa1\x10\x62\x91\x88\xab\xb2\xca\xb8\xe1\x92\x81\x82\xb6\x7d\x36\
\x9c\xe4\xb0\x50\xb8\xf1\x35\x76\x49\x24\x12\x98\x9d\x9d\xc5\x6c\
\x26\x83\xd9\xd9\x59\x24\x93\x49\x61\x75\x59\x96\x85\x66\xb3\x89\
\x72\xa5\x82\x4a\xa5\x82\xe3\xe3\x63\xc8\xb2\x2c\xac\xbe\xfb\x88\
\xc7\x62\x78\xf5\xea\xd5\xa5\x83\x8b\x51\xe9\x53\x6e\x2b\x77\x73\
\xdb\xae\x2b\x57\x35\x0d\x07\x87\x87\x18\xb8\xe0\x0a\x8d\xd7\xeb\
\x45\x24\x1c\x46\x24\x1c\x46\x34\x1c\x46\x38\x1c\x86\xd7\xe3\x11\
\x56\x9f\x6e\x18\xe8\xa8\x2a\x3a\x9d\x0e\x14\x55\x85\xaa\x69\xae\
\xf8\xd0\x97\x24\x09\x4f\x56\x57\xcf\x87\x9b\xb8\xad\xcf\x0c\xb3\
\x9c\x4b\x06\x5e\x7e\x3e\x30\x4d\xec\xe5\x72\x97\x6e\xdd\xee\xa4\
\xd0\xd4\x14\xa2\x91\xc8\xf9\x7e\x19\x14\x38\xf7\xc0\xb2\x2c\xa8\
\x9a\x06\xe5\x74\x9f\xec\xa8\x2a\x74\xc3\x10\x56\xdf\x7d\x04\x03\
\x01\xa4\x62\x31\x48\x92\x34\x12\xfd\x68\xd4\xea\x60\xe8\x16\xb0\
\x6d\x5d\xd7\xb1\xbd\xbd\x8d\xe6\xe9\x64\x49\xa7\x2c\x2e\x2e\xe2\
\xc9\xfa\x3a\x16\x16\x16\x1c\xbf\x73\x63\xb7\xdb\x45\xb1\x58\xc4\
\xce\xce\x0e\x0a\xc5\xa2\xa3\x6d\xf1\xfb\xfd\xf8\xe6\xd5\xab\xf3\
\x03\x8f\x51\xe8\x53\x6e\x2c\x77\x73\xdb\x3e\x2c\x6f\xb4\x5a\x28\
\x96\xcb\x8e\x06\xcd\x40\x20\x80\x99\x54\x0a\xc9\x78\xdc\x15\x73\
\x0c\x94\x4e\x07\x8d\x56\x0b\x8d\x66\x13\x86\xc3\x57\xa6\x16\xe6\
\xe7\x91\x5d\x5c\x84\xe7\x96\x03\x0f\x37\xf5\xa9\xfb\x96\x33\x74\
\xff\xf9\xbc\xdb\xeb\x61\xe7\xe0\xc0\xd1\xc9\x92\x1e\x49\x42\x32\
\x91\x40\x2a\x99\x44\x34\x12\x11\x7a\xd0\x7b\x17\xfd\x7e\x1f\xad\
\x76\x1b\xb5\x46\x03\xaa\xa6\x39\xda\x16\x9f\xd7\x8b\x54\x3c\x7e\
\xe5\x77\xe2\xb6\x7e\x34\x8a\x75\x30\x74\x0f\x79\xdb\x9a\xa6\xe1\
\xf7\x7f\xff\x1b\x5d\x87\x2e\x5f\xc7\xe3\x71\x6c\x6c\x6c\x60\x7d\
\x6d\xcd\x15\x1f\xec\xd7\x51\x55\x15\x3b\x3b\x3b\x78\xf7\xee\x9d\
\x63\x67\x39\x24\x49\xc2\xb3\xcd\x4d\x64\xb3\x59\xd7\xf7\x29\xb7\
\x96\xbb\xb9\x6d\x67\xe5\x16\x70\x7e\x57\x49\x27\x78\x3d\x1e\xa4\
\x92\x49\x4c\xa7\x52\xae\xbd\x2b\x9c\x65\x59\x68\xc9\x32\x6a\x8d\
\x06\x64\x45\x71\xec\xc0\x24\x11\x8f\xe3\xf3\x27\x4f\x6e\xbc\x7c\
\xef\x86\x3e\xf5\xa9\xe5\x0c\xdd\x27\xcf\x3b\xaa\x8a\x9d\xfd\x7d\
\xc7\x0e\xf4\x22\xe1\x30\xd2\xa9\x14\x52\x89\x84\x6b\xd7\xab\xee\
\xf6\x7a\xa8\x35\x1a\xa8\x37\x9b\x8e\x0d\x0d\x93\x24\x09\xa9\x58\
\xec\xd2\x38\x6f\x37\xf5\xa3\x51\xad\x83\xa1\x7b\x88\xdb\x6e\xb5\
\x5a\xd8\xde\xde\x76\xe4\xcd\x24\x9b\xcd\xe2\xf9\xd6\x16\x66\x66\
\x66\x6c\xaf\xfb\x21\xca\x95\x0a\x5e\xbf\x7e\x8d\x82\x43\xc3\x70\
\xb2\xd9\x2c\x9e\x6d\x6e\x0a\xeb\x17\x6e\xee\xef\x0f\x2d\x77\x73\
\xdb\x80\x93\x37\xb8\x5c\xb1\xe8\xc8\xda\xdb\x7e\xbf\x1f\x8f\x66\
\x67\x31\x9d\x4a\x8d\xd4\xaa\x00\x86\x61\xa0\x5a\xaf\xa3\x5c\xad\
\x3a\x32\x2f\x23\x14\x0a\x61\xf3\xe9\xd3\x8f\x5e\x99\x73\xba\x4f\
\x31\x74\x3f\xac\x8e\xe3\x5a\x0d\xf9\x62\xd1\x91\x03\xbb\x74\x2a\
\x85\xf9\x4c\xc6\xf1\xab\xbe\xf7\xd5\x94\x65\x94\x2a\x15\x47\xce\
\x7e\x4b\x92\x84\x58\x38\x8c\xf0\xe9\x09\x3c\xb7\xf4\xa3\x51\xae\
\x83\xa1\x7b\x48\xaf\x2d\x95\xcb\xd8\xdb\xdb\xb3\xf5\xcd\x44\x92\
\x24\x3c\x7e\xfc\x18\x5f\x3e\x7f\x8e\xe9\x11\x5f\x82\xab\x5a\xad\
\xe2\xd7\xdf\x7e\x73\x24\x7c\xcf\xa4\xd3\x78\xf9\xf2\xe5\xb5\xb7\
\xac\x06\xc6\x3b\x98\x8e\xeb\xcf\xa6\xeb\x3a\x0e\x8a\x45\xdb\xef\
\x2c\x19\x08\x04\x30\x37\x33\x83\x74\x2a\x75\x6b\xfb\xdd\x6c\x30\
\x18\xe0\xb8\x56\x43\xa5\x56\xb3\x3d\x7c\xfb\xbc\x5e\x7c\xfe\xf4\
\xe9\xb5\x37\xd3\x71\x73\x9f\xbb\xad\x7c\x92\x43\xb7\x65\x59\xc8\
\x17\x8b\xa8\xd6\xeb\x57\xfe\x8f\x48\x92\x24\x21\x9d\x4a\x61\x2e\
\x93\x19\xf9\x95\x39\x64\x45\xc1\x51\xb9\xec\x48\xf8\x0e\x05\x83\
\x88\x47\x22\x8e\xf7\xa3\x71\xa8\x83\xa1\x7b\x08\xaf\x3d\x0b\xdc\
\x76\x5a\x5e\x5e\xc6\x57\x2f\x5e\x20\x3e\x66\x33\xff\x9b\xcd\x26\
\xfe\xf9\xcb\x2f\xb6\x87\xef\x74\x3a\x8d\xff\xf8\xfa\xeb\x6b\xc7\
\x94\x8e\x6b\x30\x7d\x68\xb9\x5b\xdb\xa6\x1b\x06\xf6\xf3\x79\x5b\
\x27\x26\x05\x02\x81\x93\x33\xdb\x02\x27\x28\x3b\xc1\xa9\xf0\xed\
\xf1\x78\xb0\xf9\xd9\x67\x57\x82\xb7\x5b\xfb\xdc\x5d\xca\x27\x39\
\x74\xe7\x0a\x05\xdb\x03\x77\x66\x7a\x1a\x73\x99\xcc\xd8\xad\x56\
\x25\x2b\x0a\x4a\xe5\x32\x3a\x36\x87\xef\xf0\xd4\x14\xa2\xd7\xac\
\x6e\x36\x6e\x7d\x55\x74\x1d\x0c\xdd\x0f\x7c\x6d\xa1\x58\x44\x3e\
\x9f\xbf\xf1\x75\xc3\x14\x8b\x46\xf1\xdd\x77\xdf\x61\x7e\x7e\xde\
\xb6\x3a\x9d\x90\xcf\xe7\xf1\x8f\x9f\x7f\x46\xc7\xc6\xa1\x01\xe9\
\x74\x1a\x2f\xbf\xfa\xea\xca\x38\xbf\x71\x0c\xa6\xc3\x28\x77\x63\
\xdb\xfa\xba\x8e\x83\xc3\x43\xdb\x02\xb7\x24\x49\x98\xcb\x64\x30\
\x9f\xc9\x8c\xf4\x99\xed\xdb\xe8\x86\x81\xc3\xa3\x23\x5b\x27\x87\
\x7b\xbd\x5e\x6c\xac\xaf\x5f\x5a\x52\xd0\x8d\x7d\xee\xae\xe5\x93\
\x1a\xba\xf3\xc5\x22\x8e\x6b\xb5\x2b\x65\xa2\x84\x43\x21\x2c\x2f\
\x2d\x8d\xfd\x9d\x16\x6b\x8d\x06\x0a\xa5\x92\xad\x07\xc3\x53\x81\
\xc0\x95\xdb\xc7\x8f\x53\x5f\xb5\xa3\x0e\x86\xee\x07\xbc\xb6\x54\
\x2a\x61\x3f\x97\xbb\xf1\x35\xc3\x22\x49\x12\xb6\x9e\x3d\xc3\xd6\
\xd6\x96\xe3\xb3\xac\xed\x62\x18\x06\x7e\x7d\xfd\x1a\xdb\xdb\xdb\
\xb6\x0d\xdb\x49\x4f\x4f\xe3\xeb\x97\x2f\x2f\x9d\xf1\x1e\xb7\x60\
\x3a\xac\x72\xb7\xb5\xcd\x30\x0c\xec\xd9\x78\x86\x3b\x12\x0e\x23\
\xbb\xb8\x38\xf6\x1f\xee\x17\xb5\x15\x05\xb9\x0b\x77\xf1\x14\xcd\
\xe3\xf1\xe0\xd9\xc6\x06\xa2\xa7\x1f\xf4\x6e\xeb\x73\xf7\x29\x9f\
\xc4\xd0\x9d\x2b\x14\x6c\x0b\xdc\x5e\x8f\x07\x8f\xe6\xe6\x90\x49\
\xa7\x6d\xa9\xcf\x0d\x9c\x38\x18\xfe\x30\x78\x8f\x4b\x5f\x65\xe8\
\x76\xa0\xfc\x3e\xaf\xad\xd5\x6a\xd8\xd9\xdd\xb5\x25\x0c\x66\x32\
\x19\x7c\xf7\xed\xb7\x48\x24\x12\xc2\xeb\x72\xa3\x5a\xbd\x8e\x9f\
\x7e\xfa\x09\x35\x9b\xde\xbc\x67\x33\x19\xbc\x78\xf1\xe2\xfc\xef\
\x3d\x4e\xc1\x74\x98\xe5\x6e\x6a\xdb\x60\x30\xc0\x41\xa1\x60\xcb\
\x1d\xed\xbc\x1e\x0f\x16\xe6\xe7\x91\x4e\xa5\x84\xd7\xe5\x46\xa6\
\x69\xe2\xa8\x52\xb1\x2d\x4c\xf9\xbc\x5e\x6c\x6e\x6c\x20\x1c\x0a\
\xb9\xaa\xcf\xdd\xb7\x7c\xd2\x42\xf7\x51\xb9\x8c\xa3\x4a\xe5\x4a\
\xbd\x22\x24\x62\x31\x2c\x2d\x2c\xc0\xff\x91\x79\x39\xe3\xae\xad\
\x28\xc8\x1f\x1d\xd9\x36\x87\x25\x1c\x0c\x22\x72\x3a\xd4\x64\x1c\
\xfa\xaa\x9d\x75\x30\x74\x7f\xc2\x6b\xe5\x76\x1b\x7f\xfc\xf1\x87\
\xf0\xc0\x2d\x49\x12\xb6\xb6\xb6\xb0\xf5\xec\xd9\x58\x5f\xba\xbe\
\x0b\xd3\x34\xf1\xaf\x5f\x7f\xc5\xf6\xf6\xb6\x2d\xf5\x3d\x7e\xfc\
\x18\x9f\x6f\x6c\x00\x18\x9f\x60\x3a\xec\x72\xb7\xb4\xcd\x34\x4d\
\x1c\x14\x0a\xe8\xda\xb0\xe6\xef\xd9\xa5\x6b\x91\x37\xce\x18\x15\
\x1d\x55\xc5\xfe\xe1\xa1\x2d\x4b\x9a\x05\xfc\x7e\x6c\x7d\xf1\xc5\
\xad\xbf\x77\xb7\xf4\xc9\xfb\x94\x8d\x63\xc8\xa8\xd6\xeb\xc8\xd9\
\x30\x2f\xc7\x23\x49\x58\x98\x9f\x3f\xbf\xb9\xd2\x24\x33\x4d\x13\
\x07\x87\x87\x68\xd9\xb4\x0c\x6f\x34\x14\x42\x28\x18\x1c\xf9\xbe\
\x6a\x77\x1d\x0c\xdd\xf7\x7c\xad\xa6\x69\x78\xb3\xbd\x2d\x7c\x1c\
\x55\x38\x1c\xc6\x5f\xbe\xff\x1e\x99\x4c\x46\x68\x3d\xa3\xa6\x54\
\x2a\xe1\x7f\x7f\xfc\xd1\x96\x75\xd0\xd7\x56\x57\xb1\xb6\xb6\x36\
\x16\xc1\x54\x44\xb9\x5b\xda\x76\x58\x2a\xa1\xad\x28\x37\xfe\xdf\
\x61\x98\x9d\x99\xc1\xa3\xd9\xd9\x89\x3f\x00\xbe\x68\x30\x18\x20\
\x57\x28\xd8\xf2\x41\x3f\x15\x0c\xe2\xcb\xcd\xcd\x91\x5d\xc7\x7b\
\x52\x42\x77\x5b\x51\xf0\xce\x86\x85\x05\xa6\x82\x41\xac\x3c\x7e\
\x3c\x51\xc3\xbb\xee\xa2\x5a\xaf\xa3\x58\x2a\xc1\xb4\xe1\x2a\x7c\
\x3c\x12\x41\xe0\x83\xab\x0b\xa3\xd4\x57\x9d\xa8\x83\xa1\xfb\x1e\
\xaf\xd5\x0d\x03\x6f\xde\xbc\x11\x7e\x66\x67\x69\x71\x11\xdf\x7e\
\xfb\x2d\x02\x3c\x9b\x76\xad\x6e\xb7\x8b\x1f\xff\xfe\x77\x94\x4a\
\x25\xe1\x75\x3d\x7f\xfe\x1c\x73\xb3\xb3\x37\xfe\x1f\xee\x2f\xce\
\x95\x97\xab\x55\xe1\x37\xbe\xf1\xf9\x7c\x58\x5e\x5c\xbc\x76\x09\
\x3b\x3a\x61\xd7\x07\x7d\x32\x1e\xc7\xe7\x4f\x9f\x7e\xb4\x6f\xb8\
\xa1\x4f\xde\xb7\x6c\x9c\x42\x86\xd6\xed\xe2\xed\xee\xae\xf0\x93\
\x52\x33\xd3\xd3\x58\x98\x9b\xbb\xf5\x0e\xa6\x93\xaa\xdb\xeb\x61\
\x3f\x9f\x17\x7e\xf5\x4f\x92\x24\x24\x22\x11\xf8\x2e\x1c\x08\x8f\
\x4a\x5f\x75\xaa\x0e\x86\xee\x3b\x96\x0d\x06\x03\xbc\x7d\xf7\x4e\
\xf8\x1a\x99\xcf\x36\x37\xf1\x7c\x6b\x4b\x68\x1d\xe3\xe2\x5f\xbf\
\xfe\x8a\xed\x3f\xfe\x10\x5a\x87\xd7\xe3\xc1\xd7\x2f\x5f\xde\x38\
\x9e\x9e\xfb\x8b\x33\xe5\x8d\x56\x0b\x15\xc1\xe3\x8a\xa7\x82\x41\
\xac\x65\xb3\x63\xb7\xec\x98\x08\xaa\xa6\x61\x37\x97\x13\x1e\xb8\
\x32\xe9\x34\xd6\x57\x56\xae\x2d\x73\xba\x4f\x4e\x72\xe8\xee\xf7\
\xfb\xf8\x63\x67\x47\xe8\x44\x66\x09\xc0\xd2\xc2\xc2\xd8\x2d\xcd\
\x29\xc2\xd9\xb0\x3b\xd1\x77\x7d\x3e\x0b\xde\x67\x0b\x3c\x8c\x42\
\x5f\x75\xb2\x0e\x1e\x26\xde\x51\x2e\x9f\x87\xd6\xed\x42\x92\x24\
\x61\x8f\xef\xbe\xf9\x86\x81\xfb\x1e\xbe\x7a\xf1\x02\x5f\x9d\x4e\
\x78\x14\xf5\x30\x2d\x0b\xbf\xbd\x7e\x6d\xcb\x78\x61\xba\xbb\x8e\
\xaa\x0a\x0f\xdc\xe1\x50\x08\x4f\x56\x57\x19\xb8\xef\x28\x1c\x0a\
\xe1\xc9\xca\x8a\xf0\xdf\xd7\x71\xad\x86\xa2\x0d\x57\xb9\xe8\xee\
\x4c\xd3\xc4\xce\xc1\x81\xd0\xc0\xed\xf1\x78\xb0\x9a\xcd\x32\x70\
\xdf\x91\xc7\xe3\xc1\xca\xd2\x92\xf0\x09\xdf\x96\x65\xa1\xad\xaa\
\xc2\xe7\xb8\x8d\x0b\x86\xee\x3b\x28\x9e\x2e\xc9\x23\x2a\xd8\x79\
\xbd\x5e\xfc\xe5\xfb\xef\xb1\xba\xba\xea\xf4\x8f\x3a\x72\x3e\xdf\
\xd8\xc0\x37\xaf\x5e\xc1\xe3\xf1\x08\xfb\xfb\xe8\x86\x81\xd7\xaf\
\x5f\xc3\x34\x4d\xa7\x7f\x5c\xc2\xc9\x5a\xdc\x45\xc1\xab\x22\xc4\
\xa2\x51\xac\x2f\x2f\x4f\xcc\xf2\x9c\xc3\x32\x15\x0c\xe2\xe9\xca\
\x8a\xf0\x89\xa6\xf9\x62\xd1\xd6\x65\xd2\xe8\x66\x07\x87\x87\xd0\
\x04\xce\xb3\xf1\x7a\x3c\x58\x5f\x5e\xe6\x10\xaf\x7b\x92\x24\x09\
\x4b\x8f\x1e\x09\x5f\x46\x71\x60\x9a\x50\x1c\xb8\x53\xe6\x28\xe2\
\x27\xca\x2d\x9a\xcd\x26\x2a\x95\x0a\x24\x40\xc8\xc3\xef\xf3\xe1\
\xbf\xfe\xfa\x57\x3c\x5e\x5a\xb2\xf3\xc7\xba\xe2\xa1\xc1\xd4\x49\
\x6b\xab\xab\xf8\xcf\xef\xbf\x87\xcf\xeb\x15\xf6\x77\x52\x14\x05\
\x6f\x6c\x5a\x39\x85\x3e\xce\x34\x4d\x14\x4a\x25\xa1\x07\x40\xa9\
\x44\x02\x6b\xd9\xac\xe3\xe3\x45\x47\x75\x7f\xf4\xfb\xfd\x78\xb2\
\xb2\x82\xd0\xd4\x94\xb0\x3a\x2c\xcb\xc2\xfb\xbd\x3d\xa1\x41\x8f\
\xee\xa6\x7c\x7c\x8c\x86\xc0\x03\x20\x9f\xcf\x87\x27\xab\xab\x08\
\x5f\x73\x37\x44\x3b\x8d\xf2\x67\xe4\xc2\xdc\x1c\x1e\xcd\xcd\x09\
\xad\xa3\x6f\x18\x50\x79\x45\xf8\x56\xff\x0f\x00\x00\xff\xff\xec\
\xbd\x79\x7c\x1c\xd5\x99\xef\xfd\x3d\xb5\xf4\x2a\xa9\xb5\x6f\xb6\
\xe4\x15\x2f\xd8\x18\x63\x0c\x18\x08\xe0\x10\x12\x20\xe4\xb2\x85\
\x30\x09\xc9\xe7\x0e\x33\xb9\x79\xb3\x90\x77\xf2\x26\xb3\x24\x79\
\x99\x64\x20\x93\xe4\x65\x06\x6e\xb8\xdc\xcc\xdc\x4c\xc2\x4c\x96\
\x49\x60\x48\x42\xf6\x04\x93\x98\x25\x60\x30\x4b\x30\xbb\x6d\x6c\
\xbc\x09\xdb\x92\xad\x5d\xea\x7d\xa9\xaa\xf7\x8f\x56\x15\xa5\x56\
\x77\xab\x25\xf5\xb1\xdb\x92\x7e\x9f\x8f\x3e\xaa\xae\xae\x3e\x75\
\xaa\xea\x9c\x7a\x7e\xe7\x39\xbf\xf3\x3c\x73\x33\xa8\x65\x89\x48\
\xa5\x52\x1c\x3e\x72\x44\x5a\x87\x51\x55\x95\x77\x5c\x78\xe1\x49\
\x89\x50\x52\xe8\x9a\xa6\x7a\xad\xf6\x94\x52\xee\xef\x4e\xf4\x54\
\x53\x7b\x7b\x3b\xe7\x6f\xda\xc4\xf6\x67\x9e\x91\x76\xee\xbe\xbe\
\x3e\xba\xbb\xbb\x69\x6f\x6f\x97\x52\xfe\x3c\x26\xc7\xf1\xfe\x7e\
\xd2\x99\x8c\xb4\x3e\x59\x5b\x53\x43\xe7\x82\x05\x52\xca\x9e\x0c\
\xe5\xe8\x93\x95\xd2\x1f\x35\x4d\x63\xd9\xa2\x45\xec\xef\xea\x92\
\x26\xcd\x32\x4c\x93\x7d\x07\x0f\xb2\x76\xd5\xaa\x93\x4e\x6a\xe6\
\x2a\xa2\xb1\x18\xdd\xc7\x8f\x4b\xb5\x91\xcb\x16\x2d\x3a\x29\x11\
\x4a\x66\x9b\x8d\x6c\x6e\x68\x40\x80\xd4\xd8\xe9\x89\x54\x0a\x4d\
\x55\xd1\x8b\x44\x18\x9a\xeb\x98\xf7\x74\x17\x41\xd7\xe1\xc3\xd9\
\xd5\xf8\x42\x94\xfd\x4f\x28\x0a\x9b\x36\x6d\x3a\xe1\x84\x3b\x77\
\xd4\x5d\x6c\x34\x5e\xca\x88\xbd\xd0\x77\x27\x63\x84\xdf\xd6\xd6\
\xc6\xb9\xe7\x9c\x83\x50\x14\x29\xcf\x0c\x21\xd8\x7f\xf0\xe0\x09\
\x4d\x4d\x3f\x8f\xb7\x11\x8e\x46\x09\x4b\xbc\xf7\x35\x55\x55\x74\
\x9c\xe0\x01\x55\x6e\x3f\x29\xd6\xdf\x4a\xf1\xa2\x15\xfa\xee\x64\
\xf4\x47\x55\x55\x59\xd2\xd9\x89\x47\xa2\xc6\x3b\x16\x8f\x73\xa4\
\xbb\x5b\x5a\xf9\xf3\x28\x0c\xc3\x30\x38\x74\xe4\x88\xb4\xf2\x15\
\x45\x61\xc9\x09\x0e\x09\x38\x95\xfe\x58\xe8\xfb\xa9\xda\xc8\x13\
\x89\xa6\x86\x06\x9a\x25\x4b\x4d\x62\x89\xc4\xbc\xbe\xbb\x08\xe6\
\x49\x77\x01\xf4\xf6\xf5\x11\x8f\xc7\x4b\x9e\x3a\x9a\xca\x9f\xa2\
\x28\x9c\x7b\xce\x39\xb4\xb5\xb6\x9e\x90\x6b\x99\xcc\x00\x4f\x75\
\x3a\xac\xd8\xf1\x27\xfb\xe5\xd2\xd1\xd1\xc1\x99\xeb\xd6\x49\x79\
\x6e\x42\x08\x4c\xd3\xe4\x8d\x13\x90\x18\x69\x1e\xe3\x91\xce\x64\
\xe8\xed\xef\x97\x56\x7e\x55\x20\xc0\xa2\x85\x0b\x4f\x58\x3b\x2d\
\x67\x7f\x9c\xec\x37\x85\x3e\x9f\x08\xe8\x9a\xc6\xd2\x45\x8b\xa4\
\x66\x0a\xec\xe9\xed\x65\x64\x74\x54\x5a\xf9\xf3\xc8\x8f\xc3\xdd\
\xdd\xd2\x32\x20\x0a\x21\x58\xdc\xd1\x71\xc2\x24\x25\xa5\xda\x30\
\x19\x36\xb2\xd4\x3e\x5e\x2e\xb4\x36\x37\x4b\x5d\x5c\x69\x5a\xd6\
\xbc\xcc\xa4\x08\xe6\x49\x77\x1e\xc4\xe2\x71\x7a\xfb\xfa\xa4\x11\
\xb7\x33\xd7\xad\x3b\x21\x1a\xee\xa9\x74\xf4\x99\x5e\xd3\x54\xce\
\x21\x1b\xcb\x97\x2d\x63\xf5\xd8\x94\xb3\x8c\xbf\x68\x2c\xc6\xa1\
\xae\x2e\xe9\xd7\x31\x8f\xb7\x71\xac\xb7\x17\x43\x92\x8e\xdb\xef\
\xf3\xb1\xb8\xa3\xe3\x84\xb4\xcd\x42\xfd\x61\x2a\x86\xbe\xd4\xfe\
\x98\xaf\xdc\x93\xd1\x1f\x3d\xba\xce\x92\xce\xce\x71\xb1\x7c\xcb\
\x09\xcb\xb2\x38\xd0\xd5\x45\x46\x72\xa8\xc2\x79\xbc\x8d\xa1\x91\
\x11\xa9\x3a\xee\x45\x0b\x16\x50\x15\x08\x48\x2b\xdf\x46\x29\xfd\
\xb1\x1c\x36\x32\xf7\x7c\x27\xdb\x46\x2e\x68\x6d\x25\x54\x53\x23\
\xad\xfc\x54\x26\x43\x4a\x62\x24\x9b\x53\x19\xf3\x9a\xee\x1c\x58\
\x96\x45\xf7\xd8\x74\xa5\x8c\xc6\xdf\xd9\xd9\xc9\xb2\xa5\x4b\xcb\
\x5e\xae\x1b\xb9\x9d\x3c\xdf\x76\xbe\xcf\x85\xf6\x15\x43\x3e\xbd\
\x9a\x65\x59\x05\x3f\xe7\x6e\xcb\xc2\xe9\xab\x57\x13\x0e\x87\xe9\
\xee\xe9\x91\x52\xfe\x91\xa3\x47\x69\x6a\x6a\xa2\x2a\x18\x94\x52\
\xfe\x3c\xde\xc6\x48\x38\x4c\x22\x95\x92\xd2\x1f\x55\x55\x65\xd1\
\xc2\x85\xd2\x17\x4d\x96\xd2\x27\x0b\x5d\xdf\x54\xae\xbb\x98\x7e\
\xb4\x50\x1f\x3c\x11\xfd\xd1\xe7\xf5\xd2\xb9\x60\x01\x07\x0f\x1f\
\x96\x52\x7e\x3a\x93\xe1\x48\x77\x37\x4b\x3a\x3b\xa5\x94\x3f\x8f\
\xb7\x61\x18\x06\x87\xbb\xbb\xa5\x91\xc3\x96\xc6\x46\x6a\xaa\xab\
\xa5\x94\x6d\xe3\x44\xdb\xc8\x62\xfd\x31\xf7\xb3\xbd\x2d\x7b\x36\
\xb5\xa3\xad\x8d\x54\x2a\x25\x6d\xcd\x45\x7c\x4c\xdf\x7d\x62\x05\
\x34\x95\x8f\x79\xd2\x9d\x83\xbe\xfe\x7e\x92\xc9\xa4\x94\x86\x52\
\x5d\x5d\xcd\xfa\x75\xeb\x24\x94\xfc\x36\xdc\x23\xe6\xdc\x7d\xb9\
\xdb\xf9\x3e\x4f\xb6\xdf\x46\x29\xc6\x3d\xf7\xf3\x89\x7e\xb1\x6c\
\x38\xeb\x2c\x86\x06\x07\xa5\xbd\x54\xde\xdc\xb7\x8f\xf5\x63\x52\
\x96\x79\xc8\x41\xc6\x30\xe8\x1f\x1c\x94\x56\xfe\xc2\xb6\x36\xa9\
\x9a\xe3\x7c\x7d\xaf\x58\x1f\x2c\xd6\x96\x8a\x7d\x57\xa8\x3f\xda\
\xdf\x95\x42\xb8\x65\x93\xef\xaa\x60\x90\xc6\xfa\x7a\x69\xcf\xb3\
\xb7\xbf\x9f\xc6\xfa\xfa\xf9\xb0\x72\x92\x71\xb8\xbb\x5b\x5a\x02\
\xa4\x60\x20\x40\x73\x63\xa3\x94\xb2\x6d\xb8\xfb\xa1\x12\x4f\xa0\
\x8c\x86\x51\x92\x63\x32\x19\x4d\xc3\x68\x6e\xc0\x72\x85\xbc\x94\
\x69\x23\x45\x26\x83\xd2\x37\x80\x18\x3b\xbf\xa5\x6b\x18\x35\xd5\
\x98\xc1\xc0\x84\x72\xca\x0d\x45\x51\xe8\x68\x6f\x67\x7f\x57\x97\
\x94\x68\x50\x96\x65\x11\x4f\x26\x09\x9c\x84\x45\xb0\x95\x8c\x79\
\xd2\xed\x42\x22\x91\xa0\x7f\x60\x20\xbb\x68\xae\xcc\xb0\x75\xdc\
\xaa\xc4\x55\xbd\xb9\x46\x7d\xa6\xc4\xbb\x94\x73\xb9\x31\x1d\xc2\
\x2d\xd3\xd0\xeb\xba\xce\xd9\x1b\x37\x4a\x8b\x68\x12\x8d\x46\x39\
\x7c\xe4\x08\x8b\xe6\xbd\x6b\xd2\xd0\xdb\xdf\x2f\x2d\xb5\x78\x63\
\x7d\x3d\x35\x12\x09\x5a\xb1\x7e\x38\x59\x1f\x9c\x6a\x9f\x2c\xd4\
\x1f\xdd\xdf\xe5\xf3\xb8\xe5\xee\x97\x3d\x18\x6e\x6d\x6a\x22\x16\
\x8b\x11\x93\x14\xea\xef\x40\x57\x17\x6b\x57\xaf\x9e\x8f\xaf\x2e\
\x09\x23\xa3\xa3\xd2\x64\x25\x9a\xa6\xd1\x29\x71\x21\xb3\x10\x02\
\xdf\x1b\xfb\xf0\xbd\xba\x0b\x6d\x70\x18\x25\x1c\x41\x14\x90\x40\
\x64\x3a\xda\x49\x6c\x58\x47\x72\xdd\xe9\xce\x6f\xa7\x73\xbe\x5c\
\xd8\xfd\x4b\xdf\x77\x10\xdf\x8b\xaf\xe2\xd9\xb3\xbf\xe0\xef\x8d\
\x50\x35\x46\x6d\x88\xc4\x9a\x95\xc4\x4f\x5f\x81\x25\x61\x5d\x84\
\xcf\xeb\xa5\xbd\xa5\x85\x23\x92\x66\x84\xd3\x86\x41\xda\x30\xe6\
\xa3\x99\xb8\x30\x4f\xba\x5d\xe8\xed\xeb\x03\xe4\xc8\x4a\xd6\x9e\
\x7e\x3a\xd5\x92\xa6\xcc\x4a\x35\xee\x93\x79\xd4\x66\x72\xdd\x33\
\x25\xdc\xb2\x0c\x7d\x53\x63\x23\xab\x56\xae\x94\x96\x2e\xfe\x68\
\x77\x37\xad\x2d\x2d\x78\xe7\x47\xf3\x65\x47\x2c\x1e\x27\x2a\x29\
\xe1\x82\xdf\xe7\xa3\x55\x62\xe4\xa0\x52\x06\xc0\xe5\x26\xde\x6e\
\x14\xeb\x8f\xee\xcf\xc5\xfa\xa6\x8c\xfe\x28\x84\xa0\x63\xc1\x02\
\xf6\x1d\x3a\x24\xc5\x5b\x9a\x48\x26\x39\xde\xd7\x47\xbb\xe4\x98\
\xc4\x73\x11\x96\x65\x49\x4d\x4a\xd5\xd9\xde\x8e\x26\x69\xc1\x6d\
\xe0\xb5\xdd\x54\x3d\xf1\x0c\x4a\xa4\xb4\xe8\x47\xda\xe1\x6e\xaa\
\x0e\x77\x13\x78\x74\x1b\x89\xf3\x36\x90\xdc\xb8\x1e\x7c\xd3\x7f\
\xc7\xdb\x7d\xc9\xf7\xf2\xeb\xf8\x9e\xdd\x81\xda\x37\x79\x36\x5d\
\x75\x24\x8c\x3a\x12\xc6\xd3\x75\x84\xea\x47\xb6\x11\xbd\x60\x23\
\x91\x4d\x67\x4f\xbb\x0e\x85\x50\x17\x0a\x11\x8d\xc5\xa4\x0d\xa6\
\x12\xe9\xf4\x3c\xe9\x76\x61\x9e\x74\x8f\x21\x1a\x8d\x12\x8d\xc5\
\xa4\x10\xee\xe6\xe6\x66\x96\x4a\xd2\x71\x4f\xd5\xb8\x97\x9b\x78\
\x4f\xa6\xe9\x2e\xb4\x9d\x7b\xac\x4c\x43\xbf\x72\xc5\x0a\xfa\xfa\
\xfb\x19\x94\x30\xad\x6d\x59\x16\x87\xba\xba\x58\xb9\x62\x45\xd9\
\xcb\x9e\xeb\xe8\x1f\x1a\x92\x26\xdd\xe9\x68\x6f\x97\x52\x76\x29\
\xfd\x50\xa6\x86\x74\x2a\x6b\x2c\x26\x23\xdc\xb2\xfa\xa3\x47\xd7\
\xa5\x7a\xd7\x7a\x8e\x1d\xa3\xb9\xa1\x41\x1a\x81\x9b\xab\xe8\x1d\
\x18\xc8\x4a\x2f\x25\xf4\x9b\xc6\xfa\x7a\x82\x12\x16\x4e\xaa\x23\
\x61\x42\x0f\x3d\x82\xa7\x6b\x7a\xa1\x0d\x95\x48\x94\xc0\xa3\xdb\
\xf0\x6f\x7f\x81\xd8\x95\x97\x92\x3a\x63\xf5\xb4\x6c\xa4\x7e\xf4\
\x18\xc1\x5f\x3c\x84\x32\x38\x34\xad\x7a\x88\x54\x8a\xaa\x3f\x6e\
\xc7\xb7\x73\x0f\x23\xef\x7d\x17\xe9\xb6\xf2\x0e\x2a\xdb\x5b\x5a\
\x88\xc6\x62\xa4\x25\x2c\x7e\xb4\x2c\x8b\x64\x26\x83\x77\xbe\x3f\
\x02\xf3\xd1\x4b\x1c\xf4\xf6\xf7\x23\x44\xf9\x23\x5d\xa8\xaa\x2a\
\x4d\xc7\x5d\xc8\x98\xe7\xd6\xc1\xbd\xaf\xd0\xb6\x7b\x5f\xbe\xfd\
\xa5\x1e\x57\xca\xb9\x26\xab\xbb\x0c\xac\x5f\xb7\x4e\x5a\xaa\xf8\
\x81\xc1\x41\xc2\x91\x88\x94\x7a\xcf\x55\x8c\x46\x22\xa4\xd2\x69\
\x29\x65\x37\x37\x36\x4a\x49\x53\x5e\x6a\x3f\x74\x7f\x97\x7b\x5c\
\xb1\xdf\xcd\xb4\x3f\x4e\xa5\x5e\x85\xca\x2f\x17\x6a\x6b\x6a\xa4\
\x45\xa7\x30\x4c\x53\x1a\xa1\x9f\xab\xc8\x64\x32\x1c\x1f\x9b\x09\
\x2e\x37\x74\x4d\x93\x12\x3b\x5a\x3f\xda\x43\xe3\xf7\xfe\x6b\xda\
\x84\xdb\x0d\x11\x8f\x13\xfc\xf9\xef\xa8\xfe\xd1\x83\x8e\xb7\xbc\
\xd4\x3e\x19\xf8\xfd\xe3\x54\xff\xc7\x7d\xd3\x26\xdc\x6e\x68\x7d\
\x03\x34\xfc\xe0\x27\xf8\x5f\x2f\x6f\x76\x64\x45\x51\xa4\x66\xac\
\x4c\xa5\xd3\xf3\x61\x76\xc7\x30\x4f\xba\x81\xd1\xd1\x51\xd2\xe9\
\xb4\x14\x42\x76\xda\xf2\xe5\xf8\x24\xa4\x43\x2e\x95\xbc\x96\x42\
\x80\xdd\x9f\x4b\x35\xb2\x85\x5e\x32\xe5\x20\xdc\x32\x8c\x7c\x55\
\x55\x15\x4b\x96\x2c\x91\xf2\x8c\x85\x10\xbc\xf5\xd6\x5b\x65\xaf\
\xf3\x5c\x85\x69\x9a\x0c\x4a\x9a\xea\xf4\x7a\x3c\x34\xd5\xd7\x97\
\xbd\xdc\xa9\xf6\xc3\x7c\xfb\x26\x23\xc6\x93\x9d\x7f\x2a\x84\x3b\
\x5f\x3d\x4a\xe9\xa3\xe5\x44\x5b\x4b\x8b\x94\x72\x01\xfa\x06\x06\
\x88\x49\x92\x26\xcd\x45\x1c\xeb\xeb\x93\xb2\xd8\x0e\xb2\xed\xa0\
\xdc\xd1\x83\x7c\xbb\xf7\xd2\xf0\xc3\x07\x11\x89\xf2\x2e\xa2\xd7\
\xf6\x1f\xa2\xfa\x5b\xdf\x47\x3f\x34\xf9\xfb\x5e\x89\x44\xa9\xfe\
\xf7\xfb\xf0\x3e\xbb\xa3\xac\x75\x00\x08\xfd\x76\x2b\x55\x4f\x3d\
\x57\xd6\x32\x6b\xaa\xaa\xa4\xad\x71\xb1\x80\xe4\x7c\x08\x41\x60\
\x9e\x74\x63\x59\x16\x03\x43\x33\x1f\x81\xe6\x43\x55\x30\xc8\xf2\
\x65\xcb\xca\x5e\xee\x54\xc9\xeb\x64\x44\xb8\x90\xf1\x2d\xf5\xcf\
\x5d\xaf\xe9\x10\xee\x62\xdf\x97\x13\x2b\x4f\x3b\x0d\xbf\x84\x01\
\x10\xc0\x68\x38\xcc\xe8\x7c\x82\x8e\xb2\x60\x24\x1c\x96\x16\x1d\
\xa1\xad\xb9\xb9\xec\x6d\x6b\xba\xfd\x30\xdf\xbe\x72\xf4\xc7\xe9\
\x10\xee\xa9\x5c\x47\xb9\xe0\xf5\x78\x68\x92\x94\x1d\xcf\xb2\x2c\
\x8e\x1e\x3b\x26\xa5\xec\xb9\x86\x4c\x26\x23\xd5\x46\x96\x9b\xe8\
\x69\x7d\x03\x84\x7e\xfb\x48\x59\xcb\x74\x43\x44\x63\x04\xff\xf3\
\x27\xe8\x7b\xf6\x17\xec\x7f\x4a\x3c\x41\xd5\xbf\xff\x08\xf5\x88\
\xbc\x6c\xa9\x55\x4f\x3d\x8f\xef\x8d\x7d\x65\x2d\x53\xe6\x40\x38\
\x6d\x18\xd2\x16\xc5\x9f\x4a\x98\xf3\xa4\x7b\x64\x74\x94\x4c\x26\
\x33\x23\x03\x57\xe8\xef\x8c\x33\xce\x28\xfb\x08\x7e\x32\x2f\x55\
\x31\x12\x2b\xc3\xd0\x17\x2b\x23\xdf\x76\xbe\x73\x14\x3b\xae\x9c\
\xd0\x34\x8d\xb5\x6b\xd6\x48\x79\xd6\x42\x08\x8e\x1c\x3d\x5a\xd6\
\xfa\xce\x45\x98\xa6\xc9\x48\x38\x2c\xe5\xf9\xd4\x54\x57\x97\x3d\
\xae\xfa\x54\x09\x6b\x29\x6d\xdf\xfd\x39\xdf\x6f\x26\xeb\x8f\xf9\
\xca\x29\xd6\xc7\xa7\x52\xff\x72\xa3\xa9\xbe\x1e\x8f\xae\x4b\x79\
\xde\xc3\x23\x23\xf3\xde\xee\x32\xa0\xa7\xb7\xd7\xd1\xf8\x97\xf3\
\x4f\x51\x14\xda\x9a\x9b\xcb\x5a\x57\x91\xce\x50\xf7\x8b\x87\x10\
\xb2\x13\x25\x99\x16\x81\x9f\xfc\x0a\xed\xf0\xd1\x89\xd7\x66\x18\
\x04\x7e\xf8\x13\x94\x61\xf9\x4e\x98\xd0\x96\x47\x51\xc3\xe5\x93\
\x36\xda\x52\x1f\x19\xfd\x11\x98\x4f\x98\xc3\x1c\x27\xdd\xa6\x69\
\x32\x34\x3c\x2c\xa5\x81\x35\x37\x35\xd1\x50\xe6\x69\xec\x42\x06\
\xbc\xd8\x77\x93\x19\xde\xdc\x63\xdd\xe7\x9a\x89\x71\x9f\x6c\xff\
\x54\xaf\xa7\x5c\x68\x69\x69\xa1\xae\xae\x4e\xca\x33\x0f\x47\x22\
\x0c\x49\xf2\x08\xcd\x15\x0c\x87\xc3\xd2\xbc\x21\xad\x92\xe2\xff\
\x16\x6b\xcf\x93\xfd\x9f\xac\x3f\x16\xeb\x57\x53\xe9\x67\xa5\xbe\
\x33\x4a\xad\x6f\xb9\x20\x84\xa0\x45\x62\x14\x99\x23\xdd\xf2\x3c\
\x8d\x73\x01\xa9\x54\x8a\xc1\xe1\x61\x29\x65\xd7\xd7\xd6\x96\x7d\
\x6d\x45\xf5\x53\xcf\xa1\x0e\xca\xa9\xef\x04\x64\x32\xf8\x1f\xf8\
\x25\x4a\x22\x39\xae\xcf\x79\x1f\x7b\x0a\xf5\xe8\x89\x99\x65\x11\
\xc9\x14\x35\x0f\x3f\x5e\xd6\x32\x1b\xea\xeb\xd1\x25\x2d\x7a\x9c\
\xf7\x76\xcf\x71\xd2\x1d\x89\x46\x31\x4d\x53\x0a\x01\x2b\x77\xd6\
\xc9\x62\x64\x74\x3a\xc6\xbd\x14\x63\xed\x2e\xbf\xd0\xbe\x42\x65\
\x14\x3b\xff\x54\xea\x9a\x7b\xad\xe5\xc0\xb2\xa5\x4b\xa5\x3c\x73\
\x21\x84\x13\x76\x72\x1e\x53\x87\x65\x59\xd2\x16\xa4\x56\x57\x55\
\xe1\x29\xb3\x81\x9f\x6a\x1f\x2c\xf4\xbf\x54\xe2\xed\x3e\xd7\x54\
\xfb\x64\xbe\xed\xe9\xfc\xcf\xdd\x2e\x07\x6a\xaa\xaa\xa4\x19\xf9\
\x91\x70\x98\x84\xa4\x98\xe0\x73\x01\x03\x43\x43\xd2\x42\x47\x36\
\xd6\xd5\x95\xb5\x4c\x35\x12\x25\xf0\xdc\x8b\x65\x2d\x73\x32\x88\
\x70\x04\xef\x83\xbf\x71\xfa\x96\x7a\xa4\x1b\xcf\xb6\x67\x4f\x68\
\x1d\xbc\xfb\x0f\xa1\x1f\x2d\xdf\xc2\x61\x45\x08\xea\x6b\x6b\xcb\
\x56\x5e\x2e\xd2\xb2\x67\x21\x2a\x1c\x73\x9a\x74\x8f\x8c\x8e\x4a\
\x21\x5e\x75\xb5\xb5\xd4\x9f\xa0\xc5\x5a\x33\x25\xb3\x93\x11\xf2\
\x5c\x63\x5b\xe8\xfb\x72\x11\xee\x42\xd7\x5a\x4e\xb4\x34\x37\x53\
\x55\x55\x25\xe5\xd9\x8f\x86\xc3\xc4\xe7\x8d\xfc\xb4\x10\x8e\x46\
\x31\x25\x4c\x63\x0b\x21\xca\xbe\x78\xb2\xd4\xf6\x3d\x59\x9f\xc9\
\x57\x46\xa9\xfd\xb1\xd0\x31\xb9\xdf\x15\xab\xe7\x64\xf5\x9a\xec\
\x5a\xcb\x01\x21\x04\x8d\xf5\xf5\x52\x9e\xbb\x10\x82\xe3\xfd\xfd\
\x65\xab\xeb\x5c\x82\x39\xb6\xde\x49\xc6\x33\xa9\xad\xa9\x29\x7b\
\x48\xc7\xaa\xa7\x9e\x2f\x6b\x79\xa5\x42\xdb\xb3\x0f\xed\x85\x97\
\x01\xf0\xfe\xf4\x37\x27\xa5\x0e\xd5\x4f\x96\x97\xe8\xd7\xd5\xd6\
\x66\x53\xb8\x4b\x78\xf6\x19\xd3\x64\x2e\xfb\xba\xe7\x2c\xe9\x8e\
\xc5\xe3\xd9\x98\x94\x42\x94\xfd\xaf\xdc\x31\xb9\x73\x0d\xe9\x64\
\xfb\x4a\x25\x01\xb9\xfb\xf2\x1d\x33\xd9\x5f\x29\x65\x4c\xa7\x8e\
\x85\xae\xb1\x5c\x58\xbc\x68\x91\x94\x67\x8f\x10\xf4\x4a\x4c\x20\
\x31\x9b\x31\x2a\xc9\xcb\x1d\xf4\xfb\xcb\xba\x80\xb6\xd4\x3e\x38\
\x9d\x7e\x98\xbb\x9d\xef\xf8\xe9\xf6\xc7\x52\xea\x37\x59\xff\xcc\
\xdd\x2e\x17\xea\x42\x21\x69\x59\x24\x07\x86\x86\xc8\xcc\x71\xef\
\xda\x74\x30\x34\x3c\x8c\x21\x29\x62\x49\xb9\xbd\xdc\x4a\x3a\x83\
\xaf\xcc\x61\xf4\xa6\x02\xcf\x1f\xfe\x88\xe7\x91\x27\x51\x06\xca\
\x9f\x0b\xa2\xa4\xf3\x77\x1d\x41\x1b\x2a\x5f\xc4\x27\x55\x51\xa8\
\x0b\x85\xca\x56\x5e\x2e\xe6\x72\x7f\x9c\xb3\xa4\x7b\x54\xd2\x62\
\xad\xaa\x60\x90\xe6\x32\x6a\x14\x67\x6a\x24\x4b\x25\xb7\x53\x35\
\xf4\xf9\x8e\x2b\x47\x9d\x4a\xb9\xee\x72\xa0\xbd\xbd\x1d\xbf\xcf\
\x27\xa5\x0d\x0c\x0c\x0e\xce\xe9\x97\xca\x74\x10\x4f\x24\xa4\x24\
\x66\x00\xca\xbe\xb6\x02\x4a\x23\xde\xf9\xf6\x95\xd2\x0f\xdd\xdb\
\xf9\x3e\xcf\x84\x70\xe7\xfb\xbe\x58\x7d\x8a\x5d\x4f\x39\xfb\xa3\
\x10\x82\xfa\x32\x13\x31\x1b\xa6\x69\xd2\x3f\x30\x79\x06\xc0\x79\
\x8c\x47\x9f\xa4\x7b\x56\x6e\xa9\x97\x10\x02\xdf\x9e\x7d\x05\x53\
\xba\x9f\x08\x88\x68\x0c\xfd\xf1\xa7\x66\x56\xc6\xc2\x76\xc4\xc2\
\xf6\x69\xff\xde\xff\xfa\x1b\x65\xed\x93\xf5\xb5\xb5\x65\x2d\xcf\
\x8d\xb4\xa4\xc1\xdc\xa9\x80\x39\x49\xba\x33\x86\x41\x22\x99\x44\
\x40\xd9\xff\x3a\x3b\x3a\xca\x5e\xdf\x99\x18\xf6\xa9\x18\xd8\x52\
\xc8\x77\xb1\xfd\x85\xce\x35\x19\x49\x98\xca\x35\x96\x0b\xaa\xa2\
\xd0\xb1\x70\xa1\x94\x36\x60\x59\x96\x94\xec\x97\xb3\x19\xe1\x58\
\x4c\x4a\xb9\x5e\x8f\xa7\xac\x49\x58\x4a\x1d\x18\x4e\x75\xf0\x59\
\x0a\xf1\xce\xdd\x57\xec\xbb\xc9\xca\x9d\x4a\x7d\xf2\x5d\x6f\xbe\
\xfb\x31\x53\xc8\xd4\x91\xca\x22\x90\xb3\x15\x91\x68\x94\x64\x2a\
\x25\xa5\xec\x7a\x09\x1e\x54\xef\x9e\xfd\x65\x2f\xf3\x44\x43\xbd\
\xe6\x0a\x94\x4b\xce\x9f\xf6\xef\xbd\x6f\x1e\x28\x63\x6d\xb2\xd1\
\xbe\xa4\xc5\xed\xb6\x2c\x69\xb3\x28\x95\x8e\x39\x99\x97\x33\x12\
\x8d\x22\x00\xca\x4c\xe4\x84\x10\xb4\x96\x31\xab\x53\x21\xe3\x56\
\x2a\xf1\x96\x41\x6c\xf3\x1d\x53\x2c\x9d\x74\xbe\x7d\xee\x54\xd5\
\x93\x1d\xef\x3e\x2e\x77\x7b\xa6\x68\x6b\x6d\x65\xff\x81\xf2\xbe\
\xa8\x6c\x0c\x0c\x0e\x96\x75\xc6\x63\x36\xc3\x34\x4d\x62\xf1\xb8\
\x14\xaf\x4a\x6d\x4d\x4d\xd9\xcb\x9c\x69\xbf\x2c\xf6\xbf\xd8\x76\
\x29\xf5\x81\xfc\xfd\xd1\xbd\x5d\xca\x7f\xbb\xdc\x52\xfb\x65\x39\
\xa0\x2a\x0a\x35\x55\x55\x84\xa3\xd1\xb2\x95\x69\x23\x95\x4e\x13\
\x8e\x44\xa8\xa9\xae\x2e\x7b\xd9\xb3\x11\x83\x63\x51\xbd\xca\x0d\
\x5d\xd7\xcb\x9a\xee\xdd\xae\x63\x39\xb2\x4e\x9e\x4c\x88\x86\x3a\
\xc4\xe9\xab\x10\xbd\xbd\x4c\x77\x8e\x54\xeb\xed\x47\x24\x53\xe0\
\xf5\x94\xad\x5f\xd6\x85\x42\xd2\x64\x7f\x19\xd3\x94\x26\x29\xab\
\x64\xcc\xbd\x2b\x06\xa2\xd1\x68\x96\x70\x97\xf9\xaf\xa9\xa9\xe9\
\x84\x44\x48\x70\x6f\x4f\xc7\xcb\x56\xcc\x23\x96\xef\x98\x62\x9e\
\xea\x7c\xe7\xcb\x57\x7e\xa9\xf5\x2b\x75\xbb\x1c\xf0\xfb\xfd\xd4\
\xd5\xd7\x4b\x69\x0b\xf1\x44\x82\xa8\x24\xef\xed\x6c\x43\x44\xe2\
\x7d\x2a\xa7\xa7\x66\x2a\x6d\x74\xaa\x9e\xe5\x7c\xbf\x29\xd4\xa7\
\x26\xeb\x93\xc5\xb6\x4b\xf9\x3f\xd9\xbe\x62\xdb\x33\x45\x48\xc2\
\x20\xc9\x86\xac\x04\x2f\xb3\x0d\x19\xc3\x60\x44\x52\xa2\xaf\x5a\
\x09\x83\x1e\x6d\x70\x18\x21\xc9\x2b\x7f\xa2\x20\xd6\xad\x85\x3f\
\xfc\x01\x02\x81\x19\x49\x4c\x3c\x3d\xc7\xcb\x58\x2b\x08\xf8\xfd\
\xe8\xba\x5e\xd6\x32\x6d\x18\x96\x35\x27\x17\x54\xce\x39\x4f\x77\
\x32\x99\xc4\x18\x0b\x13\x58\x6e\xb4\xb7\xb5\x95\xad\xac\xa9\x1a\
\xbb\x99\x78\xd9\x72\xb7\xf3\x7d\xce\x85\xdb\x03\x96\xfb\x79\x3a\
\x9e\xb4\xc9\xbc\xda\xb2\x3c\x6c\x0b\xda\xda\x18\x96\x14\x87\x76\
\x70\x68\xa8\xec\xc9\x58\x66\x23\x64\x91\xee\x7c\x06\xc3\x30\x0c\
\x4c\xd3\x9c\x56\xfb\x29\x95\xd8\x96\xda\x17\x4b\x25\xbb\xf9\x3e\
\xe7\x83\xfb\x9a\xf2\x6d\x4f\xe5\x7f\xa1\xdf\x4f\xb6\x3d\x55\x28\
\x8a\x82\x3a\x16\x25\x01\xa0\x2a\x10\x40\x53\x55\x29\x6b\x22\x86\
\x47\x46\x30\xe6\xa8\x77\x6d\x2a\x18\x19\x1d\x95\x16\x4b\x39\x54\
\x46\xd2\x6d\xb7\x19\xfd\xf8\xa9\x1f\xa6\x55\xd9\xb8\x0e\xee\xfe\
\x06\x20\x10\xa7\x2d\xc3\x9a\x66\x26\x4b\xad\xb7\x9f\xe4\xe2\x8e\
\xb2\xda\xc8\x9a\xaa\x2a\x69\x03\x56\xc3\x34\x51\x25\x70\xb1\x4a\
\xc6\x9c\x23\xdd\xb2\xa6\xb1\x3d\xba\x4e\x63\x99\x53\x1a\xcf\x84\
\x78\xcf\xc4\xbb\x55\xa8\x0e\xf0\xb6\x81\xb5\xe3\x9b\x2b\x8a\x32\
\xad\x29\xec\xdc\x63\xed\x73\x15\x9b\x1a\x77\x1f\x53\x2e\x34\x37\
\x35\xb1\xe7\xcd\x37\xa5\xa4\x1d\x1f\x1d\x1d\x9d\x30\x38\x99\xc7\
\x78\xa4\x33\x19\x52\xe9\xb4\x94\xb2\x73\xa5\x25\xb1\x58\x8c\xdd\
\xbb\x77\xf3\xc6\x1b\x6f\x10\x89\x44\x26\x90\xcd\x5c\xb8\xf7\x17\
\x7b\x86\xb9\x6d\x74\x3a\x98\x6a\xbb\x2e\xb5\x6e\xee\xef\xf3\x95\
\x9f\xaf\x7f\x17\xaa\x97\xfb\x9d\x91\xdb\xae\x73\xeb\x3f\xd9\x3d\
\x55\x14\x05\xaf\xd7\xcb\x82\x05\x0b\x58\xbd\x7a\x35\xad\xad\xad\
\x68\x9a\x86\x10\xd9\xcc\xa1\x32\x12\xb2\x18\xa6\xc9\xc8\xe8\xa8\
\x54\xed\xf8\x6c\xc0\xb0\x24\x2f\xb7\x0c\xaf\xa9\x10\x02\x6d\xe0\
\xd4\x9e\xc1\x10\x0d\x75\x88\xc5\x8b\x60\xcb\x16\xa8\xa9\x41\xb9\
\xee\x06\xcc\x69\xe6\xbb\x51\x07\x86\xca\x6e\x23\x65\x92\xee\x8c\
\x69\xa2\xaa\xaa\x94\xb2\x2b\x15\x73\x8a\x74\x5b\x40\x3c\x99\x94\
\x42\x82\x5a\x5a\x5a\xca\x56\x6e\xa9\x04\xbb\xd4\x29\xe0\x99\x12\
\xef\xdc\xba\x3d\xf4\xd0\x43\x7c\xf1\x8b\x5f\x64\xf5\xea\xd5\x5c\
\x78\xe1\x85\x74\x76\x76\x02\xe0\xf3\xf9\x58\xbe\x7c\x39\x0b\x17\
\x2e\x1c\x67\x98\xed\x6d\xcb\xb2\x1c\x92\x6e\x97\x35\x15\xcd\xa8\
\x0c\x6f\xb7\xaa\xaa\x34\x37\x35\x71\xec\x78\x79\xa7\xe5\x20\x3b\
\x4d\x3b\xaf\x23\x2d\x8e\xa8\xa4\x41\xb0\x10\x82\x6a\xd7\x2c\x43\
\x2a\x95\x62\xdb\xb6\x6d\x3c\xf7\xdc\x73\x0c\x0d\x0d\x61\x8e\x2d\
\xe2\x29\xd4\x86\xe6\x07\x4a\xc5\x51\x8e\xbe\xa7\x28\x0a\x7b\xf7\
\xee\xe5\xc8\x91\x23\x6c\xde\xbc\x99\xce\xce\x4e\x54\x55\x25\x54\
\x5d\xcd\xd0\x48\xf9\xc2\x9f\xb9\x31\x34\x3c\x3c\x4f\xba\x8b\x20\
\x93\xc9\x10\x8d\xc5\xa4\xb4\x7f\x19\x5e\x6e\x00\x65\x34\x5c\xb6\
\x72\x4f\x06\xc4\x19\xa7\x67\xa5\x25\x23\x23\xb0\x7d\x3b\xe2\x0b\
\x5f\x98\x76\x59\xee\x94\xf0\xe5\xb2\x91\x3e\xaf\x17\xbf\xcf\x47\
\x22\x99\x9c\x71\x59\xb9\xb0\xc6\xfe\xe6\xd2\xdb\x76\x4e\x91\xee\
\x54\x32\x89\x65\x9a\x52\x1e\x70\xb9\x5f\xe4\xa5\x90\x6d\xf7\x77\
\x53\x99\xd6\x2e\xf6\x3f\x77\x3b\x1f\xec\x29\xe1\x03\x07\x0e\xf0\
\xe6\x9b\x6f\xa2\xaa\x2a\xaa\xaa\x3a\xfb\x7d\x63\xa1\xf8\x2c\xcb\
\xca\x92\xda\xe6\x66\xda\xda\xda\x58\xb7\x6e\x1d\xff\xfd\xbf\xff\
\x77\x4c\xd3\x24\x93\xc9\x90\x4e\xa7\x1d\x8f\xb9\x7d\xde\x42\xa4\
\xda\x3d\x85\x5d\xee\x91\x7c\x7d\x5d\x1d\xc7\x25\x90\x6e\xc8\x4e\
\x69\xcf\x93\xee\xc2\x88\xc5\xe3\x52\xca\x0d\xf8\xfd\x28\x2e\x19\
\x41\x7f\x7f\x3f\x6f\xbe\xf9\x26\xc3\xc3\xc3\x24\xc7\x8c\x87\x8c\
\x4c\x7b\xf3\x28\x1d\x42\x08\x0c\xc3\xe0\xd0\xa1\x43\x1c\x3c\x78\
\x90\xa6\xa6\x26\xaa\xaa\xaa\xf0\x79\xbd\xa8\x8a\x22\x25\xba\xc1\
\x48\x38\x3c\x2f\x31\x29\x02\x59\x5e\x6e\xa0\xac\x0b\x28\xe1\x6d\
\x3b\xa5\xc4\xe4\xbc\x43\x4e\x14\x94\x8d\xeb\xe1\xf6\x7f\xc8\x7e\
\x78\xfd\x75\xb0\x2c\xc4\xc2\xf6\x69\x49\x4c\x94\xb1\xf7\x69\xb9\
\x6d\x64\x55\x30\x28\x85\x74\x43\x56\xdb\xad\xcd\x21\x27\xc7\x9c\
\x22\xdd\xc9\x54\x0a\x24\x3d\xdc\x5a\x09\xde\x93\x62\x44\x78\xa6\
\x12\x13\xf7\x5f\x29\xe7\x73\x43\x51\x14\xaa\xab\xab\x59\xbe\x7c\
\x39\x1f\xfb\xd8\xc7\x08\x87\xc3\xec\xdd\xbb\x97\x37\xde\x78\x83\
\xf0\x58\xfc\xf3\x68\x34\xca\xc0\xc0\x00\x7d\x7d\x7d\x1c\x3b\x76\
\x8c\x37\xdf\x7c\x93\x74\x3a\xcd\x47\x3f\xfa\x51\xa7\xec\x67\x9e\
\x79\x86\x8f\x7f\xfc\xe3\xdc\x70\xc3\x0d\x7c\xe9\x4b\x5f\xe2\xd0\
\xa1\x43\xfc\xf3\x3f\xff\x33\x8a\xa2\x20\x84\xe0\xb2\xcb\x2e\x63\
\xf3\xe6\xcd\x0c\x0d\x0d\x71\xe0\xc0\x01\xbc\x5e\x2f\x8d\x8d\x8d\
\x54\x57\x57\x3b\xba\xdc\x7c\x53\xe7\x85\x74\xb1\x85\x50\x1b\x0a\
\x49\x6b\x17\x51\x09\x91\x18\x66\x0b\xd2\x99\x8c\xb4\xd8\xdc\xee\
\x30\x81\x96\x65\x11\x8b\xc5\x88\xc7\xe3\x64\x32\x99\x09\x72\x89\
\x79\x9c\x1c\xd8\x32\xb5\x54\x2a\x45\x24\x12\x21\xed\x92\x19\x05\
\xfc\x7e\x29\x51\x4c\x2c\xcb\x9a\x97\x98\x14\x41\x58\x52\xa4\x0a\
\x5d\xd3\xd0\xcb\x94\x81\x72\x82\x9d\x3a\x85\x73\x22\x88\x86\x3a\
\x44\x53\x43\x56\x5a\x62\x63\xcb\x96\x69\xeb\xba\x95\x48\xac\xec\
\x84\x1b\x20\x50\xc6\xe4\x62\xb9\x30\x2d\x4b\x9a\xfd\xad\x44\xcc\
\x39\xd2\x2d\xc3\xd0\xd6\x54\x57\x97\x2d\xa5\x6d\xa9\xe4\xba\xd8\
\x77\xf9\xb6\x6d\xaf\x5f\x31\x32\x3e\xd9\x39\x20\x6b\xb4\x6a\xab\
\xaa\x58\xdb\xd4\xc4\xe9\x4b\x96\xb0\x79\xe3\x46\x54\xaf\x17\xae\
\xbc\x12\x14\x05\x73\x6c\x45\xb2\x29\x04\x43\x43\x43\x0c\x0c\x0c\
\xf0\xfc\xf3\xcf\xf3\x9d\xef\x7c\x87\x74\x3a\x3d\x4e\x62\xe2\xf1\
\x78\x1c\xaf\xb7\xa2\x28\x28\x8a\xc2\x53\x4f\x3d\x85\x10\x82\x74\
\x3a\x4d\x28\x14\xe2\xda\x6b\xaf\xe5\x4f\x7f\xfa\x13\x9f\xf9\xcc\
\x67\xd0\x75\x9d\xba\xba\x3a\x9a\x9b\x9b\x1d\x6d\x60\x75\x75\x35\
\xcb\x96\x2d\xa3\xb3\xb3\xd3\xa9\x6b\x28\x14\xa2\xa9\xa9\x89\xfa\
\xfa\xfa\x92\x9e\x8b\xcf\xe7\x23\x18\x0c\x12\x93\xb0\xa0\x2f\x9d\
\xc9\x10\x4f\x24\xca\x9a\x11\x71\xb6\x40\x96\xe7\x04\xb2\xa4\xcd\
\x0d\xd3\x34\x1d\x49\xc9\x3c\x2a\x03\xee\x77\x4b\x2e\x49\x90\x45\
\xba\x21\x9b\x18\x6d\x9e\x74\x4f\x84\x65\x59\xd2\x22\x2e\xe5\xf6\
\xc7\x99\x62\x9c\x5d\x3a\x85\x09\x9b\x72\xc9\x85\xf0\xd0\x43\xe3\
\x77\x3e\xf5\x14\xca\x27\x3e\x85\xf9\xf8\xb6\xa9\x17\x98\x33\x00\
\x29\x17\x01\xf7\xbb\x66\xaf\xcb\x8d\xb9\x36\xe3\x38\x67\x48\xb7\
\x61\x18\xd2\xa2\x96\x94\x3b\xe3\x5d\xb9\x88\x77\xae\x37\xbb\x14\
\xd9\x49\xbe\x73\xb8\xa1\x00\xfa\xc8\x08\xfe\x37\xde\xc0\x07\x88\
\xa7\x9f\xa6\xb7\xbf\x9f\xa3\x47\x8f\xa2\xeb\x3a\x8d\xad\xad\x54\
\xd5\xd7\xa3\xf8\xfd\x84\xaa\xaa\xa8\xaf\xae\x66\xd0\xe7\x63\x6d\
\x6b\x2b\x4b\x5a\x5b\x11\x89\x04\x96\xaa\x62\x0a\x41\x63\x6d\x2d\
\xeb\x4e\x3f\x9d\x3d\xbb\x77\x73\xc3\x0d\x37\x90\x4c\x26\x69\x69\
\x69\x61\xf5\xea\xd5\xac\x5a\xb5\x8a\x96\x96\x16\x87\x28\x19\x86\
\x81\xa6\x69\x8c\x8c\x8c\x30\xec\x8a\x21\x6b\x18\x06\x4f\x3f\xfd\
\xf4\x84\x85\x5d\x8a\xa2\xf0\x57\x7f\xf5\x57\x5c\x7d\xf5\xd5\x8e\
\x9c\xa0\x18\x1a\xea\xea\x88\x4b\x92\x3a\x44\x22\x91\x79\xd2\x9d\
\x07\x09\x49\xeb\x2b\x14\x45\xc1\x9b\x13\xba\x73\xb2\x45\x93\xf3\
\x38\xf1\xc8\x5d\xc3\xe1\x46\xc0\xef\x97\x36\x13\x11\x99\x9f\x7d\
\xca\x8b\x48\x2c\x96\xd5\xd7\x4a\xb8\xef\xe5\x26\xdd\x6e\x58\x5e\
\xaf\xb4\xb2\x4b\x81\x7a\xd5\xbb\xb1\x06\x86\x30\x9f\x7d\x61\xca\
\xbf\x55\xd6\xae\x82\xcf\x7f\x77\xfc\xce\xa7\x9f\x46\xdc\x73\xcf\
\xb4\xea\x62\x79\xdf\x7e\xef\x95\x93\x24\x0b\x21\x08\xf8\xfd\xd2\
\xe4\x80\xa6\x65\xa1\x9c\xc2\x83\xa7\xa9\x60\xce\x90\xee\x54\x3a\
\x2d\xed\x25\x5e\x2b\x21\xc3\xd6\x4c\x88\x77\x31\xe9\xc8\x64\xb2\
\x93\x42\xe7\x70\xf6\xa7\x52\x28\x3b\x77\x8e\xdb\xb7\x73\xe7\x4e\
\x7e\xfe\xf3\x9f\x23\xc8\xce\x26\xa4\xd3\x69\x04\xb0\x66\xed\x5a\
\x3e\xf7\xb9\xcf\xa1\xec\xda\x85\x7f\xe7\x4e\xbc\x91\x08\xe2\x89\
\x27\x08\x87\xc3\xf4\xf5\xf7\x63\x59\x16\xf5\xbb\x77\x63\x6a\x1a\
\x09\xcb\xa2\xb6\xba\x1a\x4f\x28\xc4\xb9\x8b\x16\xf1\x91\x0f\x7d\
\x08\xbc\x5e\xcc\x64\x92\x86\x9a\x1a\xce\x3b\xfb\x6c\xae\xbf\xfe\
\x7a\xae\xbd\xf6\x5a\x50\x55\x52\xe9\x34\x07\x0f\x1e\xe4\xcd\x37\
\xdf\x24\x1c\x0e\x63\x9a\x26\x7b\xf7\xee\xe5\xf5\xd7\x5f\x67\xef\
\xde\xbd\x40\x36\x3c\x64\xa9\x2f\x9d\xda\xda\x5a\x8e\xf6\xf4\x94\
\x74\xec\x54\x11\x89\x46\x69\x6a\x6c\x94\x52\xf6\xa9\x0a\xcb\xb2\
\xa4\x65\xbc\xcb\x67\xe0\x67\x12\xd6\x6e\x1e\xf2\x91\xfb\x6c\xbc\
\x1e\x0f\xba\xa6\x49\x91\x1f\xa5\xd2\x69\x12\xc9\x24\xbe\x93\x4c\
\xd6\x2a\x0d\x11\x49\xd2\x12\x90\x43\xba\x1d\x69\xa1\xff\x24\x3a\
\x34\xfc\x7e\x94\x4b\x2e\xc0\xea\x1f\x9c\x32\xe9\x16\x0b\xdb\x21\
\x18\x18\x2f\x2d\x01\x38\x7c\x18\x7a\x7a\xb2\x12\x93\x37\xa7\x96\
\x69\xd3\x1a\x73\xee\xc8\x92\x98\x48\x23\xdd\xcc\x9d\xa4\x31\x73\
\x86\x74\xa7\x33\x19\x69\xa4\x3b\x58\xa6\x04\x1c\x93\x49\x3b\x26\
\x3b\x76\x2a\x3a\xed\xe9\x10\x6f\x61\x18\xf0\xd2\x4b\x88\x9c\x69\
\x7a\x5d\xd7\xb3\x0b\x54\xc7\x3c\x8c\x5e\xaf\xd7\x59\x50\x09\x39\
\x7a\x6b\x45\x61\xe7\xae\x5d\xfc\xf4\xa7\x3f\xc5\x30\x0c\x54\xd3\
\xe4\xc2\x0d\x1b\xb8\xfe\xfa\xeb\xe9\xe9\xe9\xe1\xee\x6f\x7c\x83\
\x7d\xbd\xbd\xfc\x9f\x3f\xfe\x91\x73\xcf\x3b\x8f\xb3\x37\x6c\x40\
\x7d\xfd\x75\x02\xdb\xb7\xa3\xb7\xb7\x63\xb5\xb5\x21\xbc\x5e\x3c\
\x7e\x3f\xab\x02\x01\x56\x6d\xd8\x80\xe5\xf3\x61\xa8\x2a\x8a\xc7\
\x83\xa5\x28\x6c\x7d\xe4\x11\x7e\xfc\xe3\x1f\xd3\x58\x5b\x8b\x26\
\x04\x19\x45\x99\x54\x5a\x50\x15\x0c\x4a\x6b\x1f\xf1\x44\x62\x4e\
\x8d\xe4\x4b\x41\x3a\x93\x91\x16\x0b\xd8\x9f\x87\x4c\xcd\xcb\x4b\
\x2a\x13\xc5\x06\x43\x5e\xaf\x57\x9a\xe6\x3f\x12\x8d\xce\x93\xee\
\x1c\xc8\x8a\x97\xaf\xa9\xaa\x14\x3d\xb7\xfd\xd9\xa8\x2b\xbf\xd3\
\xab\x54\xa8\x97\xbe\x03\x9e\x79\x06\x71\xfe\xf9\x53\x5e\xfc\xa8\
\x9c\x73\x16\xfc\xee\x77\xf9\xbf\xdc\xb6\x0d\x65\xc5\x52\x8c\x29\
\x92\x6e\x99\xf7\xc2\x37\xaf\xeb\x2e\x0b\xe6\x14\xe9\x96\x01\x8f\
\xae\xa3\x9d\xa0\x38\x93\x85\x48\xf9\x74\xc8\x76\xee\xef\xf3\xfd\
\x1f\xb7\x6d\x9a\x88\xb7\xde\xc2\xca\xb3\xba\x5d\xc9\x8d\x04\x50\
\xc4\x90\x5a\x96\x45\x43\x43\x03\xcb\x96\x2d\x63\x64\x64\x84\x9e\
\x9e\x1e\x84\x10\xf8\x7c\xbe\xec\x02\x49\xcb\x62\x70\x68\x88\xfe\
\xfe\x7e\xfc\x81\x00\xe7\x9e\x7b\xee\xdb\xbf\x4d\x24\x10\xe1\x30\
\xbd\xfb\xf6\x71\xff\x7f\xfd\x17\x90\xcd\x2a\xb9\x70\xe1\x42\x5a\
\x5b\x5b\xe9\xec\xec\xa4\xa9\xa9\x09\x6b\xeb\x56\x82\x3b\x76\xa0\
\x77\x76\xa2\xbe\xe7\x3d\x68\x96\xc5\x64\x3e\x55\x8f\xc7\x83\xaa\
\xaa\x52\xe2\x75\x5b\x96\x45\x32\x91\xc0\x2f\x71\x8a\xf5\x54\x43\
\x52\x52\x6c\x6e\xc8\xf6\xc9\x5c\xb8\x43\x04\xce\x2f\xa0\xac\x0c\
\xb8\x17\x41\xe7\x4b\x58\x94\xef\x39\x96\x0b\xd1\x58\x8c\xc6\x32\
\xcb\x02\x4f\x65\xc8\x9c\x79\x92\x99\xa5\x19\xc0\x68\x3e\x49\xb3\
\x88\x63\x5e\x6e\x3e\xf2\x11\x18\x1e\x41\xd9\xb4\x11\xe3\xc1\x5f\
\x97\xfc\x73\xe5\x8c\xd5\xf0\xf9\xef\xe5\xff\xf2\xe9\xa7\x11\x9f\
\xfd\x6b\xf8\xdd\xd6\x29\x55\xc9\x68\x6a\x98\xe0\xe5\x2e\x97\xd7\
\x5b\x66\x7f\x9c\x4b\xa1\x03\xe7\x04\xe9\xb6\xbd\x5c\x52\xb4\x6a\
\x53\x08\x83\x64\x59\x16\x89\x44\x82\x63\xc7\x8e\xb1\x73\xe7\x4e\
\xba\xba\xba\x88\x46\xa3\x78\x3c\x1e\xaa\xab\xab\x09\x06\x83\xce\
\x82\xc2\xea\xea\x6a\x42\xa1\x90\x93\x30\x22\x10\x08\x50\x5b\x5b\
\x4b\x20\x10\x40\x55\x55\x34\x4d\x43\xd7\xf5\x71\xc9\x69\xec\xd0\
\x7d\x6e\x12\x6e\x87\xf2\x73\x1f\xe3\x5e\x5c\x98\x4f\x76\xe2\xde\
\xef\x7c\x8e\xc5\xe0\xcd\x37\xf3\xde\x43\x6b\x0a\x1e\x44\xcb\xb2\
\x38\xed\xb4\xd3\x38\x6d\xf9\x72\x0e\x75\x75\x71\xf7\x37\xbe\x81\
\x18\xdb\x9f\x4a\xa5\x50\x14\x85\xa5\x4b\x97\xb2\x64\xc9\x12\x1a\
\x1a\x1a\x26\x7a\x27\xc7\x16\x62\x1e\x3a\x74\x08\x21\x04\xa6\x69\
\xf2\xda\x6b\xaf\x01\xf0\xde\xf7\xbe\x97\xab\xae\xba\x2a\xfb\x9b\
\xe6\x66\x32\xa7\x9f\x4e\xda\xb2\x48\x95\xf0\xc2\x11\x42\xe0\xf7\
\xfb\xa5\x45\x1b\x89\xcf\x93\xee\x71\x90\xb5\xa8\x19\xf2\x1b\xf9\
\x99\x18\x9d\x7c\x91\x71\xe6\x6a\x04\x94\x42\x49\x79\x66\x7a\x3f\
\xf2\x79\xbc\xbd\x1e\xcf\xbc\xae\xfb\x04\x21\xe6\x0a\x35\x57\x6e\
\xc8\x24\x6b\x00\x46\x6b\xb3\xd4\xf2\x0b\x41\xd9\xb4\x11\x76\xee\
\x84\xed\xdb\x21\x14\x42\xdc\x79\x17\x94\x48\xba\xc5\xc2\x76\x08\
\xe4\x91\x96\xd8\xd8\xb2\x25\xab\xeb\xf6\xfb\x61\x0a\x92\x0e\xa3\
\x65\xfc\xbd\x28\xa7\xcc\x44\xd7\x34\x54\x55\x95\x36\x63\x38\x4f\
\xba\x67\x11\x32\x86\x21\xed\xe5\x5d\x2a\xe9\xb6\x2c\x8b\xe1\xe1\
\x61\x9e\x7d\xf6\x59\x9e\x78\xe2\x09\x0e\x1e\x3c\x48\x24\x12\x41\
\x55\x55\x74\x5d\xc7\xeb\xf5\xe2\xf3\xf9\xf0\x7a\xbd\x68\x9a\xe6\
\x90\x6f\x77\x8a\x64\xbb\x1c\x3b\x02\x48\x30\x18\xc4\x3f\x16\x8f\
\xd8\x26\xe6\xf5\xf5\xf5\x59\xb9\x87\x65\xe1\xf5\x7a\xa9\xa9\xa9\
\xa1\xb6\xb6\x16\x21\x04\xba\xae\x13\x08\x04\x68\x69\x69\x41\x55\
\x55\x02\x81\x00\x7e\xbf\x7f\x1c\x19\xcc\x77\x9f\x44\x26\x03\x2f\
\x14\xd6\xab\xb9\x53\x36\xe7\xeb\x38\x79\xb3\xdc\x91\x8d\x9b\x6e\
\x47\x3b\x89\xc5\x62\x64\xd2\x69\x14\x45\xa1\xb5\xa5\x85\xab\xaf\
\xbe\x3a\x3b\x75\x98\x6f\x86\x62\x8c\x6c\xdb\xe7\x51\x15\x05\x65\
\x6c\xc0\x81\xae\x63\x6d\xdc\xc8\x70\x6f\x2f\x87\x8e\x1e\x9d\x92\
\x84\x21\xe0\xf7\x4b\x89\x60\x02\x59\xa3\x56\x5f\x57\x27\xa5\xec\
\x53\x11\xb2\xb2\x50\x42\x79\x8c\x7c\x6e\x9b\xb5\xa3\xec\xd8\xfd\
\x4f\x08\x81\xc7\xe3\x71\x06\xbe\x95\x0a\x19\x5a\x76\xd3\x34\x49\
\x26\x93\x64\xc6\xfa\xa6\x10\xd9\xcc\xb4\xf6\x7b\xc7\x46\xa9\xef\
\xdc\x42\x75\x2c\x97\x24\x21\x1f\x52\xe9\x34\xe9\x4c\x46\xea\x39\
\x4e\x25\xc8\x92\x96\x40\xf9\x3d\xdd\x30\xbe\x6d\x99\xc1\x00\x99\
\xb6\x16\xb4\x1e\x39\xb9\x16\x0a\x41\xb9\x78\x13\x7c\xfc\xff\xca\
\x7e\xd8\xb2\x05\xf1\x2f\xff\x5a\xb2\xc4\x44\x39\x7b\x1d\x3c\x54\
\x40\x5a\x02\xd9\x44\x39\x7b\xf6\xa0\xac\x58\x8a\xf9\xca\xce\xc2\
\xc7\xb9\xa1\xaa\xa4\x97\x76\x96\x76\xec\x34\xa1\xa9\x2a\x29\x59\
\xa4\x7b\x8e\x48\x4c\xe6\xc4\x1b\x27\x23\x51\xcf\x5d\xea\x02\x91\
\x48\x24\xc2\x23\x8f\x3c\xc2\xfd\xf7\xdf\x4f\x7f\x7f\xbf\x63\xa8\
\x6d\x2f\x7c\x3a\x9d\x26\x93\xc9\x8c\xf3\x4c\x43\x96\xc0\x0a\x21\
\x60\xcc\x13\xad\x28\x0a\xda\xd8\x88\x33\x4b\xd6\x3d\x68\x9a\x8e\
\xc7\xa3\x8f\xed\xf3\x38\xdf\xdb\xe7\x70\x7b\xbf\x2d\xcb\xc2\x30\
\x0c\xe2\xf1\x38\xab\x56\xad\xe2\xbc\xf3\xce\xe3\xa2\x8b\x2e\xa2\
\xb5\xb5\x75\x5c\x8a\x5e\xe7\x7e\x65\x32\x88\x3d\x7b\xa0\x48\x04\
\x90\x95\x2b\x57\x72\xde\xa6\x4d\xec\xdb\xb7\x8f\xbe\xde\x5e\x00\
\x94\xb1\xf3\x14\x82\x10\x82\x15\x2b\x57\x72\xcf\xff\xfa\x5f\x6c\
\x7b\xea\x29\x3e\xf3\x99\xcf\xb0\x7e\xfd\x7a\x3e\xf9\x89\x4f\x70\
\xf8\xc8\x11\xbe\xf5\xad\x6f\x71\xf6\xd9\x67\xb3\xf1\xec\xb3\x4b\
\xba\xbf\x00\x34\x36\xc2\x45\x17\x31\x78\xff\xfd\xbc\xf4\xfa\xeb\
\xac\x3d\xeb\xac\xd2\x7f\x8b\xdc\x88\x09\xb2\xa6\x6e\x4f\x45\x18\
\x12\xf5\xd5\x85\xa4\x5e\xd3\x7d\xae\x76\xf8\xca\xc1\xc1\x41\x46\
\x47\x47\x9d\x58\xd2\xaa\xaa\xd2\xd9\xd9\x49\x6b\x6b\x2b\x81\x40\
\xa0\xe2\x3c\xde\xf6\xfb\x43\xc6\x7d\x0e\x87\xc3\xec\xde\xbd\x9b\
\xa1\xa1\x21\x67\x00\xe2\xf3\xf9\x68\x6a\x6a\x72\x62\xe8\x4f\x15\
\xf9\x48\xb7\x6c\x0f\x69\x3c\x91\x40\x2f\xd3\x7a\x9c\x53\x1d\x32\
\xdf\x4f\xb2\x9f\x23\x40\x7a\xc5\xb2\x13\x4a\xba\x95\x4d\x1b\x11\
\x99\x74\xd6\xcb\x6d\xe3\x27\x3f\x2e\x59\x62\xa2\xac\x5b\x03\x1f\
\xbe\xa9\xf8\x41\x4f\x3e\x89\x58\xbe\x0a\x4a\x24\xdd\xe9\xc5\x1d\
\x58\x9a\x06\x92\x92\xc8\x41\x76\x20\x2c\xcb\x61\x32\x57\x96\xb9\
\xcf\x09\xd2\x2d\x2b\x54\x20\x94\xb6\xb8\xc0\xb2\x2c\x0e\x1e\x3c\
\xc8\x83\x0f\x3e\xc8\xb2\x65\xcb\xb8\xfd\xf6\xdb\x59\xb4\x68\x91\
\x23\x37\x89\xc7\xe3\xfc\xe9\x4f\x7f\xe2\x87\x3f\xfa\x11\x47\x8f\
\x76\xe3\xf3\x07\x51\x35\x81\x82\x85\xa2\xa8\x08\x45\x41\x90\xcd\
\xee\x68\xf7\x21\xdb\x3b\x14\x8b\xc5\x50\x35\x8d\xd1\x51\x93\x4c\
\x26\xed\xe8\x23\x33\x99\x2c\xb1\xd6\xb4\xec\x74\x90\x61\x18\x0e\
\x09\xd6\x75\x1d\x8f\xc7\x43\x4f\x4f\x0f\xaf\xbc\xf2\x0a\x4f\x3e\
\xf9\x24\x1f\xfb\xd8\xc7\x58\xbf\x7e\xfd\x84\xb8\xd6\x62\x64\x04\
\x8e\x1e\x7d\x7b\x04\xea\x0a\xbd\x96\xad\x17\x34\x35\x35\x71\xd3\
\x4d\x37\x39\xdf\xc1\xd8\x42\x39\xc3\x28\x2a\xeb\x71\x3c\x64\x9a\
\x86\x69\x9a\x0c\x0e\x0e\xb2\x7c\xf9\x72\x8e\x1d\x3b\xc6\xcb\x2f\
\xbf\x8c\xdf\xef\xe7\xbc\xf3\xce\x9b\xfc\xfe\xaa\x2a\xe6\x9a\x35\
\xa4\x57\xaf\x06\x8f\x87\xd1\x69\xae\xc2\xb7\x33\x69\xca\x40\x26\
\x93\xc1\x34\xcd\x8a\xf6\x8a\x9e\x28\xc8\x5a\x5f\x01\x59\x32\x5c\
\x08\xee\xb0\x81\x93\x3d\x67\xdb\x60\x09\x21\x48\xa5\x52\x0c\x0c\
\x0c\x30\x3c\x3c\x8c\x31\x36\x6b\xa6\x69\x1a\xcb\x96\x2d\x63\xe1\
\xc2\x85\xce\x4c\xd2\x5c\x80\x65\x59\x1c\x3f\x7e\x9c\x57\x5f\x7d\
\x95\x81\x81\x01\xe7\x9e\x7a\xbd\x5e\x74\x5d\x27\x14\x0a\x4d\x9b\
\x74\xe7\x12\x04\xdb\x59\x20\x2b\xea\x4c\x3c\x91\xa0\x66\x9e\x74\
\x03\x90\x48\x24\xa4\x95\xed\x2d\x13\xe9\x2e\x16\x68\x20\xb9\x6e\
\x35\xfe\x27\xb6\xe7\xfe\x44\x1a\x94\x2b\x2e\x85\xaf\xfe\xe3\xf8\
\x9d\xf7\xdd\x87\xf2\xeb\xdf\x4c\x4a\xba\xc5\x69\xcb\xc0\x34\xb2\
\xd9\x27\x8b\xe1\xe9\xa7\x11\x97\xbd\xa7\xe4\x3a\xa5\xce\x58\x5d\
\xf2\xb1\xd3\x45\xb9\xf2\x91\xe4\xc3\x3c\xe9\x9e\x45\x30\x4c\x53\
\xda\xb4\x85\x5e\xc2\x0b\xc5\xb2\x2c\x5e\x7b\xed\x35\x1a\x1b\x1b\
\xb9\xfb\xee\xbb\x69\x6e\x6e\xc6\x30\x0c\xc7\x98\xa8\xaa\x4a\x6b\
\x6b\x2b\xaf\xbd\xf6\x1a\xbb\xde\xd8\x4f\xca\xf4\x21\xac\x14\x96\
\x91\x00\xa1\x63\x00\x1e\xd5\x22\x54\x55\x85\x50\x34\xc7\x40\x65\
\xa7\x77\xd3\x54\x57\x35\xa2\x6b\x1a\x89\x58\x2f\xa6\xd0\x51\x54\
\x0d\x53\x51\x50\xb4\x0c\x97\xbf\xe7\x32\x02\xc1\x20\xf1\x78\x9c\
\x70\x38\x4c\x38\x1c\x26\x16\x8b\x31\x3c\x3c\x4c\x4f\x4f\x0f\x7d\
\x7d\x7d\x0c\x0c\x0c\x30\x3a\x3a\xca\x6d\xb7\xdd\xc6\x8a\x15\x2b\
\xde\xd6\x79\xa7\xd3\xd9\x68\x25\x6e\x1d\xeb\xd8\xb6\x22\x04\xbd\
\xbd\xbd\x3c\xf2\xe8\xa3\x54\x55\x55\x39\x9e\xf4\xfa\xfa\x7a\x5a\
\x5a\x5a\xa8\xae\xaa\xca\x1e\x3b\x26\x73\x29\x74\x5f\x84\xa2\x70\
\xd6\x86\x0d\xdc\xda\xd6\xf6\xb6\x54\x67\xac\x2c\x4d\xd3\xf2\x1a\
\x5c\x7b\x00\x21\x84\x80\x50\x08\x63\xdd\x3a\x7a\xfa\xfa\x38\x32\
\xe6\x65\x9f\xae\x91\xd6\x75\x5d\xea\xf4\x56\x2a\x95\x92\xba\x02\
\xfc\x54\x81\xcc\x48\x42\x85\x06\x35\x53\x6d\x13\x6e\x8d\xb2\xa6\
\x69\xf8\xfd\xfe\x71\xc4\x50\xd3\x34\x1a\x1b\x1b\x69\x6b\x6b\xa3\
\xbe\xbe\x7e\x4e\x91\x6e\x45\x51\xa8\xaf\xaf\x67\x74\x74\x74\xdc\
\x3b\xcc\xe3\xf1\x38\x52\xb7\x72\x11\x65\xa5\x84\xc8\x43\xd3\x85\
\xac\xb8\xfc\xa7\x1a\x4c\xd3\x94\x1a\x52\xb7\xd8\x40\xb8\x5c\x30\
\xeb\x6a\x49\xaf\x58\x8a\xbe\xf7\x80\xf4\x73\x29\x67\xae\xc9\xda\
\xc6\x07\x1e\x18\xff\xc5\xeb\xaf\xc3\xe8\x28\xca\x99\x6b\x8a\x4a\
\x42\xd4\x73\xce\x2c\x1c\xb5\xc4\x8d\xed\xdb\x11\x4b\x16\x21\x1a\
\xea\xb0\x06\x86\x8a\x1e\x6a\x79\x3d\x24\xd7\xac\x2c\xa5\xfa\x33\
\x42\xae\xdc\x75\x1e\x53\xc7\xac\x27\xdd\xb6\x66\xf8\x64\xbe\x50\
\x4c\xd3\xa4\xbb\xbb\x9b\xcb\x2e\xbb\x8c\x96\x96\x16\x92\xc9\x24\
\xe9\x74\xda\xf1\x02\x6b\x9a\x46\x53\x53\x13\x9b\x36\x6d\xe2\xa9\
\xa7\x9f\x66\x78\x38\x0c\x58\x18\x02\x52\xe9\x24\x19\xd3\x22\x83\
\x01\xa6\x89\xc7\xe3\x45\xd3\x6c\x19\x89\x4a\x34\x1a\x45\x51\xc2\
\x28\x8a\xca\x68\x38\x4c\x1a\x0d\x0b\x41\x2a\x1e\xa7\xb3\xa3\x8d\
\x7f\xbe\xf3\x4e\x1a\xc7\x62\x44\x0b\x21\x30\x0c\x83\x9e\x9e\x1e\
\xb6\x6c\xd9\xc2\xbf\xff\xfb\xbf\xb3\x6b\xd7\x2e\x12\x89\x04\xc9\
\x64\x92\x1f\xfd\xe8\x47\x7c\xf9\xcb\x5f\x46\xd7\xf5\xbc\xe1\x01\
\x6d\x63\x6a\x1a\x06\x42\x51\x18\x1c\x1c\xe4\xc1\x07\x1f\x74\x3c\
\xb8\xb6\x6e\xdc\x0e\x19\x68\xdf\x1f\x37\xd1\x14\xc0\xe0\xe0\x20\
\x07\xf6\xef\xa7\x73\xd1\x22\x9a\x9a\x9a\xd0\x34\x8d\xe6\xe6\xe6\
\x09\x84\xb4\xd0\x33\x6b\x6e\x6e\xe6\xae\x3b\xef\x64\xb0\xa9\x89\
\x43\x86\xc1\x53\xcf\x3d\x47\xdb\x92\x25\x9c\x7e\xfa\xe9\x33\x8a\
\x4e\x21\xfb\x85\x92\x9c\x27\xdd\x00\xe3\xd2\x7d\x97\x1b\xc5\x9e\
\xdf\x74\x17\xfb\x05\x02\x01\x5a\x5b\x5b\x89\x46\xa3\xce\x6c\x91\
\xa2\x28\x34\x36\x36\xd2\xdc\xdc\x4c\x7d\x7d\xfd\x9c\x99\xc1\xb0\
\xe5\x69\x0d\x0d\x0d\x44\x22\x91\x71\xfa\xf6\xba\xba\xba\x71\x84\
\x7b\x2a\x7d\xb1\x10\x49\x97\xd9\x1f\xe3\x12\x33\xa2\x9e\x4a\x90\
\x99\x19\x16\x4e\xcc\x62\x63\x21\x04\xc6\xf9\xe7\x10\xf8\xcc\x27\
\xa4\x9f\x0b\x80\xcf\x7c\x26\xff\xfe\xdf\xfe\x06\x71\xc6\xfa\xa2\
\x92\x10\x71\xe6\x19\xf0\xe5\x5b\x27\x3f\xc7\xc8\x08\x6c\x7d\x04\
\xed\x2b\x5f\x9c\xf4\xd0\xf4\xa3\x8f\x23\x34\x6d\x4a\x41\x0d\xa6\
\x03\xd9\xcf\x72\x2e\x78\xbb\x67\x3d\xe9\xb6\x2c\x4b\xea\x8a\xd8\
\x52\xc2\x05\x5a\x96\xc5\xe0\xe0\x20\xab\x57\xaf\x76\xf4\xdb\xb6\
\xf1\xb6\x8d\x98\xcf\xe7\xe3\x9a\x6b\xae\x26\x14\x0a\xf1\xea\xab\
\xaf\x92\x4c\x26\x89\x44\xc2\x8c\x8c\x8c\x10\x8f\x67\x49\xb1\x9b\
\xac\x67\x32\x19\x92\xc9\x24\x3e\x5f\x96\x7c\xa7\xd3\x19\xaa\xaa\
\xaa\x49\x1b\x26\x86\x69\x51\xed\xd3\xb9\xf2\x8a\x2b\xf0\xf9\x7c\
\x64\x32\x19\xe7\x7c\x42\x08\x5a\x5a\x5a\xf8\xcb\xbf\xfc\x4b\x3a\
\x3b\x3b\xb9\xf9\xe6\x9b\x19\x19\x19\x61\x64\x64\x84\xe7\x9e\x7b\
\x8e\xde\xde\x5e\x16\xb4\xb5\x41\x77\x37\x62\x78\x78\xc2\xb5\x08\
\x21\xd8\x70\xf6\xd9\x54\xd7\xd4\xd0\x7b\x3c\xab\xa1\x4b\x67\x32\
\x74\x1f\x3d\xca\xfe\x03\x07\x08\x87\xc3\xa4\xdc\x2f\x71\x21\x88\
\x84\xc3\x28\x63\xf7\x49\x28\x0a\xbb\x77\xed\xe2\xc7\x3f\xf9\x09\
\xd5\xd5\xd5\x7c\xf5\x1f\xff\x91\xed\xdb\xb7\xf3\xfd\xef\x7f\x9f\
\x4d\x9b\x36\xf1\xb1\xff\xf1\x3f\x9c\x9f\x2a\x63\x9e\x72\x1b\x86\
\x61\x10\x8d\xc5\xd0\x43\x21\x7c\x17\x5d\x44\xbb\xc7\x43\x9b\xa6\
\x71\xc1\x25\x97\x38\x75\x73\xa7\x99\x9f\xea\x0b\x42\x53\x55\xa9\
\x6d\x45\xe6\xe2\xc1\x53\x09\x19\x09\x61\x19\x6d\x14\x8a\x85\x3e\
\xdd\x05\x85\xa6\x69\xa2\xeb\x3a\xb5\xb5\xb5\xd4\xe6\xa4\x0e\x6f\
\x6e\x6e\xa6\xae\xae\x8e\xda\xda\xda\x19\x91\xee\xdc\x88\x28\xee\
\x7d\x36\x8a\xb5\xe7\xa9\xb6\xf5\x99\x46\x72\x89\xc7\xe3\xb4\xb6\
\xb6\x8e\x93\x8e\xd9\x7d\x6f\x3a\x03\xaa\x62\xcf\x46\x6a\x7f\x4c\
\xa5\xe6\x43\x48\x92\xbd\x0f\xa7\x32\xec\xe7\x97\x58\xd2\x49\xe0\
\x82\x77\xa0\xee\x7f\xf3\xe4\x55\xe6\x81\x07\x50\x7e\x7d\x13\x85\
\xde\x70\xca\x99\x6b\xb2\x64\x7a\x32\x69\x89\x8d\x8f\x7c\x78\xf2\
\x63\x74\x0f\xa3\x0f\x3f\x0c\x8c\x97\xc5\xc9\x90\x65\xc9\x76\x2e\
\xcc\x85\x08\x26\xb3\x9e\x74\xcb\x0a\x15\x68\xa3\x54\x8d\x93\x61\
\x18\x04\x83\xc1\x71\xf1\x68\x1d\xcf\xf1\x18\x11\x0f\x85\x6a\x79\
\xff\xfb\xdf\xcf\xfb\xdf\xff\xfe\x71\x0b\x1f\x4d\xd3\x24\x95\x4a\
\x39\xf2\x90\x54\x2a\x45\x22\x91\x60\x74\x74\x94\x91\x91\x11\x92\
\xc9\xa4\x23\x19\x89\x44\x22\xa4\xd3\x69\x7c\x3e\x1f\x1f\xfc\xe0\
\x07\xf1\x7a\xbd\x24\x93\xc9\x71\x53\xb4\x8a\xa2\xe0\xf3\xf9\xb8\
\xf8\xe2\x8b\xb9\xf2\xca\x2b\xb9\xff\xfe\xfb\xd1\x75\x9d\x68\x34\
\x4a\x57\x57\x17\x0b\xea\xeb\x61\xd7\xae\x82\x52\x0b\xbf\xdf\xcf\
\xba\x75\xeb\x00\x1c\xbd\xb8\xaa\xaa\x58\xa6\xe9\x8c\x54\x6d\x03\
\x1c\x1e\x1d\xcd\xa6\xfb\x06\x3c\x63\x32\x13\x31\x16\x99\xa5\xb9\
\xb9\x99\x8c\x61\xa0\x6b\x1a\x1e\x8f\x87\x78\x3c\x8e\xe2\xd6\x71\
\xba\x0c\xba\xae\xeb\x3c\xb2\x75\x2b\x0f\xef\xde\x4d\x60\xdd\x3a\
\x7a\xbf\xff\x7d\x47\x1b\xec\xf5\x7a\xb9\xe4\x92\x4b\x78\xc7\x3b\
\xde\x41\x47\x47\xc7\xb4\x3d\xa9\xb6\xb7\x5e\x16\x32\x12\xb5\xcc\
\xa7\x12\x0c\x89\xde\x18\x51\xc4\x28\x4c\xd7\x03\x9b\x4e\xa7\xc7\
\x85\xe3\x74\x4b\x4c\x02\x81\x80\x23\xaf\x9a\x2a\x4c\xd3\x64\x68\
\x68\x88\x48\x24\xe2\x48\x33\x3c\x1e\x0f\xa6\x69\x12\x8d\x46\x49\
\xa7\xd3\x4e\x14\xa2\x50\x28\x44\x26\x93\x61\x78\x78\xd8\x89\x29\
\x1f\x8b\xc5\x1c\x09\x96\xfd\x5e\xc9\x64\x32\x04\x83\x41\x67\x9f\
\xa2\x28\x44\x22\x11\x34\x4d\xc3\x30\x0c\x74\x5d\xa7\xa9\xa9\x89\
\x50\x28\x34\x6d\xa3\x1c\x08\x04\xc6\x2f\xf6\x1e\x9b\x41\xb3\xd7\
\x2d\xd8\x98\xa9\x97\x7b\xac\x90\x69\xd5\xb1\xd4\xf3\x66\x32\x99\
\x92\x24\x82\xb3\x19\x29\x89\xef\x25\xd9\x03\x9a\xdc\x30\xb7\xd1\
\xdb\x6f\xa3\xa6\x14\xa2\x2a\x0b\xaf\xbf\x0e\x47\x8e\xa2\x6c\xda\
\x98\x37\x43\xa5\xb2\x7a\x45\xf1\xa8\x25\xd3\x40\xf2\xda\xeb\xb0\
\x5a\x5b\x60\xac\xef\xc9\x5c\x07\x31\x9f\xe0\x6d\xe6\x98\xfd\xa4\
\x5b\xb2\x27\xa3\xd4\xb2\xed\x8e\x90\xeb\xd5\xb1\xf7\xdb\xde\xe8\
\xf4\x58\xd8\x3c\x77\xdc\x6c\x3b\xbe\x76\x6d\x6d\x2d\x75\x63\x61\
\xe7\xdc\xb1\xb8\x0b\x75\x32\x9b\xac\xe7\x26\x9e\x30\x0c\x83\x54\
\x2a\x85\xae\xeb\x5c\x72\xc9\x25\xfc\xe4\x27\x3f\xa1\xae\xae\x0e\
\xbf\xdf\x4f\x7f\x6f\x2f\xfc\xe9\x4f\x45\xaf\x65\xc7\x8e\x17\xd8\
\xb2\xe5\x61\x1a\x1b\x1b\x59\xb4\x68\x11\xcd\xcd\xcd\x68\x9a\x46\
\x30\x18\x64\xd9\xb2\x65\xd9\xe4\x38\xbc\x4d\x4a\x6c\x58\xa6\x89\
\x65\x9a\x68\x9a\x86\x69\x18\xec\xdb\xb7\x8f\x2f\x7c\xfe\xf3\x9c\
\x7b\xde\x79\xdc\x76\xdb\x6d\xc4\x62\x31\xbe\xfa\xd5\xaf\x62\x59\
\xd6\xdb\x83\x19\x21\xa8\xae\xae\x66\xe9\xea\xd5\x0c\x76\x76\xb2\
\xe7\xe8\x51\xb6\x3e\xf4\x90\x73\x9f\xec\x45\xa1\x2f\xbe\xf8\x22\
\x77\xdf\x7d\xb7\x73\x2e\x55\x55\xa7\x4c\x72\xa5\x93\x6e\x89\x1e\
\xde\x53\x05\xee\x90\x7b\x32\x50\x2e\x4d\x77\x6e\x98\xce\x4c\x26\
\xe3\xb4\x27\x77\x64\x10\x5b\x4e\x35\x9d\xeb\xb1\xd7\x59\xd8\x21\
\x42\xfb\xfa\xfa\xd0\xf5\x6c\x14\x22\x5b\xba\x11\x89\x44\xf0\xfb\
\xfd\x54\x55\x55\x91\x4e\xa7\xe9\xed\xed\xa5\xaa\xaa\x0a\x45\x51\
\x18\x1d\x1d\xc5\xeb\xf5\x12\x08\x04\x68\x6c\x6c\xe4\xd8\xb1\x63\
\x0c\x0d\x0d\x11\x0a\x85\x48\xa5\x52\xce\xe0\xb3\xbb\xbb\x9b\xba\
\xba\x3a\xbc\x5e\x2f\x1e\x8f\x87\x40\x20\x80\xd7\xeb\x9d\xb6\x61\
\xd6\x34\x8d\x4c\x26\x43\x22\x91\x98\x70\xbf\xa7\xea\x71\x9f\xec\
\x78\x45\x08\xa9\x7d\x32\x3d\x4f\xba\x49\x4b\xd4\x73\x9f\x08\xdb\
\xeb\xb6\x95\xe9\x0d\x67\x91\xb9\xe0\x22\xb4\xed\xdb\xa4\x9d\x77\
\x52\xdc\xf7\x23\xc4\xf5\x1f\x80\x3c\xa4\x5b\x9c\x75\x06\xdc\xf6\
\xf7\x65\x3b\x95\x55\x55\x4d\xf8\x8b\x5f\xc8\x96\xed\xe2\x01\x32\
\x3d\xdd\x32\x9f\xa9\x05\x08\x49\x03\x86\x4a\xc1\xac\x27\xdd\xb2\
\x63\x3f\x86\xc3\xe1\x49\xa7\x5c\x6c\x49\xc8\x64\x5e\x77\x5b\x6a\
\x52\xca\xc2\x21\x91\xc7\x18\xe5\x7e\xb6\xc9\x76\x3e\x92\x6f\x7f\
\x67\x2f\x02\xab\xae\xae\xc6\xe7\xf3\x31\x7a\xf0\x20\xc2\x4e\xdf\
\x9e\xa7\x4c\xcb\xb2\x18\x1d\x0d\xd3\xd3\xd3\x43\xf7\xd1\xa3\xbc\
\xf4\xd2\x4b\x8e\x47\x6d\xe5\xca\x95\x7c\xee\x73\x9f\x63\xcb\xc3\
\x0f\xf3\xcc\x33\xcf\x64\xc9\xb5\x69\xd2\xd0\xd0\xc0\x82\x05\x0b\
\x9c\x73\xf5\xf4\xf4\x38\xd3\x48\xb6\xd4\xa6\xb5\xb5\x95\x91\x91\
\x11\xfa\x7a\x7b\xb1\x5c\x75\x17\x42\xb0\xe4\xbc\xf3\xf8\x7f\xfe\
\xf2\x2f\x89\xa5\xd3\xf4\x0f\x0c\x38\x21\x20\x87\x87\x87\x39\x74\
\xe8\x10\x7b\xf6\xec\x71\x08\xc6\xe8\xe8\x28\x5d\x5d\x5d\x74\x75\
\x75\xe1\xf1\x78\x9c\x59\x80\x52\x60\x01\xba\xc7\x23\x4d\x73\x3c\
\xef\xe9\x46\x5a\xea\x77\x1b\x82\x89\x1a\x55\xdb\x5b\x3d\x5d\x4d\
\x77\x21\x03\xe6\x1e\xf4\x4e\x67\xda\x55\x51\x14\x32\x99\x8c\x33\
\x30\x1e\x1a\xca\x2e\x96\xaa\xab\xab\x43\x55\xb3\xeb\x35\xec\x30\
\xa2\xb6\x97\xdd\x96\x96\xd9\x31\xc2\xed\x81\xb5\x4d\xb2\xed\x7a\
\xd8\x83\x78\x7b\xbd\x44\x47\x47\x87\x93\x17\xc0\x0e\x71\x38\x1d\
\xe3\x59\x8c\x28\x4f\xe7\xbe\xda\x65\x1a\xa6\x49\x32\x95\x9a\xf0\
\xec\x7c\x3e\x1f\xe9\x69\x46\x23\x2a\x05\xf3\x7d\x52\xbe\xec\xad\
\x5c\x9a\xf1\xdc\xfe\x26\x84\x70\x06\x65\x6e\x47\xd5\xf0\x57\x6e\
\xa3\xe1\xea\xab\x11\xb1\x93\x94\x00\xe9\xa1\x87\x50\xbe\xf2\x15\
\x8c\x9c\xc4\x36\x53\x96\x96\x94\x80\xc8\x67\x3f\x47\x5a\x55\xb0\
\xd2\xe9\x71\x76\xdd\xfd\xdf\x76\x82\x95\x83\x84\xcf\x95\xb5\x2b\
\x32\x31\xfb\x49\x37\x72\x47\xdb\x9a\xae\xe3\x9f\x64\x71\x9c\xed\
\x49\x28\x14\xb7\x3a\x9f\xa6\x33\x97\x20\xe4\x76\x98\x5c\xe3\x37\
\x59\x87\xca\x47\x9e\x27\x1c\x03\x98\x83\x83\x93\x1e\x77\xf6\x86\
\x0d\x78\xbd\x5e\x7a\xc7\xa2\x85\x98\xa6\x49\x5f\x5f\x1f\xa1\x9a\
\x1a\xa7\x9c\x44\x22\x81\x91\xc9\x90\xce\x64\x18\x18\x18\x60\xf7\
\xae\x5d\x0e\xe1\x52\x14\xc5\xd1\xc2\x5b\xc0\xb3\xcf\x3c\xc3\xcb\
\x2f\xbf\x9c\xf5\x18\x2a\x0a\x0b\xda\xda\x58\xb9\x6a\x15\xc1\x9a\
\x1a\x9e\x8a\x44\x68\x5b\xbc\x18\x4f\x5f\x1f\x35\x35\x35\x74\x74\
\x74\x8c\xbb\xa6\xb3\x27\x89\xe3\xdd\xdf\xdf\x3f\xa5\xe7\xef\xf1\
\x78\xa4\x19\xe2\xd9\x3d\x7e\x2f\x0d\xb2\x22\x51\xd8\x10\x42\xe0\
\xcb\x89\x96\x63\x59\x96\x93\xb8\x65\xba\x9e\xf6\x7c\x33\x55\xc5\
\x34\xd8\xc5\x60\xff\xce\xe3\xf1\xd0\xd6\xd6\x46\x38\x1c\xc6\xb2\
\x2c\x47\x16\x62\x27\x13\x69\x68\x68\xc0\x30\x0c\xbc\x5e\x2f\x7e\
\xbf\x1f\x8f\xc7\xc3\xd2\xa5\x4b\xc7\x42\x87\x5a\x24\x93\x49\xe7\
\x58\x45\x51\x68\x6b\x6b\x23\x1e\x8f\xa3\xeb\x3a\xd5\xd5\xd5\xa4\
\xd3\x69\x74\x5d\xa7\xbe\xbe\x9e\xda\xda\xda\x71\xf1\xfa\xa7\x53\
\x6f\x77\xdd\x67\x72\x2f\x73\x21\x84\x40\x55\x14\xbc\x1e\xcf\x84\
\x67\x97\x4a\xa7\x09\xcb\x24\xdd\xf3\xb3\x4f\x45\xf3\x29\xcc\x14\
\x96\x65\x4d\x78\xa6\xd3\x85\xdd\xce\xdc\x04\x3b\xdf\xc0\x57\x2c\
\x68\x27\xfe\x0f\xb7\x11\xf8\xfc\xdf\x96\xe5\xbc\x53\xc6\xe1\xc3\
\xf0\xc2\x8e\x6c\x14\x13\x97\xb7\x5b\x59\xb5\x1c\x1e\x7a\xa8\x6c\
\xa7\xc9\x6c\xba\x90\xf4\x4d\x1f\xc4\xe3\xea\x8b\xf6\x9f\xfd\x9e\
\x75\x13\xf0\x72\x41\x11\x42\xba\xf3\x64\x36\x63\xd6\x93\x6e\x64\
\xcb\x4b\xa6\x70\xac\x1d\xe6\xae\x98\xe7\xcc\x6d\xd4\xa7\x62\x1c\
\x4b\x5d\x64\x55\xe8\xbc\xd5\xd5\xd5\xd4\x8f\xa5\x99\x77\x1d\x6c\
\x1f\x30\xee\x73\x75\x4d\x0d\xe7\x9f\x7f\x3e\x58\x96\xd3\xf9\xec\
\x68\x25\x96\x69\x72\xf9\x15\x57\x70\xf9\x15\x57\xf0\xd2\x8b\x2f\
\xf2\xed\xef\x7c\x87\x0d\x1b\x36\x38\xf1\xb6\x07\x07\x07\x79\xf5\
\xd5\x57\x39\x70\xe0\x40\xf6\xd9\x8c\x9d\x2a\x11\x8f\x13\x8f\xc7\
\x11\x42\xb0\xb0\xa3\x83\x6b\x6f\xbe\x99\xed\xf1\x38\xb7\x7d\xed\
\x6b\xec\x3b\x70\x80\x48\x24\xc2\x27\x3f\xf9\x49\x6e\xbf\xfd\xf6\
\x09\x53\x68\x2f\xbe\xf8\x22\x3f\xfe\xf1\x8f\xf9\xe8\x47\x3f\xca\
\x8a\x15\x2b\x8a\xde\xa7\xc9\xe0\x24\x23\x92\x84\xb9\xbe\x70\x4b\
\xf6\x20\xb8\x94\x92\x67\x7a\xfe\x62\x06\xac\x94\xc1\xaf\xdd\x6e\
\x55\x55\xa5\xbe\xbe\x9e\xea\xea\x6a\xe7\xbb\x7c\xb3\x52\x42\xbc\
\x1d\x3e\x33\x18\x0c\x8e\x9b\xad\xb2\x89\x86\xbd\x80\xd8\x30\x8c\
\x71\x89\xb7\x6c\x32\x62\x27\xd3\x2a\xf5\x7d\x70\x22\x51\xec\x9e\
\x4d\xd7\x23\x5f\x2a\x64\xae\x2f\x38\x55\x20\x33\x8f\x45\x39\x61\
\xb7\x71\x1b\xf9\xe4\x25\x36\x52\xd7\x5e\x8d\xfe\xe8\x63\xe8\x7f\
\x28\x90\x66\x5d\x36\x7e\xf8\x9f\x28\x9f\xfa\xf4\x38\xd2\x2d\x36\
\x9c\x09\xb7\x7f\xb9\x2c\xc5\x5b\xb5\x75\x44\xff\xf5\x7f\x8f\xdb\
\x77\x22\xe4\x25\x76\xd9\xd2\x5a\xcb\x1c\x20\xf3\xb3\x9e\x74\x5b\
\x42\x54\x8c\x46\xc8\xed\x51\x28\xd7\x14\xed\x64\xc8\x27\x41\xc9\
\xd7\x19\x35\x4d\x43\x1f\xd3\x96\x4e\x40\xce\xf1\x7f\xfa\xd3\x9f\
\xf8\xed\x6f\x7f\x4b\x4b\x4b\x0b\x2b\x57\xac\x60\xc9\xd2\xa5\x4e\
\x28\x3c\x55\x55\x69\x1a\x0b\x51\x68\x01\xe1\xd1\x51\xaa\xab\xab\
\x59\xb7\x6e\x9d\x43\x08\xea\xea\xea\x38\x78\xf0\x20\xc2\x8e\xc1\
\x3b\x36\xfd\xb5\x7e\xfd\x7a\xae\xbd\xf6\x5a\xbc\x67\x9e\x89\xb5\
\x62\x05\xa1\x37\xdf\x44\xd5\x75\x96\x2f\x5f\xce\x5b\x6f\xbd\x85\
\xcf\xe7\xcb\xfb\x52\xd9\xb7\x6f\x1f\x8f\x3d\xf6\x18\x4b\x97\x2e\
\x65\xe9\xd2\xa5\xe3\xa6\x1b\xa7\x7c\xbf\x90\xbb\x7a\xda\xb4\x2c\
\xd4\x53\xc0\xc0\xc9\x82\x2c\x43\x70\xa2\xcf\x5d\x2c\xc4\x5d\xee\
\x77\xee\x7d\xb9\xdf\x29\x8a\x92\x37\x8e\x7d\xa1\x7e\xea\x0e\x6b\
\x99\xef\x7b\x8f\xc7\x53\xb0\x6e\xf9\xf4\xd7\xf9\xfa\x53\xbe\xfa\
\xe7\xa2\x58\xc4\x91\x53\x09\xb2\x67\x5e\x4e\x05\x9c\x8a\xf7\xc0\
\x6e\xaf\xee\x36\x6d\x7f\xb6\xdb\x6b\xf4\x9e\x6f\x50\xf3\xce\x57\
\x50\x8e\x4d\x9e\x96\xbd\xec\xd8\xb2\x05\x71\xcf\x3d\x4e\x8c\xed\
\x72\x4b\x4b\x62\xdf\xb8\x1b\xab\xaa\xca\xe1\x36\xee\x59\xa7\x62\
\xef\x9f\x8a\xc7\x1c\xb0\x8d\xb3\x9e\x74\x0b\xa8\x88\x07\x69\xeb\
\xb5\x2b\xd1\xa3\x60\x59\x16\x23\xc3\xc3\x28\xa6\x49\xa4\xb3\x73\
\xd2\xb0\x3d\xa3\xa3\xa3\xf4\xf6\xf6\x32\x38\x30\xc0\xae\x5d\xbb\
\xc6\x19\x6e\x55\x51\xd8\xfc\xce\x77\x72\xdd\x75\xd7\xb1\x7a\xf5\
\x6a\xee\xb8\xe3\x0e\x7a\x7b\x7b\x79\xf0\xc1\x07\x69\x69\x6e\x46\
\x51\x14\x92\xa9\x14\xe7\x6c\xdc\x48\xff\xc0\x00\xc7\x8f\x1f\x67\
\x74\x74\x14\x55\x51\x30\xfc\x7e\xea\xaf\xbd\x16\x3c\x1e\x84\xae\
\xb3\x66\xcd\x1a\x7e\xfd\xeb\x5f\xf3\xc4\x13\x4f\x70\xcb\x2d\xb7\
\xf0\xc0\x03\x0f\xf0\xf0\xc3\x0f\xb3\x64\xc9\x12\xfe\xe3\x3f\xfe\
\x83\x1f\xff\xf8\xc7\xfc\xee\x77\xbf\x63\xf5\xea\xd5\xbc\xf7\xbd\
\xef\xc5\xb2\x2c\x7e\xf6\xb3\x9f\xd1\xd1\xd1\xc1\xb2\x65\xcb\x68\
\x69\x69\x99\xf2\xbd\x90\xed\x59\x3b\x65\x5e\x7e\x92\x70\xb2\xae\
\x7f\xa6\xcf\x35\x9f\xf4\x2b\xdf\xb5\xd8\xfb\x32\x99\x8c\x23\xef\
\x88\x44\x22\xf8\x7c\x3e\xfc\x7e\x7f\xc1\xf2\x33\x99\x8c\xa3\xe1\
\xb6\xe5\x4d\xb6\x77\xda\xd6\x72\xfb\x7c\xbe\xbc\x8b\x36\x6d\xa3\
\x6a\x47\x2e\xaa\xa9\xa9\x19\x97\x58\x2a\x97\x50\xa7\xd3\x69\xa2\
\xd1\x28\x42\x08\x82\xc1\x20\xe9\x74\x9a\x54\x2a\x85\xdf\xef\x1f\
\x37\x00\x38\x91\xcf\xea\x64\xbd\x17\x4f\x45\xc2\x59\x4e\x9c\x4a\
\x83\x27\xb7\x67\xdb\xfd\x3f\xf7\x7b\xe7\xb3\xaa\x12\xfb\xde\x77\
\x09\x5e\x7f\x3d\x22\x5e\xda\xba\x9e\xb2\x61\x64\x04\x1e\x7d\x0c\
\xb1\x6e\x2d\xd6\xe3\xdb\x50\x56\x9f\x56\x36\x69\x49\xf2\x33\x9f\
\x25\x7d\xe1\xf9\x79\x67\xc5\x0a\x6d\x9f\x52\xc4\x7b\x96\x63\xd6\
\x93\x6e\x40\x2e\xe9\x9e\x42\xd9\x32\xb5\x73\xd3\x85\xdd\x21\xed\
\x30\x7e\xea\x58\x6a\xf7\x62\x38\xfb\xec\xb3\xf1\xfb\xfd\x0c\x0c\
\x0c\x64\xcb\x30\x4d\x46\x46\x47\x79\xeb\xad\xb7\xe8\xed\xed\x75\
\x7e\xef\xf3\xf9\x68\x6b\x6f\xe7\x68\x77\x37\x8f\x3e\xfa\xa8\xd3\
\xe9\xdf\xf1\x8e\x77\x70\xd3\x4d\x37\xa1\x28\x0a\xa9\x54\x8a\xed\
\xdb\xb7\xf3\xe0\x8e\x1d\x8c\xac\x5a\x85\xe9\xf3\xf1\xea\xab\xaf\
\xf2\xd4\x53\x4f\x71\xfa\xe9\xa7\xb3\x79\xf3\x66\x6a\x6a\x6a\xb2\
\xe1\x05\xc7\x88\xcc\xc8\xc8\x08\x99\x4c\x86\x9e\x9e\x1e\x76\xec\
\xd8\x41\x47\x47\x07\x5f\xfb\xda\xd7\xb8\xfb\xee\xbb\xb9\xe3\x8e\
\x3b\xa8\xaa\xaa\xc2\xef\xf7\xf3\x81\x0f\x7c\x80\x9b\x6f\xbe\x79\
\x6a\x37\x44\x88\x8a\x18\xa4\xcd\x5a\x9c\x84\x17\xbf\x10\xc2\x09\
\xc9\x67\x7f\x9e\xa9\x01\x9a\x4c\x12\x31\x34\x34\xc4\xd1\xa3\x47\
\xd1\x34\x8d\x44\x22\x41\x2a\x95\x72\x08\xae\x1d\x39\xc4\xb2\xb2\
\xe1\x00\xab\xaa\xaa\x08\x06\x83\x24\x93\x49\x67\x01\x64\x26\x93\
\x71\x16\x69\xd7\xd6\xd6\xa2\x69\x1a\x23\x23\x23\x44\xa3\x51\x27\
\x04\xa8\xa2\x28\x24\x12\x09\x4c\xd3\x64\xc1\x82\x05\xd4\xd5\xd5\
\x11\x89\x44\xe8\xee\xee\x26\x1e\x8f\xa3\xaa\xaa\x13\x61\x25\x99\
\x4c\x12\x0c\x06\x59\xb8\x70\x21\xca\x58\x62\xab\xc1\xc1\x41\x54\
\x55\x25\x18\x0c\xa2\x69\x1a\xb1\x58\xcc\x21\xfc\x4d\x4d\x4d\xb4\
\xb4\xb4\x14\x8d\xec\x51\x0e\x4d\xb7\x3d\x18\xf2\xf9\x7c\x52\x53\
\x4c\x17\xc2\xfc\x42\xca\x53\x03\xb9\x44\xbb\xd4\x76\x67\x2e\x5f\
\x46\xfc\xdf\xfe\x8d\xc0\x47\x3f\x0a\x99\x13\x9c\x27\xe1\x87\xff\
\x89\x72\xd7\xff\xc4\x7c\x7c\x1b\xe2\xac\x75\x70\xdb\x97\x66\x5c\
\x64\xe6\xca\xab\x48\x7e\xfa\x53\x8e\x87\x3b\x37\x44\xa7\xfd\x39\
\x57\xaa\x3a\x8f\xca\xc1\xec\x27\xdd\x32\xf5\x47\x53\x40\xb1\x85\
\x94\x27\x13\xe3\xf4\xe3\x63\x9e\xea\xc9\x50\x1b\x0a\x71\xc1\xf9\
\xe7\x67\xef\xad\xeb\xc5\xf7\xc6\x1b\x6f\xf0\xcd\x6f\x7e\x13\xc6\
\x3a\xff\xde\xbd\x7b\x79\xe8\xa1\x87\x58\xb3\x66\x0d\x1f\xb8\xe1\
\x06\x7a\xfb\xfa\xd8\xb6\x6d\x1b\xb1\x58\x8c\xc1\xc1\x41\x3c\x1e\
\x0f\x35\xcd\xcd\xf8\x2e\xbd\x94\xc1\xfd\xfb\x39\xbe\x63\x07\x00\
\x3b\x77\xee\xe4\x1b\xdf\xf8\x06\x97\x5e\x7a\x29\xef\x7a\xd7\xbb\
\x38\xe7\x9c\x73\xd8\xb6\x6d\x9b\x53\xd7\x17\x5f\x7c\x91\x3f\xfb\
\xb3\x3f\x23\x95\x4a\x8d\x5b\x40\x63\xc7\x1f\x17\x42\x90\x4c\x26\
\xa7\xb5\xd2\x5a\xb6\xa7\x7b\x2e\x68\xd6\x8a\x41\xb6\xa6\xbb\xd0\
\x80\xa9\xb5\xb5\x95\xe6\xe6\x66\x06\x07\x07\xa7\x15\x9d\x26\x9f\
\xde\xda\xfd\xdf\x0d\x9b\x10\xd8\x99\x59\x6d\x52\x19\x0a\x85\x88\
\xc5\x62\xe3\x34\xd9\xee\x63\x0c\xc3\x20\x1e\x8f\x8f\x93\x61\xd9\
\xde\xf1\x70\x38\x4c\x22\x91\x70\x16\x49\xda\xe7\xb5\x23\x04\x69\
\x9a\x46\x3a\x9d\x26\x16\x8b\x65\xe3\xdd\x2b\x0a\xc1\x60\x90\x4c\
\x26\x93\x5d\xcc\xe6\xf3\xa1\x28\x0a\x3d\x3d\x3d\xa8\xaa\x8a\xa6\
\x69\x54\x57\x57\x3b\xf1\xb6\xed\xc5\xde\x81\x40\x00\x4d\xd3\x9c\
\xb0\x84\xb9\xe4\x26\x9f\x77\x71\x26\xcf\xd3\x4e\x29\xdf\xd1\xd1\
\x41\x30\x18\x2c\x78\xef\xa5\x61\x7e\x80\x5d\x91\xb3\xaf\x93\x61\
\x2a\xf2\xcc\xcc\x05\xe7\x93\xf8\xc7\xaf\xe2\xfb\x7f\xbf\x70\x62\
\xdf\xbf\x5b\xb6\x20\xfe\xf5\x5f\x51\xaf\x7a\x77\x59\xa4\x25\xe6\
\xea\x35\xc4\xbf\x79\xcf\xb8\x6b\x28\xb4\x0e\xc4\xbd\x5d\x76\x6f\
\x77\x85\x70\xaa\x53\x15\xb3\x9e\x74\x57\xca\x0b\xc5\x1d\x37\xba\
\x12\xa6\x7a\xec\xfb\xe2\x5e\xdc\x29\x28\x2d\x24\xd0\x8e\x1d\x3b\
\xf8\xc3\xd6\xad\xac\x5d\xbb\x96\xff\xf6\xbe\xf7\x91\xce\x64\xc8\
\x8c\x85\x45\xf4\xf9\x7c\x4e\x18\xa7\x44\x22\xc1\xce\x9d\x3b\xe9\
\xe8\xe8\xe0\xea\xab\xaf\xa6\xab\xab\x8b\x27\x9e\x78\x82\xd7\x5e\
\x7b\x8d\xe7\x9f\x7f\x9e\x95\x97\x5c\xc2\xdf\x7e\xff\xfb\x9c\xaf\
\xeb\x2c\x5d\xbf\xde\xd1\xe3\x6d\xde\xbc\x99\xbf\xf9\x9b\xbf\x71\
\x08\x87\x1d\x13\xd8\xeb\xf5\xa2\x69\x1a\x42\x08\x76\xed\xda\x05\
\x64\x09\x4e\x38\x1c\x76\xae\xc1\x9d\xc0\x64\x5a\xf1\x77\x65\xcb\
\x4b\xa4\x95\x3c\x8f\x62\x08\x85\x42\x5c\x79\xe5\x95\x28\x8a\xc2\
\xbe\x7d\xfb\xb2\xd1\x75\x0c\xa3\xe8\x82\xe6\x5c\xd8\x24\xd4\x34\
\xcd\x71\xd2\x8f\x7c\xed\xa5\xa1\xa1\x81\xfa\xfa\x7a\xa7\x3c\x1b\
\xc5\xb4\xe0\xa1\x50\x68\xdc\x3e\x37\xe1\x6d\x6c\x6c\x1c\x67\x4c\
\x73\x8d\xab\xbb\x8c\x4c\x26\x93\x8d\x10\x94\xe3\x39\xce\xf5\x12\
\x16\x5a\x54\x39\x19\x91\xb6\x75\xe8\xaa\xaa\xa2\x8c\xcd\x90\xb9\
\xbd\x6c\xb9\x28\x34\x58\xb1\xa3\xb7\x5c\x78\xe1\x85\xac\x5c\xb9\
\xf2\xe4\xc4\xcb\x9e\x1f\x04\x57\x3c\x8a\x0d\x70\x73\x07\x84\xf9\
\x3c\xe0\x42\x08\x32\x37\xde\x40\xea\xc8\x51\x3c\x39\x8b\x0f\xa5\
\xe3\xe1\xdf\xa3\xbc\xff\x7a\xb8\xf7\xde\x19\x15\x63\xb5\x2f\x24\
\xf6\xdb\x5f\x17\x6c\xaf\x85\xde\x59\x76\xbf\x9c\x97\x99\x54\x0e\
\xe6\x49\xf7\x09\x82\x3d\xd5\x5b\x49\x70\x77\x48\xfb\x3e\xa9\xaa\
\x3a\xa9\xa6\x7b\x60\x70\x90\xb7\xde\x7a\x8b\xea\xea\x6a\x2c\x60\
\xcb\x43\x0f\xb1\xf5\x91\x47\x58\xb9\x72\x25\x77\xde\x79\x27\x0f\
\x3f\xfc\x30\xb7\xde\x7a\x2b\x4b\x96\x2c\xe1\x9f\xfe\xe9\x9f\x38\
\x7a\xf4\x28\xbf\xfc\xe5\x2f\x61\x2c\x62\x83\xe2\xf5\xe2\xdb\xb0\
\x01\x73\xf5\x6a\xc4\x58\xc8\xb3\xd6\xd6\x56\x20\x6b\xa0\x17\x2e\
\x5c\xc8\x27\x3f\xf9\x49\x20\x1b\x6e\xf1\xf1\xc7\x1f\xe7\x13\x9f\
\xf8\x04\x9f\xf8\xc4\x27\xf8\xdb\xbf\xfd\x5b\xd6\xad\x5b\xc7\xa3\
\x8f\x3e\x0a\xc0\xf1\xe3\xc7\x1d\x6f\xdf\x92\x25\x4b\xd8\xbc\x79\
\x33\x7b\xf7\xee\xe5\xd8\xb1\x63\xd3\x7a\xb9\xc8\x8e\x5e\x52\x19\
\xad\xf1\x24\xe2\x24\x6a\xba\x3b\x3b\x3b\xf9\x8b\xbf\xf8\x0b\x22\
\x91\x08\xc9\x64\x72\x9c\x9c\xc3\xee\x03\xb9\x12\x14\xdb\x50\xd9\
\xde\x61\xf7\x31\xc5\xb2\x51\xc6\x62\x31\x46\x47\x47\x09\x85\x42\
\x04\x83\x41\x06\x07\x07\x1d\x29\x89\x61\x18\x84\xc3\x61\x27\x83\
\xa3\x10\xc2\x09\x09\x68\x18\x06\xc9\x64\xd2\xa9\x93\x4d\x70\x93\
\xc9\x24\xd1\x68\xd4\x21\xd2\xf6\x77\xba\xae\x13\x0c\x06\x9d\x3a\
\x69\x9a\x36\xa9\x4c\xc3\x4d\x62\xa6\xda\xd6\x85\x10\x34\x35\x35\
\xf1\xa1\x0f\x7d\xc8\xa9\x83\x32\xb6\x20\xda\xbe\x9e\xdc\xfc\x00\
\xb9\x64\xde\x8e\xa6\x62\x27\xf6\xb1\x09\xfc\xc9\xc0\x3c\x01\x39\
\x35\x50\x88\x70\x3b\xf2\xc8\xc9\xf4\xdd\x42\x90\xfe\xeb\xff\x07\
\xe1\xf1\xa0\xdf\x7d\x97\xd4\xba\x8e\xc3\xff\xf7\x75\x78\xff\xf5\
\xf0\xc0\x03\xd3\x2e\xc2\x5c\xb4\x84\xf8\xaf\x7e\x09\x4c\x1c\xc0\
\xe7\xbe\xa7\xe6\xdb\x73\xe5\x63\xf6\x93\xee\x0a\x28\xdf\x36\x34\
\x95\x26\x2f\xc9\xb7\xb8\x53\xb3\x43\x90\x8d\x7d\xce\x77\x7d\x1b\
\x37\x6e\x74\x16\x5d\x09\x60\xe9\xb2\x65\xac\xe9\xe9\x71\x92\xdf\
\x58\x96\x45\x3c\x1e\x27\x93\xc9\xd0\xd4\xd4\xc4\xeb\xaf\xbf\xce\
\x93\x4f\x3c\x91\x25\xf3\x0d\x0d\xa4\xcf\x38\x83\x03\x87\x0f\xb3\
\xed\xa7\x3f\xe5\xf7\x8f\x3d\xe6\x0c\x48\x36\x6d\xda\xc4\xd7\xbe\
\xf6\x35\x76\xec\xd8\xc1\x13\x4f\x3c\xc1\xba\x75\xeb\x78\xd7\xbb\
\xde\x95\xad\x87\xab\x8e\x8a\xa2\xb0\x70\xe1\x42\x00\xe7\x3f\xc0\
\xd5\x57\x5f\xcd\xd5\x57\x5f\xcd\xb7\xbf\xfd\x6d\xbe\xf9\xcd\x6f\
\x4e\xeb\x7e\xcb\x8e\x5e\x32\xe7\x5f\x89\x27\x71\x10\x2c\x84\x40\
\xd7\x75\x27\xab\x6b\xa1\x63\x72\x49\x69\xbe\x3f\xc0\x49\x64\x95\
\xcf\xd0\xa5\xd3\x69\x86\x87\x87\xe9\xea\xea\x42\xd3\x34\xbc\x5e\
\x2f\xed\xed\xed\x44\xa3\x51\x3c\x1e\x0f\x83\x63\xf1\xf0\xdd\xc9\
\xb0\x6c\xe2\x2a\x84\x70\xa4\x22\x9a\xa6\xd1\xd8\xd8\x88\xa6\x69\
\x0c\x0f\x0f\x33\x3c\x3c\x4c\x3c\x1e\x27\x9d\x4e\xe3\xf7\xfb\x59\
\xbc\x78\x31\x0b\x16\x2c\xc0\xeb\xf5\x4e\x90\x83\xe4\x7a\xc2\x67\
\x6a\x98\xed\xdf\x79\xbd\x5e\x3a\x3b\x3b\x1d\x72\x6f\x1b\x7d\xf7\
\xbd\xc8\x47\xba\xe7\x51\x81\xa8\xf0\x67\x53\x4c\x46\x92\x1b\xad\
\xc4\xfd\xd9\x4d\xc6\xdd\x9f\xd3\x7f\x75\x0b\x56\x73\x13\x9e\xbf\
\xbf\x15\x8c\x13\xa0\xe7\x3f\x7c\x18\xae\xbb\x6e\xda\xd2\x12\x73\
\xc5\x2a\x92\xbf\xf9\x55\xd6\x39\x65\xe5\x4f\x74\x37\x19\xf1\x96\
\x26\x33\x99\xc7\xb4\x30\xeb\x49\x77\xa5\x68\xf6\x34\x4d\xab\x18\
\xd2\xed\x7e\x91\xb9\xeb\x64\x59\x96\xa3\xe9\x2e\x76\xd7\xea\xeb\
\xea\xb8\xf8\xe2\x8b\xb3\xbf\x31\x4d\xd6\xae\x5d\xcb\xda\x35\x6b\
\xec\x42\xb8\xf2\xca\x2b\x79\xf7\xbb\xdf\x4d\x2a\x95\x02\xe0\x8c\
\x33\xce\x20\x99\x4c\x62\xad\x59\x43\xaa\xae\x8e\x87\x1f\x7d\x94\
\xee\x63\xc7\x1c\x0f\x57\x22\x91\x20\x1c\x0e\x33\x38\x38\x88\x61\
\x18\xec\xda\xb5\x8b\x3b\xef\xbc\x93\x1b\x6f\xbc\x91\x77\xbf\xfb\
\xdd\x00\xe8\xba\xce\x0f\x7f\xf8\x43\xee\xbb\xef\x3e\x84\x10\x2c\
\x58\xb0\x80\x5b\x6e\xb9\x85\xf7\xbe\xf7\xbd\xe3\xae\xcb\x34\x4d\
\x12\x89\x44\x76\x4a\x71\x3a\x8b\xa4\x84\xdc\x85\x94\x95\xd1\x1a\
\x4f\x2e\xa4\xce\x24\xcc\xa0\xec\x7c\xbf\x9d\xee\x42\x41\xb7\x07\
\x5a\x51\x94\x71\x99\x51\x6d\x09\x94\xfd\xd9\xd6\x57\x57\x55\x55\
\x91\xc9\x64\x18\x19\x19\x71\xe4\x54\x1e\x8f\x87\xba\xba\x3a\x67\
\xe0\x6e\x2f\xc6\xb4\xa3\x93\xb8\x35\xe1\xb9\xd7\x50\xc8\xfb\x37\
\xdd\x7b\x94\x3b\xf0\x2d\xa6\x27\x75\x7f\x9e\xa9\x91\xaf\x94\xd9\
\xca\x59\x09\xc9\x72\xba\x72\x20\xb7\xdd\x16\x92\x46\xb9\x63\xd6\
\xbb\x07\xc7\xb9\xe4\xdc\xf8\xd0\x9f\x91\x6a\xa8\xc7\xf3\xe9\x5b\
\x60\xcc\x46\x49\xc5\xf6\xed\xd3\xfa\x99\xb9\x6e\x3d\xa9\x5f\xfe\
\x1c\x72\x82\x1b\xe4\x23\xd0\xa5\x12\xef\x72\xa0\xd2\xdb\x4b\xa5\
\x63\xd6\x93\xee\x4a\x69\x20\xf6\x14\x6c\x25\x41\x08\x31\xc1\xd3\
\x2d\xc4\xe4\x8b\x24\xde\xd8\xb3\x87\xa7\xb6\x6d\x23\x58\x55\xc5\
\xa2\xce\x4e\x3a\x3a\x3a\xc6\x85\x1a\xf3\xfb\xfd\xf8\xfc\x7e\xaa\
\xaa\xaa\x00\x68\x5c\xb2\x84\xf7\x5c\x77\x1d\x96\xae\x23\x34\x0d\
\x4f\x30\xc8\x93\x4f\x3e\xc9\xe6\xcd\x9b\xb9\xeb\xae\xbb\xf8\xe9\
\x4f\x7f\xca\x97\xbf\xfc\x65\x5e\x7c\xf1\x45\xfe\xee\xef\xfe\x8e\
\xf6\xf6\x76\xbe\xf5\xad\x6f\x31\x32\x32\xc2\xae\x5d\xbb\x08\x87\
\xc3\x34\x35\x35\x91\x4a\xa5\x88\x44\x22\x08\x21\x78\xeb\xad\xb7\
\x38\x7e\xfc\x38\x30\x91\x18\xcd\xe4\x3e\x4f\x67\xca\x7d\x8a\x27\
\x90\x57\xf6\x3c\xca\x86\xc9\x74\xa4\xb9\x06\x2c\xf7\x73\x55\x55\
\x95\xd3\xfe\xf3\x79\x9a\x1b\x1a\x1a\x26\xb4\x59\xbb\x0c\x5b\x0b\
\xee\x2e\x5b\x08\xe1\x90\x6f\xb7\x81\x75\x9f\x5b\xb6\xf7\xaa\x14\
\x59\xca\xa9\xe6\x4d\x13\x73\x3c\xad\x75\x25\xbf\x8d\x0a\xb5\xb1\
\x7c\x92\x92\x42\x04\x3b\xf7\x3b\x7b\xdb\xbc\xfc\x3d\xa4\x7e\x74\
\x3f\xfa\xc7\xfe\x07\x62\x64\x58\xd6\x25\x4c\x1b\xe6\x7f\xbb\x96\
\xf4\xbf\xfe\xef\xec\xf3\xc9\xf1\x70\xdb\x5c\x22\x77\xf0\xe1\x5c\
\x9b\xeb\xbb\x5c\x9c\x6a\xfd\x73\x36\x62\x9e\x74\xcf\xfc\x04\x25\
\x1d\xa6\x28\xca\x04\xcf\x6b\xa1\xe9\xdf\x13\x89\xdc\x10\x43\xa5\
\x44\x2f\x19\x1a\x1a\xe2\xd5\xd7\x5e\x43\x55\x55\x9e\x7d\xf6\x59\
\x27\xc4\x99\x5d\x9e\xd7\xe3\xc1\x33\xb6\xe8\xd1\x5c\xba\x94\x74\
\x7b\x3b\xbe\x5f\xff\x9a\xeb\xae\xbb\x8e\x4d\x9b\x36\x11\x8b\xc5\
\x50\x55\x95\x81\x81\x01\x47\xe2\x32\x3c\x3c\x4c\x2a\x95\x62\xdb\
\xb6\x6d\x5c\x75\xd5\x55\x5c\x77\xdd\x75\x3c\xfc\xf0\xc3\x5c\x75\
\xd5\x55\x5c\x71\xc5\x15\x6c\xdb\xb6\x8d\x47\x1e\x79\x84\x4f\x7d\
\xea\x53\x4e\x02\x90\x6f\x7e\xf3\x9b\x7c\xe7\x3b\xdf\xe1\xb3\x9f\
\xfd\x2c\x37\xde\x78\xa3\x53\xbf\x99\x7a\x3b\xa5\x7a\x62\xa5\x95\
\x7c\x6a\xa0\x52\x06\xc1\xb9\x28\xd5\x0b\x3c\x99\xb1\xca\x0d\xd3\
\x95\x2b\xf7\x28\xa5\xaf\x4f\x75\x46\xac\x50\x59\x93\xbd\x4f\x4a\
\x7d\xdf\x14\xea\x13\xb9\xf7\xe2\x54\x34\xf2\x95\xda\x1e\xe7\x31\
\x1e\xf9\xbc\xdd\xb9\x70\x7b\xbb\x0b\xcd\xfc\x8c\xf3\x8e\x6f\x3a\
\x97\xf4\x53\xdb\xd0\x3e\x78\x13\xca\xce\xd7\xa4\xd5\x7d\x4a\xf0\
\x7a\xc9\x7c\xf5\xeb\x98\x1f\xbc\x11\x41\xfe\x45\xc8\xa5\x78\xb3\
\xe7\xe5\x24\x95\x8b\x79\xd2\x7d\x82\x90\x8f\x74\x17\x7a\x71\xe4\
\x43\x39\x8c\x67\x3e\xd8\x1a\x52\x21\x04\x58\xe3\x33\x7c\x15\x82\
\x10\x02\x23\x93\xa1\xb6\xb6\x96\xb5\x6b\xd7\x22\x84\x20\x3c\x3a\
\x4a\xcf\xb1\x63\x1c\x3d\x7a\x94\x44\x32\x49\x42\x51\x30\xd6\xac\
\xa1\x3f\x12\x61\xdf\xe3\x8f\xa3\xeb\x3a\x47\x8f\x1e\x65\xd3\xa6\
\x4d\xce\x35\xda\x32\x90\x6b\xae\xb9\x86\x0b\x2f\xbc\x90\x9e\x9e\
\x1e\x3e\xf6\xb1\x8f\x39\xe7\xf1\xf9\x7c\xf8\x7c\x3e\x92\xc9\x24\
\x89\x44\xc2\xa9\xab\x8d\x64\x32\x49\x3c\x1e\x67\xe7\xce\x9d\xce\
\x7d\x80\xb7\xb3\xf2\x4d\x27\x64\xa0\xf4\xe9\xd6\x0a\x69\x8f\xf3\
\x28\x8c\xc9\x0c\x7b\x31\x0f\x5c\x3c\x1e\x27\x16\x8b\x39\xc7\x19\
\x86\xe1\xa4\x5f\xcf\x64\x32\xe8\xba\xee\x84\xf1\xd3\x75\xdd\x09\
\x0f\x68\xcb\xa1\x6c\xd9\x88\x61\x18\xe3\x16\x5f\xbb\xbd\x5b\x80\
\x13\xa7\xdb\xd6\x52\xdb\xfa\x6a\xfb\x7c\xf6\xa2\x46\x5b\xd6\x26\
\x44\x36\x95\xbc\xbb\x0f\x19\x86\x31\x2e\x89\x8e\x3b\xc2\x92\x7d\
\x3d\xf6\x62\x47\x7b\x11\x69\xee\x7d\xca\x47\x04\x4e\x25\x23\x3f\
\xdf\x1b\x2b\x13\x93\xcd\x34\xc1\xc4\xbe\x98\x4f\x52\x52\xcc\xf3\
\x0d\x40\x6d\x2d\x99\x87\x1f\x42\xbd\xfd\xab\xa8\xdf\xfd\x77\x30\
\x4f\x9e\x04\xd4\x6a\x6d\xc7\xb8\xff\x3e\xac\x15\xa7\x4d\x08\x0b\
\x08\x13\x09\x78\xa1\xbe\x97\x3b\x13\xe6\xfe\xcd\xa9\xd6\x3f\x67\
\x23\x66\x3f\xe9\x86\x8a\x21\x3a\x76\x43\xb7\x75\x9e\xb9\x29\x9d\
\xdd\xab\xfe\xf3\xfd\xb9\x91\xaf\x23\xba\x3d\xe7\xb9\x5e\x74\xf7\
\x31\xee\x0e\x9b\x3b\x10\x50\x4a\xbc\x57\xa6\x65\xd1\xd4\xd4\xc4\
\x0d\x37\xdc\xe0\xec\x33\x0c\x83\x44\x22\x81\xb5\x60\x01\xac\x58\
\x41\x38\x99\xe4\xd8\xb1\x63\x6c\xd9\xb2\x85\x9f\xfd\xec\x67\x05\
\xc9\x8a\xd7\xeb\xa5\xa5\xa5\x05\xcf\x58\x24\x13\x3b\x92\x41\x20\
\x10\x20\x95\x4a\xf1\xc2\x0b\x2f\xb0\x79\xf3\x66\x27\xae\xb1\x5b\
\xbb\xa6\x28\x0a\xaf\xbc\xf2\x0a\x77\xdd\x75\x17\x5e\xaf\x97\x33\
\xce\x38\x83\x81\x81\x01\xe7\xbb\xa9\x42\x30\x1f\xbd\x44\x26\xa4\
\xcb\x77\x66\x80\xa9\xd6\x2b\x1f\x09\x0d\x04\x02\x04\x83\x41\x0c\
\xc3\x70\x88\x73\xee\x02\x47\x37\x71\xb6\xbd\xda\xee\x28\x20\xee\
\xf7\x84\x4d\xdc\xdd\x33\x52\xee\x72\x72\x17\x92\x15\xdb\xb6\xfb\
\x8d\x7d\x0e\xb7\x2e\xdb\x26\xf4\xee\x77\x92\xfd\xdb\xdc\xed\x52\
\x89\x76\x39\x8c\xbc\xec\xf6\x72\xb2\xa2\xa6\x54\x0a\x2a\xb9\x3f\
\xda\xc8\x47\xc0\xf3\x39\x55\xf2\x11\xcf\x5c\x9d\xb7\xfb\x58\xf7\
\x67\xf3\xb6\x2f\xc1\xc5\xef\x40\xf9\xcc\x67\x10\x43\x83\x32\x2f\
\x27\x2f\xcc\xcb\x2e\xc7\xfc\xc1\x77\xb3\x1f\x8a\xf4\x19\x77\x3f\
\x16\xe2\xed\xe8\x63\xb9\x72\x93\x52\xfa\xde\x74\xfb\xa5\xec\xf6\
\x32\xdb\x87\x03\xb3\x9f\x74\x0b\x81\x55\x01\x2f\x15\xfb\xe5\x2e\
\x44\x36\x82\x42\x2a\x95\x62\x60\x60\x80\xfa\xfa\x7a\xfc\x7e\x7f\
\x5e\x8d\xa8\x6d\x94\xd3\x63\x31\xb0\x0b\x35\x76\xb7\x41\xb6\x91\
\x3b\xda\x2d\xd4\xc1\xc6\x79\xba\x01\xb3\xc4\xa9\x6d\xdb\x33\x2e\
\x84\x20\x1c\x0e\x33\x32\x3c\x0c\x5e\x2f\xe2\xac\xb3\xa8\x6a\x6b\
\x23\x18\x0a\x51\xa5\xaa\xb4\xb5\xb5\x71\xe4\xc8\x11\x7e\xf6\xb3\
\x9f\x4d\x28\xc3\xf6\x48\xff\xe1\x0f\x7f\xe0\x5b\xdf\xfa\x16\x55\
\x55\x55\x58\x96\xc5\xf3\xcf\x3f\xcf\xbf\xfc\xcb\xbf\x30\x3c\x3c\
\x8c\xc7\xe3\x21\x10\x08\xd0\xd8\xd8\x88\x69\x9a\xa4\xd3\x69\xc2\
\xe1\x30\xa3\xa3\xa3\x0e\x61\xd9\xbd\x7b\x37\xbb\x77\xef\x76\xae\
\xc1\x26\x30\xd3\xf5\x74\xcb\x1c\xa4\x55\xba\x81\x93\x8d\x52\x07\
\x75\x27\x12\xc5\xbc\x69\x85\x9e\xd7\x64\xcf\x71\x68\x68\x88\xc1\
\xc1\x41\xaa\xab\xab\x09\x04\x02\x64\x32\x19\xa7\xbd\x6b\x9a\x86\
\xa2\x28\x4e\x92\x28\x55\x55\xa9\xaa\xaa\xc2\xe3\xf1\x10\x8f\xc7\
\x9d\x08\x27\x76\x38\xc2\x48\x24\xe2\xc4\xa2\xb7\x07\xa6\x99\x4c\
\x86\xaa\xaa\x2a\x9a\x9a\x9a\xc6\x85\x08\x2c\x24\xf7\xb0\xdf\x05\
\xf1\x78\x9c\x91\x91\x11\x62\xb1\x18\x7e\xbf\x9f\x40\x20\x40\x2c\
\x16\x73\x12\xef\xd4\xd5\xd5\x39\x5a\xf4\x52\xee\x5b\x3e\x6d\x69\
\xb9\x8d\xbc\x4c\x94\x22\xa7\x9b\xed\xa8\xc4\xe7\x02\xc5\xfb\x58\
\xb1\xc1\x65\xbe\xbe\x6b\xef\x2f\xea\x39\x7f\xd7\xa5\x18\x3b\x5e\
\x40\xf9\xeb\xbf\x45\xf9\xd5\x2f\x4f\x88\xd7\xdb\x6a\x68\xc2\xba\
\xfb\x6e\xac\xcb\x2e\x9d\x10\x49\x26\xb7\x3f\xe5\xf6\x33\x7b\xb6\
\x6b\x32\xe2\x9d\xfb\xdb\x4a\x7c\xd6\x73\x09\xb3\x9e\x74\x43\x65\
\x78\x17\xdd\x84\xd0\x30\x0c\xb6\x6e\xdd\xca\x5f\xff\xf5\x5f\x53\
\x5b\x5b\x4b\x63\x63\x23\xa1\x50\x88\xc6\xc6\x46\xda\xda\xda\x68\
\x6e\x6e\xa6\xa9\xa9\x89\xe6\xe6\x66\x16\x2f\x5e\x4c\x63\x63\x23\
\xba\xae\x8f\xf3\x9a\xd9\x65\xda\x53\xd1\xb9\xa4\xbc\x98\xd7\xdc\
\x0d\x77\xc2\x1e\xc3\x34\xa7\x35\x40\x79\x66\xfb\x76\x1e\x78\xec\
\x31\xcc\x35\x6b\xd8\xf3\x7f\xfe\x0f\x16\xd0\xdc\xdc\xcc\xa6\x4d\
\x9b\xf8\xfb\xbf\xff\xfb\xbc\x51\x44\x6c\x02\x11\x8b\xc5\x18\x19\
\x19\x61\xdf\xbe\x7d\xce\x54\x77\x57\x57\x17\xff\xf6\x6f\xff\x86\
\x69\x9a\x78\x3c\x1e\x2e\xbc\xf0\x42\xee\xba\x2b\x1b\x5b\xd5\xb2\
\x2c\x46\x47\x47\xe9\xee\xee\x76\xa2\xa3\x1c\x3b\x76\x8c\x57\x5e\
\x79\x85\x1d\x3b\x76\x64\x07\x00\x23\x23\x8c\x8c\x8c\x4c\x8b\xe0\
\x0a\x2a\xa3\xbd\xcc\x56\x54\xfa\xa0\xa3\x94\xfa\x4d\x66\xb8\xec\
\x01\x73\x32\x99\x64\x74\x74\xd4\x49\xdb\x5e\x57\x57\xc7\xc8\xc8\
\x08\x55\x55\x55\x84\x42\x21\x2c\xcb\x22\x95\x4a\x8d\x1b\x1c\xda\
\xe1\x00\x03\x81\x80\x63\x24\x53\xa9\x94\x23\x17\xb1\xe3\x8a\xa7\
\x52\xa9\x6c\x4c\xfd\x29\x1a\x50\xcb\xb2\x48\x24\x12\xc4\x62\x31\
\x27\x03\xa6\x1d\x5b\x3b\x95\x4a\x11\x08\x04\x08\x04\x02\x25\x0f\
\x58\x0b\x19\xf3\x53\xc5\xc8\xcf\x75\x4f\x37\x64\x07\x1e\x99\x0a\
\x89\xac\x05\xa5\x0f\x82\x0b\x79\xbb\xa7\x52\xfe\x84\xe3\xbd\x5e\
\xcc\x7f\xf9\xdf\x58\x7f\xf9\x17\x28\x9f\xfc\x14\xe2\xc8\x5b\x53\
\xa9\x7a\xe9\x50\x55\xcc\xeb\x6e\x80\xff\xf9\xcf\x58\x63\x49\xa1\
\x8a\xf5\x25\xc8\x4f\xbe\x73\xff\xe7\x06\x11\x28\x34\x10\xae\xf4\
\x7e\x39\x9b\x31\xeb\x49\xb7\x90\xed\xb9\x2c\xf1\x38\xf7\xcb\x5d\
\x51\x14\x52\xa9\x14\xe1\x70\x98\x45\x8b\x16\xe1\xf1\x78\xd8\xbf\
\x7f\x3f\xcf\x3f\xff\x3c\xb1\x58\xcc\xf1\x3e\xab\xaa\xca\x07\x3e\
\xf0\x01\xfe\xe6\x6f\xfe\x86\x25\x4b\x96\x70\xdf\x7d\xf7\xb1\x73\
\xe7\x4e\x3e\xf2\x91\x8f\xd0\xdd\xdd\xcd\x5b\x6f\xbd\x45\x4d\x4d\
\x0d\x17\x5e\x78\x21\xa1\x50\x88\x74\x3a\x4d\x30\x18\x74\xc8\x6b\
\xee\x0b\xca\xed\x39\xb7\xf7\xb9\x53\x62\xab\x8a\x32\x75\x4f\xa4\
\xaa\xe2\xdf\xb4\x09\xab\xbf\x9f\xd7\x77\xef\x76\x52\xb3\x1f\x3d\
\x7a\x94\xc3\x87\x0f\xe7\xbf\x67\x63\xa3\xf0\xed\xdb\xb7\x73\xee\
\xb9\xe7\x3a\xd3\xe4\xf6\xc8\xfd\x9c\x73\xce\xe1\xd2\x4b\x2f\xe5\
\xf7\xbf\xff\x3d\x2f\xbd\xf4\x12\xc3\xc3\xc3\x44\x22\x11\x27\xfd\
\x75\x6d\x6d\x2d\xd5\xd5\xd5\x4e\x79\xeb\xd6\xad\xe3\x8a\x2b\xae\
\x70\x5e\x22\xff\xf9\x9f\xff\xc9\x1d\x77\xdc\x31\xed\xa9\x33\xa9\
\xf2\x92\x0a\x27\x9d\xb2\x51\xa9\xd7\x3f\x55\x6f\xb7\xdb\x98\xe5\
\x1b\xcc\xfa\x7c\x3e\x9a\x9b\x9b\x01\xc6\x69\xaa\xeb\xeb\xeb\xf1\
\x78\x3c\xe8\xba\x8e\xa2\x28\xce\xba\x06\x4d\xd3\xf0\x78\x3c\x4e\
\xc8\x4b\xc0\x39\x26\x99\x4c\xe2\xf7\xfb\x9d\x41\xb7\x5d\x9e\x9d\
\xda\x7d\x2a\xd1\x7a\x54\x55\xa5\xa6\xa6\x86\x40\x20\xe0\x64\x80\
\xb4\xfb\xac\xa6\x69\x04\x02\x01\xa0\x70\x04\x20\xdb\x58\xdb\x1a\
\xef\x52\x8d\x79\xa5\x1a\x79\x6d\x9e\x74\x67\xb5\xfc\x15\x44\xba\
\xdd\x28\xc5\xdb\x9d\xfb\xd9\xed\xd5\x2e\xf5\xf7\x13\xb6\xcf\xde\
\x80\xf9\xfc\xb3\x88\x7f\xfc\x3a\xca\xf7\xfe\x03\x12\xf1\xe9\x5e\
\xc2\x04\x58\xa7\xad\xc4\xba\xe7\x7f\xc1\x59\xeb\xb3\xe7\xa3\x30\
\x29\x2e\x75\x30\x9b\x6f\x7f\xa1\x63\xf2\x9d\xa7\x62\x50\x49\x75\
\x91\x84\x59\x4f\xba\xa1\x32\x0c\xbd\x5b\x5e\x62\xff\xb5\xb7\xb7\
\x3b\xb1\xa6\xed\x08\x20\xf1\x78\x9c\xbe\xbe\x3e\xf6\xed\xdb\xc7\
\xf7\xbe\xf7\x3d\xa2\xd1\xa8\xd3\x29\x7a\x7a\x7a\x78\xe9\xa5\x97\
\xb8\xfc\xf2\xcb\x79\xec\xb1\xc7\xf8\xc1\x0f\x7e\x40\x24\x12\xe1\
\xde\x7b\xef\x25\x1a\x8d\x72\xcf\x3d\xf7\x10\x8f\xc7\x69\x6d\x6d\
\xa5\xae\xae\x8e\xba\xba\x3a\x3a\x3a\x3a\x58\xba\x74\x29\x75\x75\
\x75\x34\x34\x34\xb0\x64\xc9\x12\x5a\x5b\x5b\x1d\x2f\x71\x6e\x6a\
\xfa\x82\xf7\x2a\xcf\x7e\xab\xa6\x06\x2e\xba\x88\xd8\xe3\x7f\xe4\
\xf9\x17\x5f\x74\xae\xd1\xad\x1b\x9d\xf0\x1b\xcb\xa2\xa3\xa3\x83\
\x85\x0b\x17\x72\xe8\xd0\x21\x87\xb0\xd8\xf5\xd0\x75\x9d\xb6\xb6\
\x36\x3e\xfc\xe1\x0f\xd3\xda\xda\xca\xf6\xed\xdb\x79\xfe\xf9\xe7\
\xb9\xf8\xe2\x8b\x9d\x69\xf4\xe5\xcb\x97\x3b\xf1\xba\xed\xfa\x1a\
\x86\xc1\x33\xcf\x3c\x43\x7f\x7f\x3f\x07\x0e\x1c\x98\x76\x88\x46\
\x99\xa4\x7b\x5a\x72\x97\x59\x86\x4a\x1b\xd4\x14\x23\xd4\xc5\x8e\
\xb7\xfb\x4b\xa1\x76\x6e\x7b\x8c\x27\x2b\xc7\xef\xf7\x4f\xf8\xce\
\xe7\xf3\x8d\xfb\x9c\xef\x18\x37\xa6\x62\x34\x75\x5d\xa7\xb6\xb6\
\x36\x6f\x7d\xec\x72\x26\xf3\xe2\xe7\x6b\xc7\xee\xe9\xec\x72\x1b\
\x72\x99\xed\x65\xde\xd3\x0d\x1e\x5d\x27\xe5\x72\xbe\x54\x02\x4a\
\x25\xcb\xc5\x24\x25\xf6\xf7\xb9\x11\x4d\xec\xed\x7c\xf6\x6e\x02\
\xf9\xfe\xf2\xad\x24\x3f\xf1\x31\x92\x9f\xfe\x34\x35\xcf\x3e\x07\
\xe9\xe9\xc7\xf5\xb6\x5a\xda\xb0\xfe\xfe\x56\xb8\xe1\xfd\x13\xea\
\x98\x5b\xaf\x42\x75\x2a\xc5\x03\x9e\xfb\x9b\x52\xce\x31\x15\xc8\
\xec\x8f\x15\x35\x00\x90\x84\x59\x4f\xba\x85\x65\x49\xf5\x74\x97\
\x52\xb6\xed\x45\xca\x0d\x05\x66\x93\xcd\x27\x9e\x78\x82\x07\x1e\
\x78\x80\xc5\x8b\x17\xb3\x64\xc9\x12\x4e\x3b\xed\x34\xd6\xac\x59\
\xc3\xc2\x85\x0b\x89\xc7\xe3\x4e\x19\xba\xae\xb3\x6b\xd7\x2e\xae\
\xb9\xe6\x1a\xd2\xe9\x34\x1b\x37\x6e\xe4\xcf\xff\xfc\xcf\xb9\xe4\
\x92\x4b\xf8\xfd\xef\x7f\x4f\x34\x1a\x65\xd9\xb2\x65\x00\x1c\x3a\
\x74\x88\x67\x9f\x7d\xd6\xf1\x9c\x43\x96\xf4\x5d\x74\xd1\x45\x6c\
\xd9\xb2\xc5\x79\x11\xb9\x35\xdd\x42\x88\x89\x1a\xc7\x02\xd7\x67\
\x2c\x5f\x4e\xea\xcc\x33\xb1\xbc\x5e\xc2\xd1\x48\xc9\xb7\xcb\x34\
\x4d\x36\x6e\xdc\xc8\xcf\x7f\xfe\x73\x0e\x1d\x3a\xc4\xf5\xd7\x5f\
\xcf\xb5\xd7\x5e\xcb\xdf\xfd\xdd\xdf\x71\xe0\xc0\x01\x0e\x1e\x3c\
\x48\x47\x47\x07\x96\x65\xd1\xd9\xd9\xc9\xf5\xd7\x5f\xcf\xae\x5d\
\xbb\x38\x74\xe8\x10\x86\x61\x8c\x5b\x00\x66\xdf\x43\xfb\xff\xb3\
\xcf\x3e\xcb\xb7\xbf\xfd\x6d\x7c\x3e\x9f\x93\x1a\x7e\xca\x90\x38\
\x33\x32\x6f\xe0\x2b\x53\xd3\x6d\x63\x2a\x5e\x31\xb7\x87\xdb\xdd\
\xce\x6c\x09\x88\x7b\xba\xd7\xbd\x98\xcb\x3d\x18\xcc\x27\x15\xb3\
\x51\xc8\x6b\xe5\x6e\xf7\xc5\xb6\xf3\xfd\xce\xae\x8f\x7d\xac\xbb\
\x6e\xf6\xb1\xb9\x7d\x46\x55\xd5\x09\xc9\x77\xdc\x0b\xb9\xf2\xd5\
\x21\x5f\x3d\x72\xef\x5d\xa5\xc0\xad\x87\x9f\xab\x38\x55\xee\x41\
\xa1\x01\x72\x6e\xdb\xcc\xe7\xc1\xb6\xbf\xcb\x6d\xef\x85\xca\x75\
\x43\xa9\xad\xe5\xc8\x47\x6e\x24\x72\xfa\x62\x56\x3d\xf5\x22\x35\
\xbb\xdf\x98\x92\xde\xdb\x0a\xd5\xc1\x2d\xb7\x60\xfd\xdf\xb7\x14\
\xbc\xae\x52\xbd\xd9\x4e\x99\x39\xb2\x12\x7b\x5f\xa1\xdf\x57\x5a\
\xbf\x2b\x04\xc1\xfc\x42\xca\x59\x81\x4a\xf0\x74\xc3\xc4\x29\x5b\
\x5b\x8f\xbd\x7f\xff\x7e\xee\xbb\xef\x3e\x67\xff\x95\x57\x5e\xc9\
\xa7\x3e\xf5\x29\x20\x5b\xf7\xae\xae\x2e\xbe\xfd\xed\x6f\xf3\xb3\
\x9f\xfd\x8c\x40\x20\xc0\x07\x3e\xf0\x01\x76\xec\xd8\x01\x40\x30\
\x18\xc4\xef\xf7\xa3\x28\x0a\x81\x40\x80\x7f\xfa\xa7\x7f\x62\xfd\
\xfa\xf5\x08\x91\x4d\x25\x9d\x4c\x26\xe9\xef\xef\xe7\xd8\xb1\x63\
\xdc\x72\xcb\x2d\x13\x0c\x7e\xee\x40\xc0\x99\x6e\x2d\x74\xcf\x02\
\x01\xac\x0b\x2f\xa4\xfb\xb9\xe7\x48\xed\xdd\x0b\x64\x53\x5e\xbb\
\x0d\xb1\x5d\xef\x7c\x10\x42\x30\x38\x38\xc8\x5b\x6f\xbd\x45\x22\
\x91\xa0\xa5\xa5\xc5\xd1\xb8\xae\x5f\xbf\x9e\xf5\xeb\xd7\x3b\xc7\
\x2e\x5f\xbe\x9c\x3b\xee\xb8\x83\x3f\xfe\xf1\x8f\x7c\xfc\xe3\x1f\
\x77\x16\x91\xed\xdc\xb9\x93\x9b\x6f\xbe\x99\x0f\x7e\xf0\x83\x5c\
\x79\xe5\x95\xbc\xf0\xc2\x0b\xfc\xe1\x0f\x7f\xe0\xc8\x91\x23\xa8\
\xaa\x4a\x43\x43\x03\x75\x75\x75\x04\x02\x81\x69\x3d\x7b\x59\xed\
\x65\x7e\xd1\x56\x16\xaa\xa2\x60\x54\x58\xa2\xa8\x42\xc8\x67\xc0\
\x73\x17\x33\xb9\x07\x7e\xe9\x74\x3a\x1b\xc1\x67\x6c\x5f\x6e\x38\
\x3f\x3b\x6c\x1f\xe0\x84\x04\x14\x42\x38\xb2\x11\xbb\x5f\xe6\x1a\
\xcd\xdc\x90\x81\xee\xef\xdd\x03\x51\xf7\xe2\x2a\xcb\xb2\xf2\x9e\
\xc3\x3d\x3b\x94\x2b\x7b\x9b\xf0\x3e\x18\x4b\x61\x6f\x13\xef\x7c\
\x9e\xc5\xc9\xe4\x24\x95\x6c\xf0\xf5\x53\x84\x70\xca\x84\x2d\x33\
\xaa\x04\x94\x3a\xf3\x94\x6f\xc6\xac\xd0\x2c\x4c\x6e\x39\xc5\x6c\
\x53\x3e\xa8\xba\x4e\xed\x92\xe5\x0c\xec\xdf\xc3\x8e\x77\x9d\x47\
\xf5\x59\x6b\x58\xf5\xfc\x2b\x54\xed\xdd\x53\xf0\x5c\x00\x56\x20\
\x48\xec\x9a\x6b\xd0\xef\xf8\x3a\xba\xd7\x97\x57\x46\x92\x7b\xee\
\xa9\xc8\xb5\xf2\xe9\xb7\xf3\x79\xc5\x4b\xe9\xa3\x15\x83\x4a\xab\
\x8f\x04\xcc\xfa\x37\x8e\x65\x59\x15\xe3\x5d\xcb\x35\x68\x76\x27\
\x71\x7b\xbc\x00\x27\x9c\xa0\x0d\x5d\xd7\x9d\x29\xe6\x86\x86\x06\
\xae\xbf\xfe\x7a\x3c\x1e\x0f\xf7\xde\x7b\x2f\x7f\xfe\xe7\x7f\xce\
\x0f\x7e\xf0\x03\x12\x89\x84\x63\x68\x7f\xfe\xf3\x9f\xf3\xd8\x63\
\x8f\x51\x53\x53\xc3\xe2\xc5\x8b\x59\xba\x74\x29\x9b\x37\x6f\xa6\
\xbe\xbe\x7e\x82\x37\xcd\x36\xc8\xce\x0b\x29\x5b\xb1\xfc\x17\xb0\
\x68\x11\x2c\x5f\xce\xd0\xd6\xad\xec\xd9\xbf\x9f\xc6\xd6\x56\x00\
\x6a\x6a\x6a\x58\xbd\x7a\x35\x91\x48\x84\xe1\xe1\x61\x46\x47\x47\
\xc7\x49\x46\xdc\x50\x14\x85\xad\x5b\xb7\x72\xeb\xad\xb7\xb2\x79\
\xf3\x66\xb6\x6e\xdd\xca\x2f\x7e\xf1\x0b\x2e\xba\xe8\x22\xce\x39\
\xe7\x1c\xee\xba\xeb\x2e\x9e\x79\xe6\x19\x9e\x7c\xf2\x49\xae\xbc\
\xf2\x4a\xd6\xae\x5d\x4b\x20\x10\x60\xd5\xaa\x55\xf4\xf7\xf7\x13\
\x0e\x87\xc9\x64\x32\xbc\xfc\xf2\xcb\xbc\xf3\x9d\xef\x04\x60\xef\
\xde\xbd\xdc\x77\xdf\x7d\x0e\x01\xf9\xf8\xc7\x3f\xce\x87\x3e\xf4\
\x21\x2c\xcb\x62\x70\x70\x6a\xe1\x9f\x64\xca\x1f\xe6\x3d\xdd\x59\
\xa8\xaa\x5a\x51\xa4\x7b\x2a\x12\x93\x5c\xef\x6e\xae\x9e\x5b\xd7\
\x75\x27\x4a\x89\x8c\x3a\xca\x36\x92\x85\x3c\xe6\xee\x73\xe7\x26\
\xd4\x9a\xec\x77\x95\x0a\x3b\x8a\xcc\x5c\x87\xa7\x82\x48\xb7\x1b\
\x93\xf6\x4b\xcb\xc2\x48\xc5\x49\x27\x93\x28\xba\x86\xe6\x0b\xa2\
\x78\x7d\x13\x8e\x2f\x65\x06\xab\x98\xcc\x04\x21\x68\x5a\x75\x3a\
\x03\x07\xdf\xe4\xf8\xeb\xaf\x30\x52\xed\xe7\xd9\xcd\xe7\x51\x73\
\xf6\x99\x9c\xfe\xc2\x2b\x54\xed\xdf\x37\xce\xf3\x6d\x05\x82\xf4\
\x9f\xb7\x91\x43\xef\x3a\x0f\x51\x57\x4b\xf5\x4b\x4f\xd3\xba\x7c\
\x0d\x55\x75\x4d\x28\x2e\x09\xe6\x64\xd7\x5e\xac\x6f\xd9\xbc\xc1\
\x4d\xbc\x27\xd3\x7a\xbb\x8f\x2b\x74\xae\x93\x8d\x4a\xa9\x87\x4c\
\xcc\x7a\xd2\x8d\x65\x55\x44\x34\x0a\xf7\xb4\x73\x2e\x26\xd3\x50\
\xb6\xb7\xb7\x73\xdb\x6d\xb7\x11\x0a\x85\x78\xfc\xf1\xc7\x49\xa7\
\xd3\x18\x86\xc1\x86\x0d\x1b\x78\xf7\xbb\xdf\xcd\xf9\xe7\x9f\xcf\
\xe3\x8f\x3f\xee\xfc\xe6\xd0\xa1\x43\x3c\xf0\xc0\x03\x0c\x0d\x0d\
\xa1\x28\x0a\x67\x9e\x79\x26\xdb\xb6\x6d\x9b\x10\xe1\x44\x08\x31\
\x7e\x20\x60\x59\xf9\x47\x9a\x1e\x0f\x6c\xd8\x00\x55\x55\xa0\x69\
\x8e\x1e\xdc\xae\xdf\xfb\xde\xf7\x3e\xde\xf7\xbe\xf7\x39\x8b\x34\
\xed\x32\xed\x64\x1b\xb9\x86\x4d\xd7\x75\x27\x94\x9a\xed\x5d\xeb\
\xed\xed\xa5\xbb\xbb\x1b\xd3\x34\xe9\xea\xea\xe2\xbb\xdf\xfd\xae\
\x13\xc5\xe4\xbc\xf3\xce\xe3\x57\xbf\xfa\x15\x0f\x3d\xf4\x10\x9f\
\xfb\xdc\xe7\xf0\x78\x3c\xe3\x62\x17\x6f\xda\xb4\x89\x1b\x6f\xbc\
\x11\x55\x55\x89\xc7\xe3\xa8\xaa\xca\xe8\xe8\xe8\xb8\xc5\x96\xa5\
\x42\x66\xf4\x92\x79\x4f\x77\x16\x9a\xaa\x92\xce\x33\x20\xab\x54\
\x14\x33\xdc\xb9\xf2\x92\x68\x34\x8a\xaa\xaa\xe8\xba\x9e\xd7\x33\
\x6c\x97\x57\x09\xb0\x3d\xf3\x76\x52\x1e\x3b\x82\x89\x1d\x35\xc8\
\x5e\xa8\x99\x8b\x42\x86\xbd\xd8\x76\xbe\xcf\xa5\x40\x20\xef\x7e\
\xf9\xbc\x5e\x29\xe5\x9e\x6a\xf0\x8c\xb5\xd5\x53\x09\x42\x40\xac\
\xff\x18\xd1\xc3\x7b\xb1\x52\x69\x84\xa2\xa0\x05\x6a\x08\xb6\x77\
\x12\x6c\x6a\x43\xd5\xf4\xbc\x84\x73\xba\x50\x75\x0f\x4b\xde\xf1\
\x4e\xd2\x91\x18\x7d\xbb\x77\x41\x26\xcd\xa0\x2a\xd8\x7e\xde\x7a\
\x6a\x37\x9c\xc1\xea\x57\x76\x12\x3c\x7c\x98\xbe\x33\xd6\xf2\xda\
\xda\xe5\xa8\x55\x3e\xbc\x8a\xc0\x2b\x04\xf1\x81\xe3\x1c\x89\x47\
\x69\x5c\xb4\x9c\xfa\x85\xcb\xd0\x3c\xde\x29\x79\x9f\x0b\x69\xbc\
\xf3\x49\x4b\x0a\x95\x55\x4e\x62\x2d\xb3\xad\xcc\x93\xee\xd9\x02\
\xcb\x42\x9c\x64\xc2\x33\x81\xe0\xba\x10\x08\x04\x68\x69\x69\x71\
\xc2\x82\xd9\x09\x60\xdc\x50\x14\x85\x8b\x2f\xbe\x18\x55\x55\x79\
\xfe\xf9\xe7\x49\x26\x93\x9c\x7e\xfa\xe9\xac\x5a\xb5\x8a\xda\xda\
\xda\x71\xc6\x31\x37\x03\x97\x2d\xcb\xc8\xd7\x59\x26\xd4\x29\xb7\
\xd1\xb7\xb4\xc0\xda\xb5\xa0\x69\x8e\x07\xdc\xee\xec\xdd\xdd\xdd\
\xfc\xe2\x17\xbf\x60\xd5\xaa\x55\x2c\x5a\xb4\xc8\xf1\xe4\xea\xba\
\xee\x4c\x59\x0a\x21\x26\x2c\x04\xb3\xa7\xbc\x9f\x78\xe2\x09\x36\
\x6e\xdc\xe8\x4c\xbb\xdb\xa3\xf7\x73\xcf\x3d\x97\xaf\x7c\xe5\x2b\
\x34\x34\x34\x60\x59\x16\xb1\x58\x0c\x80\x70\x38\x3c\x2e\xca\x89\
\x7d\x3d\x4b\x96\x2c\xe1\xd6\x5b\x6f\x75\x3e\xdf\x73\xcf\x3d\x5c\
\x7a\xe9\xa5\x5c\x77\xdd\x75\xe3\x32\x5c\x96\x02\xa9\x9e\xee\x79\
\xd2\x0d\x54\x4e\xc4\x88\xa9\x78\xb8\x73\xbf\x2b\xa4\xe9\x1e\x1a\
\x1a\x1a\xf7\x1b\xfb\x7b\x3b\x59\x8e\xd7\xeb\xa5\xa1\xa1\x61\xd2\
\xc5\x91\x27\x02\x99\x4c\x86\x81\x81\x01\x22\x91\x08\x35\x35\x35\
\xce\xcc\x50\x3a\x9d\x26\x14\x0a\xd1\xd2\xd2\x82\x37\x0f\x31\x75\
\xf7\xbd\xc9\x08\x77\x25\x79\xd1\x72\xe1\x1d\x7b\x2f\xce\x75\xe8\
\x05\x22\xd1\x9c\x2c\x94\xd2\x2f\x4d\xd3\x24\xdc\x7d\x90\xe4\xc0\
\x31\x34\x6f\x35\x58\x90\x8e\xc6\x48\x0c\xf7\x91\x6c\x5f\x4c\xdd\
\x92\x95\xe8\xbe\x80\xe3\x59\x76\xbf\xd7\x8d\x74\x8a\x54\x64\x14\
\x84\xc0\x57\x55\x83\xaa\x7b\x4a\x5a\xc7\x13\x6c\x68\xe2\xf4\xab\
\xdf\xcf\x1b\xaa\xce\x91\xe7\x9f\xcd\x92\x7d\x21\x18\xf0\x68\x3c\
\x7b\xc1\x7a\x14\x75\x03\x46\x3a\x8d\x91\x4a\xe2\x09\x34\xa0\xf9\
\xfc\xa8\x9a\x8a\xc0\xc2\x88\xc7\xe8\x3f\xb8\x97\xf8\xe8\x10\x75\
\x0b\x96\x10\x08\x35\xa0\xa8\x5a\x51\x5e\x52\x4c\xdb\xed\x9e\x6d\
\xca\x9d\x79\x2a\x46\xca\x2b\xbe\x5f\x56\x62\x9d\xca\x8c\x39\x41\
\xba\xcb\x35\xda\x9d\x69\x1d\xf2\x2d\xa4\x54\x14\x85\x6b\xae\xb9\
\x86\x4b\x2e\xb9\x84\xd1\xd1\x51\x46\x47\x47\xf1\xfb\xfd\x13\xbc\
\xb4\x96\x65\x71\xce\x39\xe7\xa0\xaa\x2a\xb7\xdf\x7e\x3b\xef\x79\
\xcf\x7b\x68\x69\x69\xe1\x4b\x5f\xfa\x12\x5f\xfc\xe2\x17\xc7\x79\
\x9f\xf3\x9d\xdb\xfe\x3f\xd9\x0b\xcd\xd9\xd6\xb4\x2c\xd9\x6e\x68\
\x80\x9c\xe9\x47\xdb\x9b\x7d\xf8\xf0\x61\xfe\xe1\x1f\xfe\x61\xc2\
\x94\x7b\x28\x14\x62\xe1\x82\x85\x34\xb7\x36\xe3\xf5\x78\xe9\xe9\
\xe9\xc9\xbb\x20\xc4\xb2\x2c\x92\xc9\x24\x80\x13\xb9\x05\x60\xd9\
\xb2\x65\x2c\x5f\xbe\xdc\xd9\xff\xf4\xd3\x4f\xf3\xe9\x4f\x7f\xda\
\x89\x55\x7e\xee\xb9\xe7\xf2\x85\x2f\x7c\x81\x2d\x5b\xb6\xf0\xd9\
\xcf\x7e\x96\x8d\x1b\x37\xf2\xe1\x0f\x7f\x98\x5d\xbb\x76\xd1\xdf\
\xdf\x8f\xa6\x69\x2c\x5a\xb4\x28\x6f\x94\x86\x49\x21\xe4\x2c\xa4\
\x14\x22\xcf\x22\xd5\x39\x8a\x4a\x91\x7b\x4d\x86\x52\x8c\x7f\xae\
\xbc\xc4\xe3\xf1\x90\x48\x24\x88\xc7\xe3\xce\xb1\x76\x52\xa7\x54\
\x2a\x85\xdf\xef\xa7\xa6\xa6\x66\x42\x84\x92\x93\x01\xb7\x17\xde\
\x7e\x37\x69\x9a\xe6\x78\xea\xed\x63\x72\x7f\xe3\xd6\x99\xdb\x3a\
\x74\xb7\xb6\x7d\x32\x83\x5e\x29\x06\xbf\x52\x65\x15\x27\x03\x5e\
\x8f\x87\xc4\xd8\xbb\xb8\x22\x60\x59\x98\xe9\x54\x76\x5d\x82\xee\
\x41\xe4\x68\xef\x2d\xd3\x24\x3a\x34\x42\xbc\x7f\x88\x40\xbd\x82\
\xaa\x78\x10\x96\x89\x62\x66\x88\x1c\x3d\x88\x91\x4c\xd0\x7c\xfa\
\x06\x14\x7f\xc0\x55\xa4\x85\x65\x18\xf4\xec\xdc\x41\xa4\xfb\x48\
\x76\xbd\x42\x6d\x1d\xf5\x4b\x56\x51\xdd\xd2\x5e\xd4\xe1\x62\xef\
\xf7\x56\x57\xb3\xf2\xbd\xef\xc3\x53\x55\x4d\xd7\xb6\x3f\x92\x8e\
\xc4\x10\x69\x03\xc3\xb2\xb0\x74\x05\x23\x93\x42\xaf\x0d\xa1\xf9\
\x7d\x08\x4d\xc7\x14\x02\x45\x28\x20\x04\x46\x26\x45\xa4\xff\x18\
\xb1\xd1\x21\x3c\xc1\x6a\xfc\x35\x75\x04\x6a\xea\xf0\x55\x85\xf0\
\xf8\x02\x08\xe5\xed\x01\x42\x31\xef\xb6\x7b\x9f\xcd\x21\xdc\x6b\
\xb5\x0a\x45\x54\xaa\x94\x7e\x57\x10\x15\x24\x39\x94\x89\xb9\x41\
\xba\x8b\x64\x73\x9c\x29\xa6\x52\x6a\x2e\xe9\xee\xed\xed\xe5\x7b\
\xdf\xfb\x1e\x2f\xbf\xfc\x32\xb5\xb5\xb5\x34\x35\x35\xd1\xda\xda\
\x8a\xd7\xeb\xa5\xaf\xaf\x8f\x48\x24\xe2\x2c\xbc\x1a\x1a\x1a\x42\
\xd7\x75\x56\xac\x58\xc1\xed\xb7\xdf\x4e\x43\x43\x03\x3b\x77\xee\
\xcc\x92\xb9\x9c\xe8\x02\xb5\xb5\xb5\x2c\x5b\xb6\x8c\x50\x28\x84\
\x69\x9a\xd4\xd6\xd6\x4e\x3a\xd5\xa6\x28\x0a\x96\xdd\x59\xeb\xea\
\x60\xfd\xfa\x2c\xd9\xce\x43\x14\x6d\xd2\x7b\xe0\xc0\x01\xba\xba\
\xba\x10\x22\xbb\x68\x33\x12\x89\x30\x32\x32\x42\x24\x12\xe1\x8d\
\x3d\x6f\xb0\x67\xef\x9e\x71\x46\xda\x7e\x31\xe4\x2e\x00\xb9\xfc\
\xf2\xcb\xb9\xf9\xe6\x9b\xf1\xf9\x7c\x58\x96\xc5\xf6\xed\xdb\xd9\
\xba\x75\x2b\x57\x5d\x75\x15\x67\x9d\x75\x96\x73\x9c\xdf\xef\xc7\
\xeb\xf5\xa2\x28\x0a\xcb\x96\x2d\x23\x93\xc9\xf0\xfb\xdf\xff\x9e\
\x70\x38\xcc\x4d\x37\xdd\xc4\x6f\x7f\xfb\x5b\xee\xba\xeb\x2e\xbe\
\xfe\xf5\xaf\xf3\xe0\x83\x0f\x62\x59\xd6\x04\xcf\xe3\x64\x90\xe5\
\xe9\x56\x73\x52\x81\xcf\x65\xa8\xae\xf4\xe3\x95\x82\xc9\x3c\xdc\
\xb9\x03\x53\xf7\x40\xd6\xdd\x9e\x83\xc1\x20\x5e\xaf\x97\x9a\x9a\
\x1a\x27\x5e\xbe\x6d\x08\xed\x19\x1a\x5d\xd7\xa7\x17\x59\xa7\xcc\
\x10\x42\x10\x0a\x85\x08\x06\x83\x4e\x3f\x0d\x06\x83\x08\x21\x1c\
\xf2\x9d\xaf\x9e\xb9\xeb\x4f\xdc\xc7\x94\xa2\x21\xad\x14\x78\xc7\
\xb4\xf7\x73\xbd\x4f\x5a\x96\x85\x47\xd7\x2b\x86\x74\x5b\x86\x41\
\xec\xc8\x01\xd2\x43\xbd\x08\x0b\x84\xa6\xa3\xd5\x84\xf0\xd4\x36\
\xe3\xa9\x09\x65\x3d\xd3\x80\xaf\xba\x9e\x63\xaf\xed\xc2\xc8\x28\
\x04\x43\xb5\xa8\x7a\x76\x36\xd6\x4a\xa7\x89\xf6\x1c\x21\xd2\xd0\
\x4a\xdd\xe2\xe5\x4e\xb9\x42\x08\x06\x8f\x1e\xa4\x6f\xf7\x6b\x58\
\xe9\x34\x8a\xaa\x91\x88\x46\x49\x8c\x86\x69\x59\xbd\x8e\x50\x7b\
\x27\x6a\x09\x03\x31\x5f\x4d\x88\xd3\xde\x73\x05\xc1\xa6\x26\xf6\
\x3d\xf2\x7b\x22\xdd\xdd\x98\x69\x03\x25\x25\xb0\x14\xf0\x28\x80\
\x95\x06\x23\x05\x69\x25\x1b\x8d\x43\x51\xc0\x52\x31\x2d\x30\x33\
\x31\x8c\x64\x9c\xf8\x48\x3f\xc3\xaa\x8a\xaa\xe9\x78\xab\x6b\x09\
\x35\x77\x10\xac\x6d\x44\xf3\x78\xb1\x99\x45\xa9\x32\x94\x5c\xef\
\x76\x21\x0f\xf7\x64\xe5\x9c\x4c\xe4\x3a\x30\x66\x2b\x66\x3d\xe9\
\xb6\x2c\x0b\xd3\xb5\x62\xbf\xdc\x50\xa7\xb0\xfa\xdd\x3d\x02\x6d\
\x69\x69\x61\xdd\xba\x75\x0c\x0f\x0f\xf3\xf0\xc3\x0f\x93\x48\x24\
\x9c\x6c\x73\x36\x39\x4f\xa5\x52\x5c\x7b\xed\xb5\xf4\xf5\xf5\xf1\
\xe0\x83\x0f\xd2\xd1\xd1\xc1\x05\x17\x5c\xc0\x9e\x3d\x7b\x58\xb1\
\x62\xc5\x84\x4e\x27\x84\xa0\xb7\xb7\x97\xcb\x2f\xbf\x9c\xcb\x2e\
\xbb\x8c\xd1\xd1\x51\x86\x87\x87\x81\x89\x8b\x86\xf2\x2d\xd4\x00\
\xb0\x16\x2c\xc8\xea\xb7\x8b\xbc\x7c\x16\x2f\x5e\x5c\x54\xb6\x61\
\x97\x9b\x4c\x26\xe9\xea\xea\xe2\xf5\xd7\x5f\x67\xc7\x8e\x1d\x2c\
\x5d\xba\x14\x80\xba\xba\x3a\x3a\x3b\x3b\xe9\xed\xed\x65\x68\x68\
\x08\x4d\xd3\x58\xb3\x66\x8d\x73\x7f\x0e\x1f\x3e\xcc\xfd\xf7\xdf\
\x4f\x6f\x6f\xaf\x93\x3c\xc7\x30\x0c\x6e\xbe\xf9\x66\x3e\xfd\xe9\
\x4f\xb3\x67\xcf\x1e\xce\x3c\xf3\x4c\x6e\xba\xe9\x26\xee\xbd\xf7\
\x5e\x74\x5d\x77\x74\xa9\xd5\xd5\xd5\x1c\x3f\x7e\x9c\xbe\xbe\x3e\
\x42\xa1\x50\xc9\xcf\xc6\x0d\x59\xa4\x1b\x2a\x63\xd6\xe5\x64\xc2\
\x6e\x1b\xb2\x22\x98\xc8\x94\xae\xe4\x23\xde\xee\xcc\xaf\x80\xb3\
\xd6\xc0\xeb\xf5\xe6\x4d\x52\x05\x13\x89\xfa\xc9\x82\xad\xe9\x4e\
\xa7\xd3\x8e\xbc\xcb\xbd\xee\x24\x57\xa6\x06\xe3\x49\x75\x2e\xc1\
\x2e\x66\xc0\xa7\x6b\xdc\xdd\x0e\x85\x72\x42\x08\x31\x2f\x2f\x19\
\x83\x65\x59\x78\x3d\x9e\x93\xfe\x5e\xb2\xcf\x9f\x0a\x0f\x11\x3d\
\xb4\x17\x61\x09\x84\x61\x62\x66\xd2\x88\xde\x63\xc4\xbd\x5d\x68\
\xa1\x5a\x7c\x4d\x6d\x64\xa2\xc3\x10\x1f\x01\x8f\x87\xd1\x91\x30\
\x8a\xaa\xe3\x0f\xd5\xa0\xa0\x80\x95\x75\xb4\x0d\x77\xed\x23\xd8\
\xdc\x8a\x37\xf8\xf6\xac\x71\xa0\xae\x11\xc3\x10\x24\x47\xe2\x88\
\x8c\x85\xb7\x16\x8c\xb4\xc5\x91\x1d\xcf\x61\x66\x32\x34\x2c\x39\
\x6d\x82\xe4\x23\xdf\x7d\xd1\x3c\x1e\x16\x9e\x7d\x0e\x35\xed\x0b\
\x78\xf3\xd1\xad\x1c\x79\xfe\x39\x32\xd1\x08\xba\xdf\x83\x96\x4c\
\xa2\x46\x22\x60\x99\x10\x48\xa1\xf8\x7c\xa8\x1e\x1f\x42\xb1\xb0\
\x0c\xc6\xf8\xb4\x0e\x08\x32\x99\x14\x99\x64\x8a\x64\x2c\x4e\x64\
\x70\x00\x4f\x75\x2d\x55\x75\xcd\x54\xd5\x36\xe2\x0b\x04\x51\x54\
\x0d\xc5\x95\x79\x36\x9f\xdd\x2e\xb4\x70\xb2\x90\xe6\x7b\xa6\x44\
\x5b\x56\x3b\xa9\x84\x77\xe2\x89\xc0\xac\x27\xdd\x30\x7e\xb5\x7d\
\x25\xd4\x43\x51\x14\x36\x6e\xdc\xc8\xbd\xf7\xde\xeb\x2c\x36\x1c\
\x19\x19\x21\x1a\x8d\x12\x89\x44\x38\x7e\xfc\x38\x3d\x3d\x3d\xf4\
\xf5\xf5\xb1\x76\xed\x5a\x54\x55\xe5\xa5\x97\x5e\x62\xdf\xbe\x7d\
\x18\x86\xc1\x6f\x7e\xf3\x1b\x2e\xb8\xe0\x02\xea\xeb\xeb\x9d\x08\
\x21\x76\x1c\xf0\x3b\xef\xbc\x93\xc5\x8b\x17\xd3\xde\xde\x4e\x5d\
\x5d\x1d\x35\x35\x35\x34\x35\x35\xf1\xc2\x0b\x2f\x10\x8f\xc7\x8b\
\x26\xec\xc8\x08\x81\x55\x57\x57\x94\x70\xdb\x28\xa5\xd3\x7a\xbd\
\x5e\x4e\x3b\xed\x34\x96\x2f\x5f\xce\x35\xd7\x5c\xe3\x74\xf6\xcd\
\x9b\x37\x73\xe1\x85\x17\x92\xc9\x64\xc8\x64\x32\xce\x54\xb6\xed\
\x59\x5b\xbf\x7e\x3d\x9f\xff\xfc\xe7\x59\xb8\x70\x21\xa6\x69\xe2\
\xf3\xf9\x10\x42\x38\x03\x88\xfe\xfe\x7e\x92\xc9\x24\x35\x35\x35\
\x5c\x70\xc1\x05\xe3\xa4\x3b\x9a\xa6\xf1\xc0\x03\x0f\xf0\x5f\xff\
\xf5\x5f\x5c\x7f\xfd\xf5\xdc\x72\x4b\xfe\xd8\xa8\x85\x20\xcb\xd3\
\xad\x4c\x32\xd3\x30\xd7\xa0\x55\x58\x04\x93\x42\xc8\x47\x3a\xed\
\xff\xf9\x34\xdd\xf1\x78\x9c\x44\x22\xe1\x64\x95\xb4\xdb\xa5\xae\
\xeb\x24\x93\x49\x3c\x1e\x0f\xcd\xcd\xcd\x15\x21\x2f\xb1\x65\x2f\
\x91\x48\xc4\x59\x47\x32\x30\x30\x80\x61\x18\x54\x57\x57\xd3\xd0\
\xd0\x90\x57\xd3\xed\x1e\x64\xe4\x9b\xe2\xce\xe7\x85\xab\x34\x0f\
\x96\xbd\x88\x32\x9f\xe3\x61\x2e\xc1\xbe\x7e\x7f\x05\x2d\x2a\x4d\
\x45\xc3\x44\x07\xfa\xd1\x35\x1f\xaa\x92\x25\x9c\xc2\x02\xc5\x88\
\x91\x89\xc4\x48\xf5\xf6\x82\x57\x45\x20\xa8\x6f\xa8\xe3\xe8\xe1\
\x6e\x62\xb1\x28\xaa\xdf\x8b\xa2\x8c\x39\x38\x2c\x48\x0e\x0f\x31\
\xf0\xe6\x2e\x5a\xd6\x9c\x35\xe6\x3d\x06\x7f\x4d\x2d\x35\x0b\x17\
\x71\xe4\xd8\x0e\xc8\x80\x15\x89\xe0\x15\x02\x33\x95\xa6\x77\xcf\
\x2e\x02\xf5\x8d\xf8\x6b\xeb\x4b\x6a\x0f\x8a\xa6\x11\x5a\xd8\xc1\
\xba\xf7\xdf\x48\xed\xa2\xc5\xec\x7d\x64\x2b\x89\xf0\x20\xc9\x44\
\x0a\x73\x38\x8c\x99\xca\x60\x65\x32\x68\xa6\x89\x30\x0c\x2c\x45\
\x05\x01\x42\xf7\x21\x54\x1d\x0c\x03\xcb\x30\x30\xb1\xb0\x10\x60\
\x18\xa4\x32\x69\x62\xe1\x11\x06\x7b\xba\xd0\x3c\x3e\x74\xaf\x0f\
\xdd\xeb\xc7\x17\xac\xc6\x17\xac\x41\xf7\xfa\xb2\x44\xdc\x15\xf1\
\x2c\x37\xd4\xe7\x64\xb3\x76\x95\xd6\x17\x6d\x58\xe6\xff\xcf\xde\
\x99\xc7\x58\x72\xdd\xf5\xfe\x73\x4e\x55\xdd\xfd\xde\xee\x9e\x5e\
\xa6\x3b\x33\x9e\xf1\xcc\x64\x3c\x9e\xc5\xdb\xe0\xc0\xd8\x6f\x6c\
\xf3\xde\x38\xc6\x21\x58\x24\x58\x20\x43\x00\x81\x15\x48\x40\x10\
\x22\x21\x84\x10\x11\x08\x09\x99\x24\x8a\x44\x04\x12\x42\xb2\xe2\
\x48\xb1\x12\xcc\x4b\x5e\x02\xc1\x4b\x12\xdb\xc1\x09\x49\x6c\xc7\
\xc4\xce\x24\xe3\x65\xec\xd8\xb3\x39\x3d\x5b\xaf\x77\xaf\xe5\x9c\
\xf3\xfe\xa8\xaa\x3b\x35\x77\xee\xed\xbe\xbd\x4d\xb7\xdb\x7c\xa5\
\x56\xf7\xad\xaa\xae\x7b\x6a\x39\x75\xbe\xf5\x3d\xdf\xdf\xef\xa7\
\xdf\x16\xfd\x71\x5d\x93\xee\xe4\xe0\x60\x94\x42\xae\x62\x4e\xd6\
\x24\x31\x0c\x82\x80\xe7\x9e\x7b\x8e\x7f\xfc\xc7\x7f\x64\x6c\x6c\
\x8c\xd1\xd1\x51\xb6\x6f\xdf\xce\x81\x03\x07\x5a\xc1\x56\xbb\x77\
\xef\x26\x9d\x4e\x93\x4a\xa5\x38\x77\xee\x1c\xae\xeb\xf2\x8d\x6f\
\x7c\x83\x13\x27\x4e\xf0\x1b\xbf\xf1\x1b\x8c\x8f\x8f\xf3\xc4\x13\
\x4f\x70\xe6\xcc\x19\x00\xb6\x6e\xdd\xca\x1d\x77\xdc\xc1\xeb\xaf\
\xbf\xce\xab\xaf\xbe\xca\x8f\x7f\xfc\x63\x5c\xd7\xc5\xf3\xbc\x56\
\xa9\xf7\x5a\xad\xc6\x8d\x37\xde\xd8\x6a\x4f\x3b\x84\x94\xd8\xcb\
\xac\xfe\x24\x49\x4a\xf2\x7b\xe3\x92\xd6\xa9\x48\x61\x89\x15\x43\
\x21\x44\x8b\xa8\x87\x4a\x1b\xdc\x7c\xf3\xcd\x1c\x3e\x7c\x18\xc7\
\x71\x5a\xde\xf6\x87\x1f\x7e\x98\x52\xa9\x74\x91\xe2\xb6\x7f\xff\
\x7e\x0e\x1d\x3a\xc4\xc9\x93\x27\xf1\x3c\x8f\x8d\x1b\x37\x2e\xb8\
\xf3\xae\x54\xf6\x12\xab\x6d\xba\x7d\x3d\x3f\x54\xba\x21\x19\x7c\
\xb8\x96\xfd\xed\xf3\x5d\x9b\xe4\xc0\x95\x54\xba\x63\xa5\xb8\xd1\
\x68\x30\x33\x33\xd3\x7a\x11\x36\x26\xcc\x97\x1d\x97\x73\xef\xef\
\xef\x6f\x05\x37\xaf\x26\x92\x83\xb6\xe7\x79\x34\x9b\x4d\x3c\xcf\
\xbb\x48\xc1\xef\x94\x0b\x38\x5e\xd6\x4b\x00\xe5\x5a\x1d\xe4\xff\
\xc7\x5a\x12\xa2\xd5\x1f\x2d\x6b\xcd\xe4\xcf\xb7\x0b\x7d\x4c\x4f\
\x97\xb1\xfd\x19\x32\x85\x22\x4e\x36\x8d\x25\x05\x96\x96\x48\x01\
\x28\x8d\x08\x40\x0b\x41\x36\xed\x90\xcd\xa5\xa9\xd6\x6a\xd8\x19\
\x07\x4b\x08\x8c\xb4\x90\x96\x44\x18\xcd\xec\xa9\x63\x14\x46\xdf\
\x41\x69\xf4\x8a\x68\xac\x90\x8c\xee\xbe\x86\x9f\xbe\xf8\x12\xcd\
\xa9\x19\x4c\x5d\x23\xa5\x8d\x2c\x14\x68\x4c\xcf\x30\xfe\xd2\x8f\
\xd8\xb2\xff\xe7\x48\x65\xbb\x8b\x53\x49\x08\x21\x48\x17\x8b\x6c\
\xbf\xe5\x36\xc6\xf6\x5d\xc3\xf4\x9b\x27\x39\xf3\xf2\x11\xce\xbd\
\x72\x84\xda\x6c\x05\xad\x15\xa9\x40\x61\xb2\x69\xa4\x2d\x91\xe9\
\x0c\x96\xb0\xd1\xc2\x07\xa9\x31\x32\x6c\x13\xc2\x02\x61\x83\xb0\
\x10\xc6\xa0\x3d\x0f\xd7\xf7\x71\xeb\x95\xf0\x1e\x15\x12\xcb\x76\
\xb0\xd3\x59\x32\xf9\x12\xb9\xd2\x00\xb9\x52\x3f\xb6\x7d\x21\x61\
\x41\x8c\x6e\x96\x92\xb5\xda\x17\x81\xd0\xc3\xbf\x82\x8e\x84\xb5\
\x84\x75\x4d\xba\x63\xc4\x84\xb7\x17\xbf\xd6\x4a\xb7\x03\x2e\xdc\
\xfc\xd5\x6a\xb5\x65\xbd\xd8\xb1\x63\x07\xa5\x52\x89\x57\x5e\x79\
\x85\x7f\xfa\xa7\x7f\x42\x6b\xcd\xc8\xc8\x08\x1b\x37\x6e\x44\x4a\
\xc9\x4b\x2f\xbd\x44\xad\x56\xe3\xe4\xc9\x93\x9c\x38\x71\x82\xc3\
\x87\x0f\xf3\xf2\xcb\x2f\xb3\x6d\xdb\x36\xa6\xa7\xa7\xb9\xf2\xca\
\x2b\xf9\x83\x3f\xf8\x03\x36\x6f\xde\x8c\x31\x86\x4a\xa5\xc2\xc4\
\xc4\x04\xe3\xe3\xe3\x2d\x9f\xf5\x99\x33\x67\xe8\xef\xef\x6f\x65\
\x53\x90\x09\x9f\xf1\x7c\x9e\xef\xe5\x46\x37\xcf\x67\xd2\x82\x13\
\x4f\x75\xc7\xed\x8a\xad\x37\xc6\x84\xa5\xe4\x01\xea\xf5\x7a\xab\
\xf8\xc8\x4d\x37\xdd\xc4\x81\x03\x07\x5a\x79\xce\xa5\x94\x4c\x4d\
\x4d\x2d\xec\x61\x23\x96\x3f\x90\xb2\x93\xbf\xee\xed\x8e\xb5\x4c\
\xba\x3b\xa1\x5b\x00\x65\x92\xa0\x42\x18\x77\x60\xdb\x36\xd9\x6c\
\xb6\x95\x36\xb0\x7d\x3f\x71\xca\xcb\xd5\xbe\x0f\x8c\x31\xd8\xb6\
\x4d\xa1\x50\x68\xcd\x28\xc5\x2f\xb2\xb1\x1d\xad\xd3\x94\x6f\xdc\
\xdf\x3a\x4d\x5d\x27\xb1\x96\x07\xf9\x4c\xf4\xd2\xd3\xc9\x17\xfb\
\x76\x41\xf2\xd8\x8d\x31\xa4\x52\x29\x1a\xd1\x0c\xcd\x6a\x22\x53\
\x1a\x60\xd3\xc1\x43\xbc\xfa\xd8\x63\x54\xaa\x67\xc9\xf7\x97\xc8\
\x96\x8a\xa4\x32\x69\x9c\x94\x83\x41\x63\x09\x89\xd1\x0a\x24\x14\
\x0a\x39\x66\x2a\x33\x54\x67\x67\xb1\x84\x0c\x2b\x12\x0b\x07\x4b\
\x58\xf8\x6e\x83\xa9\x63\xaf\x91\x1f\xdc\xd8\xca\xe1\x5d\x18\xde\
\xc8\xe6\xeb\xf7\xf3\xe2\x37\x1e\x45\xe3\x22\x9b\x20\x52\x36\x8e\
\x30\x94\xc7\xdf\x64\x7a\x64\x23\xc3\x3b\x76\x21\x65\xef\xd6\x26\
\xcb\xb6\x29\x0c\x8f\x90\x1f\x1a\x66\x74\xf7\x5e\x26\xde\xb8\x91\
\x9f\x7c\xe7\x9b\x94\xdf\x3c\x4e\xe0\xcd\xe2\x37\x1c\x52\xf9\x1c\
\x29\xe9\x80\xf0\x10\x5a\x23\x1c\x89\xb0\x53\x60\x85\x81\x96\xc2\
\x18\x84\x26\xaa\xca\x18\xfe\x61\x84\x08\x55\x70\xa1\xd0\x2a\xc0\
\xf7\x1a\x34\xaa\x33\xcc\x4e\x9c\x26\x9d\x2f\xd0\x3f\xf4\x0e\x0a\
\x7d\x1b\x90\x1d\x52\x24\xb6\x8f\xeb\x6b\x99\x80\xb7\xe7\x1b\x87\
\xf5\xdb\x1f\xd7\x2d\xe9\x6e\x37\xe5\x2b\xdf\x47\xac\x62\x9a\xae\
\xa4\x6a\x64\x59\x16\xfb\xf7\xef\xe7\x13\x9f\xf8\x04\xc6\x18\x3c\
\xcf\x43\x4a\xc9\xd8\xd8\x18\x63\x63\x63\xbc\xf9\xe6\x9b\x7c\xfd\
\xeb\x5f\x67\x70\x70\x90\x6d\xdb\xb6\x71\xfa\xf4\xe9\x96\x4a\x7e\
\xec\xd8\x31\xee\xbb\xef\x3e\x36\x6e\xdc\xc8\xa1\x43\x87\xf8\xa3\
\x3f\xfa\x23\xbe\xf0\x85\x2f\xf0\xd0\x43\x0f\x51\x2c\x16\xf9\xe4\
\x27\x3f\xc9\xce\x9d\x3b\x29\x14\x0a\x8c\x8d\x8d\x31\x35\x35\x45\
\x10\x04\xdc\x7d\xf7\xdd\xad\x94\x7e\x71\x2e\xde\x4e\xd3\x52\x2b\
\xe5\x9f\x9c\xab\x83\xcf\xf5\x40\xe8\xa4\x2a\xc6\xbf\xe3\xb6\xc7\
\x41\x6a\x49\x22\x14\x63\xa1\x3e\xb1\x95\x38\x07\x6f\x2d\x7a\xb9\
\x32\x48\x5e\x1b\x63\xc2\xdc\xf9\x96\x94\xe8\x65\x7e\xf0\x2f\xe7\
\xb5\xeb\x65\x9a\xb6\x9d\x74\x6b\xad\xb1\x2c\xab\x15\x4f\x10\xc7\
\x1a\x24\x4b\x6d\x2b\xa5\x68\x36\x9b\x17\xbd\x1c\x5e\xee\x41\xd0\
\x18\xd3\x8a\x21\x11\x42\xb4\xca\xbd\xb7\x5f\xa7\x4e\x4a\x77\xf2\
\x45\x38\xb9\x7c\x3e\x12\xbe\x58\x2c\x77\x7f\x14\x84\xf6\x92\xf5\
\x3e\xb8\xf7\x82\xe4\xf3\x32\x93\x4e\xaf\x89\x60\x4a\x21\x04\xc3\
\xef\xdc\x85\x79\x8f\xe0\x95\x6f\x3e\xc1\xd4\x6c\x99\x82\xd6\x14\
\x8b\x79\x8c\xc9\x61\xdb\x16\xc6\x12\x08\x13\xfa\xbd\x33\xb9\x34\
\xe9\x7c\x96\x66\xe0\x63\xd7\x2a\x18\x1d\x90\x36\x59\x9c\x74\x18\
\x90\x58\x1e\x3f\x45\xf5\xdc\x69\xfa\x37\x6f\x45\x88\xb0\xbf\x5d\
\x71\xed\x0d\x1c\x7d\xfa\x29\x9a\x33\x93\xd8\x69\x07\xdb\xab\x21\
\x84\x46\x36\x04\x93\xc7\x5e\xa3\xb4\x71\x13\xd9\xd2\xc2\x63\x82\
\x84\x10\x38\x99\x2c\xa3\x57\xef\xa1\x34\x3a\xc6\xa9\x1f\x3d\xcf\
\xc9\xe7\xbe\x4b\xa3\x3a\x8b\xc8\xa4\x91\x7e\x00\xc2\xc7\xb2\x04\
\xd2\x4a\x85\x84\x5a\x9b\x90\x70\x4b\x03\xc9\x71\x4c\x80\xb0\xe2\
\xd1\xc3\x20\x24\xa1\x5f\xdd\x80\x52\x3e\x75\xbf\x49\xb3\x32\x4b\
\x26\xdf\x47\xdf\xf0\x28\x85\xfe\x21\xa4\x65\x5f\x72\x5f\x2f\x37\
\xe1\x5e\x89\xfe\x62\x22\x31\xed\xed\x80\x75\x4b\xba\x63\x24\x55\
\x53\x01\x2b\x92\x0e\xae\x57\xc4\x24\x51\x29\xc5\x91\x23\x47\xb8\
\xff\xfe\xfb\xd9\xb0\x61\x03\x83\x83\x83\x14\x8b\x45\xfa\xfa\xfa\
\xb8\xe1\x86\x1b\xf8\xf5\x5f\xff\x75\x2c\xcb\x62\xc7\x8e\x1d\x1c\
\x3c\x78\x90\xe9\xe9\x69\x3e\xfb\xd9\xcf\xf2\xe4\x93\x4f\x52\xab\
\xd5\xa8\xd5\x6a\xbc\xf7\xbd\xef\xe5\xfd\xef\x7f\x3f\x3b\x77\xee\
\xe4\xc6\x1b\x6f\xe4\x8d\x37\xde\xe0\xe9\xa7\x9f\xe6\x91\x47\x1e\
\xe1\x8e\x3b\xee\x60\xeb\xd6\xad\xbc\xf2\xca\x2b\x7c\xf1\x8b\x5f\
\xe4\xd4\xa9\x53\x6c\xdf\xbe\x9d\xbe\xbe\x3e\x8a\xc5\x62\xcb\xa7\
\x99\x24\xae\x2b\xad\x74\x77\xea\xe8\x73\x4d\x4b\x77\x5a\x3f\xdf\
\x3e\xdb\x09\x3a\x2c\x9c\x00\xac\x08\xe9\x36\x9d\xa3\xb2\xdf\xce\
\x83\x3d\x80\x2d\x25\x5e\x97\xdc\xf5\x6b\x11\x9d\xae\x57\xfc\xc2\
\x07\xb4\x3c\xd1\xe5\x72\x19\xcb\xb2\x28\x16\x8b\x78\x9e\xd7\x22\
\xb3\x9e\xe7\x91\x4a\xa5\x48\xa7\xd3\xcc\xce\xce\x86\x03\x74\x64\
\x99\x2a\x95\x4a\x14\x0a\x85\xcb\x52\xb5\x54\x6b\x4d\xb3\xd9\x6c\
\x55\x8f\xb5\x2c\x8b\xfe\xfe\x7e\x7c\xdf\x67\x66\x66\x06\x29\x25\
\x85\x42\x81\xe1\xe1\xe1\x4b\x3c\xdd\xdd\x88\x38\x5c\xf0\x96\xce\
\xd7\xd7\x57\x1b\x71\xd0\x60\xa7\xe7\xcd\xdb\x05\xed\xe2\x84\x31\
\x86\xcc\x1a\x4a\xa1\x28\x2d\x8b\xd1\xab\xae\x26\x53\x2a\xf1\x83\
\xff\xf8\x0a\xe7\xce\x9f\x23\xf0\x5c\x0a\x4d\x97\x74\x2e\x43\x4a\
\x67\x42\x02\xaa\x7c\x34\x86\x52\xa1\xc8\xf9\x89\x73\xd4\x75\x0d\
\x4b\x10\x25\x0d\x30\x48\x69\xe3\x7b\x1e\xa7\x5f\xf9\x31\xf9\xe1\
\x51\xd2\x91\x6d\x24\x57\x2a\xd1\xbf\xe9\x0a\x4e\x9e\x3f\x43\x5a\
\x79\xf8\x7e\x1d\x84\x02\xa1\x61\xe2\x2c\xd3\xe3\x27\xc8\xe4\xf7\
\x5e\x92\xaa\xb0\x57\x08\x29\xc9\x6f\x18\x64\xe7\xff\xba\x8d\x81\
\xcd\x5b\x38\xf6\xcc\xb7\xa8\x4f\x8e\x87\x33\xee\x80\xb0\x6c\x8c\
\x11\x21\xc9\xc6\x20\x2c\x30\x61\x04\x28\x21\xbb\x16\x91\xd7\xd1\
\x5c\xf0\x3c\xea\x68\x1b\x00\x23\x30\x28\x02\x15\x50\xf5\x5c\xea\
\xd5\x19\x72\x7d\x1b\xd8\x30\xb2\x99\x6c\xa1\x44\xd2\x24\xb9\x96\
\xfa\x5e\x37\xa8\x0e\xc5\xd2\xd6\xab\xfd\x6b\x5d\x92\xee\xf6\x1b\
\xac\x45\xbc\x7d\x7f\xd9\x3d\xcb\xbd\xa2\x7d\xaa\x36\x4e\x03\x78\
\xf6\xec\x59\x7c\xdf\x67\x72\x72\x92\xe9\xe9\x69\x7e\xef\xf7\x7e\
\x8f\x3f\xfc\xc3\x3f\xe4\xfd\xef\x7f\x3f\x8f\x3e\xfa\x28\x1f\xfb\
\xd8\xc7\xd8\xb8\x71\x23\x7b\xf6\xec\xe1\xba\xeb\xae\xe3\xe8\xd1\
\xa3\x7c\xfd\xeb\x5f\x67\xef\xde\xbd\x5c\x75\xd5\x55\x1c\x39\x72\
\x84\xdb\x6f\xbf\x9d\x0d\x1b\x36\xd0\x68\x34\x78\xf0\xc1\x07\x29\
\x97\xcb\xfc\xe2\x2f\xfe\x22\x7f\xf5\x57\x7f\xc5\xcd\x37\xdf\xcc\
\xbe\x7d\xfb\xf8\xf4\xa7\x3f\x4d\xb1\x58\xe4\xba\xeb\xae\xe3\x03\
\x1f\xf8\xc0\x45\x2f\x00\xc9\x69\xa8\xb5\x58\x16\x39\xe9\x23\x8d\
\x3f\x2f\xc4\x2f\xba\xda\x0f\x9c\xf5\xf7\xd8\x58\x18\xda\xd5\xd3\
\x8b\x7c\xdd\x6b\x90\x74\xb7\x4f\xd1\xce\xb5\x5d\x72\x96\x05\xc2\
\x40\xca\x5a\xad\xd6\x52\x92\x5d\xd7\x6d\xd9\xb8\x8c\x31\x0c\x0d\
\x0d\xb5\x48\x2f\xd0\x9a\xe5\x4a\xa7\xd3\x97\x2d\xb8\x32\x7e\xd9\
\x6e\x34\x1a\x34\x1a\x0d\x1c\xc7\xa1\x5c\x2e\xe3\x79\x1e\xae\xeb\
\x62\x59\x56\x2b\x0b\x4b\xa7\x9c\xbf\xdd\xd4\xef\xf6\xbf\xdb\xbf\
\x73\xad\x20\x59\x89\xb2\xd3\x4b\xff\xdb\x05\xed\x33\x83\xf1\x6c\
\x47\xb7\x22\x6e\x97\x1b\x42\x4a\x06\xc6\x36\xb1\xf7\xd0\x1d\x3c\
\xfb\xe5\xff\xcb\xe4\xf4\x34\x9e\xdb\x24\xd7\x48\x93\x0b\x4a\x08\
\x21\xa9\xcf\xcc\xe2\x37\x9a\x58\x85\x3c\x18\x41\xb5\x56\x25\xe5\
\x38\x58\x41\x0a\x83\x46\x1a\xb0\x52\x69\xea\x53\xe7\xa8\x9c\x1b\
\x27\xb5\x65\x47\x78\xad\x81\x77\xec\xda\xc3\x89\x17\x9f\xa7\xd1\
\x6c\x20\xd0\x68\xad\xc0\x08\x90\x92\xf3\xaf\xbd\xc2\x86\x4d\x57\
\x2e\x4a\xed\x4e\xc2\x72\x52\x8c\x6c\xdf\x49\x71\x70\x88\x9f\x7c\
\xef\x9b\x4c\xbf\x79\x1c\x91\x4a\x21\x6c\x07\xa1\x0d\xda\x00\xc2\
\xa0\x15\x08\xa3\xc3\xd4\x82\x42\x23\xa4\x85\x30\x02\x13\x68\x90\
\x22\x54\xbc\x8d\x46\x18\x83\x91\xd1\x3d\xda\xea\x53\x1a\xed\x29\
\xaa\x13\xe3\x34\x2b\xd3\xf4\x0d\x6f\xa2\x7f\x64\x73\x2b\xe0\xb2\
\xd3\xd8\xb9\x96\x60\xda\xfc\xdc\xeb\xfd\x25\x78\x5d\x92\x6e\xe8\
\xfc\x26\xef\x7b\x5e\x34\xe5\xb4\x7c\xe8\xf5\xb6\x88\x83\xac\x20\
\x7c\xb8\xed\xdd\xbb\x97\xbf\xf8\x8b\xbf\x20\x97\xcb\x61\x8c\xe1\
\xd9\x67\x9f\xe5\x5f\xfe\xe5\x5f\x00\x38\x73\xe6\x0c\x87\x0f\x1f\
\x46\x4a\x49\x10\x04\x3c\xfd\xf4\xd3\x8c\x8e\x8e\xf2\x81\x0f\x7c\
\x80\xdb\x6f\xbf\x1d\xd7\x75\xe9\xeb\xeb\xe3\xd5\x57\x5f\xe5\x33\
\x9f\xf9\x0c\x1f\xfc\xe0\x07\xd9\xb3\x67\x0f\x1f\xf9\xc8\x47\x98\
\x99\x99\xe1\xd4\xa9\x53\xfc\xeb\xbf\xfe\x2b\xcf\x3c\xf3\x0c\x77\
\xdd\x75\x17\xd7\x5e\x7b\x2d\x7f\xfe\xe7\x7f\x4e\xbd\x5e\xe7\xe7\
\x7f\xfe\xe7\xf9\xcd\xdf\xfc\xcd\x56\xa6\x90\xa0\xed\x0d\x73\x25\
\x95\xb6\x85\x28\x60\xdd\x54\xec\x6e\x83\xfb\x72\x4e\xa1\x2d\x6b\
\x67\xef\xa2\x72\xaf\xc8\x77\xbd\xc5\x10\xe7\xeb\x5e\xab\x98\x8f\
\x84\xb5\xbf\x44\x00\x8c\x8e\x8e\x32\x3c\x3c\xdc\xf5\x7f\xe3\xd4\
\x7c\x71\xbf\x8f\x5f\x78\xa5\x94\x17\x65\x24\x58\x69\xa4\xd3\x69\
\xc6\xc6\xc6\x18\x19\x19\xb9\xc8\xde\x12\x7f\x7f\xb7\x3c\xdd\xdd\
\x2c\x24\x73\xf5\xd7\xa5\xf6\xc5\xe5\xbe\x47\xb2\x51\x3d\x80\x78\
\xff\xb0\xb6\x5e\x0a\x56\x1a\x9d\xc6\xc6\xf8\x27\x93\x4a\x51\x5f\
\x03\xbe\xee\x18\x42\x4a\x46\x77\xec\xe4\xfa\x3b\xef\xe2\xf9\x87\
\xbf\xcc\xf4\xec\x2c\xbe\x9f\xc1\xf7\x3d\xa4\xb4\xa8\x4e\xce\xe0\
\x35\x5c\x9c\x5a\x03\x51\xc8\xe2\xba\x1e\x4d\xd7\xc5\x4a\xa5\x00\
\x1b\xc7\xb6\xb1\xac\xd0\x25\x7d\xee\xf5\x97\x28\x0c\x0c\x91\xed\
\x1b\x00\x60\xe4\xca\x1d\xe4\x07\x87\xa8\x4d\x9c\xc1\x72\x0d\xc6\
\xe8\x50\x7d\x46\x50\x3d\x3b\xce\xcc\xe9\x53\x64\x0a\x85\x56\xd1\
\x9a\xa5\x1c\x43\xb6\x7f\x03\x9b\xae\xbd\x91\x7a\x65\x06\x69\x09\
\x84\x32\x17\x48\xb3\x10\xa1\xc2\x8e\x0c\x95\x6d\x4c\xa4\x6a\xc7\
\xf7\xbd\x00\xa3\x09\x9b\x16\xbe\x30\x18\x13\xfe\xbf\x8c\x24\x70\
\xa3\x43\x32\x1e\x34\xaa\x4c\x8d\x1f\x47\x29\xc5\xe0\xd8\xd6\x25\
\xb7\xbd\xe3\xf1\x2c\x73\x7f\x54\x51\xa2\x87\x6e\x2f\xeb\x6b\x79\
\x8c\x58\x0c\xd6\x9e\xac\xb9\x44\x74\x53\xb9\x01\xbc\x55\x7c\x98\
\xc4\x81\x80\x10\xaa\xcb\x47\x8f\x1e\xe5\xab\x5f\xfd\x2a\xb5\x5a\
\x0d\xdf\xf7\x99\x98\x98\xe0\xc6\x1b\x6f\x44\x4a\xc9\xd7\xbe\xf6\
\x35\x0e\x1f\x3e\xcc\xe6\xcd\x9b\xb9\xf5\xd6\x5b\xf1\x3c\x8f\x07\
\x1e\x78\x80\x7f\xfb\xb7\x7f\x23\x9b\xcd\xf2\x5b\xbf\xf5\x5b\xdc\
\x74\xd3\x4d\xec\xdc\xb9\x93\xf7\xbc\xe7\x3d\x5c\x71\xc5\x15\x54\
\xab\x55\xca\xe5\x32\x77\xde\x79\x27\xbb\x76\xed\xe2\xe4\xc9\x93\
\x5c\x7b\xed\xb5\x0c\x0d\x0d\x91\x4a\xa5\xd8\xb4\x69\x13\x8e\xe3\
\xb4\x94\xec\x78\x80\x0f\x82\xe0\xa2\x9b\x7a\x2d\x28\xdd\xf3\x79\
\x69\x17\xfa\x3f\xab\x09\xf1\x36\x1a\xcc\xe7\x43\x47\xb5\x7b\x8d\
\x5e\xb7\x5e\x90\x54\xba\xe3\x1f\xcb\xb2\x48\xa7\xd3\xad\xcc\x43\
\xb1\x9d\x24\xfe\x89\x09\xae\xe3\x38\xad\xf5\x71\xd0\x62\xa7\xfd\
\xad\xd4\x0f\x84\xc4\x3a\x93\xc9\x90\x4a\xa5\x5a\xed\x89\xdb\x19\
\x5b\x62\xe6\xfa\x7f\xe8\x4c\x5a\xd7\x6a\x5f\x84\x30\x55\x65\x32\
\x97\x7b\x27\x02\xfa\x76\x41\xfb\xb1\x03\xab\x9a\xbb\xbc\xdb\xb9\
\x97\xd2\x62\xcb\xde\x6b\xb8\xfa\xd6\xff\x83\x2b\x04\x8d\xc0\xa7\
\xe1\xfb\xd4\x6a\x75\xdc\x86\x8b\x32\x86\x20\xf0\x51\xb5\x06\x42\
\x0b\xea\xcd\x06\x6e\xa3\x8e\xef\xf9\x68\xad\x30\x5a\x83\x0a\x68\
\x4c\x9d\xe7\xcc\xd1\xc3\x04\x5e\xc8\x03\xf2\xfd\x1b\x18\xd9\x7e\
\x35\xbe\x86\x66\xe0\xd1\x68\xd4\x68\xd6\xab\xf8\x6e\x03\x63\x34\
\xe7\x8f\x1f\xa5\x32\x75\x7e\x59\xee\x09\x21\x04\x85\x81\x41\xfa\
\x87\x37\x62\x41\x34\xc3\x17\x12\x67\xa3\x14\x3a\x50\x28\xad\xd0\
\x3a\x40\x6b\x15\xb6\xdb\x28\x42\xf6\xad\xd1\x46\xa3\x8d\x41\x01\
\x4a\x45\x16\xaf\x30\xa9\x09\x42\x82\x65\x49\x2c\x29\x42\xf7\xac\
\x72\xa9\x9c\x3b\xc5\xf4\xd9\x53\xa8\xc0\x4f\x9c\xc7\xd5\x1f\xdb\
\x3b\x21\x88\x32\x26\x25\xd1\xe9\xde\x5c\x2f\x58\x97\x4a\x77\x37\
\xe2\xad\xb5\x26\xf0\x7d\x9c\x55\x78\xb0\xb4\x07\x2d\x2a\xa5\xa8\
\x56\xab\x54\xab\x55\x26\x26\x26\x38\x7a\xf4\x28\xbf\xfa\xab\xbf\
\xca\x6b\xaf\xbd\xc6\x8b\x2f\xbe\xc8\x6d\xb7\xdd\xc6\x6b\xaf\xbd\
\xc6\x63\x8f\x3d\xc6\xd9\xb3\x67\xa9\xd5\x6a\x3c\xf6\xd8\x63\xd4\
\x6a\x35\xfa\xfb\xfb\xe9\xef\xef\x67\x68\x68\x88\x6d\xdb\xb6\xb1\
\x61\xc3\x06\x1e\x7f\xfc\x71\x3e\xf9\xc9\x4f\xb2\x61\xc3\x06\x76\
\xed\xda\xc5\x9f\xfc\xc9\x9f\x10\x04\x01\xdb\xb6\x6d\x23\x93\xc9\
\xf0\x67\x7f\xf6\x67\x7c\xea\x53\x9f\xba\x64\x80\x69\x57\xba\xed\
\x15\x4e\xab\xb8\x18\xd5\xab\xd3\xb4\x53\xbb\x05\x60\xb9\x3a\xe8\
\xb2\x2b\x6b\x5a\x5f\x14\x47\xd0\xe9\xde\x5c\xcb\x24\x65\xa9\x68\
\x57\x82\xdb\x61\x75\xc9\x90\xb1\x58\x2c\xf6\x5c\xce\x75\x1d\xba\
\x2d\x8f\x8f\x2b\x99\xee\x72\x6a\x6a\x0a\xcf\xf3\x5a\xc4\x3a\x1e\
\xe8\x9a\xcd\x26\xc5\x62\x91\x6c\x36\xbb\x66\xae\x77\x6c\x71\xab\
\xd5\x6a\x94\x4a\x25\x00\xa6\xa7\xa7\x51\x4a\x51\x2a\x95\x18\x1c\
\x1c\x24\x15\xa5\xd6\x8b\x91\xb4\x7a\xcd\x67\xc1\x49\xda\xd6\x96\
\x82\xe5\x3c\x5f\xd9\x2e\xf9\xb9\xd7\xeb\x00\xdf\x09\x73\x29\xdd\
\x29\xdb\x5e\x91\x00\xe7\xc5\x22\xee\x57\xb6\xe3\x70\xf5\x81\x83\
\x68\x15\x70\xf4\xbf\x9e\xa0\xd6\x6c\x90\x92\x36\x46\x4a\x02\xd7\
\xc5\x04\x02\xcb\x18\x2c\x4b\xa0\x03\x85\xe7\x79\x61\xe5\xd7\xc0\
\x01\x0d\x61\x29\x48\xc5\xd4\xe9\x93\x94\xc6\xb6\x30\x78\xc5\x76\
\x2c\xdb\x66\xdf\xc1\x43\x8c\xbf\xfe\x0a\xe5\xd3\x27\xb0\x32\x19\
\x34\x10\x68\x85\xd2\x3e\xf5\xe9\x73\x9c\x3a\xf2\x1c\x5b\xaf\xbb\
\x89\x42\xff\xe0\x92\xe3\xc1\x9a\x95\x69\xfc\x7a\xb5\x25\xc4\x98\
\x78\x7f\x5a\x87\xa2\x77\xa0\x01\x0b\xa4\x08\x45\x6f\x21\x31\x46\
\x87\xfe\x6d\x2b\x64\xd8\x46\x2b\x0c\x51\x9a\x41\x04\x3a\xd6\xc3\
\x23\xdf\x77\xdc\x42\xa3\x3c\xca\x67\xc3\x6a\xd1\xc5\xc1\x31\x84\
\xb4\x2e\xb9\xee\xed\xb6\xcd\x5e\xb1\x9c\xfd\xd1\x44\x9c\xec\xed\
\x62\x2d\x81\x75\x4a\xba\xa1\x3b\xf1\xf6\x9a\xcd\x55\x23\xdd\x49\
\x85\x69\xf7\xee\xdd\xdc\x73\xcf\x3d\x6c\xda\xb4\x89\xed\xdb\xb7\
\xb3\x65\xcb\x16\xb6\x6e\xdd\xca\xc8\xc8\x08\x3b\x77\xee\x64\xf7\
\xee\xdd\x64\xb3\x59\x2a\x95\x0a\xbb\x77\xef\xe6\x7b\xdf\xfb\x1e\
\xa7\x4f\x9f\xe6\xf1\xc7\x1f\xe7\xf8\xf1\xe3\xd4\x6a\x35\x76\xed\
\xda\xc5\x57\xbe\xf2\x15\xee\xbd\xf7\x5e\x94\x52\xb8\xae\xcb\xfd\
\xf7\xdf\xcf\xe8\xe8\x28\xa3\xa3\xa3\x7c\xf4\xa3\x1f\xa5\xbf\xbf\
\x1f\x80\xdf\xfd\xdd\xdf\xe5\xf3\x9f\xff\xfc\x25\xe7\x25\x56\xba\
\x2f\xa7\xa7\x7b\xb1\x03\x71\xaf\x56\x94\x18\xab\x3e\x90\x76\xf0\
\xc3\xae\xe7\x87\x49\xaf\x48\x3e\xfc\xa3\x90\x21\xd6\xc6\x10\xdf\
\x1d\xed\xa4\x3c\x49\x54\x92\x99\x73\xa6\xa7\xa7\x5b\xc4\x55\x4a\
\xd9\x2a\x48\x15\x13\xee\xb5\xa4\xe0\xc4\x6d\xa9\xd7\xeb\x2d\x85\
\x3e\xce\xd5\x9d\xac\xf2\x3a\x97\xcd\xab\x7d\xf9\x42\xe3\x2d\x2e\
\x37\xda\xb3\x96\x74\x22\xdf\xeb\xb9\x8f\x76\x22\xdb\xed\x9f\xd3\
\xa9\x14\x8d\x35\x90\xc5\xa4\x1d\x4e\x3a\xcd\x9e\x9b\x6f\xc5\x28\
\x9f\x17\x9f\x7a\x1c\x1c\x10\x19\x8b\xc0\x33\x28\xd7\x23\x95\x06\
\x69\x2c\x84\x86\x40\x68\x14\x0a\x6c\xd0\x84\xb3\x33\x22\x52\xbc\
\x27\x4e\xfe\x84\xbe\x8d\x9b\x70\xd2\x19\xfa\x87\x47\xd8\x77\xf3\
\xff\xe6\xb9\x47\xbf\x88\x4c\xd9\xc8\xb4\x83\xb1\x04\x46\x69\xb4\
\xeb\x53\x9d\x38\xcb\xe9\xd7\x8e\xb0\xf5\x9a\x9f\xed\x39\x77\x77\
\x27\xf8\xcd\x06\x53\x27\x5e\x43\xb9\x8d\xa8\x2c\x7c\x74\xbf\x49\
\x81\x31\xa1\x5f\x3b\x7c\x0a\x86\x24\x3b\x14\xb2\xc3\x20\xca\xf0\
\x3e\x95\xa1\x80\x03\x08\x42\x45\x5b\x08\xd9\x46\x56\x45\x34\x96\
\x47\xd7\x52\xb9\x94\xcf\x9d\x40\xab\x80\xe2\xe0\x3b\x90\xf6\xda\
\x09\x94\x8d\x11\xb4\x59\x4b\x3a\xf5\xbd\xb5\xf8\x1c\x59\x0a\xd6\
\x15\xe9\xee\x36\x30\x26\x3f\xbb\x8d\x06\x85\x48\xd5\xb9\x9c\x68\
\xcf\xac\xf1\xfa\xeb\xaf\xf3\xc0\x03\x0f\x90\xcf\xe7\xe9\xef\xef\
\xa7\x54\x2a\x71\xf8\xf0\xe1\x56\x16\x93\xe3\xc7\x8f\x33\x34\x34\
\xc4\xbd\xf7\xde\x4b\xad\x56\x63\x66\x66\x86\xe1\xe1\x61\xf6\xef\
\xdf\xcf\x67\x3f\xfb\x59\x1e\x79\xe4\x11\xce\x9f\x3f\xcf\xbb\xde\
\xf5\x2e\xbe\xff\xfd\xef\x63\x8c\xe1\x57\x7e\xe5\x57\x78\xe8\xa1\
\x87\x38\x7d\xfa\x34\x43\x43\x43\x5c\x73\xcd\x35\x1c\x3c\x78\x90\
\x91\x91\x11\x00\x7c\xdf\xbf\xa4\x28\x87\x6a\x0b\x60\x58\x8d\x29\
\xa8\x85\x0c\xd0\x2b\x3d\xb8\xc7\x81\xe2\xcb\x81\xb7\x4b\x59\xdb\
\xb9\xd0\xc9\x52\xd2\x0e\x29\xc4\xaa\x28\x6b\xcb\x41\xb0\xda\x53\
\x55\x8e\x8e\x8e\x32\x38\x38\x78\xd1\xbd\x19\x5b\x47\x1c\xc7\x09\
\x07\xff\x35\x42\xea\x84\x10\x14\x0a\x85\x56\xc5\x57\xa5\x14\x63\
\x63\x63\x08\x21\x5a\x96\x93\xf6\x7b\x38\x7e\xc9\x48\xee\xa3\x5b\
\xff\x5b\xe8\xf2\xae\xed\x5c\xd0\xd6\xdd\xd1\xc9\x5a\xd2\x49\xe9\
\x7e\x3b\x10\xef\xb9\xc8\x77\xda\x71\x56\x35\x75\x60\xa7\xf3\x1f\
\x2f\x4b\x65\x73\xec\xbd\xe5\x76\xb4\xd6\xbc\xf1\xdc\x77\x90\xb6\
\x40\x66\x52\x04\x0d\x17\xdf\x57\xd8\x29\x01\x7e\x00\x32\x87\x16\
\x02\x2d\x0d\xc6\x36\x68\x14\x52\x5b\xa0\x0d\x95\xf3\xa7\x99\x3c\
\xf5\x06\x23\xdb\x76\x61\xd9\x36\x5b\xf7\x5c\xc7\x4f\x5e\x78\x9a\
\xfa\xd4\x19\x84\x25\x91\xb6\x85\x16\x06\x6d\xc2\x4a\x92\x33\xa7\
\x4f\x92\x2d\x0d\x30\xf6\xce\x3d\x58\x8b\x20\xae\x5a\x05\x4c\x1e\
\x7f\x95\xe9\x37\x8f\x83\x0e\x88\x68\xf3\x05\xa1\x41\x0a\xc2\xf4\
\x25\x91\x02\x1e\x65\x31\x31\x5a\x44\xeb\xb8\x40\xb8\x23\xb2\x2e\
\x8d\x46\x18\x0b\x21\x25\x02\x2b\x0c\xc8\x34\x26\x1a\xbf\x4c\x2b\
\xb5\xa0\x76\xeb\x54\xce\x1e\x47\x79\x0d\x8a\x23\x5b\xb0\x9c\x34\
\xc6\x2c\x8d\xc8\x2e\x67\xcf\xf0\x5d\xb7\x6b\x7f\x5b\xaf\xaa\xf7\
\xba\x22\xdd\xd0\xdd\x8c\x1f\x43\x6b\x8d\xdb\x6c\x92\xbe\xcc\x39\
\xbb\x93\x83\x93\x31\x86\xe3\xc7\x8f\xf3\xe5\x2f\x7f\x99\x77\xbe\
\xf3\x9d\x0c\x0c\x0c\xe0\xba\x2e\x6e\xf4\xa0\x8b\x83\xad\x1c\xc7\
\xe1\x3d\xef\x79\x0f\x37\xdd\x74\x13\xe9\x74\x9a\xe1\xe1\x61\x6e\
\xb9\xe5\x16\x6c\xdb\xe6\x81\x07\x1e\xe0\xd4\xa9\x53\xfc\xfe\xef\
\xff\x3e\x1f\xff\xf8\xc7\xd1\x5a\x73\xef\xbd\xf7\xf2\x9f\xff\xf9\
\x9f\x9c\x3e\x7d\x9a\xd9\xd9\x59\x3e\xf5\xa9\x4f\xe1\x38\x0e\x77\
\xde\x79\x27\x8e\xe3\x74\x2c\xd6\x71\x39\x03\x29\x17\x83\xc5\x4e\
\x81\x2d\xe1\x0b\x97\x3c\x8d\x08\x80\x89\x22\xb2\xe7\xdd\x6c\x7d\
\x3e\x58\x60\xfe\x07\x7b\x3c\xd8\x0b\x63\x96\xe7\x9c\x2f\x03\x3a\
\xbd\xb8\xcf\x65\x2f\x69\xcf\xf0\x11\xfb\xb4\x93\x7d\x3d\x46\x37\
\x95\x78\xb5\x10\x93\xeb\x64\x7b\x93\xb3\x5e\xdd\xda\x9a\x3c\xde\
\x4e\xc7\xd7\x4b\x36\x93\x05\x36\x74\x69\xff\x1f\xa1\x53\xe9\xf7\
\xff\x51\xba\x2f\x9d\x11\xb6\xa2\xfc\xf1\x6b\xa1\x3a\x65\x27\xa4\
\x73\x39\xf6\xdd\x7a\x3b\x6e\xad\xc2\x9b\x2f\x1f\xc6\xce\xa5\x51\
\x2a\x20\x50\x0a\xb4\xc0\x78\x60\x07\x1a\x15\x25\x0a\x48\x69\x0d\
\x76\x38\x8e\x48\xdf\xc7\x6f\x34\x38\xf9\xfc\x33\x94\x86\x46\xc9\
\x0f\x0c\x92\x2b\xf5\x31\xb2\x75\x07\xc7\xa7\xcf\xa1\xb4\x01\x5b\
\x82\x05\xc6\x68\x74\x10\x10\x34\x9b\x9c\x7d\xfd\x65\x4a\x43\x1b\
\x29\x0d\x8d\x2e\xa8\xad\x46\x6b\xa6\xdf\x3c\xc6\xf9\xd7\x5f\x44\
\xf9\x6e\xe4\xc1\xb6\xa2\x29\xbe\xc8\x94\x1d\xfd\x49\xeb\x31\x18\
\xf5\x2f\x29\x42\x92\x2d\xc2\xd8\x20\x21\x04\x52\xc8\x68\x59\x64\
\x83\xd4\xe1\xf6\x52\x88\x90\xb3\x6b\x1d\xd9\x56\x34\x42\xe9\x30\
\xe8\x52\x1b\xaa\x93\xa7\xf1\xbd\x26\xc5\xe1\x2b\x48\xe5\x96\x96\
\x91\x65\xb9\xfa\xa3\x56\xaa\xa5\x74\xc7\x68\x7f\x9e\xac\x47\xac\
\x3b\xd2\x0d\xdd\x1f\x26\x31\x1a\xf5\x3a\x99\x55\x20\xdd\xc9\xbf\
\xa5\x94\x0c\x0f\x0f\x73\xcf\x3d\xf7\x70\xe0\xc0\x81\x56\xfe\xed\
\x38\x8d\xd7\xf8\xf8\x38\x8f\x3e\xfa\x28\x47\x8e\x1c\xe1\xba\xeb\
\xae\x6b\x1d\x43\xa1\x50\xe0\xe0\xc1\x83\x7c\xf7\xbb\xdf\xa5\xd1\
\x68\xb4\xf6\xfb\x83\x1f\xfc\x80\x4a\xa5\xc2\xa9\x53\xa7\x42\x45\
\xdf\x75\x79\xf6\xd9\x67\xf9\xdc\xe7\x3e\xc7\xeb\xaf\xbf\xce\xd0\
\xd0\x10\x93\x93\x93\x0c\x0f\x0f\xb7\xda\x11\x93\x86\x78\xa0\x15\
\x42\xac\xb8\xa7\x7b\x31\x98\xcb\x56\xd2\x69\xd9\x52\x48\xfa\x72\
\x29\xdd\x4a\x85\x01\x3c\x62\x8d\x06\xaf\xac\x06\xba\x29\xde\xcb\
\x39\xbb\xb0\x18\xcc\xa5\xac\xcd\xb5\x2c\x49\xd4\x92\xf6\x92\x4a\
\xa5\x42\x5f\x5f\x1f\xf9\x7c\x1e\xe0\xa2\xac\x24\x71\x4a\xb6\x38\
\x25\x5f\x6c\xdf\x50\x4a\x61\x59\x16\xb6\x6d\x5f\x54\x44\x6b\xa5\
\x06\x1e\xdf\xf7\x99\x9d\x9d\x6d\xcd\x7e\x39\x8e\x43\xa3\xd1\x60\
\x76\x76\x16\x80\xbe\xbe\x3e\x36\x6c\xd8\x80\xd3\x21\x77\x73\x2f\
\x2f\x0e\x49\xf2\xdd\x89\xa0\x2f\x04\xcb\x75\x06\xd2\x51\x4e\xf4\
\x4e\x04\xbb\x9d\x8c\xc2\xfa\x1b\xf4\x3b\x1d\x63\xfc\x77\xfb\x35\
\x4d\xd9\x36\x4d\xcf\xbb\xac\xed\x6b\xc7\x5c\x2f\x40\xd9\x42\x91\
\x7d\xb7\xbd\x9b\x6a\x79\x86\xd9\xf1\x53\xc8\x4c\x3a\x54\xbb\x55\
\x80\x52\x1a\x3d\x55\xc6\xb1\x6d\x5c\xcb\xc7\x4e\x05\x48\x27\x24\
\xd1\x28\x85\xf6\x03\xa6\xce\x9d\xe4\x8d\xe7\xbe\xc3\xb6\x9f\x39\
\x40\xb6\xd8\xc7\xe8\xf6\xab\x38\xf1\xe2\xf3\x04\x51\x20\xa3\xd1\
\x1a\xa5\x7d\x84\xb6\xd1\x5a\xe2\x56\xcb\x9c\x7b\xe3\x28\xd9\x62\
\x3f\x4e\xba\xb7\xd4\x9e\xc6\x18\xca\xe7\x7f\xca\xe9\x97\x9f\xc7\
\xad\x95\xc1\xb6\x42\x2f\xb6\x6d\x45\xc4\x35\x22\xcf\x24\x5e\x54\
\x05\x84\x69\x4a\x22\x44\x31\x41\x32\x22\xe0\x71\xb6\x40\x0c\xa0\
\xa0\x95\xc7\x3b\xfa\x85\x10\x2d\xa7\x8a\x36\xe2\x02\x3f\x56\x8a\
\xe6\xec\x24\xca\xf7\x29\x8d\x5e\x89\x93\x2d\x2d\x3a\x9e\x61\xb9\
\x7a\x45\x32\xb1\x45\x2f\xf6\x92\xf5\xd2\x1f\xd7\x1e\xc3\x5a\x24\
\xe6\x53\xb8\x93\x9f\xbd\x66\x33\x1c\xe4\x2e\x23\xc1\xec\x74\xc3\
\xa4\xd3\x69\x36\x6f\xde\x8c\xe3\x38\xbc\xf0\xc2\x0b\xe4\xf3\x79\
\x8a\xc5\x22\x57\x5d\x75\x15\x07\x0e\x1c\xe0\xc4\x89\x13\x17\x65\
\x17\x91\x52\x72\xee\xdc\x39\xfe\xfd\xdf\xff\x9d\x67\x9e\x79\x06\
\xa5\x14\x1f\xff\xf8\xc7\x79\xfe\xf9\xe7\xe9\xef\xef\xe7\xca\x2b\
\xaf\x64\xfb\xf6\xed\x4c\x4d\x4d\x71\xfe\xfc\x79\xaa\xd5\x2a\xe3\
\xe3\xe3\x7c\xfe\xf3\x9f\x47\x4a\xc9\xf1\xe3\xc7\x5b\x56\x93\x78\
\x9f\x49\x7b\x89\x10\x62\x55\x94\xee\x76\xe5\xa9\xdb\xe0\x30\x1f\
\x3a\x91\xf3\x05\x0f\xf4\xcb\xa4\x74\xeb\x0e\xc9\xfe\xdf\x6e\x98\
\xcf\x56\x92\xdc\x46\x00\x66\x39\x5e\x50\x56\xe0\xc1\xdc\x89\xa8\
\x75\x1b\x1c\x62\x3f\xf4\x99\x33\x67\xa8\x56\xab\x18\x63\x28\x16\
\x8b\x34\x1a\x0d\xaa\xd5\x2a\x99\x4c\x86\x5c\x2e\x47\x2a\x2a\xd0\
\x52\xa9\x54\x08\x82\x80\x4c\x26\x43\x3a\x9d\x6e\xa9\xc8\xf9\x7c\
\x9e\xa1\xa1\x21\x72\xb9\xc5\xfb\x48\x17\x72\x7c\x4a\x85\xc1\x67\
\xb3\xb3\xb3\x38\x8e\x43\x26\x93\xe9\xfa\xf2\xda\xe9\xf8\x93\x2a\
\xf7\xb2\xce\x4c\x2d\x53\x7f\x4c\x45\xb3\x87\xf0\x3f\x4a\xf7\x5c\
\xcf\xd7\x78\x7d\xca\xb6\x71\x7d\x7f\x4d\xc4\x5a\x74\x9b\x7d\xea\
\x1f\x19\x63\xff\x1d\x77\xf1\xec\xc3\xff\x8f\x99\xd3\x3f\x85\x40\
\xa3\x1a\x1e\x5a\x18\x82\x6a\x13\x3b\xd7\x00\x4b\x60\xa7\x5c\x2c\
\x27\x4d\xca\x4e\xa1\x95\x82\xe8\x1e\xfd\xc9\xd3\xdf\xa5\x3c\x71\
\x96\xe1\x2d\x5b\x11\xb6\x03\xc6\xe0\x35\x9a\xb8\x32\xcc\x04\x82\
\x30\x60\x49\x24\x06\x21\x6c\xce\x9d\x7c\x03\x27\x5f\x64\x6c\xfb\
\xd5\xf3\xfa\xbb\x8d\x31\xd4\xa7\xcf\x73\xe6\xe8\x0f\x71\x6b\xb3\
\x10\xbd\x40\x1b\x4b\x46\x85\x71\x62\xe5\x9a\x0b\xf7\xb7\x0e\x55\
\xe9\x68\x07\x21\xe1\x36\x26\xf4\x68\x5b\x16\x68\x15\x0a\xdb\x32\
\xb4\x95\x20\x2d\x84\xb0\x2e\xa8\xde\x32\x8c\x90\x11\xd2\x80\x09\
\x8b\x03\x19\x03\xda\xe8\xc8\x2e\xae\xf1\xeb\x15\xca\x67\x8e\x53\
\xdc\x78\x25\xa9\xdc\x22\x6d\xb6\xcb\x34\x13\xec\x36\x9b\x6f\x2b\
\xb2\x1d\x63\xdd\x90\x6e\xe8\xae\x4e\x75\xda\xae\x51\xad\x52\x8c\
\x82\x0c\x2f\x07\xda\x1f\x1a\xf1\xef\x20\x08\x38\x7c\xf8\x30\x7f\
\xff\xf7\x7f\xdf\x4a\xd9\xf5\xee\x77\xbf\x9b\x5f\xfb\xb5\x5f\xc3\
\xb2\x2c\x82\x20\x68\x3d\x08\x9f\x7a\xea\x29\xde\x7c\xf3\x4d\x9e\
\x79\xe6\x19\x8e\x1d\x3b\xc6\xe8\xe8\x28\x13\x13\x13\xd4\x6a\x35\
\xae\xbe\xfa\x6a\xde\xf7\xbe\xf7\xb1\x69\xd3\x26\x00\xea\xf5\x3a\
\xae\xeb\xd2\x6c\x36\xa9\xd7\xeb\xf8\xbe\xcf\xdf\xfd\xdd\xdf\x5d\
\xd2\xae\x64\x26\x82\x6e\x64\x62\xa5\xd1\x4e\x96\x93\x03\x38\xcc\
\xad\xd0\xf4\xb2\x6c\x41\x6d\x61\xe9\x6f\xf2\x5a\x6b\x54\xf4\xb2\
\xd4\x8b\x22\xd8\xfa\xee\x75\xf4\x70\x99\xeb\xb8\x3b\x92\xf0\x65\
\x9a\x15\x58\xca\x19\x5c\x28\xe1\x8a\x67\xac\x62\x25\x5b\x4a\x49\
\xa9\x54\xa2\x5e\xaf\xb7\x94\xe2\x38\x8d\x20\x84\x2f\xb8\x8e\xe3\
\xa0\x94\xc2\xb6\x6d\x94\x52\xf4\xf5\xf5\x5d\x74\x9f\xc4\x01\x98\
\xd9\x6c\x96\x4c\x26\xb3\x62\x31\x16\x71\xba\xc0\xd8\xca\x16\xbf\
\x1c\x14\x8b\x45\x8c\x31\x17\xa5\x38\xec\x74\xdc\xed\x68\xef\x77\
\xc9\x17\xe8\xa5\x5a\x4c\x96\xa3\x57\xc4\x2a\xf7\x5c\x4a\xf7\x7a\
\x27\xde\x73\x59\x4b\x3a\xf5\x49\x5b\x4a\x82\xcb\x6c\x31\x99\xeb\
\xdc\xb7\x93\x30\x21\x04\xc3\x9b\xaf\x64\xef\x2d\x87\xf8\xc1\x37\
\x1e\xa6\xea\x9d\x47\x38\x76\x58\xe8\x26\xd0\xd4\xa6\xca\xd8\x99\
\x14\x4d\xc7\x23\xe5\x34\x71\x6c\x27\x24\xaa\x18\xec\x5c\x86\xf2\
\xc4\x0c\xc7\xff\xfb\x87\xb8\xe5\x59\xfa\x86\x07\x91\x1a\x3c\x2f\
\xc0\x92\x6e\x94\x55\x49\xa1\x55\x80\xe5\x64\xb1\xec\x0c\x08\x9b\
\x73\xc7\x5f\x25\xf0\x9a\x8c\x6e\xdb\x45\xae\x6f\x20\x54\xae\xdb\
\xa0\x95\x62\xe6\xcc\x09\xce\x1d\x7b\x89\xda\xf4\x79\x8c\x6d\xd1\
\x52\xb5\xa5\x0c\x6d\x23\x24\xc6\x5a\x63\x5a\x0e\xef\x30\x5b\x49\
\x18\xf0\x19\x5a\xb3\x0d\x48\x89\x30\x02\x2c\x07\x2c\x1b\x61\x85\
\x64\x5b\xc8\x70\x7f\x42\xca\xb0\x1d\x42\x10\x25\xf1\x0e\xf7\x16\
\x5f\x53\x1d\xe6\x20\xd7\x4a\x81\xd1\x78\xf5\x32\x95\x73\x27\x28\
\x8e\x5c\x89\x9d\xc9\x2f\xf8\x1a\x2d\x47\xcf\x70\x5d\xf7\xa2\x82\
\x38\xed\x58\xaf\x7d\x10\xd6\x19\xe9\x86\xf9\xad\x25\x31\x6a\xd5\
\x2a\x85\x68\xc0\xbb\x1c\xe8\x66\x85\x80\xb0\x2a\xdd\xf9\xf3\x17\
\xf2\x81\xee\xde\xbd\xbb\xe5\xef\x8e\x2d\x25\xd7\x5f\x7f\x3d\x47\
\x8f\x1e\xe5\x5b\xdf\xfa\x16\x8e\xe3\x30\x38\x38\xc8\x55\x57\x5d\
\xc5\x87\x3f\xfc\x61\xfe\xf9\x9f\xff\x99\x1f\xfe\xf0\x87\xdc\x77\
\xdf\x7d\x14\x8b\x45\xee\xbe\xfb\x6e\xee\xbe\xfb\x6e\x0a\x85\x02\
\x5a\x6b\x26\x27\x27\x79\xf2\xc9\x27\x3b\x9e\x9b\x5e\xd3\x7f\xad\
\x45\x2c\x65\x20\x5f\x49\x04\xab\x3c\x2d\xbb\x16\x31\x9f\xe2\x0d\
\xac\x8a\x1d\x67\x2e\x1b\x49\xfb\x6f\xb8\x54\x1d\x8d\xf3\x6e\xc7\
\x88\x89\x6b\xbc\x9f\x78\xbb\x5e\xbe\xaf\x7d\x59\x3b\x49\x5c\xce\
\xbe\x69\xdb\x36\x7d\x7d\x7d\x17\xb5\xb3\xbd\xcd\xdd\xbe\x2f\x79\
\xcc\x49\x65\xbb\x57\xdb\xc9\xe5\x86\x94\x32\xac\x7e\x9a\x68\x43\
\x37\xb2\xdd\xe9\x9a\xaf\x07\xcc\x67\x2d\xe9\xf4\xd9\xb1\xed\x55\
\x7b\x96\xcd\x77\xfe\xe3\xf5\x96\x65\xb1\x6d\xcf\xb5\x68\xad\x79\
\xfe\xeb\xff\x41\x7d\x72\x02\x81\x44\x08\x85\xdb\x68\x50\x9b\xa9\
\x90\x4a\xa7\xf0\x3c\x9f\x54\x36\xaa\x48\xad\x0d\xb6\xed\x60\x67\
\x32\x54\xce\x9c\xe3\xec\xeb\xc7\xf1\x03\x85\xb4\x1d\x3c\x3f\x40\
\x4a\x81\x65\xdb\x18\x21\x08\x3c\x85\xe3\x18\x32\x05\x07\x4b\x80\
\xf6\x5c\xca\x67\x4e\xe2\xd7\x2b\x8c\xed\xbc\x86\xe2\xe0\x08\xa1\
\xba\x1c\xc9\x35\x46\x33\x7b\xee\x4d\x7e\x7a\xf4\x05\x1a\xe5\x69\
\x20\x2c\x69\x1f\x2b\xd6\xa1\x2a\x1d\xf5\x65\x13\x2a\xdb\x02\x13\
\x95\x77\x37\x20\x4c\xd8\xfe\x54\x1a\x21\x24\xd2\xb2\x10\x31\xd1\
\x46\x86\x04\x3c\x16\xc8\x88\xf6\x47\x3c\x1b\x14\xa9\xe2\x11\x2d\
\xb6\x10\x68\x01\x42\xe8\x30\x0e\x33\xea\xab\xc6\x18\xbc\x6a\x99\
\xb2\xfa\x09\xb9\xa1\xcd\xa4\x0b\x9d\x5f\x1e\x56\x12\x8d\x5a\xed\
\x92\x65\x73\x09\x50\xeb\x49\xf5\x5e\x17\xa4\x7b\x21\xd6\x92\x18\
\x5a\x6b\x1a\xb5\x1a\xf9\x68\x80\x5c\x49\xc4\x5e\xe9\xf9\xd4\xbf\
\x6e\xd8\xb0\x61\x03\xbf\xfd\xdb\xbf\x4d\xb9\x5c\xe6\xfb\xdf\xff\
\x3e\xf7\xdc\x73\x0f\x3b\x77\xee\x24\x97\xcb\xb1\x77\xef\x5e\x52\
\xa9\x14\x0f\x3d\xf4\x10\x8f\x3c\xf2\x08\x33\x33\x33\xe4\xf3\x79\
\x36\x6f\xde\xcc\xc1\x83\x07\x99\x9d\x9d\xe5\xb5\xd7\x5e\xe3\xbe\
\xfb\xee\xe3\xf8\xf1\xe3\xdc\x78\xe3\x8d\x17\x7d\x5f\x7b\x71\x9c\
\xb5\x40\x64\xe7\x53\xab\x3b\x2d\x4f\x0e\xfe\x4b\x9a\xe2\x5e\xa2\
\xda\x6f\x8c\x09\xf3\x8e\x2e\x7a\x0f\xeb\x07\xbd\x5a\x4b\x5a\x3f\
\x4a\x85\x03\xd4\x2a\xa0\x97\x41\x3e\xa9\x68\xc3\xa5\x4a\xb7\x10\
\x82\x66\xb3\xd9\x0a\xae\x0c\x82\x00\xa5\x14\xb9\x5c\x0e\xdb\xb6\
\xf1\x7d\x1f\x63\x4c\xab\xdc\x36\x84\xca\x76\x9c\x9a\x2f\x5e\x66\
\x8c\xa1\xd1\x68\xd0\x6c\x36\xb1\x2c\xab\x95\xef\x3b\xde\xc6\x4e\
\x58\x25\x96\x7a\xcc\x9e\xe7\xe1\xfb\x7e\xab\x7d\x71\x09\xfb\x5c\
\x2e\x47\xa1\x50\xe8\x68\x37\x4b\x12\xf2\x5e\x67\x6a\x96\x34\xf3\
\xb4\xc4\x63\x4d\x47\xbe\xf4\x4e\xca\xfb\x5c\x16\x93\xf5\x48\xbc\
\x7b\x25\xdf\x10\x9e\xfb\xd5\xce\xd9\xdd\xcb\x35\x70\x52\x69\xde\
\x79\xcd\x7e\xbc\x46\x9d\xc3\xdf\xfc\x1a\x41\xa3\x06\x52\xe2\x18\
\x45\x7d\x7a\x86\x4c\x29\x4f\x26\x9b\x26\x1d\xf8\x58\xca\x47\x20\
\x91\x29\x9b\x54\x3e\x43\xaa\x94\xc7\xf7\x3c\xa6\xcf\x9c\xc5\x58\
\x12\xdf\x0b\xf0\x1a\x4d\x3c\xd7\xa7\x50\xc8\x63\x49\x49\x26\x63\
\xb0\xb3\x39\x2c\x13\xa0\x4d\x58\xb8\xc6\xad\x4c\x33\x7e\xf4\x87\
\x64\xf2\x45\x04\xa6\x95\xd5\xc4\xf7\x1a\x94\x27\xcf\xe1\xd6\x2b\
\x18\x1d\x05\x32\x1a\x1d\x3e\x23\x00\x94\x41\x86\x49\xb8\xa3\x67\
\x9e\x09\x83\x23\x9d\x50\xbd\xb6\xa5\x1d\x92\x6c\x61\x45\xfd\x0c\
\x62\x6d\xd9\x18\x1d\xce\x08\x6a\x83\x10\x1a\x11\x8f\x32\x42\x80\
\x0e\x89\x7f\x68\x07\x37\x60\x44\xb8\x6d\x44\xe6\x45\xf4\x23\x45\
\x18\x7b\x69\xb4\xc1\x6f\xd6\xa9\x9e\x3b\x41\xe0\x36\xc8\xf6\x0d\
\x63\x39\xbd\x55\xeb\x5e\x6a\x9f\xf0\x3d\xaf\x95\x9b\xbb\x97\xe7\
\xc7\x5a\xe0\x24\xcb\x89\x75\x41\xba\x61\x71\xc4\xbb\x5a\x2e\x5f\
\x16\xd2\x0d\xe0\x44\xd3\x9b\x9d\x90\xcb\xe5\xd8\xb8\x71\x23\xe5\
\x72\x99\x66\xe4\x37\x4f\x16\xd2\x99\x98\x98\xe0\x99\x67\x9e\xc1\
\xb2\x2c\x7e\xe9\x97\x7e\x89\x5a\xad\xc6\xc0\xc0\x00\x23\x23\x23\
\xbc\xf8\xe2\x8b\xec\xdb\xb7\x8f\x43\x87\x0e\xf1\xa3\x1f\xfd\x88\
\x6a\xb5\xca\x93\x4f\x3e\xc9\xe9\xd3\xa7\x79\xe8\xa1\x87\xf8\xcc\
\x67\x3e\xc3\x57\xbf\xfa\x55\x5e\x7e\xf9\x65\xfe\xfa\xaf\xff\x9a\
\xeb\xaf\xbf\x1e\xb8\xa0\x70\x27\x03\x29\xd7\x02\x7a\x99\x8a\xee\
\x44\xaa\x97\xd3\x62\xb2\x14\xf8\xae\x1b\x56\x40\xeb\x40\x4a\x3a\
\xe1\x92\x81\x6e\x8d\x5c\x87\xa5\x60\x5e\x45\xbb\xdb\x7a\x63\x56\
\x3d\xf8\xb4\x7d\x90\x8f\x3f\xc7\xf7\x65\xbb\xdd\x22\x26\xde\xf1\
\xf1\x4c\x4e\x4e\x52\xab\xd5\x5a\xb6\x92\x20\x08\xc8\xe5\x72\x34\
\x1a\x0d\x20\xec\xeb\xbe\xef\xb7\x14\xa7\x54\x2a\xd5\xca\xb1\x1f\
\xef\x2b\xce\xe7\xed\x79\x1e\x85\x42\x01\xd7\x75\x5b\xe4\xdc\xb2\
\x2c\x46\x46\x46\x96\xc5\xeb\x1d\x5f\x07\x3f\xca\x20\xa0\xb5\xa6\
\xd1\x68\xe0\xfb\x3e\x4a\x29\xb2\xd9\xec\x25\xc5\x71\x80\x4b\xd4\
\xfd\xb9\xf6\x9f\xfc\xbd\x1a\x10\x42\x60\xb7\x5d\xb3\xb9\x94\xee\
\x4e\xdb\xac\x07\xcc\x35\x16\x76\x5a\x17\x2f\xb3\xa4\x0c\x6d\x09\
\x97\x11\xdd\x66\x7e\x62\x24\xfb\x63\xbc\x9d\x93\x4a\xb1\xfb\xc6\
\x9b\x30\x5a\xf1\xd2\xf7\x9e\xc2\xaf\x56\x42\x12\x6a\x34\xcd\x4a\
\x0d\xb7\x90\xc3\xf5\x02\x6c\xc7\x43\x8a\x90\xf6\x64\xfb\x0a\x60\
\x4b\xaa\xe7\x27\xf1\xeb\x75\x84\x65\x61\x2b\x38\x3b\x55\x46\x88\
\x32\xc5\x7c\x8e\x62\x3e\x07\x83\xfd\x64\x94\x8f\xd6\x3e\x5a\x3b\
\x18\x63\xa1\x35\x34\x2b\x33\x34\x2a\xd3\x48\xad\xb1\xd2\x19\x0c\
\x06\xe5\x79\xe8\xc0\x0f\x9f\x09\x71\x1b\xe3\x14\x80\x26\xfa\x2d\
\x42\x62\x2d\x2d\x1b\x61\x5b\x48\xcb\x41\x58\xa1\x05\x25\x2c\x9c\
\x13\xaa\xe6\x22\x2e\x18\x2e\xe2\x25\x16\x58\x32\xb2\x9d\x28\x8c\
\x0a\xc0\x84\xe4\x5b\x48\x0b\x6d\x22\x1f\xba\x89\x5c\x26\x5a\x27\
\x52\x0d\x86\x19\x50\xc2\x36\x44\x22\x87\x16\x18\xdf\xa5\x3e\x35\
\x8e\xf2\xea\xe4\x36\xbc\x03\x27\x9d\x5f\x91\xb8\x98\x24\x1a\xd1\
\x8b\x7d\x7c\x2d\xbb\x61\x3d\xa9\xdb\x49\xac\x1b\xd2\x0d\xf3\x77\
\xd6\xf6\x65\xbe\xef\xd3\xa8\xd7\x2f\x4b\xb0\x92\x65\x59\x97\xe4\
\xe8\x95\x52\x92\xcf\xe7\xb9\xe3\x8e\x3b\xd8\xb7\x6f\x1f\x95\x4a\
\x85\xa9\xa9\x29\xfa\xfb\xfb\x19\x1d\x0d\x53\x13\x09\x21\x68\x34\
\x1a\x3c\xf7\xdc\x73\x0c\x0c\x0c\xb0\x77\xef\x5e\xbe\xf0\x85\x2f\
\x90\xcf\xe7\xd9\xb8\x71\x23\xf7\xdf\x7f\x3f\x1f\xfa\xd0\x87\x78\
\xf7\xbb\xdf\xcd\x35\xd7\x5c\xc3\x07\x3f\xf8\x41\x8e\x1c\x39\xc2\
\xb1\x63\xc7\x08\x82\x80\x1d\x3b\x76\x70\xc3\x0d\x37\xb0\x7d\xfb\
\x76\xc6\xc6\xc6\xd8\xb4\x69\xd3\x45\xea\xa2\x9a\xc3\x57\xb5\x5a\
\x48\x12\xef\x5e\x06\xec\x98\x84\x2f\xc7\x40\xb9\x14\x4f\xb7\x31\
\x06\x6f\x0d\x16\x95\x58\x0b\xe8\x55\xf5\x56\xbe\x8f\x93\xee\x4d\
\x71\xe9\x84\xe5\xba\x93\x93\x6a\xa7\xec\x62\x4d\x80\x8b\x49\xb7\
\xd6\x9a\x6c\x36\xdb\xf2\x65\xc7\xfe\xed\x98\xa4\xc6\xc1\x93\xf1\
\xf6\xb6\x6d\x93\x4a\xa5\x5a\x81\x94\xbe\xef\xe3\xba\x6e\xab\x50\
\x4d\x9c\xe2\x33\x2e\xd1\x0e\xa1\x2d\x24\x5e\xbe\xd4\x7b\x3d\x56\
\xdd\x21\xac\x98\x19\x67\x32\xc9\x66\xb3\x17\x05\x7b\x76\x3a\xde\
\xe4\x3e\xba\xfd\x9d\xf4\x75\xb7\xaf\x5f\x08\x96\x72\x94\x4e\x62\
\xf6\x20\x89\xb9\x88\xf7\x7a\xf3\x76\xcf\x67\x27\xe9\xb6\x2d\x84\
\x99\xed\xe4\x12\x3d\xf9\x8b\xc5\x5c\xe7\x3f\xd9\x2f\xe3\xb6\xa5\
\xb3\x39\xf6\x1d\xb8\x95\xea\xcc\x14\x6f\xbc\xf0\x7d\xb4\xef\x22\
\x2c\x81\x5b\xab\x51\xab\x15\xa2\x32\xe9\x86\x94\x93\xc2\xb6\xd3\
\xa4\xf2\x59\x0c\x06\xb7\x96\xa5\x3e\xe5\x21\x95\x4f\x46\x48\x0a\
\xe9\x2c\x93\xb5\x1a\xc1\x6c\x15\xed\xfb\x38\x99\x14\xb9\x62\x01\
\x3b\xed\x61\xd9\x36\x4a\x0a\x84\x1d\x8d\x53\x52\x12\xb8\x4d\x8c\
\x52\xd8\xb9\x02\x76\x2a\x03\x96\x1d\x2a\xd9\x52\xa2\x95\x0e\xc9\
\x7a\xa4\x76\x5b\x96\x83\x94\x0e\x52\x44\xc4\x3a\xf2\x79\x1b\x22\
\xbb\x89\xd1\x18\xad\x00\x15\x5a\x49\x64\x18\x28\x69\x22\x26\x2d\
\x22\x1b\x49\x54\x61\x27\x22\xd0\x1a\x63\x34\x42\x58\xad\xc0\xd7\
\x98\x5c\x63\x0c\x61\x84\x26\x44\x1a\x37\x42\x47\x3e\x6f\xa2\xef\
\xc5\xd0\xac\x4c\x10\x78\x0d\x72\x1b\x36\x91\x29\x6e\x98\xd3\x6e\
\xb2\x94\x1e\xa1\x94\xa2\x51\xaf\x2f\x9a\x6c\xaf\x87\x3e\xb9\xae\
\x48\x37\xf4\xa6\x78\x27\x97\x95\xa7\xa7\xc9\xe5\x17\x1e\x4c\xb0\
\x50\xc4\xa4\x3b\xf9\xfd\xa7\x4f\x9f\xe6\x73\x9f\xfb\x1c\x2f\xbe\
\xf8\x22\x03\x03\x03\x14\x0a\x05\xfa\xfb\xfb\xc9\xe7\xf3\x34\x1a\
\x0d\xbc\xc8\x4f\x17\x0f\x5e\x5f\xf9\xca\x57\x78\xfc\xf1\xc7\x39\
\x7f\xfe\x3c\x87\x0e\x1d\x62\xd7\xae\x5d\xfc\xce\xef\xfc\x0e\x7b\
\xf6\xec\x61\x72\x72\x92\x1f\xff\xf8\xc7\x54\xab\x55\xb6\x6e\xdd\
\xca\xf6\xed\xdb\x19\x1f\x1f\xe7\xb6\xdb\x6e\xe3\xd6\x5b\x6f\x45\
\x29\xc5\x1f\xff\xf1\x1f\xf3\xe4\x93\x4f\xf2\xe0\x83\x0f\xb6\xf6\
\xb9\x16\x0a\xb8\xf4\xfa\x40\x9f\x8b\xb0\x2d\x74\x5f\x73\x62\x91\
\x9d\xda\x6b\x34\x42\xa5\xf6\x2d\xfe\x50\x58\x2e\xf4\x4a\xb4\x2f\
\xba\x7e\x91\x35\x63\xd1\x36\x93\x45\x9c\xfb\x6e\x76\x82\x78\x60\
\x4f\x2e\xef\x34\x13\x13\xaf\xb3\x2c\x8b\x8d\x1b\x37\x32\x32\x32\
\x72\x11\x71\x8b\x67\xad\x62\x2b\x4a\x37\xc4\x6a\x76\x4c\xb4\x57\
\x7a\xba\x55\x08\x41\x36\x9b\x25\x9b\xcd\x5e\x44\x60\xe6\x1a\xd8\
\x5a\x7e\xd2\x84\xda\xd8\x4b\x1b\x17\xdd\x66\x21\x16\xdd\x1f\x05\
\x61\x30\xe0\x42\x09\xf6\x7a\x24\xde\x30\x3f\xf9\xee\xf6\x59\x0a\
\xc1\xe5\xd5\xba\x2f\x46\x7b\xff\xeb\x84\xf8\x5e\x4c\x65\xb2\x5c\
\xf5\x33\x07\x18\x3f\xf6\x13\x6a\x95\x59\x7c\xcf\xc3\xf7\x02\x52\
\xb5\x3a\x96\x00\xe3\x79\x64\x32\x19\x32\x85\x22\x29\x63\xb0\x1c\
\x9b\x54\x2e\x47\x63\xb6\x86\xf2\x5c\xb4\xd2\x94\x1c\x07\x72\x39\
\x2a\xbe\x47\xd3\x0f\xa8\xd5\xea\x64\x2b\x55\xa4\x25\x11\x12\x64\
\x44\x5e\xa5\x94\x48\x1c\x8c\x80\xa0\x5e\xc1\x4e\xa5\x11\xb6\x1d\
\xda\x3a\x84\x00\x61\x21\xa5\x83\x11\x16\x2a\xf0\xc0\x18\x6c\xcb\
\x0e\x09\xad\x11\xad\x99\x3d\x13\x05\x3f\x46\x47\x82\x10\x12\x13\
\xe5\xea\x36\x4a\x85\x37\x72\xa4\x80\x87\x01\x93\xb1\x62\x4d\x64\
\x31\x91\x61\x66\x13\xe5\x11\xb2\x6b\x19\x92\x74\x21\x5a\xc5\x74\
\x88\x89\xbc\x0a\x09\x3a\x5a\xa3\x4d\x18\x84\xa9\x15\x08\x0c\xbe\
\x2a\x53\x0d\x3c\x94\xdf\x20\xd7\x3f\x8a\xb4\xba\x14\x02\x5a\x42\
\x7f\xa8\x96\xcb\x5d\xd7\xf5\x32\x2b\xbc\x1e\xfa\xe2\x5b\x9e\x74\
\x2f\x94\x64\xb7\x2f\x73\x5d\x97\x7a\xb5\x4a\xbe\x50\x58\x91\xf6\
\xc5\x48\x92\x6e\x21\x04\xfd\xfd\xfd\x8c\x8d\x8d\x71\xe4\xc8\x11\
\x5e\x78\xe1\x05\x3c\xcf\x6b\xa9\x5f\xf1\x80\x3b\x35\x35\xc5\x5d\
\x77\xdd\xd5\x7a\x00\x4e\x4c\x4c\x60\x59\x16\x87\x0e\x1d\xe2\xda\
\x6b\xaf\xa5\x50\x28\xb0\x69\xd3\x26\xfa\xfb\xfb\x79\xe2\x89\x27\
\xf8\xf4\xa7\x3f\xcd\xc9\x93\x27\xf9\xd0\x87\x3e\xc4\x2f\xff\xf2\
\x2f\xf3\xd1\x8f\x7e\x94\x7b\xef\xbd\x97\xfd\xfb\xf7\xf3\x37\x7f\
\xf3\x37\xdc\x7a\xeb\xad\xec\xd8\xb1\xe3\xa2\xf3\x91\x54\xba\x7d\
\xdf\xbf\xa4\x58\xce\x4a\x60\xae\xce\x35\xdf\xb5\x9b\x6f\x30\x5f\
\x0e\x55\x6d\x31\xdd\xda\x18\x43\x33\xb2\x10\xcc\xe7\x91\x5f\x0f\
\x0f\x8e\xb9\x30\x17\xd1\x4e\x6e\xd3\x0d\x81\xe7\x5d\xf6\xe2\x55\
\x49\x74\x52\xb3\x3b\x11\xef\x76\x4f\x37\x40\xa3\xd1\x68\xd9\x40\
\x6c\xdb\xa6\xd1\x68\xb4\x14\x6f\xb8\xa0\x54\x77\xca\xc1\x6d\xdb\
\x76\x4f\x79\xf2\x97\xeb\xfe\xd1\x5a\xb7\xec\x6c\xe9\xa8\x3c\xba\
\xe7\x79\xad\x2c\x2b\xb9\x5c\xae\xab\x9d\xa6\x13\xe1\x6e\xef\x7b\
\xbd\xdc\x07\xbd\x60\xb1\x47\xdb\x6b\xf0\xe4\xdb\xcd\x5e\xd2\xeb\
\x33\x34\x86\x30\x66\xd9\x66\x90\x7a\x45\xa7\xf3\xdf\xed\x5e\x4a\
\xce\x48\x19\x63\x18\x79\xc7\x16\xde\x79\xc3\xcf\x31\x71\xf6\x0c\
\x4d\x55\x23\xf0\x15\x95\xe9\x32\x76\x2a\x43\xd0\xac\xd1\xac\x36\
\xc8\x34\x5d\x0a\xa5\x12\x99\x42\x11\x3b\x9b\xc1\xca\x66\x09\x9a\
\x1e\x71\x4d\xc7\xbc\x65\x01\x29\x9a\x28\xea\xae\x4b\xa5\x5c\x0e\
\x53\xf1\xa1\xc1\x84\x79\xbc\x2d\xc7\x21\x4c\x88\x62\xa3\xa2\x97\
\x6b\x4b\x86\xa4\x5b\x6b\x8d\x30\x32\x4e\x5a\x82\x04\x8c\xef\x87\
\x19\x48\x64\xac\x6a\x03\x08\x8c\x51\x44\x25\x25\xc3\xc2\x36\x22\
\x4c\xfd\x17\x1e\x5c\xa4\x7e\x07\x3e\x46\xe9\xc8\x86\x12\xad\x35\
\x11\xff\xd5\x2a\x24\xf0\x18\x8c\x56\x18\x1d\x80\x36\x08\xdb\x0e\
\x53\x21\xa2\x01\x8d\x11\x1a\x63\x14\x26\xb2\x8f\x21\x2c\x84\x13\
\x66\x44\xd1\xda\x20\xa4\xc1\xb8\x75\xaa\xe7\x4f\xa2\x7c\x97\xc2\
\xe0\xe6\xc8\xe7\x7d\xf1\x75\x58\xec\xbd\x10\x3b\x0b\xba\x5d\xd3\
\xf9\x44\x86\xf5\xd2\x1f\xdf\xf2\xa4\x1b\x96\x46\xbc\x01\xa6\x27\
\x27\x57\xdc\xdb\x1d\x93\xee\xb8\x0d\x07\x0f\x1e\xe4\xe1\x87\x1f\
\x6e\xe5\xc7\xad\x54\x2a\x4c\x4c\x4c\x30\x33\x33\x43\xa5\x52\x61\
\x72\x72\x92\x93\x27\x4f\xb2\x67\xcf\x1e\xfa\xfa\xfa\x18\x19\x19\
\x69\xd9\x43\xee\xbd\xf7\x5e\x6e\xb9\xe5\x16\xbe\xf9\xcd\x6f\xf2\
\x89\x4f\x7c\x82\x8f\x7c\xe4\x23\x2d\x3f\xf8\x3f\xfc\xc3\x3f\x50\
\xa9\x54\xf8\xd2\x97\xbe\xc4\xed\xb7\xdf\xce\xae\x5d\xbb\x68\x34\
\x1a\x7c\xfb\xdb\xdf\xe6\x17\x7e\xe1\x17\xd8\xb7\x6f\xdf\x25\xe7\
\x24\xbe\x99\x65\x54\x89\x6c\x25\xb1\x50\xc2\xdd\x69\x5d\xfb\x94\
\xf5\xb2\xa9\x6a\xb0\x68\x65\xad\x59\xaf\x5f\xa4\x98\x5e\xd8\x5d\
\xe7\x29\xb2\x4e\x7f\xcf\xf5\x3f\x6f\x15\xcc\x77\x0d\x7b\x52\xbe\
\xb5\x5e\x7c\x1e\xfd\x45\x9e\xbb\x4e\x44\x3b\xb9\x2e\xa9\x04\xb7\
\x6f\x97\xfc\x3c\x31\x31\x41\xb9\x5c\x6e\x79\xb3\x67\x67\x67\x19\
\x1c\x1c\xa4\x5a\xad\xe2\x79\x1e\xe9\x74\x9a\x81\x81\x01\x06\x07\
\x07\x3b\x16\x9e\xb9\x5c\x88\x15\xf8\x99\x99\x19\xea\xf5\x3a\xa5\
\x52\x09\x63\x0c\xe5\x72\x19\xdf\xf7\x29\x16\x8b\xa4\x52\x29\x32\
\x99\xce\x85\x40\x7a\x25\xd4\x4b\x7d\x09\x06\x16\x75\x4d\x05\x60\
\xb5\xbd\x2c\x75\x23\xd5\xeb\x5d\xe5\xee\x95\x70\xcf\xa5\x76\x0b\
\x63\x96\x27\x8f\xfe\x02\x91\x7c\xa6\xb6\xcf\x3a\xb5\xaf\x8b\x61\
\xd9\x36\x7b\x7f\xf6\x66\xce\x8f\xff\x94\x1f\x7d\xe7\x29\x4c\xa0\
\xa9\xd5\xeb\x38\xd5\x6a\x68\x31\xf1\x7d\xd2\x8d\x06\x41\xa0\xe9\
\xb3\x2d\x84\xe5\xe0\x14\x73\x78\x8d\x3a\x7e\xcd\x03\x4b\xa0\xb5\
\xc4\x56\x3e\xb6\x10\x04\x4a\x53\xae\x56\x41\x1a\x14\xa0\x94\x46\
\xe5\x03\xd2\xd9\x3c\x18\x89\x93\xb1\x40\xc8\x50\x54\x8b\x72\x6b\
\x1b\xdf\x0d\x8b\xd7\x48\x1b\x69\x87\x63\xaa\x56\x0a\x11\x68\xa4\
\x1d\xbb\x3d\x4c\x24\x78\x47\x16\x11\xdf\x8f\x82\x56\x05\xc4\xd9\
\x50\x5a\x76\x12\x8d\x56\x01\xf8\x1e\x08\x89\x8c\x9e\x93\xb1\x6d\
\x44\x00\x71\xe5\x1c\xa3\x23\xbf\xb7\xef\x23\x1d\x45\x18\xb7\x69\
\xc0\x32\xe8\x40\xa1\x82\x00\xe5\x79\x20\x2d\xa4\x93\x8a\x0c\xdf\
\xa2\x65\x35\x41\xf9\xa1\xcf\xdb\x6f\x50\x18\xdc\x72\x69\x05\xcb\
\x45\xf6\x89\xca\xec\xec\x25\x63\xe4\x7c\xfd\x6b\xbd\xf4\xc1\x24\
\xd6\x05\xe9\x86\x85\x91\xec\xf6\xe5\xbe\xef\x53\x99\x9d\xa5\xd4\
\xb7\xc4\xf2\xa8\x73\xa0\xd3\x74\xf3\xe0\xe0\xe0\x45\xaa\x51\x9c\
\xf5\x20\xfe\x1c\x2b\x66\x8e\xe3\xf0\xb7\x7f\xfb\xb7\xfc\xe5\x5f\
\xfe\x25\x42\x08\x06\x06\x06\xc8\x64\x32\x5c\x77\xdd\x75\x7c\xf8\
\xc3\x1f\xe6\x9a\x6b\xae\xe1\xcc\x99\x33\xdc\x76\xdb\x6d\xdc\x72\
\xcb\x2d\x7c\xfb\xdb\xdf\xe6\xe5\x97\x5f\xe6\x4f\xff\xf4\x4f\xd9\
\xbc\x79\x33\xcf\x3f\xff\x3c\x4a\x29\x3e\xf6\xb1\x8f\xf1\xf8\xe3\
\x8f\xf3\xa5\x2f\x7d\xa9\xe3\x8d\xbc\x92\x15\xf0\xe2\x63\x5f\xce\
\xff\x9f\x8b\x88\x2f\x16\x8b\x51\xba\x95\x52\x34\xdb\xde\xe0\xff\
\x07\x17\xd0\x13\xd1\x6e\xef\x93\xcd\x26\x56\xa1\xb0\xe0\x6b\xb1\
\xd4\xbb\x37\x39\x28\xcc\xa5\xbc\xc4\xeb\x93\x1e\x6d\x63\x4c\x8b\
\xbc\xc6\x29\x3f\x4b\xa5\x12\xf9\x7c\x1e\xcb\xb2\x5a\xd9\x4b\xe2\
\x3e\xbf\x9a\x83\x89\x10\x61\x46\xa5\x62\xb1\x88\xe3\x38\x38\x8e\
\x83\xd6\x9a\x42\xa1\x80\x31\x61\x71\x9e\x6e\x16\x97\x76\xf5\xbb\
\xdb\x4b\xf0\x72\xa9\xdc\x8b\x39\x4b\xc9\x16\x2e\x94\x60\xaf\x27\
\xe2\xbd\x10\xc2\xdd\x6d\x5d\xb4\x00\x56\xf1\x5c\x74\x7b\x09\x8e\
\x3f\xc7\xed\x8d\xfb\x62\xbe\x50\xe2\x96\xf7\xbe\x8f\xfe\x0d\xc3\
\xfc\xf0\xbb\x4f\x71\x7e\xfc\xa7\xcc\x4c\xcf\x92\xce\x66\x10\x4a\
\xe3\xba\x1e\x86\x50\xe9\xcd\x96\x0a\x58\x69\x0b\x2b\x9f\x45\x57\
\xab\xe1\x18\x6c\x49\x94\x36\xf8\xd5\x1a\x3a\x6d\x11\xe4\x52\x28\
\xa5\xf1\x03\x45\xd0\xf4\xf0\x3d\x9f\xbc\x8a\xfc\xd7\x22\xac\x4b\
\xa3\x75\x00\x3a\xec\x47\x46\x83\x0e\x5c\x8c\x6a\x20\x6c\x0b\xcb\
\xb6\x20\x50\x18\xe9\x22\x54\x48\x96\xb5\x09\x49\x30\x18\x88\x44\
\x39\xed\x7b\x61\xe0\xaa\x65\x85\xd6\x11\xad\x43\x72\x6d\x49\xa4\
\x25\x23\xbf\x77\xac\x74\x47\xde\x6e\x13\x91\x6e\x41\xa8\x76\xab\
\xa0\x15\x44\x29\x2c\x17\xe9\xd8\x08\x8b\xd0\x85\x12\xf8\x28\xb7\
\x89\xef\x79\xc8\x54\x16\x2b\x1d\x84\x69\x09\x6d\x9b\xb8\x24\xbd\
\x41\x62\xb4\xc6\x2d\x4f\xa2\x95\x4f\x7e\x70\x0b\x99\xfc\x40\xe8\
\x2f\x67\x71\xfd\xd1\x75\xdd\x96\x97\xbb\x97\x3e\xb5\xde\xd4\xed\
\x24\xd6\x0d\xe9\x86\x85\x4d\x49\xb5\x2f\x9f\x9a\x98\xa0\x50\x2c\
\xae\x58\x31\x8a\xe4\xcd\x16\x13\xea\x64\x7b\x3b\xa9\x6c\xf1\x03\
\x24\xae\x72\x97\x9c\x02\xf6\x3c\x8f\xfe\xfe\x7e\xee\xba\xeb\x2e\
\x1c\xc7\x61\xcb\x96\x2d\x5c\x7f\xfd\xf5\xe4\x72\x39\xb6\x6d\xdb\
\xc6\x3d\xf7\xdc\x43\xa9\x54\x42\x4a\xc9\xb5\xd7\x5e\xcb\x83\x0f\
\x3e\xc8\xcc\xcc\x4c\x2b\x68\xb4\x9b\xc2\xba\x52\x37\x79\xaf\xd7\
\xa1\xdb\x36\x9d\x08\xf6\x72\x0c\xea\xcb\x81\x7a\x54\x79\x70\x3d\
\x3e\x20\x96\x82\xf9\xae\xd1\x5c\xeb\x94\x52\x04\x9e\x87\x13\x05\
\x10\x5e\x0e\x24\x89\x34\x5c\x6a\x2b\x89\x97\xb5\xff\x4e\xfe\xcf\
\xd0\xd0\x10\xc3\xc3\xc3\x1d\x15\xd6\x4e\x8a\xeb\x6a\x22\x95\x4a\
\x31\x34\x34\xd4\xfa\xdc\x7e\xac\xdd\xda\xd9\x4d\x39\xee\xb6\xfd\
\x6a\xc4\x8d\x84\x36\xd8\x85\x13\xec\x18\xeb\xbd\x3f\x2f\x84\x70\
\xb7\x5e\xa2\x94\x0a\xc9\xd9\x65\x42\xb7\x17\xe0\x76\x75\xbb\xfd\
\x9e\x8d\xd7\x97\x06\x06\xf9\xd9\xdb\xef\x64\xcb\x55\x57\x73\xe4\
\xd9\xef\xf1\xd2\x7f\x3f\x43\x79\x6a\x0a\xcb\xb2\x50\x52\x60\x6a\
\x35\xcc\xa4\x24\x50\x8a\x74\x36\x8b\x70\x24\x22\xe3\xa0\x1b\x2e\
\x26\x30\x68\x23\x09\x02\x83\x5b\xad\x61\x07\x1a\x55\x30\x78\x81\
\xc2\xf3\x02\xbc\xc8\x8a\xa9\xfd\xb0\x6c\x7c\x2a\x9d\xc6\x88\x06\
\xd2\x68\x4c\xa0\xc3\x00\x4a\x65\x08\xaa\x35\x4c\xa0\x90\x96\xc4\
\x4a\xd9\x48\xc7\x8f\xda\x09\x20\x51\x81\x8f\x56\x3a\x2c\x11\x6f\
\x85\x79\xb8\x75\x10\xa0\x1b\x8a\xc8\xc5\x8d\xf6\x03\x84\xd0\x58\
\xe9\x34\x32\xca\x5e\x12\xfb\x53\x8c\x52\x18\x1d\x59\x44\xa5\x44\
\xab\x70\x7f\x71\x66\x13\x4b\xda\x58\xb6\x85\xb0\x01\x09\x4a\xf9\
\x04\xcd\x06\x46\x29\x52\x76\x1a\x15\xf8\x20\x25\x52\x08\x84\x1d\
\x27\x16\x0c\x15\x76\xad\x15\x6e\x75\x86\xc0\x77\x51\x1b\xae\x88\
\x7c\xde\x8b\xbb\xfe\x33\x53\x53\x3d\x5f\xf3\xf6\x6b\xda\x69\xfd\
\x5b\x19\x6f\x69\xd2\xdd\xab\xba\xdd\x0b\xe1\x53\x4a\x31\x33\x35\
\xc5\xe0\xf0\xf0\xf2\x35\xb0\xed\xbb\xda\x07\x9f\x6e\x83\x70\x72\
\xbb\x78\x9b\xa4\x35\xa5\xfd\xc6\x8c\x95\x73\x21\x04\xf5\xe8\x6d\
\x52\x4a\x49\x39\x0a\x5a\x70\x1c\x87\x3b\xee\xb8\xa3\xb5\x4d\xb3\
\xd9\xec\xe8\xd5\x5c\x29\x2c\x64\x1a\xba\xd3\xdf\xed\x2a\x5a\xb7\
\x6b\xdc\xe9\x1c\x2f\x14\x0b\x7d\xf1\xf0\x3d\x8f\x66\xa3\xd1\xf1\
\x7f\x3a\xf9\x5e\xd7\xf3\x40\x9e\xc4\x7c\x64\x7b\x3e\xe5\x1b\xc0\
\x6b\x36\x71\xa2\x0c\x1a\x97\x0b\xed\x53\xd9\xed\xb6\x92\xf6\xdf\
\xed\xc1\x91\x9d\x06\x8d\xf6\xf6\x2f\xf6\x78\x56\x82\xb4\xcf\xa5\
\xe8\x76\xeb\x0b\xc9\xe5\xc9\x3e\x99\x6c\x57\xf2\x79\xb5\x5c\x6d\
\xec\x19\x6d\x29\x3b\x17\x6b\x2f\xe9\xb4\xed\x5b\x15\x73\x3d\x5f\
\xbb\x6d\x77\xc9\x67\x13\x5a\x1a\x2e\x77\x2e\xfd\xb9\x08\x58\xb7\
\x75\xf1\xf2\x54\x3a\xcd\xd6\xab\xae\x66\xe3\x15\x5b\xd8\x72\xd5\
\x2e\x9e\x7d\xe2\x6b\xfc\xf4\x8d\xd7\xf1\x7c\x1f\x23\x04\xba\x52\
\xc3\xf3\x7d\xf2\xc5\x22\xb6\x63\xa1\x6c\x0b\x25\xc2\x6c\x21\x5a\
\x08\xac\x74\x06\xe9\x6b\x82\x8a\x0b\xb6\x85\x12\x10\x54\x6a\x21\
\xf1\xf6\x7c\x02\x2f\x40\x05\x3e\xd9\x42\x0e\x3b\x95\xc2\x96\x0d\
\x30\xa1\x4a\x6e\x84\x85\xef\xb9\x78\xd5\x3a\xda\xf5\x42\xc5\x39\
\xb2\x8d\x48\xcb\x06\xcb\x0a\xc5\x6a\x4b\x82\x25\x90\x96\x08\x2d\
\x1f\xd2\x46\xe9\x20\x52\xc1\x05\x9a\x90\x5c\xdb\xbe\x17\xa6\x53\
\x4d\x28\xdc\x61\x20\xa6\x0e\x33\xcc\x60\x50\x41\x80\x8e\x05\x3d\
\x63\xb0\x6d\x0b\x69\xc9\xb0\x42\xbc\x15\xaa\xf1\xca\x75\x71\x9c\
\x14\x42\x0a\x74\x10\x84\xde\x6e\xcb\x46\x58\x51\xbf\x31\x91\xc5\
\x05\x81\x51\x01\xaa\x59\xa3\x3a\x71\x1c\xe5\x37\xc9\x0f\xbc\x63\
\xc1\x7d\xa1\x56\xad\xe2\x45\x29\x51\xbb\xa1\x17\x65\x7b\x3d\xf4\
\x43\x78\x8b\x93\xee\x6e\x58\x2c\xf1\x9e\x9e\x9a\xa2\x50\x2a\x91\
\x5e\x42\xca\xb2\xb9\xda\xd4\x8d\x10\xce\x37\x28\x77\x53\xdb\xda\
\xd7\xc7\xc7\xd2\xfe\x3d\x9e\xe7\x5d\xa2\x06\x24\xbd\x9a\x6b\xe9\
\x46\xee\x34\x4d\x9d\x5c\xde\xbe\x6e\x39\x88\xf6\x52\x30\x3b\x33\
\xd3\x75\x5d\x2f\x33\x2f\xeb\x6d\x1a\xad\x57\x42\xdd\xcb\x3a\x63\
\x0c\xcd\x7a\x9d\xec\x65\xc8\x2e\x94\xfc\xce\x6e\xc4\x3b\x46\xbb\
\x27\x31\x19\x48\x19\xc7\x68\xc4\xd0\x5a\x5f\x44\xdc\xa5\x94\xad\
\xfb\x35\xfe\x3b\x26\xb1\xf1\xb6\xf1\xb9\x48\x7e\x4f\xf2\x3b\x92\
\xed\x4c\xee\x37\xfe\xbf\x78\xbf\xc6\x84\x29\x01\x93\xfb\x48\xf6\
\x95\x64\xdb\x92\xc7\x95\xfc\xee\x38\xf0\x33\xb9\x5d\x52\x61\x9c\
\xab\x9f\xc6\xdf\x71\x59\x61\x22\x05\x90\xce\x2f\x14\x0b\xf9\x7b\
\xbd\x0c\xf2\xbd\x10\xee\x4e\xd7\xb1\xd3\x67\x1d\x04\x51\xd9\xf1\
\xd5\x3b\x2f\xf3\xbd\x24\x25\x97\xc7\xeb\xb2\xb9\x3c\x7b\xdf\x75\
\x13\x63\x5b\xb7\xf1\xc2\x77\x9f\xe2\x85\xff\x7a\x8a\xfa\xcc\x0c\
\x4d\x20\x50\x8a\xa6\xeb\x93\xce\xa4\x10\xc6\xa0\x54\x00\x08\xb4\
\x2d\x11\x29\x87\x4c\xa9\x40\xe0\x79\x68\xcf\x20\x1c\x81\x2f\x35\
\x15\xbf\x8e\x1f\x04\x04\x5a\xa3\x54\x80\xeb\x36\x49\xa7\x1c\x6c\
\x3b\x85\x65\x45\x3e\x69\xcb\xc2\x53\x3e\xae\xf2\x71\xeb\x35\xfc\
\x86\x4f\x10\x59\x3f\xa4\x93\xc2\x4a\xa7\xc2\x3c\xdd\x8e\x83\xb0\
\x04\x52\x86\xa5\xdd\xa5\x65\x21\x6d\x0b\xa5\x35\x2a\x08\x15\xef\
\x0b\xf6\x6e\x83\xd1\x26\xba\xcf\xc3\x42\x39\x60\xd0\x4a\x85\x85\
\x7b\x94\x0e\xd5\x6f\xa3\x71\xa4\x85\xe3\x58\xd8\x29\x2b\x24\xdd\
\x91\x7f\x1c\xad\xb1\xd3\xd9\xf0\xdc\x44\x29\x0a\x75\xe0\xb7\xe2\
\x37\x85\x10\xe8\x28\x4b\x4a\xf8\x8f\x06\xe5\xb9\x54\xa7\xde\x24\
\xf0\x6a\x88\xe2\x66\x90\xbd\x51\x47\xad\x35\xd3\x93\x93\x5d\xaf\
\x63\x8c\x5e\xec\x26\xeb\xa1\x2f\x02\xfc\x7f\x00\x00\x00\xff\xff\
\xec\xbd\x5b\x8f\x1c\xc9\x75\x2e\xfa\x65\x66\xdd\xba\xab\xc9\x66\
\xf3\xd2\x64\xf3\x36\xb7\xcd\xe1\x8c\x46\x3a\xba\xd8\xe3\x3d\xd6\
\xb6\xce\x96\x60\x1c\x01\xc6\x3e\x30\x8e\xf7\x93\x01\xc3\x80\x7f\
\x81\x7f\x83\x7f\x80\x1f\xfd\xe2\x67\x3f\xd9\x07\x86\x0c\x08\xc7\
\xf0\xd9\x3e\xd8\x92\xad\x3d\xb6\x34\xa6\x46\xa3\x11\x87\xc3\x19\
\x92\xc3\xe1\xbd\x9b\xec\x7b\x55\x77\x57\x55\x66\x46\x9c\x87\xac\
\xa8\x89\x5a\xbd\xe2\x92\x59\x59\xcd\xee\xea\xfa\x80\x42\x65\x5c\
\x32\x32\x32\x32\xd6\x5a\x5f\xac\x88\x8c\x3c\xf2\xa4\x3b\x8f\x37\
\xc5\x26\xa0\x0a\x2b\xcf\x9e\xe1\xea\xab\xaf\x8e\xe5\x01\x17\x35\
\x40\xdc\x12\x94\xa2\xb0\xb5\xd7\x38\xee\xd9\xe5\xf1\xf4\xcd\xa3\
\x40\xb7\x5d\xd4\x8f\x4b\xf1\xac\xe5\xf0\x74\xb7\xb7\xb7\x91\xc4\
\x71\x29\x4b\x92\xf2\x28\xa0\xc3\x8a\x3c\xcf\x51\x8f\xb7\xa5\xf5\
\xba\x5d\x54\xfb\x7b\x56\xfb\x60\x94\x96\x33\xc9\x99\xfa\xd0\x8d\
\xd2\x1f\xfa\x2e\x44\x3a\x71\xb6\x0d\xa8\xe8\x40\xd1\x04\x3d\x0f\
\x1d\x28\xdb\xbc\xb6\x5c\xd9\xba\x07\xda\x45\x52\xb8\x76\xd0\xc3\
\x94\x74\xeb\xf7\xcb\x79\xb9\xcb\x42\xc0\xd4\xc7\x04\x45\x0a\xb9\
\x97\x5e\xf3\x78\xb6\x69\x99\x47\x55\x1e\x01\x7f\x0f\xb7\xe9\x9c\
\x7d\x61\x29\x91\xf4\x7a\xa8\x19\x5e\xb0\x1d\x07\x5c\x1e\x6d\x5b\
\xba\x9e\x56\xa9\x54\x70\xfe\xd2\x15\x7c\xff\xff\xfc\xef\xb8\xf4\
\xda\x1b\xf8\xe0\xff\xfb\x1f\x78\xf8\xf9\x6d\x74\x93\x04\x89\x94\
\xe8\x25\x49\xf6\x2e\xa2\x10\x19\xdf\x44\x88\xa0\x16\x21\xa8\x85\
\xa8\x35\x22\x24\x9d\x1e\xd2\x4e\x82\x70\xa6\x82\x04\x02\xed\x4e\
\xaf\xff\x62\x65\x8a\x6e\xa7\x83\x46\xbd\x86\x7a\xa3\x8e\x7a\xa3\
\x31\xf0\x64\xa7\x22\xc8\xbc\xe3\x95\x08\x7b\x69\xf6\x95\xd9\x5e\
\x2f\x86\xc0\x0e\xa2\x5a\x0d\x95\x5a\x15\x51\xb5\x92\x11\xee\x28\
\xec\x7b\xc2\x65\xf6\xf2\x65\x90\x0d\xa4\xd3\x34\x1d\x38\x97\x32\
\x07\xb7\xec\xbf\xb0\x29\xfa\x5b\x05\xa6\xd9\x0b\x92\x22\xcd\xca\
\x09\x02\x84\x52\xa0\xd1\xa8\xa1\x5e\xaf\xa2\x96\x54\xfa\x7a\x31\
\x2b\xa7\x5a\xa9\x61\x06\x80\x48\x93\x6c\x1b\x44\xd9\x27\xea\x69\
\xb6\x25\x62\xb6\x9e\x3c\xcd\x78\x7d\x7f\xb9\x49\x20\x25\x90\xc4\
\xd8\xdb\x5e\x45\xa3\xb1\x80\xa8\x71\xca\xeb\xd9\x6d\xac\xad\x0d\
\x76\x48\xa3\xfd\xca\x47\xae\x4a\xb1\xe9\x87\x0c\x47\x9e\x74\x03\
\xc5\x3d\xdb\x5c\x7c\xb7\xd3\xc1\xfa\xea\xea\x58\x96\x99\x1c\x94\
\xd7\x27\xaf\x51\xd5\xbf\x30\x57\x96\x81\x29\x22\x2c\xd4\x88\xfb\
\x10\x35\x4a\xc2\x0f\x4a\x48\xe3\x5e\x0f\x2d\xcb\x9e\xa3\xa3\xe0\
\xa8\x1b\x7a\x1d\xae\xe7\x68\x3b\x4f\x61\xb7\xdd\xc6\xc9\x53\xa7\
\x0e\xac\x4d\x38\x2f\xb7\x7e\x6c\xf2\x74\x07\x41\xf6\x01\x9c\x5e\
\xaf\x87\xdd\xdd\x5d\x34\x1a\x0d\x9c\x38\x71\x62\xc8\xdb\xac\xa3\
\xdb\xed\x62\x67\x67\x07\x33\x33\x33\x68\x34\x1a\x07\x72\x7f\x42\
\x08\xec\xee\xee\x62\x67\x67\x07\xb5\x5a\x6d\xb0\x63\x91\xfa\xa8\
\xcf\xce\xce\xce\xe0\xf3\xf3\xea\xa3\x3d\xf5\x7a\xdd\x38\xd3\x66\
\x23\xff\x07\x6d\x30\xd3\x38\xb6\xae\xe5\xd6\xc1\xc5\x9b\x66\x12\
\x26\x1d\x36\x32\xce\x85\xa5\x10\x48\x93\xa4\xd8\xee\x42\x39\xc0\
\xd9\x24\xd3\x6c\x84\x8b\x78\xeb\x68\xcc\x36\xf1\xce\x6f\xbd\x87\
\xf3\x97\xae\xe2\xe6\x87\xff\x81\x4f\x3e\xf8\x39\x56\x1e\x7e\x89\
\x54\x4a\x84\x21\xb2\xad\xf9\x84\x44\x14\x08\x84\x61\x84\x30\xcc\
\x5e\x3a\xae\x46\x21\xc2\x5e\x0c\x20\x5b\x9f\xdd\x4b\x13\xec\x75\
\x62\x08\x21\x11\x27\x29\xe6\xa4\x40\x7f\x37\x6c\x54\xa2\xbe\x07\
\x3b\xac\x20\x88\x42\x54\x1a\x35\xd4\x4e\xcd\x21\xde\x09\x11\x76\
\xbb\x48\x53\x81\xae\x48\xd1\x4b\x00\xa4\x71\xf6\xc2\x24\xb2\x97\
\x2b\x25\xb2\x5d\x4d\xc2\x20\x02\x20\x91\x4a\x09\xd1\x27\xdf\x49\
\x9c\x40\x26\xa2\xff\x11\x9c\xec\x59\x64\xcb\x49\xd0\x5f\x4e\x52\
\x41\xad\x5a\x41\xa3\x56\x43\x10\x55\x20\x64\x8c\x38\xce\x06\x13\
\x81\x10\x88\xc2\x10\xb5\x93\x33\x08\xc2\x08\x69\x92\x02\x15\x81\
\xa0\x22\x91\xbd\xb3\x29\x10\x22\x00\x82\xfe\xcb\x9d\x52\x22\x40\
\x94\x7d\x59\x33\x08\x90\x55\xf0\xab\xaf\x5c\xba\xb0\xbb\xb3\x33\
\x64\x23\xf3\xca\xd3\xa4\xca\xe0\x44\x90\x6e\x13\x8a\x1a\xfb\xd5\
\x17\x2f\x30\x77\xe2\x04\xea\x25\x8e\xe6\x45\x7f\x1b\xb4\xc3\xda\
\x89\xe8\xc7\x31\x80\xe2\x04\x7c\x14\xc2\x6d\x83\xe9\xd3\xef\xdc\
\x54\xe8\xb8\xb1\xb9\xbe\x3e\xb1\x4a\xa1\x2c\x94\xe5\xf9\x4e\x93\
\x24\xdb\x4b\x7f\x8c\xdb\x7a\x9a\x0c\xbc\x4e\xc0\xa9\x5c\xa8\xe9\
\x6b\xf5\x53\x79\xda\xed\x36\x9e\x3f\x7f\x8e\x93\x27\x4f\xa2\xdd\
\x6e\x23\x0c\x43\xa4\x69\x8a\x34\x4d\x31\x3f\x3f\x3f\xf0\x5a\x45\
\x51\x84\xad\xad\x2d\x00\x18\xfa\x40\xcd\x38\x91\x24\x09\xd6\xd6\
\xd6\xf0\xec\xd9\x33\xcc\xcd\xcd\x0d\x7d\x7d\x32\x4d\x53\x2c\x2f\
\x2f\xe3\xc5\x8b\x17\x98\x9d\x9d\x45\xa5\x52\x41\xbd\x5e\x47\xbd\
\x5e\xdf\xf7\xd5\x5e\x93\xd7\x5e\x8f\x3f\xc8\xa5\x25\x22\xc9\xa6\
\xed\x03\x4b\x1b\xda\xfa\xdc\x24\xae\xe9\xf6\xf1\x72\x17\x91\x51\
\x00\x88\xbb\xdd\x6c\xd7\x8b\x31\xb7\x8b\xcf\xb3\xe0\x66\x7f\x68\
\x3a\x7d\x3f\x21\x8a\x22\x9c\xbf\x74\x05\x67\xce\x2f\xe1\xfa\x37\
\xbe\x85\x4f\x7f\x75\x03\x9f\xfc\xea\x06\x56\x9f\x3e\x86\x94\xc8\
\x96\x6a\x48\x89\x40\xc4\x88\x10\x42\x06\x12\x51\x25\x44\x14\x55\
\xb2\xed\x13\x01\xa0\x56\x45\xb7\x17\xa3\x97\x08\xc8\x4e\x0f\x41\
\x25\x82\x0c\x23\xc4\x42\xa0\x5e\xad\xa0\x22\x04\xa2\x6a\xb6\x3e\
\x5a\xc8\x14\x51\x2d\x42\x23\x9a\x85\xec\x44\x88\x84\x40\xb7\xdb\
\x45\x67\x67\x0f\x49\x92\x7e\x45\xac\x45\x8a\x24\xed\x3b\x9d\x80\
\x6c\x3d\xb7\xc8\x36\xf3\x4b\x92\x14\x71\x2f\xc9\x5e\xd2\x44\x9f\
\x9c\xf7\x89\x70\x20\x25\x2a\x08\x50\xaf\x44\x98\x99\x9d\x41\x18\
\x85\xa8\x8a\x14\x32\x15\x48\x45\x80\x08\xd9\x8e\x82\x61\xa5\x82\
\x4a\xbd\x06\x04\x40\x22\x12\x04\x69\x15\xa1\x90\xfd\xed\x7e\x24\
\x84\x14\x08\xd2\x30\xf3\xa2\x43\x66\x2f\x78\xca\x7e\xdb\x86\xd9\
\x72\x14\x78\xda\xea\x17\xcf\x9f\xfb\x3d\x64\x06\x93\x3c\x03\x35\
\x31\xa4\x3b\x2f\xd1\x72\x29\x9b\xa7\x4f\x9e\xe0\xb5\x37\xde\x28\
\xf5\xc1\xaa\x17\x1e\x0f\x13\xf4\x29\x73\xaa\x98\xf4\x36\xca\x33\
\xc5\x9b\x27\x9f\xcd\xb3\xc2\x91\x6a\x55\x5f\x35\xe5\x06\x94\xff\
\xd2\x96\xeb\x5e\x37\xd7\xd7\x87\xd6\xc9\xdb\x94\xfd\xa8\x03\x98\
\xa3\x8a\xa2\x84\xdb\x14\xd7\xd9\xdb\x43\xad\x5e\x47\xcd\xf1\xbe\
\x45\x19\xad\x4c\x3d\x67\xba\x97\x9b\xe6\xa3\x6b\xb0\x01\xe0\xc4\
\x89\x13\xd8\xd9\xd9\x81\x94\x12\xad\x56\x6b\x70\xdc\x68\x34\x50\
\xad\x56\xb1\xb6\xb6\x86\x4e\xa7\x83\xab\x57\xaf\x0e\x5d\xeb\xa0\
\xfa\x88\xda\x39\xa9\xdb\xed\xa2\xdd\x6e\xa3\xd1\x68\xa0\x56\xab\
\x41\x4a\x89\xdd\xfe\xd6\x97\xdd\xfe\x8b\x4f\x71\x1c\xef\xd3\x0d\
\xb6\x25\x2e\xe3\x18\x00\x3b\xd7\x7b\x0a\x81\x98\x79\x6f\xe5\xb8\
\x2f\x2d\x51\x28\x42\xb2\x59\x0f\xb7\x16\x27\x84\x40\x77\x77\x17\
\x33\x63\xfa\xa8\x1c\xd7\xee\x26\x02\x4e\x67\xa1\x38\xd0\x67\xa9\
\xc2\xd5\x6a\x15\x97\x5f\x7d\x1d\xe7\x2f\x5e\xc6\xd7\xbe\xf3\x3b\
\xb8\xfd\xeb\x1b\xf8\xe4\x97\x1f\x60\xe5\xf1\x43\x88\xfe\xfa\x6b\
\x21\xb3\x35\xd3\x55\x08\x44\x51\x88\x28\x08\x00\x29\x11\x22\x40\
\xad\x56\x45\x1c\xc7\x88\xd3\x14\xed\x9d\x3d\x74\xe3\x18\xb5\x6a\
\x84\x5a\x54\x41\xad\x56\x45\xa5\xbf\xfb\x52\x9a\x08\x88\x20\x80\
\x0c\xc2\x6c\x89\x48\x00\x04\x95\x08\xa8\x44\xd9\x35\x52\x81\x44\
\xa4\x48\x52\x81\x38\x4e\x90\x88\x14\xa9\xe8\x93\xe0\xfe\xd8\x35\
\xdb\x52\x58\x22\xed\x0f\x66\xa5\xec\xdb\x3e\x48\x04\x32\xdb\xad\
\x3b\x42\x88\x54\xa4\x48\xa5\x40\x2a\x24\xa2\x48\x6d\x03\x28\x51\
\x89\x22\x44\x8d\x3a\xc2\x7a\x15\x89\x94\x08\x45\x46\xf4\x45\x7f\
\x4d\x78\xf6\xc5\xf9\x00\x52\x6a\x1b\x39\x48\xd1\xdf\x0f\x31\x1f\
\x1f\x78\xb1\xb2\x82\xb4\xff\x75\xdd\x3c\xf0\xb1\x97\x07\x3d\x83\
\x56\x36\x26\x86\x74\x9b\x50\xf4\x01\x75\xf6\xf6\xf0\x7c\x79\x19\
\xe7\x97\x96\x4a\xab\x8b\x22\x87\x87\x41\x91\x2b\x23\xaa\xd7\x69\
\x14\x03\x34\x8a\x20\x50\x02\xce\x91\x6c\x9d\x58\x9b\xd6\x75\x1f\
\x04\x7a\xdd\x2e\xb6\xb7\xb6\x8c\xd3\xed\x3a\xa8\x81\xd7\x71\x18\
\xfa\xc0\xb8\x50\x36\xe1\x56\x68\x6d\x6d\xe1\xf4\xb9\x73\x63\x6b\
\x3b\x93\x97\x9b\xab\x97\x6e\x1c\x28\x21\xad\xd7\xeb\xd9\xa7\xa6\
\x1b\x0d\xec\xf5\x77\xb6\x69\x36\x9b\x48\xd3\x14\x61\x18\x0e\x08\
\x6e\x9a\xa6\x10\x42\x20\xee\x7f\x21\xce\xe7\x6b\x94\xa3\xa2\x52\
\xa9\x60\x61\x61\x01\x61\x18\x0e\xbd\x30\xae\x96\x93\x2c\x2c\x2c\
\x60\x7e\x7e\x7e\xb0\x56\x5d\xff\x4c\x3c\xf5\xf0\x53\x79\x1d\x27\
\xf1\xb6\xa1\xd7\xdf\x13\x5d\x5d\xab\xe8\xd2\x92\x49\xf4\x76\xdb\
\x50\xd4\xe3\xad\xc2\x49\x92\x20\xee\xbf\x73\x31\x4e\xf8\x3c\x4f\
\xfd\xbd\x0b\xd3\x8c\x91\x4e\xd2\xa9\xac\xd7\xea\x75\x5c\x7e\xf5\
\x35\x2c\x5d\xb9\x82\x37\xbf\xf1\x2d\xfc\xfa\x17\xef\xe3\x93\x0f\
\x3f\x40\x6b\x63\x0d\x32\xc9\xd6\x4c\x27\x42\x02\x81\xe8\xbf\xf7\
\x03\x48\x91\x22\xac\x64\x5b\xf2\x25\xbd\x18\xdd\x5e\x8c\x4e\xb7\
\x07\x04\x40\x28\x25\xa2\x30\x44\xa4\xde\x7f\x08\x02\x20\x08\x11\
\x44\x51\xf6\x7d\xc8\x7e\x1b\x66\xe4\xb8\x6f\xdb\xa4\x44\x10\x00\
\x95\x4a\x04\x24\x00\x90\x02\x49\xe6\xed\x46\x3f\x3d\xec\xdf\x9f\
\xda\x05\x45\x0c\xbc\xd3\x12\x51\x10\x20\xac\x55\x20\x22\x20\x4e\
\x13\xc4\x49\x8c\x30\x04\xa2\x28\x80\x90\x12\x91\x0c\x21\xa3\x10\
\x71\x2a\x10\x26\x29\x92\x30\x44\x98\x26\x08\x93\x18\x69\x7f\xf5\
\x48\x14\x69\x7b\xf3\xab\x17\x36\xd1\x6f\x37\xf5\xf1\x1c\x07\xb6\
\xb7\xb6\xd0\x6e\xb5\xc6\xb2\x9c\x64\x12\xe4\xf0\xc8\x92\x6e\x93\
\x91\x36\x09\xa5\x6f\x19\x3a\xd6\x56\x57\xd1\x9c\x9b\xc3\x89\x93\
\x27\x8b\x55\x92\x40\xf7\xce\x1e\x06\x28\xc3\xaf\xc3\x36\xc5\xcd\
\x79\x0b\x8a\x5e\x97\x9e\x6f\xf2\x7c\x73\xf9\x6c\xc6\x7e\x54\xd8\
\x5e\xdc\x12\x42\xe0\xc5\xca\xca\xc8\xd7\x00\x86\xef\xf7\xa8\x2b\
\x11\x1d\x65\x11\x6e\x0e\x42\x08\x6c\x6d\x6c\x60\xe1\xcc\x19\x73\
\xa6\x02\x6d\x69\x1b\x40\x29\x23\x6e\x33\xd8\x34\x5c\xaf\xd7\xb1\
\xb8\xb8\x88\x6a\xb5\x9a\xed\xe5\x2b\xc4\x60\xad\x77\x10\x64\x1f\
\xb7\x92\x32\xdb\x59\x44\x11\xf1\x4a\xa5\x72\x20\xfd\xa0\x5a\xad\
\xe2\xcc\x99\x33\x38\x79\xf2\xe4\x60\x67\x12\x35\xa0\x4d\xd3\x74\
\x50\x37\x45\xba\x55\x1e\x7a\x8f\xea\x1c\x2a\x7b\x8a\x00\x95\x09\
\x5b\xbb\xf4\x3a\x1d\xa4\xda\xcb\x93\xaa\x0e\xbe\xa4\x79\xd2\xbd\
\xdd\x26\x62\x5d\x44\x4e\x39\x74\xf6\xf6\x10\x55\x2a\x63\x59\xdf\
\xed\xeb\xd8\xe0\xb6\xf5\x34\x6d\xe3\xe9\x7a\x9e\x51\x54\xc1\xd5\
\xd7\xaf\x61\x71\xe9\x12\xde\x78\xeb\x1d\xfc\xe2\xa7\xff\x8c\x47\
\xf7\x3e\x47\xa7\xb3\x9b\x79\xa3\x65\xb6\xa4\x23\x0c\xfa\x7d\x5e\
\x08\x20\x8a\x80\x48\x20\xee\x74\x11\xf7\x7a\xd9\x32\x90\x24\x1b\
\x50\x0f\xb6\x1e\x09\x03\x44\x51\x88\x20\xc8\x3e\x0d\x8f\x30\xc8\
\xf6\xc6\x0e\xc3\x4c\x65\x49\x00\x90\xd9\x67\xde\x83\x00\x61\x04\
\x44\x32\x40\x10\x06\x48\xfa\x65\x84\x01\xb2\x4f\xd1\xf7\x49\x77\
\x10\x20\xf3\x7c\xa7\xfd\x34\xe5\x48\x93\x12\x89\xc8\x5e\x0c\x45\
\x10\x20\x4a\x43\x84\xc8\xb6\x7a\x4c\x92\xec\xa5\x4f\x88\x6a\xd6\
\x16\x21\x10\x44\x01\x10\x85\x80\x88\x80\x54\x20\xac\x44\xfd\x2f\
\xd5\x4b\x40\x64\xd4\x1e\x41\x80\x00\x01\x64\xc6\xf5\x8d\x6d\x18\
\xf7\x7a\xb9\x6c\x64\x1e\xef\xf9\xa4\xe0\xc8\x92\x6e\x13\xf2\x12\
\x2f\x97\xf2\x79\xfc\xf0\x21\x5e\xbf\x76\x6d\xe4\x6d\x04\xc7\x61\
\x8c\xca\x80\x18\x4c\x55\xf9\x2d\x83\x18\x95\xd8\x9a\xbc\x26\xfa\
\x31\x35\xe6\xea\x4b\x9d\xb4\xae\xdc\xb2\x92\x71\x0e\x6a\x9e\x2f\
\x2f\x23\x29\x30\x65\xe6\x82\x6f\xdb\x1f\x76\x94\x49\xb8\x4d\x83\
\xaf\x6e\xa7\x83\xd6\xd6\x16\x4e\x94\xfc\xf5\x58\xd7\x74\x36\x67\
\xcc\x95\x91\xa3\x03\xd5\x5a\xad\x36\xf0\x66\xeb\x98\x99\x99\x31\
\x1a\x99\x83\xea\x03\x52\xca\x41\xfd\x14\x54\xfd\x6d\x3b\xc4\xd0\
\xa5\x52\xb6\x81\x33\x3d\x1e\x17\x92\x5e\x6f\xb0\xff\x6f\x5e\x52\
\x6d\x22\xe6\xae\xf3\x26\x11\xb6\xe7\xe6\x13\x6e\x6f\x6f\x67\x2f\
\x3a\x97\xf4\x4e\x82\x0f\xd9\xd6\xaf\xcf\x0d\x8c\xf5\xed\x30\x7d\
\x97\x13\xe9\xd7\x9c\x99\x6d\xe2\x9d\x6f\xbf\x8b\xc5\x4b\x57\xf0\
\xc1\x4f\xfe\x19\x1f\xff\xc7\xff\xc2\x4e\x6b\x1b\x41\x2a\x21\x44\
\xb6\x25\x5f\xf6\xe9\xf6\x04\x32\x0c\x21\x00\xa4\x42\xa2\xdb\x4b\
\xd1\xe9\xc5\xe8\x09\xd1\x5f\x1e\x92\x95\x19\x45\x11\xa2\x3e\x59\
\x57\x6b\xe0\x42\xfd\xbf\x9f\x31\x00\x32\x2f\x76\x90\xb9\x9e\xa5\
\xe8\xaf\x1f\x0f\x24\x80\xbe\x87\x5b\x0a\x20\xed\xdb\xc0\x54\x00\
\x02\x10\x41\xff\xbc\x54\x02\x32\x44\x12\xa4\xe8\xf4\x97\x86\x85\
\x00\xa2\x30\x40\x58\x8d\xb0\xd7\xd9\xcb\x3e\x9c\x23\x1a\xd9\x07\
\x7b\x92\x10\x61\x92\x20\xa8\x64\x5b\x41\x22\x09\x06\x83\x82\xc1\
\x58\x40\x20\xf3\xf0\x87\xfd\x41\x83\x61\x11\x9f\x10\x02\x4f\x1e\
\x3d\x1a\x2c\x47\x33\x3d\xaf\xbc\xcf\x83\x3b\xf7\x28\xe3\x48\x93\
\xee\x3c\x8a\xbd\xa8\x11\x48\x92\x04\x0f\xbe\xf8\x02\xff\xe9\xcd\
\x37\x11\x15\xfc\x28\x80\x6b\xed\xef\xcb\x04\xfd\x10\xcf\x41\xbc\
\xcc\x05\xd8\xc9\x16\x47\xbe\x55\xfd\xd4\xcb\xa8\xca\x43\x5f\x76\
\x9b\xf6\x07\xf2\xfb\xb0\xfa\xe2\xc5\xe0\x33\xb6\xe3\xc2\x51\x26\
\xdf\x07\x41\xb8\x15\xda\xad\x16\xaa\xd5\x2a\x66\xc8\xcb\x7d\x45\
\xe0\x4b\xb6\x6d\xcb\x84\x38\xf2\xa6\x13\x00\x45\x0a\x6c\x4b\xb8\
\x74\xa2\x30\x4e\x19\x54\xd7\x17\x42\x0c\x7d\x15\x57\xd5\x4f\x0d\
\x2a\xd5\xae\x26\xae\x59\x00\xf5\xcf\xcd\x36\x95\x25\x9b\x5c\x8b\
\xa5\x69\x9a\x5b\x1e\x6d\xfd\xed\x28\xca\x5c\x51\x94\xa9\x33\xd5\
\x33\x6f\x29\xe2\x5d\x52\xb9\x3e\x6b\xba\x55\x1c\x1d\x0c\xea\x9e\
\x6f\xdb\xb9\x7a\x1e\x7d\xe9\xd4\xe0\x3f\x08\x70\xee\xfc\x12\xbe\
\xff\xdf\xfe\x2f\x9c\x39\x7f\x01\x1f\xfc\xe4\xff\xc5\xfa\xf3\x65\
\x48\x19\xf6\x5f\xdc\x95\x48\x53\x01\x91\xa6\x88\x45\x8a\x5e\x2a\
\xd0\x93\x40\x4f\x00\x9d\x44\x0c\xbc\xdd\x01\x80\x30\x8a\x10\xa5\
\x11\x2a\xfd\xe5\x28\x61\x14\x42\xf6\xc5\x5c\x00\x19\xa9\x16\x32\
\x63\xb9\x12\x80\x72\xd2\x29\x8e\x2e\x01\x04\x29\x64\xaa\x02\x99\
\x17\x1a\xaa\xef\x06\x40\x88\x00\x91\x14\x88\x44\x46\x97\xd3\x34\
\x5b\x42\x12\x08\x81\x6a\xb5\x82\x30\xca\x3e\x76\x23\xea\x75\x84\
\x61\x80\xb0\x1a\x22\xac\x84\x08\xab\x09\x82\x38\xce\x3e\x3b\x0f\
\x00\x61\x00\x29\xc3\xaf\x96\xb1\x48\x91\xa5\xf5\x2f\x6b\xb2\x91\
\x4f\x1e\x3d\x1a\xbc\x0b\xa2\xb7\x2f\x25\xd9\x45\xec\xdc\x24\xc9\
\xe8\x91\x26\xdd\x26\x94\xe9\xed\x06\xb2\x97\x8a\x1e\xdc\xbf\x8f\
\xd7\xaf\x5d\xdb\x97\x96\x0a\x81\x8a\x07\x19\xa7\xeb\x92\x5f\x16\
\x68\xc7\xa5\xa4\xbb\xe8\xc0\xc2\x86\x6c\xe6\x4c\x0e\x1d\x0f\xc5\
\x19\x48\x96\x3e\x3b\xa0\x1b\x74\xda\x8e\xd4\xd8\x8f\x82\x54\xca\
\x7d\x4b\x14\xb6\xb7\xb6\xb0\xb5\xb9\x79\x60\x42\x3f\x49\x0a\xa6\
\x8c\xe7\xc2\x95\xb1\xb1\xbe\x8e\x4a\xb5\xba\xef\x33\xf1\x71\x9a\
\xa2\xe8\x9c\x94\xcf\x32\x13\x9a\x9f\x23\xd2\x4f\x9f\x3e\xc5\xde\
\xde\x1e\xe6\xfa\x2f\x99\xed\xec\xec\xe0\xec\xd9\xb3\x68\x36\x9b\
\x58\x5d\x5d\x1d\x18\x9e\x34\x4d\x11\x45\xd1\x60\xf9\x46\xaf\xd7\
\xc3\xdc\xdc\x1c\x9a\xcd\xe6\xd8\x9f\x7f\x9a\xa6\x58\x5b\x5b\xc3\
\xc6\xc6\x06\x1a\x8d\x06\x16\x16\x16\xb0\xbb\xbb\x8b\x17\x2f\x5e\
\x20\x8a\x22\x9c\x3a\x75\x0a\x8b\x8b\x8b\x43\x1f\xd1\xd2\xef\x9b\
\x7a\xba\x39\xd2\xad\xa7\x17\x85\x9a\x22\x1f\x2a\x53\x08\xec\xb4\
\x5a\x56\xe3\x6d\xf2\xa8\xb9\x64\xcb\xe4\x01\x3f\x8a\xf2\xe8\x33\
\x00\xf2\x1d\x2c\xbb\x9e\x6d\x12\xc7\xd8\x69\xb5\x30\x57\xd2\x52\
\x4c\x1d\x26\xb9\x54\xcf\x45\xd9\x56\x7d\xff\x78\xd7\x57\x62\x69\
\xdc\xd0\xbd\x05\x41\x66\x9b\xfa\x65\xcf\x9d\x9c\xc7\xbb\xff\xfb\
\xef\xa3\x39\x77\x02\xef\xff\x8f\x1f\xe3\xf9\xf2\x93\xfe\x27\xda\
\x01\x19\x24\x48\xe3\x04\x49\x9c\x66\xbf\x34\x7b\x89\x31\x80\x44\
\x18\x05\x08\xa2\xe8\xab\xcf\xb9\x43\x22\x4e\x62\x24\x32\x45\x24\
\x23\x84\x61\x34\x58\xf3\x1d\x45\x11\xc2\x6a\x94\x0d\xba\x23\xe5\
\x4d\xce\x48\x78\x56\xc5\x2c\x2c\x84\x84\x14\x69\xe6\x01\x97\xb2\
\xff\x45\xca\xcc\xf3\x2e\xa4\xf8\xca\x33\x9e\x0a\x04\x42\x20\x11\
\xd9\x97\x29\x85\xc8\xd8\x72\xda\xab\x00\x42\x22\xaa\x86\x08\x2b\
\x11\xa2\x4a\x05\x61\xb5\x92\x5d\xb7\x4f\xa5\x25\x80\xa8\x52\x81\
\x44\x05\x12\x40\x18\x06\x08\xd0\xff\xfc\xbc\x72\xdd\x13\x79\x78\
\xbe\xbc\x8c\x9d\x76\x7b\x5f\x7b\x16\xf5\x6a\xeb\x78\xd9\x9c\xa9\
\x6c\x4c\x24\xe9\x2e\x0a\x9b\x62\x6a\xb5\x5a\x78\xf2\xe8\x11\x2e\
\x5f\xb9\x32\x52\xf9\x87\xad\x03\xd1\x25\x2f\xe3\x78\x99\x6b\x30\
\x4d\xa5\x1f\x5b\x8c\xb6\xfe\x53\x0a\xd5\x94\x47\x47\x19\x6d\x4b\
\xd5\xc2\xce\xce\x4e\x69\xeb\xb8\xf3\xe0\xa8\x1a\xfa\x51\xe1\xfb\
\x0c\xa5\x94\x58\x7d\xfe\x1c\xe7\x97\x96\x86\x06\x8a\x45\x5a\xcc\
\xd5\xce\xba\xe1\xe0\x88\x37\x35\xf0\x52\x4a\x6c\x6f\x6f\x63\x7d\
\x7d\x1d\xb5\x5a\x0d\x71\x1c\x23\x49\x12\xcc\xcc\xcc\xa0\xd5\x6a\
\x21\x8a\x22\x74\xbb\x5d\x48\x99\xed\xab\xdb\xed\x76\x07\x7b\x65\
\xab\x65\x6c\xe3\xf4\x76\xab\x36\x56\x5f\xcf\x54\x3b\x94\x74\x3a\
\x1d\xb4\x5a\x2d\x54\x2a\x95\x01\xd9\x36\xed\xda\xa2\x13\xef\x71\
\x0e\x82\x81\xe1\x67\xaa\xbc\xaa\xdc\x14\xb6\xae\x33\x7c\x50\x84\
\x80\x4f\x32\xf2\xcc\x52\x70\xba\x77\x6f\x77\x17\x61\x14\xa1\x39\
\xc2\x17\x64\xf3\x2c\x2d\x71\xcd\x48\x51\xef\x35\xe7\xf9\xd6\x89\
\xfb\xbe\x6b\x6a\x0e\x98\x4a\xa5\x82\xb7\xbf\xfd\x2e\xe6\x4e\xce\
\xe3\xfd\x7f\xfe\x31\xee\x7c\xf2\x1b\x08\x24\x00\xc2\xec\xa3\x36\
\x51\x08\x11\x48\xc8\x20\x5b\x27\x1d\x06\x11\xaa\x41\xdf\x53\x1c\
\x64\x2f\x54\x56\x2a\x95\xcc\x51\xd0\x7f\xc9\x7a\xb6\xd9\x44\xb3\
\xbf\x6d\xe7\x4c\x73\x0e\xb3\xb3\x4d\x34\xe7\x4e\x64\xdb\x75\x56\
\xab\x99\x89\x94\xd9\x0e\x23\xb2\xbf\xe5\xb0\x90\xd9\x17\x30\xd3\
\x24\x45\x9a\x24\x88\x7b\x5d\x74\xf6\xf6\xb0\xbb\xb3\x8d\xed\xf5\
\x75\xac\xae\x3c\xc3\x6e\xbb\x05\xd1\x27\xdd\x52\xf6\x49\x77\x92\
\x20\xed\x66\xcb\x55\x82\x28\x40\xd8\x89\x10\x56\x2a\xd9\x47\x78\
\xc2\xaf\x96\xb2\x54\xa4\x44\x04\x09\x29\x05\x42\x21\x10\x55\x6b\
\xd9\x8e\x2b\xa1\xec\xcb\x61\xb0\xcf\xd3\xbd\xb1\xb1\x81\xd5\x17\
\x2f\x8c\x04\x7b\x54\xc2\x3d\x69\x32\x78\xe4\x49\x77\x1e\xe5\x5e\
\x64\x0a\x5c\xc7\x8b\xe7\xcf\x51\xab\xd7\xb1\x78\xfe\xbc\xf7\x35\
\xf3\x5e\xe3\x20\xa1\x2f\xd3\x50\xe1\xb2\x3d\xdd\x36\x62\x4c\x09\
\xb7\x1e\xcf\x79\xd2\x74\xf2\xad\x4f\xdd\x97\x0a\x4d\xc0\x7b\xdd\
\x2e\x9e\x3e\x7e\xcc\x2a\x70\xee\x9e\x26\x4d\x39\x8c\x8a\xbc\xf2\
\xe6\x1b\xa7\xe2\xd3\x34\xc5\xf3\x95\x15\x9c\x5f\x5a\xfa\x8a\x1c\
\x8e\xf8\x0c\x5c\x46\x9f\xf6\x05\x9d\x7c\xaa\xb8\xc5\xc5\x45\x2c\
\x2c\x2c\x0c\xbc\x6f\x42\x08\x54\xab\x55\x44\x51\x84\x73\xfd\x8f\
\x6e\xe9\xa4\x51\x1d\x87\x61\xb8\xef\x93\xeb\xe3\x40\x10\x64\x2f\
\x7b\x5e\xbc\x78\x11\x8b\x8b\x8b\x83\xc1\x84\xfe\x2d\x81\x4a\xa5\
\x32\xb4\xee\x5b\x3f\xd7\x44\xb8\xe9\xf4\x71\x29\xb2\xd9\x9f\xe6\
\xef\x17\x88\x56\xff\x2b\xb0\xb6\xa5\x3a\x0a\x93\x68\xb0\x0f\x33\
\xa4\x94\x68\x6d\x6d\x65\xfb\xbb\x97\xfc\xc5\x4a\x9b\xb7\x5b\x8f\
\xd3\xfb\x60\x1e\x02\xcf\x9d\x47\xcf\xa9\x56\xab\x78\xed\xfa\xd7\
\x30\xd3\x6c\x62\x6e\xfe\x0c\x6e\x7d\xf8\x1f\xd8\x58\x5f\x47\x82\
\x10\x41\xbd\x86\x66\x63\x06\x27\xc2\x10\x8d\x99\x13\x98\x69\xce\
\x61\xa6\xd9\xc4\xec\xdc\x5c\x46\xa4\xe7\xe6\xd0\x3c\x71\x02\xcd\
\xb9\x93\x68\xce\xcd\x61\xb6\xd9\xc4\xec\x6c\x13\xb3\xcd\x26\x6a\
\xf5\x3a\xaa\xd5\x5a\x5f\x47\x54\x86\x64\x8c\xca\x99\xb2\x83\xea\
\x38\x49\x12\x24\x49\xdc\xdf\x55\x6b\x13\x5f\xde\xfb\x1c\x1f\xff\
\xc7\xbf\xe1\xcb\x3b\x9f\xa1\xd3\x6e\x43\xc4\x29\x20\xb3\x6d\x06\
\x65\x9a\x66\xcb\x4a\xba\x71\xf6\x25\xca\xfe\xb2\x14\x29\xb3\x0f\
\xde\x48\x51\xcf\xca\xef\x7f\x74\x27\xaa\x02\x08\x42\x48\x91\x7d\
\xd2\x3e\x0a\x23\x04\xc1\xb0\xa7\xbb\xdd\x6a\xe1\xe9\xe3\xc7\x05\
\x9e\xe8\xf1\xc5\x91\x27\xdd\x26\x14\x55\xf8\xae\x69\xb8\x47\x0f\
\x1e\xa0\x56\xab\x61\x61\x61\xe1\xc0\xea\x34\x4e\xd0\x3d\x78\xc7\
\xb1\xbc\x04\xe0\xc9\xb6\xee\xc5\x56\xf1\x26\x02\xae\xea\xc9\xad\
\xe5\x2e\x93\x7c\x2b\x35\x1b\xc7\x31\x1e\x3d\x78\xb0\xcf\xa3\xe6\
\x3b\xa5\x3d\x85\x19\xa3\x3e\x2b\xfd\xfc\xb8\xd7\xc3\xf3\xe5\x65\
\x2c\x5d\xbc\x08\x20\x9f\xa7\x3b\xcf\xb3\xb2\xe5\xe5\x5e\xa4\x54\
\x3b\x92\x84\x61\x88\xdd\xdd\x5d\xd4\xeb\xf5\xa1\x97\x2b\x33\x63\
\x99\x20\x8a\xa2\xa1\x9d\x4b\x0e\xb2\x0f\xa9\x75\xdb\xfa\x4b\x67\
\xca\xa0\x47\x51\xb4\x6f\x4d\x37\x05\x25\xdc\xfa\x7f\x59\xd0\xbd\
\x6a\xdb\xdb\xdb\xe8\x76\x3a\xfb\xda\xbb\x8c\x36\x9b\x64\xd9\x35\
\x79\xb0\x7d\x3d\xdb\x79\x67\x14\xd7\xd7\xd6\x70\xf6\xdc\x39\x76\
\xd0\xe6\x83\x22\xde\x6e\x7d\x16\x8a\x0e\xfe\xb8\x72\x7c\xf4\x38\
\xd7\x27\x82\x20\xc0\x85\xcb\xaf\xe0\x87\xff\xfd\x8f\x71\xed\xeb\
\xdf\xc2\xe7\x9f\x7c\x8c\xcd\xcd\x0d\x54\x6b\x0d\x9c\x59\x5c\xc4\
\x85\x8b\x97\x71\x76\xf1\x3c\x66\x66\x9b\xa8\x56\x6b\xa8\x54\x2b\
\xd9\xd2\x91\x48\x5b\x4e\xc2\x7c\xd9\x56\xaf\x13\x77\x6c\x6a\x13\
\x35\x98\xaf\xd5\xea\x98\x99\x6d\xe2\xcc\xb9\x45\x5c\x7d\xed\x0d\
\xfc\xf2\xfd\x7f\xc1\xc7\x1f\xbc\x8f\x8d\x17\xab\xe8\x76\xbb\x10\
\xc8\x3c\xde\xa9\x94\x88\x45\x8a\x4e\xb7\x8b\x20\xe8\x7b\xaf\xa5\
\x84\x4c\x53\xa4\x71\x92\xed\x47\x2e\x04\x50\xad\x66\x4b\x57\x44\
\x8a\xa8\x52\x05\x64\x15\x41\x45\xe9\xba\xec\xbc\xbd\xbd\x3d\x3c\
\xfc\xf2\xcb\xb1\xc9\xce\xa4\xca\xe4\xc4\x92\xee\x71\xe2\xfe\xbd\
\x7b\x88\xde\x7c\x13\x27\x73\xac\x5f\x33\x2d\x89\x78\x99\xd0\xc9\
\x2c\x30\xfc\x39\xf8\x51\xcb\xf5\x49\x53\x42\xc5\xad\xdb\xd6\xdb\
\x4b\xa5\x9b\xbe\x48\x59\x36\x84\x10\xf8\xf2\xfe\x7d\xc4\xbd\x9e\
\x75\xcf\x57\x80\x57\xe6\x65\x4d\xad\x1d\x77\xf8\x3c\x5f\x29\x25\
\x76\x77\x76\xb0\xfc\xec\x19\x2e\x8c\xb0\xa7\xbe\xc9\xa8\x99\x9e\
\x9d\xaa\x9b\xf2\x10\xeb\xf9\x97\x97\x97\xb1\xb3\xb3\x83\x20\x08\
\x30\x3f\x3f\x8f\xbd\xbd\x3d\x84\x61\x88\xb8\xef\xa1\xad\xd7\xeb\
\x10\x42\x60\x6d\x6d\x0d\x8d\x46\x03\x95\x4a\x05\x69\x9a\x62\x6e\
\x6e\x0e\x67\xcf\x9e\x1d\x79\xa7\x24\x5f\x24\x49\x82\x67\xcf\x9e\
\x61\x6b\x6b\x0b\xa7\x4f\x9f\x46\x92\x24\x58\x5d\x5d\x85\x94\x12\
\x0b\x0b\x0b\xb8\x78\xf1\x22\x66\x66\x66\x86\xce\xd1\x49\x0e\x37\
\x40\xd6\xd3\xca\x44\xbb\xd5\xc2\x4e\xbb\x5d\xd8\x29\x60\x5a\x7a\
\xe0\xca\x6b\x8b\x3b\xcc\x38\x48\x3b\xb3\x8f\x94\x0b\x81\xe7\xcb\
\xcb\xb8\x70\xf1\x62\xa9\xcb\x15\x5d\x32\x6a\x7b\x46\xd4\x79\xc2\
\xe9\x68\xdf\x67\x1c\x04\x01\x9a\x73\x27\xf0\xf5\xef\xbc\x8b\xeb\
\xdf\xf8\x56\xb6\x65\x65\x7f\xf0\xec\x3b\x4b\x65\x93\x11\xdb\x8c\
\x1f\x4d\x53\x03\x5f\xa5\x83\xc2\x30\xc2\xe2\x85\x4b\xf8\xbd\xff\
\xe3\xbf\x61\xf1\xc2\x12\x3e\xf8\x97\xff\x89\x07\xf7\xee\x62\x67\
\x6f\x07\xbd\x34\x45\x14\x55\x50\x41\x88\x58\x48\x04\xdd\xb8\xff\
\xce\xa6\x1c\xac\x4b\x17\x10\x68\x48\x09\x99\xc6\xa8\xa4\x35\x54\
\xd2\x14\xb2\xde\xff\x3a\x25\x24\xa2\x30\xdb\x0b\xbd\xd7\xed\xe2\
\x8b\xbb\x77\x0f\xf5\x57\xb6\x0f\x2b\xa6\xa4\xbb\x00\x92\x24\xc1\
\x9d\xcf\x3e\xc3\xd7\xbe\xfe\x75\xcc\xe4\x30\x90\x87\x89\x70\xeb\
\x53\xdb\x7a\x5c\xd1\xa9\x6d\x5f\x82\xc4\xfd\xd3\x7a\xe8\x06\xdd\
\xa4\x6c\x7c\xbd\x34\x79\x21\xa5\xc4\xfd\x7b\xf7\xb2\xfd\x67\x3d\
\x0c\xbc\x8f\x81\x3e\x6a\x06\xfb\x65\x60\xd4\x67\xd8\xda\xde\x46\
\xa5\x52\xc1\xf9\x0b\x17\x4a\xaa\xd1\x7e\xf8\x12\x73\xe5\xdd\x5e\
\x5f\x5f\xc7\xf6\xf6\x36\xa2\x28\x42\xaf\xd7\x1b\x18\xfe\x46\xa3\
\x81\xc5\xc5\x45\xd4\xeb\x75\xb4\xdb\x6d\xec\xee\xee\x42\x08\x81\
\xb3\x67\xcf\x62\x7e\x7e\x9e\x7d\x79\x71\x1c\xd0\xa7\xa8\x77\x76\
\x76\xd0\xeb\xf5\xd0\xeb\x0f\x34\xd5\x8c\x92\x6d\xd0\x41\x07\xcd\
\x74\xe6\xaa\x0c\x04\x00\x76\x77\x76\xb0\xb1\xbe\x3e\xf8\xf8\xc9\
\x14\xe3\x45\x19\x6d\x9c\xa6\x29\x96\x9f\x3e\xc5\xd2\xa5\x4b\xde\
\xe7\x1c\x94\x8e\xd4\x1d\x26\x26\x6f\xb6\x9e\xd7\x56\xaf\x6a\xb5\
\x6a\xdd\x6a\x93\xbb\xae\x4f\x1e\x93\x8d\xa4\xb6\x91\xb3\x91\x52\
\x4a\xcc\x9d\x38\x89\xaf\xff\xd6\xef\xe2\xcc\xe2\x12\x3e\xfc\xb7\
\x7f\xc5\xc7\xbf\xfa\x00\xab\xcb\x2b\xd8\xd9\xdb\x03\xc2\x19\x04\
\x95\x3a\x42\x04\x08\x7a\x09\x64\xba\x8b\x34\xce\xbe\xbe\x89\xfe\
\x67\xe7\xd3\xb4\x86\x7a\xf6\x1e\xa7\x6a\x95\xec\x2f\x14\x48\x93\
\x04\xf7\x3f\xff\x1c\x71\x1c\x1f\xd8\x6e\x67\x93\x84\x63\x49\xba\
\xcb\x52\x2a\x9f\x7e\xf2\x09\xde\xfb\xdd\xdf\xf5\x22\x67\x74\x2a\
\xe9\xb0\x40\x7d\x09\x4f\x29\x97\x3c\x42\xc4\x4d\xe3\x71\x79\xb8\
\xb0\xfe\xaf\x2b\x13\x15\x67\xf2\x70\xdb\x88\x78\x19\xb8\xff\xc5\
\x17\x68\xb7\xdb\x03\x0f\xa6\xcf\xda\x51\x0e\xc7\x9d\x68\x1f\x54\
\x5f\xd7\xaf\xb3\xb6\xba\x8a\x5a\xbd\x8e\x99\x1c\xc4\x3b\xaf\x87\
\x9b\x82\xfb\xca\xec\x85\x0b\x17\x70\xfe\xfc\x79\xeb\xd2\xa4\x20\
\x08\x70\xbe\xff\x6e\x88\xea\xd3\x6a\xbb\xc0\x83\x6a\xbb\x6a\xb5\
\x8a\xcb\x97\x2f\xe3\xe2\xc5\x8b\xfb\xd6\x90\xba\xea\xa2\x7b\x17\
\xf5\x7f\x7a\x3c\x2a\xba\x9d\x0e\x5e\x3c\x7f\x9e\xab\x5d\x8e\xbb\
\xec\xbd\x6c\xa8\xe7\x14\xc7\x31\x9e\x3e\x7e\x8c\xf9\xb7\xdf\xce\
\x5d\x86\x8f\x5c\xba\x66\xa1\x74\x52\x9d\xd7\x33\x4e\xcb\x2b\xda\
\x9f\xc6\x6d\x23\xa9\xad\xd4\xd3\x2b\xd5\x2a\x2e\xbd\xfa\x06\x16\
\xce\x9d\xc7\xd5\x6b\xd7\xf1\xab\x9f\xff\x2f\xdc\xbb\x7d\x0b\x3b\
\x3b\x6d\x44\xd5\x0a\x2a\xd5\x7a\xf6\x49\xf9\x24\x05\x64\xb7\x7f\
\x1e\x90\x2d\xf1\x96\x00\x82\xfe\x27\xeb\xfb\xff\x52\x40\x56\x2a\
\x78\xf6\xf4\x29\xba\xdd\xf1\x6e\x6d\x3a\xc9\x38\x96\xa4\xbb\x0c\
\x48\x29\xd1\xeb\xf5\xb0\xbd\xb5\x85\xb3\x67\xcf\x3a\xf3\x1f\xc6\
\x0e\xaa\x3c\x53\xf4\xc5\x30\x1b\x6c\x1e\x67\x9f\x73\x74\x6f\x18\
\xb7\x85\x22\xf7\x01\x1c\x15\xd6\x15\x18\xf5\xb2\x95\x01\x29\x25\
\xb6\x36\x37\x87\x3e\xb4\x30\xc5\xd1\xc2\xfa\xea\x2a\x2e\x96\xec\
\xed\xb6\x19\x7a\x6e\x99\x85\xf2\x5c\xcf\xcc\xcc\x20\x08\x02\x6c\
\x6e\x6e\x0e\x3e\xa7\x6e\x5a\x43\x3a\xce\xa5\x19\x1c\xd4\xce\x25\
\x00\x06\xd3\xe2\x7a\x5c\xad\x56\x1b\x7c\xad\x92\x82\x12\xf4\x71\
\xd6\x7d\x6d\x6d\x6d\x28\x7c\x18\x1d\x17\x53\x7c\x05\xfa\x7c\xd4\
\x2e\x3d\xe3\xd6\xa5\x26\x52\xad\x0f\xd6\x7c\xd7\x87\x8f\x02\xdb\
\xd2\x90\x3c\xe7\xe9\xf6\xcf\xb4\xa4\xc4\xe6\x15\xd7\xc3\x33\xb3\
\x4d\xbc\xf3\xad\x77\x71\xe5\xb5\xff\x84\xdb\xbf\xf9\x15\x7e\xf9\
\x6f\xff\x82\xd5\xa7\x4f\x90\xa6\x02\x95\x6a\x05\x42\x04\x88\x45\
\x8a\xa0\xdb\xeb\x9f\x88\xec\x6b\x94\x32\xfb\x5c\xbd\x10\xfd\x0f\
\x02\x41\x00\x52\xa2\x23\xf6\x80\xb0\x39\x74\x9d\xa9\xad\xf4\xc7\
\x94\x74\x8f\x08\x5f\x23\x70\x18\x49\xb7\x3e\x42\xf6\xcd\x3f\x4a\
\x3e\x3a\x55\xa6\xc7\x9b\x46\xf1\xb6\x32\xc6\x65\x80\xa7\x4a\x64\
\x0a\x17\xb8\xe9\x5d\x20\x33\xdc\xcf\x9f\x3f\xc7\x4a\x7f\x9b\xc9\
\xf3\xe7\xcf\x0f\x66\x93\x5a\xad\x16\x3a\x9d\xce\xe0\x25\xc5\x30\
\x0c\xd1\xed\x76\x71\xe6\xcc\x19\x2c\x2d\x2d\x15\x7e\xf1\xac\x48\
\xdd\x5b\xad\x16\xbe\xfc\xf2\x4b\x74\x3a\x1d\x2c\x2e\x2e\xe2\xe4\
\xc9\x93\x58\x5f\x5f\xc7\x93\x27\x4f\x06\xbb\xac\x5c\xbd\x7a\x15\
\xb3\xe4\x03\x44\x3e\x83\xde\xc3\x3a\xab\x37\xc5\xf1\x83\x89\x70\
\xe7\x5d\xd3\x3f\x8e\x3a\xd9\xe2\xa9\x5e\x31\x2d\x2b\x31\xcd\x34\
\xd1\xf8\x30\x8a\x70\xea\xf4\x59\xbc\xfb\x7b\x3f\xc0\xe5\x57\x5e\
\xc3\x8d\x9f\xfd\x04\xf7\x3e\xfd\x0d\x04\x04\xa2\x4a\x00\x91\x00\
\x3d\x29\x20\x7b\xd9\x3a\x6f\x81\x6c\x17\x93\x54\x8a\xfe\x17\x38\
\x1b\xc8\xd8\x78\x00\x51\x4f\x81\xf0\xab\x6b\x4d\x6d\x65\x3e\x4c\
\x49\xf7\x08\xc8\x63\x58\xb8\x17\x4a\x5e\x76\x87\x95\x52\xee\xdb\
\x32\x50\xaf\x13\xbd\x3f\x9b\x31\x75\xc5\x73\x04\xc5\xa4\x44\x28\
\x21\xe7\xca\x3a\x08\x4c\x95\x49\x71\x4c\x3a\xf1\x52\xf7\x47\x3d\
\x51\x41\x10\xa0\x56\xab\xa1\xd9\x6c\x62\x67\x67\x07\xed\x76\x7b\
\x90\xa6\x13\x6e\x00\x83\xed\x01\x15\xd9\x2e\x7b\x3d\xb4\x09\x4a\
\xc6\x67\x66\x66\x20\x84\x40\xab\xd5\x42\x9a\xa6\x83\x97\x39\xa3\
\x28\x42\xbd\x5e\x67\x49\xb5\xfe\xd2\xb5\xcb\xd3\x36\xee\xfa\x9b\
\x30\x95\xdb\x29\x28\xb8\xbe\x69\x5a\xfa\xa5\xc2\xa6\xb5\xdd\xdc\
\x79\x7a\x99\x45\x6d\xa4\x3a\xb6\x2d\x23\x31\x91\x6c\x25\xab\xdc\
\x6c\xb0\x9e\x37\x8a\x2a\xb8\xf4\xca\x1b\x38\x31\x7f\x1a\xe7\x2e\
\x5e\xc4\xcd\x1b\xff\x8e\x4e\x6b\x1b\x41\x35\x80\x48\x63\xf4\x44\
\x0a\xc4\x00\xfa\x7b\x8e\x4b\x99\x7d\x15\x13\x32\x7b\x91\x12\x12\
\x10\xd5\x83\xd1\x53\x93\x8a\x63\x49\xba\x8b\x12\x82\x51\x8c\xca\
\xd0\x07\x3c\x0e\x89\x51\xe0\x3c\xdd\x74\x9a\xce\xa6\x28\xb8\x74\
\x53\x98\x2a\x0c\xdb\x1a\x35\x2e\xff\x41\x19\x78\x75\x5f\xbe\xcf\
\xc8\x94\xaf\xc8\xfa\xe0\x29\xf2\xc3\xb6\x9b\xc6\x41\x81\xce\xe0\
\x2c\x2e\x2e\xe2\x42\x7f\x89\x8b\x8b\x20\x9a\x3c\xe6\xe3\x46\xb3\
\xd9\xc4\x1b\x6f\xbc\x31\x44\x36\x28\x99\xe0\xea\x44\x3d\xdc\x07\
\x49\xb8\x8b\xbe\x5f\x31\x45\x3e\xbc\xcc\x01\x73\xde\xb5\xdc\x45\
\xd6\x7e\x9b\x08\x38\x1d\x3c\x73\x44\x9b\xf3\x98\x8f\xc3\x46\x02\
\xfc\x32\x12\x97\x5d\x34\xdd\x1f\xad\xf3\xfc\xc2\x69\xfc\xf6\xef\
\xfd\x3e\x66\x67\xe7\xf0\xd1\xfb\x3f\xc5\x6e\x7b\x13\x22\x00\x64\
\x02\xc4\xa9\x80\xec\x25\x90\x12\xd9\x17\x2e\x85\x84\x44\x3d\xdb\
\x9b\x5b\x02\x72\x66\xf8\x7b\x19\x53\xe4\xc3\xb1\x24\xdd\xa3\xa2\
\x88\x52\x1a\xd7\xfe\xd7\xa3\x40\x79\xba\x5d\x5e\x23\x1f\x2f\x36\
\x17\xaf\x8e\x4d\x4a\x85\xcb\xc3\x9d\xef\xba\x5e\x99\x28\x9b\x70\
\x4f\xe1\x87\x51\x06\xc2\xa3\xf6\x87\x22\x46\x5c\x0d\x1c\xd5\x4f\
\xaf\x0f\x80\xa1\x19\x24\xdf\xeb\x1f\x24\xd1\xc9\x73\x2d\x8e\x68\
\xe8\x3b\x89\x8c\xbb\xde\x07\x4d\x00\x39\xf9\x3d\x6a\x32\x7d\x90\
\xc4\xd9\x74\xad\x97\x35\x08\xce\x03\x1b\x01\xf7\x5d\x92\x72\x54\
\x6d\x64\xbd\xde\xc0\x3b\xdf\xfe\xcf\xa8\xd5\x6a\xf8\xe5\xfb\xff\
\x13\xad\x8d\x35\x08\x00\x32\x89\x11\xa7\x02\x10\xbd\xec\xba\xc8\
\xbe\x62\x19\x54\xfa\x33\x74\x07\x34\x23\x37\xa9\x98\x58\xd2\x5d\
\x54\xe9\x8c\x4b\x59\xa9\xe9\xd8\xc3\xa4\x88\x74\xd2\xad\x7b\xbc\
\x46\x29\x4f\x3f\x36\x79\xa7\x6d\x8a\xe8\x65\x12\x6e\x5f\xd8\x88\
\x79\x9e\xb5\x83\xc7\x15\xbe\x32\x66\xca\x57\x86\x8c\x96\xf5\xd2\
\x54\x9a\xa6\x07\xb6\x2c\xe4\x30\x40\xf5\xfd\xc3\x24\x8f\x3e\x98\
\xce\x3c\xed\x47\x51\x39\x9c\xf4\xa5\x63\xe3\xc4\x28\x36\x92\x4b\
\x73\x79\xbd\x5d\xa8\x35\x1a\x78\xf3\x1b\xdf\x41\x92\xc6\xf8\xe8\
\xdf\x7f\x8a\xdd\xad\x4d\x24\x52\x42\xca\x18\x89\x10\x08\xe2\x18\
\x08\xfa\xbb\x9a\x85\x21\x02\x09\x84\x22\x45\x78\x00\x5e\xee\x49\
\x95\xd3\x23\x4f\xba\xcb\x52\x00\xae\x72\x46\xbd\x4e\xb5\x5a\x1d\
\x78\xc7\x0e\x0b\x54\x7d\x4c\x53\x67\x3e\xe7\xbb\xe2\xa8\x22\xb0\
\x7d\x08\x87\x2b\x23\xcf\xb4\xd9\xb8\xe1\x22\xdb\x93\xaa\x24\x0e\
\x0a\x79\x65\xac\x8c\x81\x62\x51\xa8\x3e\x4b\x3d\xdd\xbe\xe7\xea\
\x53\xc7\x74\x1d\x69\xd0\x37\x72\x2a\x6c\x9b\x46\x56\x79\x75\xef\
\xbb\x82\x2a\x43\x08\x31\xf0\x4c\xeb\xd7\x2b\xf2\x31\x2c\xbd\x6e\
\x2f\xd3\x33\xef\x43\xa2\xf3\xdc\xdb\x24\xcb\xae\xcf\x92\xc1\x49\
\xbe\xff\x97\x09\x1f\xc7\x11\xb5\x83\x3e\x44\xba\x4c\x1b\x59\xad\
\xd5\x71\xfd\x1b\xbf\x05\x29\x25\x7e\xf3\x8b\x9f\xa1\xbd\xbe\x86\
\x58\x08\x08\x29\x11\xa7\x12\xb2\x17\x23\x54\x1c\x41\x4a\xd4\x52\
\x81\xc3\xb7\x2d\xc4\xd1\xc1\x91\x27\xdd\x79\xe0\x9a\xc6\x1d\xe7\
\x08\x9e\xbe\xdc\x70\x18\xe0\x33\x08\xb0\x8d\xb8\xb9\x7c\x5c\xba\
\xef\x08\xdc\x97\x7c\x1f\x34\x5c\x84\xfa\xb0\x3c\xcf\xc3\x06\x9b\
\x3c\x95\xed\xed\x2e\x32\x60\xe4\x5e\x9a\xf2\x3d\x56\xff\x42\x88\
\x5c\x4b\x49\x00\x0c\x5e\x5e\xdc\xda\xda\x42\x92\x24\x83\x3d\xb1\
\x81\x8c\x08\xcf\xcc\xcc\xa0\x56\xab\x21\x8e\x63\xd4\x6a\x35\x04\
\x41\x80\x9d\x9d\x1d\x24\x49\x32\x58\x4f\xad\x7e\xb5\x5a\x0d\x0b\
\x0b\x0b\xa8\xd7\xeb\x68\xb5\x5a\x68\xb5\x5a\x03\x92\x3d\x33\x33\
\x83\xdd\xdd\x5d\x24\x49\x82\xb9\xb9\x39\x08\x21\x06\x1f\xb4\xa8\
\x56\xab\x98\x9f\x9f\x2f\xf4\xc5\xc0\x97\xb1\x54\x6e\xd4\x25\x5f\
\x45\xf2\x1e\x67\xb9\x2e\x32\x18\xe3\xec\xeb\x51\x6c\x43\x1f\x1d\
\x40\xf3\xeb\xff\xf4\xd8\x74\x0d\x5b\xd8\x76\x9e\x89\xc8\x8f\x62\
\x23\x1b\x33\x4d\xbc\xfd\xcd\x77\x11\x77\xbb\xf8\xf4\x97\xff\x8e\
\xd6\xe6\x3a\x12\x48\xa4\x69\x02\x99\x0a\x04\x71\x02\x20\x44\x00\
\xa0\x99\xa6\x56\xe2\x58\xe6\x33\x3f\x8a\xfd\xc7\x85\x89\x24\xdd\
\x65\x93\x67\x7d\x8d\x57\x91\x72\x83\x20\x18\x18\x37\x29\xe5\xa1\
\xd8\x3e\x50\xdd\x0b\xdd\xbd\x44\x87\x8d\x2c\xbb\x14\x4d\x5e\xa2\
\x7d\x18\xc9\xf6\xcb\xc2\x24\x79\xcd\xf3\xca\x0c\x97\x3f\x0f\x41\
\x3f\x48\x14\xf5\x74\x27\x49\x82\x95\x95\x15\x3c\x7a\xf4\x08\xdb\
\xdb\xdb\x68\x34\x1a\xa8\xd5\x6a\x03\x02\x7e\xf6\xec\x59\x34\x1a\
\x0d\x2c\x2f\x2f\x63\x61\x61\x01\x67\xce\x9c\xc1\xfd\xfb\xf7\xb1\
\xbe\xbe\x8e\x33\x67\xce\x40\x4a\x89\x6e\xb7\x8b\x24\x49\x70\xf6\
\xec\x59\x34\x9b\x4d\x54\xab\x55\x6c\x6f\x6f\xe3\xcb\x2f\xbf\x44\
\xbb\xdd\xc6\x89\x13\x27\x30\x37\x37\x87\x9d\x9d\x9d\x41\x1d\xf5\
\x5d\x53\xea\xf5\x3a\xe6\xe6\xe6\x0a\xe9\xa2\xc3\xb4\xbc\xa0\x6c\
\x8f\xf7\x24\x61\x54\xd9\xb3\x2d\x3b\xa4\xcb\x8c\x4c\xe5\xe5\xc5\
\xa8\x83\xe1\x32\x8e\x6d\xf5\xa2\xf9\x8a\xd8\x48\x1a\xef\xb2\x95\
\x07\x65\x23\xeb\x8d\x59\xbc\xfd\xad\xff\x0c\x91\x26\xb8\xfd\xab\
\x9f\xa3\xbd\xb5\x86\x04\x29\x64\x22\x91\xa4\x02\x61\x10\x23\xec\
\x4a\xa4\xa9\x79\xf3\x05\x2e\xee\xb8\xca\x9f\x09\x47\x9a\x74\xe7\
\x51\x2a\x45\xbd\x6e\xae\x6b\xf8\x7a\xb9\x6a\xb5\xda\xc0\x58\xd2\
\xbd\x6f\x5f\x26\xb8\x11\xb7\x8f\xd7\xda\x14\x67\x23\xde\xa6\xa9\
\x33\xdf\x6b\x8f\x1b\x71\x1c\x1f\xe8\xf5\x38\x1c\x55\x05\x55\x26\
\x11\x1b\x85\x78\x1f\x64\x9f\x29\x4a\xba\x83\x20\xc0\xc5\x8b\x17\
\x51\xaf\xd7\xb1\xba\xba\x8a\x53\xa7\x4e\x61\x6f\x6f\x0f\x4f\x9e\
\x3c\x19\xac\x11\xef\xf5\x7a\x88\xe3\x18\xdb\xdb\xdb\x38\x79\xf2\
\x24\x4e\x9c\x38\x81\x56\xab\x35\xf0\x5a\xef\xed\xed\x21\x08\x02\
\x9c\x3e\x7d\x1a\xb5\x5a\x0d\x42\x08\x9c\x39\x73\x06\x1b\x1b\x1b\
\xd8\xde\xde\xc6\xb9\x73\xe7\x06\x44\xfb\xc4\x89\x13\x78\xfc\xf8\
\x31\x84\x10\x03\xef\xb6\x72\x02\x14\xd9\xa7\xff\x20\xfb\x28\xfd\
\xaa\xa7\xef\xf5\xf3\x10\x70\x17\x41\x38\xaa\x32\xa9\x83\x12\x68\
\xee\x38\x4f\x19\xb6\x3c\x14\xfa\x80\xef\xb0\x83\x23\xe2\xdc\x3f\
\x3d\xc7\x16\x36\xc5\xe9\xf1\x26\xdb\x48\x6d\xe2\xb8\xbf\xce\x3c\
\x77\x72\x1e\xef\xfc\xf6\x7f\x41\x2f\xee\xe0\xb3\x8f\x3e\x80\xdc\
\x69\x23\x95\x31\x84\x10\x48\x84\x40\x28\x04\xb8\x4b\x71\x8e\x22\
\x3d\x8e\x1e\xe7\xc1\x24\xc8\x9f\x8e\x23\x4d\xba\xcb\xc0\xa8\x64\
\x21\x49\x12\xaf\x7c\x33\x33\x33\x58\x58\x58\xc0\xb3\x67\xcf\x70\
\xed\xda\xb5\xc1\x17\xe0\x5e\x86\x21\xd3\x61\x23\xc6\x5c\x3e\x5b\
\x9c\xad\x1d\x6d\xc4\x9c\x8e\xe4\x5f\x96\x17\xcd\xf7\x59\x8e\x03\
\x93\xe4\xdd\xa6\xf0\x5d\x22\xe2\x4a\xf3\x59\x52\x72\xd0\xa4\x5b\
\xed\x6f\x9d\xf7\xba\x41\x10\x20\x8e\x63\x74\x3a\x1d\x24\x49\x32\
\xf8\x82\x25\x90\x7d\xd1\xb2\xd3\xe9\x60\x67\x67\x07\xdd\x6e\x17\
\xf5\x7a\x1d\x95\x4a\x05\xf5\x7a\x1d\x49\x92\xa0\xdb\xed\x22\x8a\
\x22\xc4\x71\x8c\xf5\xf5\x75\xcc\xcf\xcf\xa3\xd9\x6c\x22\x08\xb2\
\x3d\xc2\x67\x67\x67\x51\xad\x56\xd1\xeb\xf5\xb0\xbb\xbb\x8b\x38\
\x8e\x07\xb3\x6d\xad\x56\x0b\xd5\x6a\x15\x27\x4f\x9e\x84\x94\xb2\
\x50\x9f\xd7\xd7\x87\xeb\x6d\xc1\x1d\x8f\x0a\xdb\xa0\x20\xaf\x37\
\x2d\x4f\xfe\x49\x95\x45\x17\x7c\xbc\xd7\x26\x6f\xb8\x1e\xa7\xe3\
\x30\x92\x6e\x97\x97\xdb\x97\x70\xeb\xf9\xb9\x70\x59\x72\xc1\xc9\
\x9b\x4f\x5d\x8a\x5c\xb3\x39\x77\x12\x5f\xff\xed\xef\x21\xee\xf5\
\xf0\xc5\x27\x1f\xa1\x83\x36\x44\x1c\x23\x15\x02\x71\x92\x42\xc8\
\xaf\xde\x3d\xc9\x3b\x20\x2e\x4a\xbc\x27\x09\x13\x47\xba\x47\xf1\
\x92\xf9\x94\x45\xd3\x7d\x3d\x45\x27\x4f\x9e\xc4\xeb\xaf\xbf\x8e\
\x9f\xfc\xe4\x27\x78\xeb\xad\xb7\x50\xad\x56\x01\xec\xff\xec\x39\
\x77\x8d\x71\x43\x4a\x89\x38\x8e\xbd\xbc\xd8\xb4\x4d\x5c\xa4\xdd\
\x44\xb0\x7d\xf2\xe6\x39\x2e\x03\x07\xfd\x92\xab\x49\x71\x1d\x55\
\x14\x99\x31\x2a\x63\x0a\x5c\xc7\xb8\x49\x37\x35\xd6\x45\xd6\x74\
\x03\xd9\x00\x4f\x7d\x72\x5d\x91\x76\x5d\x27\x34\x9b\x4d\x9c\x3d\
\x7b\x76\xf0\xc2\xa5\x10\x02\x0b\x0b\x0b\x68\x36\x9b\x83\xb5\xde\
\x51\x14\xa1\x52\xa9\xa0\xdd\x6e\xa3\xd1\x68\x0c\xea\xa4\xe4\x79\
\x76\x76\x16\x9b\x9b\x9b\xd8\xde\xde\xc6\xe2\xe2\x22\x2a\x95\x0a\
\x9e\x3d\x7b\x86\x30\x0c\x31\x3b\x3b\x5b\xb8\xbf\x17\xb9\xdf\x32\
\xe0\x2b\x2b\x45\xa7\xb6\x27\x45\x0e\x75\xd8\x3c\xdc\x5c\x1e\xdb\
\xf9\x3e\xd7\xe0\x90\x24\xc9\xa0\x6f\x1f\x04\x4c\x84\xda\x46\xae\
\xf5\x63\x9a\x8f\xda\x3d\x9b\xce\xa1\xe5\xd1\x74\x15\x2e\xc3\x46\
\x8e\x0b\x41\x10\xe0\xd4\xc2\x59\x7c\xfb\xbd\x1f\x20\xe9\x76\xf0\
\xe5\xe7\x37\xd1\x13\x02\x52\xc8\xbe\x83\xa0\x1c\xf9\xcf\x4b\xc0\
\x27\x45\x3e\x8f\x2c\xe9\xf6\x19\x61\x17\x29\xc3\x95\x46\x47\xbd\
\xdd\x6e\xd7\xeb\x5a\x0b\x0b\x0b\xf8\x9d\xdf\xf9\x1d\xfc\xcd\xdf\
\xfc\x0d\xbe\xfb\xdd\xef\xe2\x9b\xdf\xfc\x26\x2a\x95\xca\x60\x3a\
\x59\x19\x5e\x9b\xc0\xd1\x7a\xa8\x3c\xa3\x76\xc6\xb9\xb9\x39\xbc\
\xf5\xd6\x5b\x83\x25\x30\x36\x0f\xb6\x9a\xee\xf5\xf5\x7c\xe7\x21\
\xe3\x2f\x1b\xdd\x6e\x77\x88\x08\x8f\x83\x10\x4f\x1a\xd1\xa6\x28\
\x93\x78\xfb\xc8\xa0\x0a\x2b\x14\xd9\x49\xc4\x65\xa0\x4d\x32\xc6\
\xed\xd3\xed\x7b\xcd\x30\x0c\x71\xe5\xca\x15\x5c\xb9\x72\xc5\x7a\
\x0d\x1d\xd4\x98\xeb\x71\x0a\x97\x2e\x5d\xc2\xa5\x4b\x97\x06\xe1\
\x53\xa7\x4e\x0d\xae\x07\x60\xf0\xd1\x9e\x20\x08\x9c\x7b\xf4\x9b\
\x40\xbf\xc2\x39\x4e\x28\x82\x6f\xf3\xa8\xf9\x2c\x25\xf1\x39\xce\
\x53\xf6\x24\xc3\xe5\xcd\xb6\xc9\xa5\xfa\xd7\x8f\xbb\xdd\xee\x60\
\x16\xa7\x08\x46\x91\x51\x57\x19\x5c\xba\xcf\x75\xb9\xf2\x15\xb8\
\x25\x51\x36\xcf\xb7\x8f\x8d\x34\x7d\xa5\x79\x5c\x08\x82\x00\xa7\
\xce\x9c\xc3\xff\xf6\xde\x0f\xd0\xed\x76\xf0\xf4\xde\x67\xe8\xa5\
\x12\x22\x95\x10\xa2\xbc\xeb\x1f\x47\xe2\x7d\x64\x49\xb7\x2f\x8a\
\x78\xd8\xf2\x4c\xb1\x75\x3a\x1d\xaf\x7a\x54\xab\x55\x7c\xf3\x9b\
\xdf\xc4\x17\x5f\x7c\x81\x3f\xff\xf3\x3f\xc7\x9f\xfd\xd9\x9f\xe1\
\x87\x3f\xfc\x21\x2e\x5d\xba\x34\xe8\x48\xca\x80\x2b\xe1\x53\x84\
\x3c\xcf\xe8\xd7\xa5\x84\x54\xbc\x9e\xb6\xbb\xbb\x8b\xbb\x77\xef\
\x62\x7e\x7e\xde\x48\x80\x4d\x0a\x80\xa6\xd9\x94\x0b\x77\x8e\xaf\
\xb7\xfb\x20\x60\x7a\x96\x1c\x11\xb7\x4d\xaf\xd1\xb4\x49\x27\xda\
\x14\x36\xe3\x64\x4a\xb3\xc5\xfb\xc8\xaf\x6a\x5f\xb5\xdc\x63\xdc\
\xd3\xd9\xba\x8c\xfa\x2e\xd1\xe8\xf5\x7a\xe8\x76\xbb\x83\xdd\x4a\
\xd4\x71\x10\x04\xfb\xb6\xf7\x8b\xa2\x68\x48\xf6\x95\x21\x57\x3a\
\x41\x95\x51\xab\xd5\x06\xe7\xea\x65\xab\x97\x32\x55\x5b\x48\x29\
\x07\x1e\x47\x5d\x9f\x08\x21\xd0\x68\x34\x50\xaf\xd7\xbd\x5f\xaa\
\x3c\xa8\x2d\x03\x85\x10\x48\x92\x64\xdf\xb3\xb4\x11\xe8\xa2\x9e\
\x6d\xdf\x01\xcf\x51\x84\xc9\xab\x6d\xf3\xde\xfa\xb4\x87\xa9\x2c\
\x5a\x86\x9a\xd1\x71\x21\x0f\x89\x2e\x5a\x86\xcb\xb3\x4d\xe3\x6c\
\xf7\xc7\x5d\x5b\xc1\x36\x10\x77\xd9\x57\x8e\x8c\xfb\x94\x55\xb6\
\x1d\x0d\x82\x10\x8b\x4b\x57\xf0\xdb\xdf\xfb\x21\x7e\x11\xc7\x78\
\xf2\xc5\x1d\x08\xc9\xaf\xe9\x2e\x03\x79\x88\xf7\x61\x70\xd2\x15\
\xc5\xc4\x90\x6e\x93\xd0\xe7\x7d\x38\xbe\x1e\x6e\x85\xdd\xdd\x5d\
\xef\xb2\xe7\xe7\xe7\xf1\x87\x7f\xf8\x87\xa8\x54\x2a\xf8\xcb\xbf\
\xfc\x4b\xfc\xc5\x5f\xfc\x05\x96\x96\x96\x70\xfd\xfa\x75\x5c\xbb\
\x76\x0d\x6f\xbf\xfd\x36\xae\x5f\xbf\x8e\x57\x5e\x79\x05\x27\x4e\
\x9c\x40\xad\x56\x03\x80\xa1\x29\x66\xfd\xc7\x91\x71\xfd\x5f\x3f\
\x36\x11\x70\xfd\x98\x33\xbc\x9c\xf7\xda\x74\x2d\x57\xf9\x36\x82\
\xed\xc2\x41\x10\xf3\x3c\xcf\x52\x87\x8d\x54\x1f\x65\x63\x3d\x2a\
\xca\xf2\x7a\xbb\xca\xa1\xe1\x51\x5f\x56\xf6\xf5\xac\x29\x99\xf4\
\x5d\x6e\xb1\xb1\xb1\x81\xa7\x4f\x9f\xa2\x5e\xaf\x63\x66\x66\x66\
\x70\xac\xd6\x6b\xa7\x69\x8a\x38\x8e\xd1\x68\x34\x06\xcb\x48\xe2\
\x38\x1e\xac\xe3\x56\x4b\x49\x94\xe7\xb0\x56\xab\xe1\xf4\xe9\xd3\
\x68\x36\x9b\x48\x92\x04\xcb\xcb\xcb\xa8\x56\xab\x68\x34\x1a\xd8\
\xdc\xdc\xc4\xcc\xcc\x0c\x3a\x9d\x0e\x6a\xb5\x1a\xd2\x34\xc5\xf6\
\xf6\x36\x4e\x9f\x3e\x8d\x38\x8e\x07\x84\xb6\xd7\xeb\xe1\xca\x95\
\x2b\xb8\x70\xe1\x02\xaa\xd5\xaa\x57\x7f\x35\x11\x8a\xb2\x0d\xa1\
\x9a\x79\x02\x78\x42\x6d\x23\xcd\x79\x3c\xdb\xbe\x65\x4e\x22\x6c\
\xc4\x92\xa6\xf9\xc8\x26\xa7\x0b\x7d\x67\x83\x5d\x28\xc3\xcb\xed\
\x13\x67\x23\xdc\x2e\x3b\xaa\x87\x6d\x36\x92\x4b\xe3\x96\x9a\xbe\
\x6c\x87\x54\x18\x86\x38\x7f\xe9\x15\x7c\xfb\xbf\xfc\x3e\x7a\xdd\
\x0e\x56\x1e\x7d\x09\x90\xe7\x9b\x77\xc0\x66\x83\xaf\xe7\xfb\x28\
\xcb\xe6\x44\x90\xee\xbc\xe4\xda\x36\x2a\xb7\x11\x81\x30\x0c\xf7\
\x19\x9c\x3c\x0a\x25\x08\xb2\xdd\x06\xfe\xf8\x8f\xff\x18\xdf\xfb\
\xde\xf7\xf0\xb3\x9f\xfd\x0c\x37\x6e\xdc\xc0\xc7\x1f\x7f\x8c\x7f\
\xfa\xa7\x7f\x1a\x78\xa7\x1a\x8d\x06\x2e\x5f\xbe\x8c\xeb\xd7\xaf\
\xe3\xfa\xf5\xeb\x78\xe7\x9d\x77\x70\xfd\xfa\x75\x5c\xb9\x72\x05\
\xb3\xb3\xb3\x43\x9e\x71\x8e\x8c\xeb\x69\xaa\xee\x9c\x62\x54\x2f\
\x70\x49\x99\xad\x01\x5d\x5a\x5a\x32\xb6\xa3\xcf\x48\x9c\xfb\xcf\
\xeb\xf9\xf6\xc9\x3b\x2e\xec\xed\xed\x1d\xd8\xb5\x8e\x0b\x8a\x0e\
\x7c\x01\xf3\x0c\x8e\x1e\xc7\x91\x31\x5f\xd2\x5d\xd4\xb3\xa6\xf7\
\x69\xe5\x59\xf7\xc1\xde\xde\x1e\xd6\xd6\xd6\x30\x3b\x3b\x8b\x38\
\x8e\xf1\xfc\xf9\xf3\xc1\x4b\x8f\x33\x33\x33\x03\x12\xdc\x6c\x36\
\x21\xa5\x44\xa7\xd3\x41\x1c\xc7\xe8\xf5\x7a\xe8\x74\x3a\xa8\x56\
\xab\xd8\xd8\xd8\x40\xa7\xd3\x41\xb3\xd9\x1c\x6c\x35\x18\x45\x11\
\x7a\xbd\x1e\xd6\xd7\xd7\x51\xab\xd5\xd0\x6c\x36\xb1\xb6\xb6\x86\
\x66\xb3\x89\x9d\x9d\x9d\x41\xd9\x6b\x6b\x6b\x83\x41\x89\xda\x21\
\xa5\xdb\xed\xe2\xd4\xa9\x53\x38\x7b\xf6\xac\xf7\xec\xc0\x41\x2d\
\x2f\x51\xba\x95\xce\x1a\xb9\xe0\x43\xb8\x5d\xe4\x7a\x12\xc8\xb7\
\x8d\x38\xfa\x0e\x86\x5d\x61\x5b\x9c\xfa\xf9\xce\x06\x2b\x8c\x22\
\x97\x3e\x5e\x6e\x97\x67\xdb\x94\x47\x1d\xdb\xae\x4f\x8f\xf3\xd8\
\x48\x57\x59\x79\xae\x5b\x26\xc2\x30\xc2\xa5\x57\xdf\xc4\xbb\xff\
\x55\xe0\x5f\xfe\x9f\xff\x1b\x41\xb8\x5f\xef\xda\xc2\x45\xe5\xe7\
\xa8\xca\x9d\x0b\x13\x41\xba\x39\xe4\x21\xd6\x45\x3c\x72\x2a\xad\
\xd7\xeb\xa1\xd5\x6a\xe1\xc4\x89\x13\xde\xf5\xaa\xd5\x6a\x78\xf5\
\xd5\x57\xf1\xca\x2b\xaf\xe0\x4f\xfe\xe4\x4f\x20\x84\xc0\xf6\xf6\
\x36\x1e\x3c\x78\x80\xbb\x77\xef\xe2\xe6\xcd\x9b\xb8\x73\xe7\x0e\
\xfe\xf5\x5f\xff\x15\x3f\xfa\xd1\x8f\x06\x42\xdf\x6c\x36\xf1\xea\
\xab\xaf\xe2\xad\xb7\xde\xc2\xdb\x6f\xbf\x8d\xaf\x7f\xfd\xeb\x78\
\xeb\xad\xb7\x70\xf9\xf2\x65\xd4\xeb\xf5\xc1\xfd\xa9\xf5\xe1\x26\
\xcf\xb8\x7a\xa9\xe5\xe6\xcd\x9b\x48\x92\x04\xbb\xbb\xbb\x78\xf1\
\xe2\x05\x5e\x7d\xf5\xd5\xd2\x95\x8a\xe9\x7c\x5b\x99\x79\xae\x5f\
\x16\x92\x24\xc1\xf6\xf6\xf6\x90\xb1\x30\x79\xaf\xc7\x89\x97\x71\
\xcd\x71\xc3\x26\x77\x5c\x7c\xde\xb2\xe8\xf3\xda\xdc\xdc\xc4\xc2\
\xc2\x42\xa1\xba\xe6\xf1\xa6\x29\xc2\xed\x4b\xba\xe9\x20\x59\xc9\
\x23\x27\xab\xfa\xbb\x1e\xa6\xd9\x2d\x95\xae\x7e\xa6\x41\x38\x77\
\x5d\x1a\xe7\x7b\x1f\x41\x10\xec\x23\xdd\xe3\x92\xcb\x56\xab\x65\
\xf4\x70\x8f\x42\xac\x8b\x92\xef\xa3\x08\x1f\x8f\x6d\x5e\xa2\x6d\
\x23\xd9\x5c\xdc\xde\xde\x1e\x92\x24\x29\xf4\x21\x26\x85\x3c\x72\
\x69\x23\xd5\x5c\x3e\xdb\xbf\xe9\x7e\x6d\xf5\xa4\xc7\x3e\x36\x72\
\x54\xe7\x94\xab\x2e\xa3\xa2\x52\xa9\xe0\xcc\x85\xcb\x38\x73\xf5\
\x4d\x04\x41\x36\x1b\x6e\x7a\xe6\x5c\xb8\x28\x09\x3f\xea\xf2\xc7\
\xe1\xc8\x93\xee\x3c\x23\x6f\xae\x13\x8e\x42\xb8\x81\xac\x63\x6f\
\x6c\x6c\x78\x91\x6e\x5d\xf0\x83\x20\x18\xfa\x0c\xf3\xe2\xe2\x22\
\xce\x9d\x3b\x87\x77\xdf\x7d\x77\xb0\x66\x32\x4d\x53\xac\xac\xac\
\xe0\xde\xbd\x7b\xf8\xfc\xf3\xcf\x71\xf3\xe6\x4d\xdc\xba\x75\x0b\
\x3f\xfe\xf1\x8f\xf1\xb7\x7f\xfb\xb7\x03\xaf\xf6\xfc\xfc\x3c\xde\
\x78\xe3\x0d\xbc\xf3\xce\x3b\x83\xdf\xdb\x6f\xbf\x8d\xa5\xa5\xa5\
\xa1\x29\x63\x65\x54\xc3\x30\x44\xaf\xd7\xc3\x5f\xfd\xd5\x5f\x41\
\x08\x81\xb5\xb5\x35\xbc\xfe\xfa\xeb\xf8\xee\x77\xbf\xcb\xd6\xd9\
\x14\x97\xf7\xdf\x15\x67\xba\xee\x41\x78\xd5\xb6\xb6\xb6\x00\x1c\
\x9c\x90\x73\xe4\xfe\xa8\x2b\x18\x17\x89\xb6\xc9\x20\x77\x9e\xad\
\x3c\x8e\x08\xa8\x5f\xab\xd5\xca\x55\x6f\x97\x37\xcd\x66\xf0\x75\
\x22\xeb\x82\x4e\xa0\x29\x99\x1e\xe5\x67\x23\xdc\x1c\xd9\xe6\xd2\
\xf3\x90\x6e\xfd\xa5\xef\x71\xf6\xd9\xdd\xdd\x5d\x96\x14\x97\x41\
\xa6\x8b\xe4\x9f\x34\x98\x48\xb8\x6f\xd8\xe6\xd8\xd2\x21\xa5\xc4\
\xce\xce\x0e\xe6\xe7\xe7\x9d\x75\x72\x11\xea\x3c\x79\x8b\x12\x6d\
\x1b\xe1\x36\xdd\x9f\x29\x3c\x0e\xe7\x14\x87\x83\xb0\x97\xdb\xad\
\x36\xe6\x4e\x5f\x80\x48\xbe\x5a\xa3\x9f\x57\x56\x38\x12\xee\x7b\
\xce\xa4\xe0\x48\x93\xee\x97\x49\xb8\xf5\xb4\xf5\xf5\x75\x5c\xbd\
\x7a\xd5\xbb\xde\x26\x65\xa1\x2b\xb2\x20\x08\x50\xad\x56\x71\xf9\
\xf2\x65\x5c\xb9\x72\x05\x3f\xf8\xc1\x0f\x06\xf1\x5b\x5b\x5b\xb8\
\x7f\xff\x3e\x6e\xdf\xbe\x8d\x5b\xb7\x6e\xe1\xce\x9d\x3b\xb8\x7f\
\xff\x3e\x7e\xf4\xa3\x1f\xe1\xef\xfe\xee\xef\x06\x46\x71\x61\x61\
\x01\x6f\xbc\xf1\x06\xbe\xf6\xb5\xaf\xe1\x6b\x5f\xfb\x1a\xde\x7e\
\xfb\x6d\x34\x9b\x4d\x6c\x6f\x6f\xe3\xaf\xff\xfa\xaf\xf1\x8f\xff\
\xf8\x8f\x68\x36\x9b\xb8\x74\xe9\x12\xfe\xe8\x8f\xfe\x08\xaf\xbf\
\xfe\xfa\xa0\x4e\x5c\x9d\xb9\xb0\xaf\x32\x28\xa2\x5c\x0e\x92\x8c\
\x6f\x6e\x6e\x0e\x8e\x4d\x06\xa6\xcc\xdf\x24\xc3\x77\xb0\xea\x9b\
\xe6\x8a\xa7\x50\xcb\x26\xea\xf5\x7a\xae\x7a\xe7\xf5\xa0\xa9\x81\
\xb1\xef\x8b\x94\x36\x42\xec\xfb\x53\xd7\x2d\x4a\xc0\xb9\x5f\x1e\
\xd2\xad\xee\x83\x6b\xbb\x32\xa1\x3e\x0e\xa4\xde\x31\x51\xed\xae\
\xbf\x73\x52\x84\x58\x73\xf9\x26\x9d\x7c\xd3\x7b\xa2\x24\xd2\x46\
\x30\x39\xc2\xe9\xca\xc3\xb5\x73\xbb\xdd\xf6\x22\xdd\x1c\xf2\xca\
\xa5\x6e\x43\xb9\xb8\x22\x84\xdb\xe5\x50\xe0\xd2\xc6\xe5\x9c\xca\
\x63\x03\xcb\x94\xcb\xb5\xb5\x35\x84\x51\x05\x51\x34\x4c\x1b\x47\
\x91\x13\x6e\x20\xed\xca\x7b\xd4\x71\xa4\x49\x37\x85\x49\xa1\x96\
\x41\xb8\x6d\xc2\xb9\xba\xba\x8a\x5e\xaf\x37\x78\xf1\xd1\x17\x45\
\x94\x09\x90\x79\xb6\xbf\xfd\xed\x6f\xe3\x3b\xdf\xf9\xce\x50\x5e\
\xf5\x69\xe9\xcf\x3f\xff\x1c\xb7\x6e\xdd\xc2\x97\x5f\x7e\x89\x7b\
\xf7\xee\xe1\x1f\xfe\xe1\x1f\xf0\xf7\x7f\xff\xf7\x83\x17\xb5\x82\
\x20\xfb\x50\xc6\xd5\xab\x57\x71\xe9\xd2\x25\xfc\xc1\x1f\xfc\x01\
\xfe\xf4\x4f\xff\xd4\x4b\x40\x47\x51\x0c\xa3\x28\x92\x71\x8e\xe4\
\xa5\x94\x78\xfe\xfc\xf9\x50\xdc\x71\x21\xc8\xe3\x82\xcb\x48\x15\
\x21\xe6\x26\xa3\xcf\x3d\xa3\xd5\xd5\xd5\xa1\xad\xf3\x4c\xc8\x23\
\x77\x7a\x3a\x80\x21\xb2\xea\xd3\x27\xe9\xb2\x2f\x4a\x7c\x7d\x89\
\xb8\x89\x30\xbb\x48\xbd\x1a\x24\xe8\x79\xf5\x38\x9f\xc1\x43\x10\
\x04\x43\xf7\x3b\x2e\xb9\xdc\xd8\xd8\x18\xba\x26\xfd\xb7\x11\x65\
\xce\x90\x73\x03\x69\x8a\x49\x26\xdf\xbe\xe4\xda\x45\xbc\x4d\x79\
\xf4\x78\xfa\x9c\x82\x20\xc0\xfa\xfa\x3a\x2e\x5e\xbc\xe8\xdd\x96\
\x45\xe5\xd2\x14\x97\xf7\x9f\xbb\x9e\x2f\x7c\x6d\x9f\x4f\x7a\xd1\
\xb8\xb2\x6d\x64\xa7\xd3\xf9\x6a\x36\xb8\x3f\x43\xcf\x3d\x67\x3d\
\x9c\x17\xea\x3c\x5b\xdd\x27\x41\x16\x27\x86\x74\xbb\x1e\x96\x2b\
\xaf\xfe\x30\x5d\x84\x9b\xa6\x09\x21\xb0\xbc\xbc\xec\xe5\xed\x2e\
\x43\x99\x70\x06\x24\x08\x02\x2c\x2d\x2d\x61\x69\x69\x09\xef\xbd\
\xf7\xde\xe0\x1c\x21\x04\x56\x56\x56\xf0\xf4\xe9\x53\x7c\xf9\xe5\
\x97\x78\xfa\xf4\x29\x9e\x3c\x79\x82\x20\x08\x70\xed\xda\x35\x7c\
\xff\xfb\xdf\xc7\x9b\x6f\xbe\xe9\xac\xb3\x29\x9c\x47\xc1\xf8\xa6\
\xb9\xe2\xca\xc6\xda\xda\xda\xe0\x25\x56\x5d\x81\x4c\x49\xf7\xe8\
\xb0\x19\xad\xa2\xc4\xdc\x46\xbe\x55\x9a\x2f\xe9\x56\x28\x22\x97\
\xba\x77\xd9\xa7\x9f\xba\x96\x7e\xe8\x61\xdb\x5a\x6e\x9a\x8f\x12\
\x69\x4a\xaa\xe9\x39\xdc\xf5\x8b\x2c\x2f\x19\x17\xa4\xcc\x96\xec\
\xd9\x0c\xbb\x1e\xa7\x87\x5d\xc7\xae\x34\x8a\xa3\x2e\xff\x2e\xcf\
\xad\x9e\x8f\x3b\x87\xcb\xab\xe2\x4c\xf6\x90\xd3\x9b\x6a\xf7\x9c\
\x32\x96\x98\x70\xe9\xb6\x38\x2e\x0f\x57\x1e\xb5\xf1\x2e\x9e\x40\
\xcb\x30\x85\xf3\x3a\x96\xf2\x3a\xa7\xc6\x49\xb6\x15\x96\x97\x97\
\xd9\xf6\x73\xf5\x23\x6e\x00\xec\x82\xcb\xee\xe6\xe1\x7a\x87\x11\
\x13\x43\xba\x39\x98\x94\x87\x6b\xe4\xee\x93\x5f\x3f\x2f\x08\x02\
\x3c\x79\xf2\xa4\xf0\x12\x13\x2e\xae\x88\x32\xe1\x14\x55\x14\x45\
\xb8\x78\xf1\x22\x2e\x5d\xba\x84\x77\xdf\x7d\x77\xa8\xfe\x5c\x9d\
\x5c\x75\xe6\xc2\x3e\xc4\xdb\x97\x80\xbf\x0c\xe5\xb2\xb2\xb2\x62\
\x4d\xe7\x88\x78\xd9\xa4\x7c\xd2\x49\xbe\x0f\xf9\xe6\xd2\x5d\xe7\
\x71\x6d\x16\x04\xd9\x0b\xce\xdb\xdb\xdb\x38\x79\xf2\x64\xae\x7a\
\xfa\xca\x25\xf5\x12\xfb\xf6\xc7\x7a\xbd\x8e\x5a\xad\x86\x4a\xa5\
\x82\x99\x99\x99\xc1\x96\x81\xd5\x6a\x75\x68\xef\x6d\xf5\xb5\x49\
\x29\xe5\x60\x30\x58\xa9\x54\x30\x3b\x3b\x8b\x4a\xa5\x82\x46\xa3\
\x81\x6a\xb5\x8a\x4a\xa5\x82\x20\x08\x06\xbb\x1e\xa9\xb2\x66\x66\
\x66\x06\xdb\x07\xaa\xed\x08\x9b\xcd\xe6\xa0\x6c\x21\xc4\xe0\xe5\
\x36\xf5\x91\x2e\xdf\xe5\x25\xf4\x7e\xcb\x36\x80\xdb\xdb\xdb\x43\
\x4b\x4b\xf4\x77\x5f\x14\x8a\x92\xef\x3c\x24\x7d\x52\x64\xd1\x44\
\xa8\x39\xfb\xa8\xa7\xf9\xd8\x4f\x9b\x8d\xa4\xbb\x7d\xad\xad\xad\
\xe5\x5a\x62\x92\xd7\x19\xa5\xc7\xd9\x88\xb6\x89\x5c\xfb\x0c\x50\
\xf2\xd8\xc8\x97\xed\x9c\x2a\x53\x2e\x9f\x3d\x7b\x36\x38\x2e\x2a\
\x17\x79\x49\xf8\xa4\xc8\x1f\xc5\x44\x90\x6e\xd3\x88\xd4\xa4\x50\
\x5c\xe7\xba\xe2\x01\xec\x13\xce\x76\xbb\x8d\xe5\xe5\xe5\xc1\x17\
\xdf\x7c\x31\x0e\x65\x62\xca\x4f\xef\xcb\x46\x68\x6c\xf5\xe5\xc2\
\x79\x88\xb7\x8b\x50\x9b\xae\x95\xb7\xae\x3e\x68\xb5\x5a\x58\x5f\
\x5f\x67\x0d\xbb\x2f\x5c\xa4\xdc\xe7\x37\x29\x70\xf5\x29\x97\x01\
\x33\xa5\xdb\xe2\x95\x81\xd7\x07\x9f\x41\x10\xe0\xe9\xd3\xa7\x5e\
\xa4\xdb\x36\xc0\x35\xe5\x53\x61\xb5\x2c\xc3\xa7\x5f\x36\x9b\x4d\
\x5c\xbd\x7a\x75\x50\xdf\xb9\xb9\xb9\xa1\xd9\x15\x29\x33\x8f\x74\
\x14\x45\x43\x1f\xcb\x01\xbe\xfa\xca\x9d\x22\xbc\x3a\x11\x57\x1f\
\xbf\x51\xfb\xec\x07\x41\x80\x85\x85\x85\x41\x99\xaa\x2c\x45\xb2\
\xf5\xfa\xab\xf3\x82\x20\xc8\xbd\xbc\x84\xb6\x57\x59\x58\x5d\x5d\
\x1d\x5c\x8b\xae\xe1\xa6\x72\x5a\x84\x54\xdb\xd2\x26\x8d\x70\x2b\
\xd8\x6c\x80\xcd\x4e\xfa\xd8\x56\x15\xc7\xb5\x99\xfe\x0c\xb7\xb6\
\xb6\xb0\xbb\xbb\x9b\x7b\x0f\xfd\xa2\xce\x28\xae\x0c\x9f\xf3\x55\
\x9c\xe9\x5e\x7d\xea\xcb\x85\xcb\x74\x4e\x99\xae\x65\x8a\x1b\x05\
\xcf\x9f\x3f\x1f\xfa\x90\x17\x27\x97\x45\xe0\x63\xfb\xb8\xc1\xdf\
\x51\xc7\x91\x27\xdd\x07\x45\xb8\x5d\x46\x5f\x4a\x89\x07\x0f\x1e\
\x78\x91\xee\x3c\x82\x3f\x0e\x65\xc2\x19\x4a\x5b\xe7\x77\x09\x76\
\x11\xc2\x5d\x86\x72\x29\x03\x0f\x1e\x3c\x18\x1c\xeb\x46\x7d\x12\
\x09\xf1\x41\xc2\x45\xae\xf5\x3c\xb6\x74\x9f\x81\xaf\x1e\xaf\xff\
\x5a\xad\xd6\xc8\xde\x6e\x9b\xec\x29\xc2\xed\xeb\xe9\x0e\x82\x60\
\xe8\xe5\xce\x51\xb6\x50\xe3\xca\x6e\x34\x1a\x83\xb0\xda\x16\x54\
\x87\xed\xc5\x52\xee\xe5\x48\x13\x4c\x6b\xba\xcb\x40\xbb\xdd\xc6\
\xce\xce\x0e\xa2\x28\x72\x12\xea\x22\xa4\xda\x94\x66\x23\x8d\x93\
\x02\x4a\xb6\xf5\x78\x9a\x8f\x0b\xd3\xf3\x5d\x72\xc8\x5d\x67\x65\
\x65\x05\xaf\xbd\xf6\x9a\xb3\xae\x45\x9d\x51\xb6\x34\x97\x23\x8a\
\x6b\x9f\xb2\x6d\x64\x59\xce\x29\xdf\xb2\xcb\xc0\xc3\x87\x0f\xd9\
\x78\x35\x33\x07\xec\x9f\x75\xcc\x2b\x37\x2e\x5b\x3b\x49\xb6\xf8\
\xc8\x93\x6e\x1d\x26\x41\xf1\x21\xd6\x36\x52\x4d\xe3\x14\xe8\xf4\
\xd9\xf6\xf6\x36\x9e\x3f\x7f\x8e\xc5\xc5\xc5\x5c\xf5\x3e\x68\x65\
\xe2\x7b\x7f\x5c\x3d\x4d\xe1\x51\x88\xb7\x2f\x01\x2f\xdb\xd0\xab\
\x8f\x95\xd0\xaf\x70\x72\x0a\xc4\xf4\x9b\xc2\x0d\x17\x01\xb7\xa5\
\xfb\xa4\x99\x9e\x43\x10\x04\x78\xf6\xec\x59\x2e\x6f\x37\x17\x67\
\x1a\xb4\x02\x70\x7a\xba\x5d\x86\x9c\xbb\x1f\x53\x1e\xd3\x7d\x72\
\x44\xca\x24\xef\xb6\xb2\x6c\x72\xa5\xe7\xb7\xed\xd3\x3d\x2a\x56\
\x56\x56\x58\x72\x6d\x22\x89\x79\xc8\x38\x27\xd3\xae\x3c\x93\x00\
\x7a\x7f\x36\x5b\xe0\xb2\x0d\x5c\x7f\xa2\xa4\xdc\xa4\x3f\x81\x6c\
\x97\xa8\x4e\xa7\x33\x34\x40\xb4\xc1\xd7\x99\x64\xca\xef\xfa\xa7\
\xe7\xf8\xb6\x83\xad\xbe\xa6\xf0\x51\x74\x4e\xad\xae\xae\xa2\xd5\
\x6a\xed\xb3\x91\x3e\x30\xf5\x01\xd7\x39\xa3\xa4\x1f\x05\x4c\x0c\
\xe9\x36\x29\x03\x93\x82\x28\x42\xcc\xf5\x78\x4a\xb8\x55\xf8\xee\
\xdd\xbb\x38\x77\xee\x9c\xb3\x73\xf8\x28\x13\x9f\xb4\xa2\xca\x24\
\x8f\x22\xe1\xea\xce\x85\xcb\x20\xde\xe3\x24\xd9\x14\x77\xee\xdc\
\x19\x99\x4c\xdb\x08\x39\x57\x4e\xde\xfc\x93\x86\xb2\x08\xb8\x9e\
\xae\xe4\x91\x1a\x7c\x29\x25\xb6\xb6\xb6\xb0\xb9\xb9\x89\x53\xa7\
\x4e\x79\xd5\xcf\xd7\xa0\xab\xeb\x06\x41\x30\x78\x19\xd1\x74\xbf\
\x9c\xcc\xe9\xcf\xdb\x66\x3c\x7d\xfa\x44\xd9\xa4\xdb\xa6\x27\x94\
\x9e\x93\xb2\xfc\x7d\xba\xb7\xb7\xb7\xd1\x6e\xb7\x07\x5e\x6e\x97\
\x8c\x8c\x42\xbe\xf3\x1c\x4f\x02\x7c\xed\x80\x8f\x7d\xa4\x24\x9b\
\x5e\x47\xfd\x73\xcf\x40\x08\x81\x47\x8f\x1e\xe1\xda\xb5\x6b\xce\
\x3a\xe7\x1d\x08\x17\xf9\xcf\xd3\x36\x79\xe0\x22\xdb\xfa\x71\xd9\
\x04\xbc\x2c\x7b\x29\x84\xc0\xbd\x7b\xf7\x06\xcf\xb1\x0c\xaf\xb6\
\xef\x39\x93\x6c\x0f\x27\x82\x74\xe7\x25\xdc\xae\x7c\x5c\x3c\x27\
\xe8\x2a\x5e\x19\xa2\x20\x08\xd0\x6e\xb7\xf1\xf0\xe1\x43\xbc\xf2\
\xca\x2b\xb9\xee\xa1\xcc\xd1\xbb\x8f\x32\xf1\x69\x1b\xfd\xfa\xae\
\xf8\x32\x09\x77\xde\xd1\x7d\x11\xac\xaf\xaf\x63\x63\x63\x63\x68\
\x39\x89\x8e\xb2\x88\xf0\x71\x23\xd5\x80\x9b\x58\xd3\x7c\xa6\x3c\
\x79\xd3\x69\x5b\x2b\x22\xfe\xf0\xe1\x43\xcc\xcf\xcf\x3b\xdb\x3f\
\x8f\x41\x8f\xa2\x08\x8b\x8b\x8b\x98\x9d\x9d\x45\xbb\xdd\x86\x10\
\x02\xb5\x5a\x0d\x61\x18\x22\x4d\xd3\x81\x81\x12\x42\x0c\xd6\x51\
\x77\x3a\x1d\xa4\x69\x8a\x20\xc8\x96\x82\xcc\xce\xce\x42\x4a\x39\
\x58\xae\xd1\xeb\xf5\xb0\xb7\xb7\x07\x21\xc4\xd0\x4b\x90\x49\x92\
\xa0\xdd\x6e\x23\x49\x12\x04\x41\xb6\x44\xa5\xd1\x68\x20\x8e\xe3\
\xc1\xe7\xe1\xa3\x28\x42\x1c\xc7\x83\x5d\x78\xd4\x3a\xed\xbd\xbd\
\x3d\x00\xd9\x52\x96\x30\x0c\x11\x45\xd1\x60\xeb\x50\xd5\x66\x71\
\x1c\x23\x8a\x22\xd4\x6a\xb5\xa1\x76\x53\xf7\xaf\x93\x6c\xf5\x82\
\xe7\xec\xec\xac\x51\x77\x16\x81\x94\x12\x4f\x9f\x3e\xdd\xf7\xfc\
\x74\xb9\xa1\x46\x9f\x1e\x2b\x98\xc8\x77\x11\x22\x3e\x49\xa0\x36\
\xa0\x48\x18\xe0\x67\x82\x69\xf9\xfa\x39\xba\x97\x54\x4a\x89\x56\
\xab\x85\xad\xad\x2d\xef\x97\x2a\xcb\xb6\x8d\x9c\x2d\xe4\x74\xc9\
\xa8\x36\x92\xc6\xd9\x08\xf2\x28\x36\xb2\x6c\xdb\xa8\xf0\xe8\xd1\
\x23\xf6\x03\x55\x9c\xac\x14\x21\xe2\x3e\x36\x91\xf6\xc3\x49\xc0\
\x44\x90\x6e\x8a\x3c\x24\xdc\x24\x58\x26\xc2\x6d\xf3\x00\xa8\xb8\
\x7b\xf7\xee\x61\x69\x69\xc9\xb9\x6f\xf7\x41\x2b\x13\x9b\xd2\xf4\
\xed\xd4\x26\x45\x62\x3a\xf6\x55\x08\x79\x94\xcb\xa8\x90\x52\xe2\
\xde\xbd\x7b\x83\xb0\x8b\x18\xd3\xf4\xe3\x48\xa4\x8b\x82\xeb\xd7\
\x79\xf3\x70\x6d\xcc\x19\x77\xfa\x53\x7d\xbe\xd3\xe9\xe0\xf9\xf3\
\xe7\x38\x7f\xfe\x7c\xae\xba\xbb\xe4\xb3\xd1\x68\xa0\x56\xab\xe1\
\xf4\xe9\xd3\x90\x52\xee\xfb\x90\x8b\x7e\xac\xca\x51\x65\xd1\x17\
\x28\x4d\xf7\xad\xbf\x50\xa9\xce\xd5\xcf\x53\x83\x7d\x05\xe5\x71\
\x57\x75\xa1\x3b\x92\x04\x41\x30\xc8\xa3\xae\x47\xcb\xd0\xef\x51\
\xfd\xb8\xfa\x95\x09\xee\x65\x2d\xbd\xce\xb4\x6d\xb9\x3c\xbe\x04\
\x9b\x86\x8f\x13\xf9\x76\xd9\x30\x2e\x0c\xf0\x36\xc3\x66\x3f\x75\
\x47\x14\x87\xc7\x8f\x1f\xe3\xe4\xc9\x93\xce\x36\xce\x33\x10\xce\
\xfb\x4f\xcb\x72\xdd\xaf\x4f\xff\x77\x91\xef\x32\x09\xb7\x0f\xd1\
\x2f\x8a\x5e\xaf\x87\x07\x0f\x1e\x0c\xe9\x2a\x20\x9f\x13\x29\x0f\
\x09\x77\x95\x37\x49\xb2\x38\x71\xa4\x3b\x8f\xd2\x28\x12\xa7\xe2\
\x69\x67\xd2\x3b\x45\x92\x24\xf8\xe5\x2f\x7f\x89\xf7\xde\x7b\xcf\
\x5b\xa9\xe8\xc7\xe3\x52\x26\xa3\x90\x6d\x5a\x67\x53\xd8\x35\x02\
\xcf\xa3\x38\xc6\x65\xec\x3f\xfd\xf4\x53\xec\xee\xee\xb2\x3b\x21\
\x28\x25\x63\xf2\x80\x73\x28\x83\x90\x4f\x92\x52\xb1\x41\xbf\x4f\
\xd3\x73\xf5\xe9\x9b\x34\x8f\x6d\xb0\x04\x64\x2f\xcc\xce\xcc\xcc\
\x38\xd7\x77\xfb\xca\x94\xfa\xe7\xc8\x20\xad\x8f\xc9\xf0\x98\x08\
\x22\x77\x1f\xa6\x35\x95\x51\x14\x0d\xea\xc6\x85\xa9\xd7\x9a\x8b\
\x53\xbb\x9f\xe8\x79\xa8\xfe\xe0\xfe\xcb\x92\xcb\x76\xbb\x8d\x67\
\xcf\x9e\x19\xc9\x36\x67\xf0\xf5\x3c\x2e\x42\x6d\x0a\xe7\x21\xe9\
\x47\x1d\x1c\xb1\xd4\xd3\xb8\x30\x3d\xc7\x66\x23\x69\x7e\x00\xec\
\x92\x2f\xf5\xeb\x74\x3a\xb8\x7f\xff\xfe\xe0\x2b\xc8\xbe\x28\xcb\
\x46\x72\x76\xf1\x30\xd8\x48\xd7\xb5\xf2\x10\xf0\xa2\x90\x52\xe2\
\xd7\xbf\xfe\xf5\x60\x56\x0e\xf0\x1b\xe4\xba\xe0\x4b\xd4\x8b\xa4\
\x1d\x25\xe4\x5f\x1d\x7f\x88\xe1\x52\x26\xa3\xc4\x99\x3a\x99\xa9\
\x53\xb6\x5a\x2d\xdc\xba\x75\xcb\xbb\xee\x65\x8d\x7a\xa9\x67\xca\
\x64\x24\x55\xd8\xc7\x78\x9a\xf2\x72\x61\xdb\xfd\x8c\x32\x72\x2f\
\x4b\xa9\x3c\x78\xf0\x60\x68\x5f\x6e\x5f\x45\x90\x97\x44\x73\xe7\
\x96\x41\xce\x8f\x0a\x7c\xee\xcd\xd5\x06\x3e\x6d\xa5\xc7\xab\xc1\
\x12\x1d\x34\x29\xc2\x7a\xe7\xce\x1d\x74\xbb\x5d\x67\xdd\xf3\x0c\
\x04\x7d\xe5\x90\xc6\x71\x79\x7c\xe5\xd1\x96\xdf\x26\xff\xa3\xdc\
\x0b\xf7\x5f\x06\x7a\xbd\x1e\xee\xdf\xbf\x0f\xe0\xab\xfd\xb8\xe9\
\xf3\xe3\x06\x1d\x2e\x12\xa0\xe2\x6c\xf9\x7d\xf2\x4d\x12\x5c\x03\
\x16\xd7\x00\x86\xe6\xf3\x49\xb3\xe9\xbc\xf5\xf5\x75\x2c\x2f\x2f\
\x3b\xeb\x5d\xb4\x1f\x1e\x36\x1b\xe9\x92\xcd\xbc\x64\x7c\x5c\x72\
\xf9\xd9\x67\x9f\xa1\xdd\x6e\x1b\x9f\xa5\x09\x79\x6c\x9a\x2b\xdf\
\x24\xcb\xe1\xc4\x90\x6e\x97\xb2\xb0\x19\x6c\x9f\x38\xee\x7a\x5c\
\x67\xd4\x0d\xc4\xa3\x47\x8f\x86\xb6\xa4\x33\x61\x5c\xca\x44\xcf\
\xcf\x19\x77\x5a\xa6\xe9\x67\xca\x67\x2b\xdf\x74\x3f\x2f\xc3\xb0\
\x2b\xac\xae\xae\xe2\xfe\xfd\xfb\xfb\xbc\xd8\x26\x43\xcf\xe1\x38\
\x10\xe6\xb2\xe1\xdb\x5e\x45\xf2\xe5\xb9\x6e\x92\x24\xb8\x7d\xfb\
\xb6\xf7\x47\x60\x46\x21\xa5\xbe\x86\x5e\x0f\xdb\x0c\xbe\xcb\xa8\
\xfb\x1a\xf7\xb2\x08\x77\x19\xf2\x99\xa6\x29\xee\xde\xbd\x3b\x58\
\xab\x6e\x92\x2d\x9b\xcc\xb9\x74\xb8\x0f\xd1\x74\x1d\x4f\x1a\xf2\
\xda\x4a\xdf\x41\x2f\x4d\xe3\x5e\xbc\xa3\xbf\x47\x8f\x1e\x0d\x3e\
\x2f\x6e\x43\x51\xf2\x79\x18\x6c\x24\x27\xb3\x79\xea\x97\x87\x80\
\x8f\x8a\x87\x0f\x1f\xe2\xc9\x93\x27\x00\x78\x39\xd2\x6d\xa5\x0b\
\x79\xf5\x79\xde\xb4\xa3\x8a\x89\x21\xdd\x3a\x7c\x49\x33\x0d\xfb\
\xc4\xd1\x73\x5d\xe4\xfb\xf6\xed\xdb\xce\x2f\x1e\x02\xe5\x28\x13\
\x2e\xcd\xa4\x58\xf4\x70\x9e\x1f\x77\x2e\x2d\xdb\x87\x74\x14\xf9\
\x1f\x05\xdb\xdb\xdb\xf8\xe4\x93\x4f\x06\x65\xf9\x18\xf1\xa2\xe4\
\x2e\xcf\x4f\x9d\x7f\x9c\x50\x94\x84\x9b\x64\x51\x37\x06\xae\xbc\
\x7b\x7b\x7b\xb8\x7d\xfb\xb6\xb3\x4f\x95\xd1\x57\x7d\x49\xf0\x28\
\x32\xc9\x9d\x47\xaf\x63\xab\xcb\xa8\xf7\x58\x14\x52\x4a\xdc\xbd\
\x7b\x17\x9d\x4e\x87\x95\x05\xdd\xb8\xdb\x88\x9e\x29\xce\x87\x6c\
\xdb\xf2\x4e\x22\x7c\xda\xc3\x35\xa0\x31\xe5\xe5\xd2\xf4\x67\x68\
\x7b\x09\xf6\xee\xdd\xbb\x68\xb7\xdb\xb9\xee\xc5\xa7\x8f\x1e\x16\
\x1b\xc9\x85\xf3\xd4\xcf\xe7\xbf\x0c\xbc\x78\xf1\x02\x77\xef\xde\
\x75\x2e\xe9\x52\xc8\x6b\xcf\x5c\x3a\xdf\x75\xad\x49\xc1\xc4\x91\
\xee\xa2\x84\xdb\x27\x0f\xed\x10\xa6\x35\xc1\x34\xdf\xc7\x1f\x7f\
\x8c\xcd\xcd\x4d\xaf\xfa\x8f\xa2\x4c\x7c\x8d\xbb\x4d\x51\xd8\xea\
\xe5\x52\x2c\x2e\xa5\xe2\x7b\x7f\xdc\xff\x28\xd8\xdb\xdb\xc3\x47\
\x1f\x7d\x04\x21\x84\xf1\xe3\x37\x2e\x82\xe7\x22\xce\x45\x31\x49\
\xca\x84\x62\xd4\x41\x8b\x6f\x5e\x53\xba\x69\xb9\xc9\xf6\xf6\x36\
\xee\xde\xbd\xeb\xac\xff\x28\xa4\xd4\xd6\xf7\x69\x1e\x3d\x5c\xa6\
\x3c\xfa\xd4\x25\xaf\xbc\x95\x65\xe4\xef\xdf\xbf\x3f\x98\xc2\xa6\
\xcf\x89\xea\x55\xd3\x60\xca\x26\xc3\x34\x8f\x2d\x6c\x4a\x9b\x44\
\xf8\x10\x6b\x5b\x3b\xfb\xe8\x45\x13\xe8\x92\x2f\x95\x37\x4d\x53\
\xdc\xbe\x7d\x1b\x9d\x4e\xc7\x5a\xf7\x22\x36\xe3\xa0\x6c\xa4\x29\
\xbf\x29\xcc\x1d\xdb\xe2\x7c\xef\xb7\x28\xd6\xd7\xd7\x71\xf3\xe6\
\xcd\x41\x59\x9c\x5c\x99\x06\xc1\x3a\xe8\x39\xb6\x7c\x3e\x7a\x7e\
\x12\x31\x51\xa4\xdb\x45\xa6\x47\x51\x38\xae\x3c\xb6\x37\x7c\xd3\
\x34\xc5\x2f\x7e\xf1\x0b\xa7\xc7\x7b\x9c\xca\x44\x3f\x8f\x53\x22\
\x9c\xd2\xb0\x19\x75\xd7\x35\xb8\x7a\xbe\x0c\x65\xb2\xb5\xb5\x85\
\x1b\x37\x6e\x0c\x5e\x0a\xb1\x3d\x3b\x9f\x67\xcf\x61\x1c\x64\x7c\
\xd2\x50\xa4\x7d\x46\x21\xe2\xae\xbc\xab\xab\xab\xf8\xf4\xd3\x4f\
\x9d\x5f\x62\x2c\x83\x70\xe7\x31\xee\xfa\x75\x7d\xe4\x91\x2b\xd3\
\x74\x4d\x5b\xfd\xf4\x7f\x57\xda\x28\x10\x42\xe0\xce\x9d\x3b\x58\
\x5f\x5f\x37\x12\x60\x4a\xc4\xf5\x74\x5f\x39\xcd\x43\xbe\x6d\x44\
\x7c\x52\xe1\x1a\xc0\x98\xe2\x68\x3c\xd7\x56\x7a\x1a\xb7\x6c\x8f\
\xfe\xd4\x4e\x27\x9f\x7c\xf2\x09\x5a\xad\x96\xb5\xde\x65\xcb\x21\
\x3d\xd6\xc3\x79\x6c\xa4\x29\x1f\x8d\xe3\xee\x23\x8f\xfc\x8d\x43\
\x2e\x5f\xbc\x78\x81\x8f\x3e\xfa\x08\x52\x4a\xe7\xbb\x14\xc0\x68\
\x4e\x12\x5b\x1e\x53\xda\xa4\x61\xa2\x48\xb7\x82\x49\x51\xb8\xc2\
\xae\x3c\x5c\x9c\xc9\xdb\xad\x1f\x07\x41\xf6\x56\xf4\xaf\x7e\xf5\
\x2b\x3c\x7d\xfa\xd4\x5a\xf7\x32\x94\x89\x5e\x96\xc9\xd8\xd3\x38\
\xdf\x1f\x77\xae\xed\x7a\x3e\x75\xb7\xfd\x8f\x82\xf5\xf5\x75\x7c\
\xf8\xe1\x87\x43\x7b\x12\xab\x7f\x3a\x6a\xb7\x29\x87\xa2\xa4\xda\
\x66\x68\xa6\xe4\xdc\xdd\x3e\x45\xce\xe1\x0c\x3e\xe7\xed\x0e\x82\
\x00\x1b\x1b\x1b\xf8\xf4\xd3\x4f\xbd\xd7\x78\x2b\xe4\x25\xad\x2e\
\xe3\x4e\xcb\x2e\x4b\x26\x8b\x10\x6f\xdf\xfb\x2b\x02\x21\x04\x3e\
\xfb\xec\x33\x6c\x6d\x6d\x19\x9f\x0d\x95\xc9\x3c\xfb\xe8\xbb\x08\
\x39\x4d\xf7\x21\xef\x93\x06\x9f\x7b\xf6\x6d\x6f\x2e\xcd\xd4\xc6\
\xba\x4c\x9a\xc2\x49\x92\xe0\xd6\xad\x5b\xce\x59\xe1\x3c\xb6\xc3\
\x16\xa7\x8e\x0f\xca\x46\x72\x61\xae\x9e\x07\x69\x23\x1f\x3f\x7e\
\x8c\x8f\x3f\xfe\x78\x50\x16\x7d\x76\x00\x58\xdd\xc9\x21\xaf\xfe\
\xf6\x4d\x9b\x34\x99\x9c\x38\xd2\x5d\x84\x4c\xbb\xce\x71\x29\x73\
\x15\xe6\x48\x1c\x3d\xfe\xf5\xaf\x7f\x8d\x4f\x3e\xf9\xc4\xea\x61\
\x1b\x55\x99\xb8\x8c\xbb\x4d\x51\xd8\xea\x34\xaa\xa1\xf7\xbd\xbf\
\x32\x94\xc9\xfd\xfb\xf7\xf1\xe1\x87\x1f\x0e\xf6\x8a\xa5\x4a\x5e\
\xc1\x64\xd8\x7d\x48\xf1\x94\x40\xbb\x31\xca\x60\xa3\xc8\xb9\x79\
\x48\x79\x10\x04\xd8\xdc\xdc\xc4\x47\x1f\x7d\x84\x9d\x9d\x1d\x63\
\x99\x79\xfb\xb0\xef\x31\x17\x2e\x2a\x8f\x2e\x22\xc1\xd5\xdb\x55\
\x77\xd3\xbd\x17\xc1\xee\xee\x2e\x7e\xf3\x9b\xdf\x0c\xad\xdd\xb5\
\x3d\x17\xdb\x80\xd8\x57\x37\xfb\x92\xeb\xe3\x28\xbb\x45\xda\x91\
\x8b\xe7\x48\x9a\x9e\x8f\x2b\xc7\x76\x2d\x29\x25\x3e\xfd\xf4\x53\
\x3c\x7e\xfc\xd8\x5a\x7f\x1f\x1b\xe2\x2b\x9b\xb6\x70\x99\x36\x92\
\x0b\x17\x95\xc3\x51\xe5\x31\x4d\x53\xdc\xbc\x79\x13\x9f\x7e\xfa\
\x29\xa4\x94\xfb\x9e\x8f\xcd\x26\xea\xc7\x45\x09\xb6\x2b\x7d\x92\
\xe5\x71\xe2\xf6\xe9\xd6\xa1\x84\x58\x0f\x03\x5f\x75\x58\x1a\x36\
\x9d\x43\x3b\xb8\x1e\xa7\x77\x1a\xae\x5c\x7a\x2c\xa5\xc4\x83\x07\
\x0f\xb0\xb9\xb9\x89\xef\x7c\xe7\x3b\x98\x99\x99\x61\xeb\xae\xe7\
\xa7\xff\x7a\x1d\xb8\xb8\x3c\xf7\xa1\x5f\xcf\x17\x5c\x5e\xce\xb0\
\xfb\x1c\x97\x49\xb4\x01\x20\x8e\x63\xfc\xe6\x37\xbf\xc1\xda\xda\
\xda\xd0\xcb\x3b\x74\x9a\x9a\xdb\xc1\xc4\xc7\xb0\x97\x41\xfa\xa6\
\xc8\xe0\x6a\x0b\x5b\x9f\xb0\x9d\xab\x7f\x0d\xd2\xf6\x0c\xd4\x71\
\xa7\xd3\xc1\x47\x1f\x7d\x84\x37\xde\x78\x03\x17\x2e\x5c\x30\xd6\
\x45\x97\x39\x2e\x8e\x93\x4d\x3d\x9f\x7e\x4f\x26\xdd\xe3\x73\xef\
\x5c\xdd\x5c\x71\xbe\x72\xc8\xc5\x8d\x2a\x9b\xcf\x9e\x3d\xc3\xa3\
\x47\x8f\x00\x80\x9d\x75\x70\xcd\x48\x28\xb8\x9e\x63\x5e\x72\x7d\
\x5c\xc9\x37\xed\xab\x00\xdf\x0f\x4d\x76\x4e\xe5\xb7\xf5\x79\x5a\
\x96\x92\x49\x53\xbf\xd4\x65\x55\xd9\xc8\xad\xad\x2d\x5c\xbf\x7e\
\x1d\x95\x0a\x4f\x53\x0e\xab\x8d\x34\xe5\x2b\xcb\x46\x96\x31\x00\
\x56\x8e\x06\xdd\x16\xda\xbe\x5b\xe1\xb2\x61\x65\x11\x70\x57\xdc\
\x24\x60\x62\x49\xb7\x4b\xa0\xf2\x12\x72\x4e\xf8\x38\x45\xa3\xd6\
\xa7\x51\x43\xab\x7f\x28\x00\xc8\xd6\x1a\xff\xf4\xa7\x3f\xc5\xeb\
\xaf\xbf\x8e\x6b\xd7\xae\xb1\x6b\xa7\xca\x50\x26\x36\xa5\x3a\xaa\
\xf0\xda\x0c\x3b\x0d\x1f\x84\x71\x7f\xfc\xf8\x31\x3e\xff\xfc\xf3\
\xa1\x4d\xfd\xf5\x76\x35\xad\x2d\x34\xbd\x1c\xe2\xab\x44\xf2\x2a\
\x87\xe3\x46\xc0\xb9\xfb\xf4\x79\xd6\xa3\x90\x72\x75\xbe\x8d\x74\
\xeb\xe4\x5c\xad\x35\x5e\x5e\x5e\xc6\xf5\xeb\xd7\xd9\xc1\xb0\x4b\
\x0e\x39\x32\xae\xe7\xd3\xeb\x75\x10\xf2\x48\xe3\x46\x21\xde\x45\
\xb0\xbb\xbb\x8b\x7b\xf7\xee\xa1\xdd\x6e\x5b\xd7\xf6\x2a\xe8\x64\
\xcf\x35\xa5\xed\x43\xca\x5d\xf9\x4c\xe1\xe3\x00\x9d\xe0\xea\x61\
\xc0\x3c\x10\x74\x91\x6c\x93\x8d\xa4\xff\xa6\xe7\x43\x3f\xa6\xb3\
\xb9\xb9\x89\x1b\x37\x6e\xe0\x95\x57\x5e\xc1\xd2\xd2\x12\x7b\x1f\
\x26\xe2\x4d\xd3\x4c\xf5\xd7\xeb\x66\xb3\xf5\x45\x71\x98\x6c\xa4\
\x10\x02\x5f\x7c\xf1\xc5\x60\x5f\x7c\x93\x1c\xda\xd6\xe0\x2b\xe4\
\x21\xd9\x5c\x9d\x4d\xe7\x1e\x07\x39\x9c\x48\xd2\xed\x23\x50\x2e\
\x52\x9a\x87\xb4\x72\x42\xaf\xc8\x37\x80\xa1\x63\xbd\x53\x09\x21\
\x70\xf7\xee\x5d\x3c\x79\xf2\x04\xdf\xfa\xd6\xb7\x70\xfa\xf4\xe9\
\x7d\xf7\xe2\xe3\x61\xd3\xe3\xb8\x7a\x99\xea\x4d\xdb\xcc\x06\x9b\
\xb0\xe7\xf5\xaa\xe9\xc7\x65\x28\x93\x76\xbb\x8d\x9b\x37\x6f\x0e\
\xd6\x8a\x02\xfb\x95\xb9\xcd\x20\xd3\xfc\x2e\x63\xee\xa3\x68\x7c\
\xf2\x1f\x67\xf8\xb4\x89\x0f\xa9\x36\x41\xff\xea\xa2\xa9\x6c\xe5\
\x5d\xd3\xc9\xf7\xf6\xf6\x36\x6e\xdc\xb8\x81\xcb\x97\x2f\xe3\x95\
\x57\x5e\xd9\x37\x18\xb6\xc9\x61\x51\xe3\x7e\x18\xe5\xd1\x75\x0d\
\x1b\x84\x10\x78\xfc\xf8\x31\x1e\x3f\x7e\xcc\x12\x68\xce\xb3\xed\
\xf2\xb6\xe5\x35\xfe\xae\x7c\x36\x5d\x70\x9c\x60\x23\x3e\x3e\x24\
\x9c\xa6\x9b\xd2\x38\x52\x4d\x65\x8b\x93\xc7\x24\x49\x70\xf7\xee\
\x5d\xac\xac\xac\xe0\xda\xb5\x6b\x68\x36\x9b\xfb\xae\xe5\xe3\x9c\
\xd2\xf3\xd1\x7a\xd9\x06\xc4\xb6\x76\xe2\xea\xe1\x1b\x7f\xd0\x03\
\xe0\xb5\xb5\x35\xdc\xba\x75\x6b\xf0\x25\x66\x60\xbf\xfd\x33\xed\
\xab\xce\xe5\xa5\xb0\xa5\xdb\xec\xa0\xcb\x96\x4e\x22\x26\x92\x74\
\x2b\x98\x48\xa7\x2b\xdd\x97\xb4\xea\x61\xea\xc9\xe6\x8e\x83\x20\
\x18\x5a\xcb\xad\xca\xdf\xdd\xdd\xc5\xfb\xef\xbf\x8f\xf9\xf9\x79\
\xbc\xf5\xd6\x5b\x58\x5c\x5c\x1c\xaa\xa7\xcb\xc3\x46\xeb\xea\x63\
\xdc\x69\x5b\xe4\x11\x68\x97\x12\xa1\xe1\x3c\x0a\x26\x0f\x36\x37\
\x37\x71\xe7\xce\x1d\xac\xae\xae\x0e\x19\x6b\x6a\xc0\xb9\x1f\x67\
\xe8\xf3\x2a\x8b\x3c\xa4\xfa\xb8\x13\x71\xfd\x7e\x7d\x9f\xf7\xa8\
\x6d\x44\xaf\xe3\x32\x24\xba\xb1\x57\x1f\x89\xb8\x74\xe9\x12\xae\
\x5c\xb9\x32\x34\xc5\x9d\x47\x0e\xf3\x18\xf7\x22\x6d\x64\xcb\x9b\
\x57\x26\x47\x25\xdc\x49\x92\xe0\xc9\x93\x27\x78\xfa\xf4\x29\xbb\
\x3d\xa7\x6b\x27\x0b\xdb\xb6\x81\x36\xf2\xed\x13\x4f\xcb\x31\x85\
\x8f\x0b\xf4\xfb\x76\x79\x78\x39\x32\xe5\x4a\xa7\x69\xc0\x57\x03\
\x61\xdd\x1e\xea\x75\x51\x7d\x40\x27\xdf\xea\x3a\xad\x56\x0b\x37\
\x6e\xdc\xc0\xa9\x53\xa7\xf0\xea\xab\xaf\x62\x7e\x7e\x7e\xe8\x3a\
\xe3\xb6\x91\x79\xe5\xe1\xb0\xd8\xc8\x95\x95\x15\xdc\xbd\x7b\x17\
\xad\x56\x6b\x68\x37\x20\xd3\xf6\x8d\x26\xb9\xf4\xb5\x8d\x9c\x6e\
\x35\xa5\x73\xe5\x1d\x07\x4c\x2c\xe9\xce\x23\x60\xa6\x8e\x93\x27\
\x9d\x53\x24\x5c\x7e\xfd\x58\xf7\x80\x03\xd9\x07\x5c\x7e\xfe\xf3\
\x9f\xa3\xd1\x68\xe0\xe2\xc5\x8b\x58\x5a\x5a\xc2\xe9\xd3\xa7\x73\
\x2b\x13\x9b\x71\xe7\x94\x4b\x51\xe4\x19\xc1\xeb\xe1\x51\x8c\xfb\
\xd6\xd6\x16\x96\x97\x97\xb1\xb2\xb2\x32\xb4\xcf\xaf\xaf\x41\xe6\
\x8c\xb9\x0e\x13\x31\x76\x11\x66\x1b\x29\x98\x62\x18\x79\xda\x65\
\x94\x7e\x6a\xf2\xa4\x99\x48\xb7\xfa\x57\xc6\x3e\x4d\x53\x3c\x78\
\xf0\x00\x0f\x1f\x3e\xc4\xa9\x53\xa7\x70\xee\xdc\x39\x9c\x3b\x77\
\x0e\xd5\x6a\x75\x50\x37\x93\x6c\xea\xe9\xfa\x7d\xd8\x8c\xfb\x38\
\x64\x72\x14\xe2\xed\x83\x38\x8e\xb1\xb6\xb6\x86\xd5\xd5\x55\x6c\
\x6e\x6e\x0e\xf4\x9a\x3e\xa0\xcd\xe3\xe9\x36\xc9\xb3\x8e\xbc\x32\
\xea\x4b\xbe\x8f\x2b\xf4\xbe\xaf\xf7\x53\x1b\xe9\xb4\x11\x2e\xfd\
\x1c\x2e\x8f\x2e\x97\x52\x4a\xf6\x65\x77\xe0\x2b\x79\xd5\xcb\xda\
\xd8\xd8\xc0\xda\xda\x1a\x9a\xcd\x26\xce\x9d\x3b\x87\xc5\xc5\x45\
\xcc\xcd\xcd\xed\xbb\x5e\x9e\xc1\x30\xbd\xbf\x97\x65\x23\x7d\x8e\
\x7d\xae\xb7\xb1\xb1\x81\x95\x95\x15\x2c\x2f\x2f\xef\xfb\xf8\x14\
\x30\xec\x94\x52\xd0\xc3\x26\x3b\x69\x22\xcc\x34\x9d\xc6\xbb\xce\
\xb1\x39\x03\x27\x11\x13\x4b\xba\x15\x7c\x48\xa8\x29\x6c\x12\x48\
\x2e\x9d\x76\x2e\x6e\x6d\xb7\x0e\x95\xae\x13\x6f\x65\xb0\x3a\x9d\
\x0e\xbe\xf8\xe2\x0b\xdc\xbb\x77\x0f\x95\x4a\x05\x4b\x4b\x4b\x58\
\x5a\x5a\xc2\xe2\xe2\x22\xa2\x28\x2a\xa4\x4c\x6c\x8a\xc4\xa7\xa3\
\xdb\x04\x7f\x54\x43\x6f\x83\x10\x02\x6b\x6b\x6b\x58\x5e\x5e\xc6\
\xf2\xf2\x32\xba\xdd\xae\x91\xe0\x52\x83\x6d\x1b\xcd\x9b\x5e\xda\
\x32\x19\x78\x0a\x5f\x72\x3d\x25\xe3\x5f\xa1\x88\x31\x1b\xb5\xad\
\x4c\x7d\x44\xaf\x83\x6e\xdc\x75\xb9\xd5\x8f\x15\xb1\xbc\x75\xeb\
\xd6\x10\x01\x9f\x9d\x9d\xf5\x32\xf4\xa6\xb0\x3a\x2f\xef\x7d\xe7\
\x91\x47\x1a\x37\xaa\x71\xdf\xdd\xdd\xc5\x8b\x17\x2f\xb0\xba\xba\
\x3a\xd8\x57\x99\x9b\x35\x32\x91\x6d\x1b\xf9\xb6\xc9\xb6\x2f\xc9\
\xa6\x69\xa6\xbc\x53\x79\xdc\x4f\xaa\x69\xfb\x9a\x48\xb8\x9e\x37\
\xcf\x6c\x0e\xb7\x5c\x8b\x86\x95\x1c\x29\x39\xd5\xed\xa4\x8a\xdf\
\xd9\xd9\xc1\xce\xce\x0e\xbe\xf8\xe2\x0b\xd4\xeb\x75\x9c\x3d\x7b\
\x16\x8b\x8b\x8b\x03\x27\x95\xba\x36\x67\xa3\x6d\xf5\xe5\xea\x44\
\xdb\xc5\x84\xb2\x6d\xa4\xaf\x3c\x26\x49\x82\x17\x2f\x5e\x60\x65\
\x65\x05\xcf\x9f\x3f\x47\x1c\xc7\xfb\xf4\x1d\x80\x21\x52\x4d\x6d\
\xa1\x4d\x3e\xca\xf2\x74\xbb\x6c\x29\x57\xce\x24\x62\xa2\x49\x37\
\x47\x42\xf5\x34\xc0\xee\xfd\xe6\xce\x75\x09\x2f\x15\x72\xea\xcd\
\xd6\xcb\xd1\x15\x89\x3a\x97\x2a\x98\x24\x49\xf0\xf0\xe1\x43\x3c\
\x78\xf0\x00\x52\x4a\x34\x1a\x0d\xcc\xce\xce\x62\x76\x76\x16\xb5\
\x5a\x0d\xd5\x6a\x15\xd5\x6a\x15\x95\x4a\x05\x41\x10\xe0\xe4\xc9\
\x93\xe8\x74\x3a\xd8\xdb\xdb\xb3\x7a\xdf\x69\x3b\xd0\xba\xb9\x40\
\x15\x83\xc9\x8b\xad\x7e\x34\x2e\x8a\x22\x9c\x3d\x7b\x16\x49\x92\
\xa0\xd5\x6a\x21\x49\x12\xa4\x69\x8a\x24\x49\xd0\xeb\xf5\xd0\xe9\
\x74\xd0\xe9\x74\x06\x6b\xd0\x7c\x8c\xb1\x69\x4d\x1a\x55\x30\xb6\
\x51\x3c\x77\xbe\xad\x4c\xd3\x39\xc7\xd9\x98\xbb\x70\x90\xed\xc2\
\xbd\xa0\xac\xbf\x5f\xa1\xf7\x1b\x9d\x6c\xab\x30\x95\x51\x20\x5b\
\xd6\xb4\xbe\xbe\x8e\xcf\x3e\xfb\x0c\x61\x18\xa2\x5e\xaf\x63\x66\
\x66\x06\x8d\x46\x03\x95\x4a\x05\x95\x4a\x05\xd5\x6a\x15\x49\x92\
\x20\x8a\x22\xcc\xcd\xcd\xa1\xd5\x6a\xed\x23\x02\x0a\xa6\xf6\xe0\
\x48\x11\x0d\x53\xe2\x60\x9b\x4d\xe2\x64\x51\x8f\x9f\x9b\x9b\x43\
\xa5\x52\x19\x4c\x45\xa7\x69\x3a\x90\xc9\x6e\xb7\x3b\x90\x4b\xba\
\x74\x84\x12\x6e\x1b\xb9\xb6\xc9\x86\x3e\xfd\xad\x3f\x1f\x97\x6c\
\xd9\xe4\xdd\x96\xd7\xd5\xfe\xc7\x09\x7a\x9b\x98\x3c\x8f\x26\x52\
\xca\x11\x5b\xee\x7c\xd3\xb9\x9c\x0e\xd7\x1d\x56\x94\x70\xab\xfe\
\xa7\x3b\xa9\x1e\x3f\x7e\x8c\x87\x0f\x1f\x0e\x6c\x64\xa3\xd1\xc0\
\xcc\xcc\xcc\xc0\x36\x56\xab\x55\x44\x51\x04\x00\x98\x9f\x9f\x47\
\xab\xd5\x42\xaf\xd7\xdb\x77\x7f\x26\x27\x99\x9e\x6e\x82\x49\x46\
\x6d\xb6\x91\xa6\xeb\x79\xaa\xd5\x2a\x16\x16\x16\xd0\xed\x76\xb1\
\xbb\xbb\x8b\x24\x49\x06\x3f\x25\x8b\xdd\x6e\x17\x7b\x7b\x7b\x4e\
\xdb\x47\x97\x50\x72\xf6\x52\xbf\x4f\x2a\x8b\x2a\x9e\xcb\x6f\x8a\
\xa3\xe7\xb8\xf2\xab\xb8\x32\x66\x18\x0e\x33\x26\x9a\x74\x2b\xd0\
\x07\x69\x22\xc9\xa6\x70\x1e\x4f\xb7\x0a\x73\x1e\x33\x1d\x9c\x31\
\xd7\xcb\xe7\xd2\x83\x20\x18\x90\xd1\xb5\xb5\xb5\x41\x1c\x67\x68\
\xf4\xfa\xe9\xc7\x79\x8d\x0d\xd7\x0e\x54\x49\x50\x65\xa2\x7b\xee\
\x4d\x79\x4d\x64\x96\x8b\xb3\xfd\xe8\x54\x99\x89\xa0\x53\xb2\xad\
\x9f\xab\xb7\x47\x5e\x85\x62\x23\x11\xa6\x7b\x39\xce\xa0\x72\x72\
\x50\xd7\xd4\xfb\x08\xf0\x15\xa1\x56\xc7\xd4\xe0\x9b\x8c\xbd\x82\
\xee\x85\xdb\xdd\xdd\x1d\xec\xf3\x4d\x75\x81\xa9\x3f\x51\x0f\xa2\
\xee\x25\xb7\x91\x18\x5f\xc3\xee\x92\x51\x3d\x4d\xaf\x87\xc9\x50\
\x73\x32\x47\xe5\x8f\x4b\x33\xad\xeb\xe6\x7e\xb4\x1e\xb4\x0d\x4d\
\x3f\x53\x1e\xee\x7c\x5b\xdc\x71\x84\x2f\x51\xe2\x88\x38\xd7\xaf\
\x5d\xe5\x53\x39\xd4\x07\xb9\x2a\xec\x92\x55\x93\x2c\xaa\x78\xe5\
\x74\x5a\x5f\x5f\xb7\xd6\x8b\x93\x55\x9a\xc6\xc9\x25\x6d\x0f\x1a\
\xe7\x92\x41\x93\x5d\x54\x71\xd4\x11\xe7\x3a\xf6\x21\xd4\x79\xe4\
\xda\x36\xf0\xa5\x6d\x68\xea\x03\xb6\xfc\xa6\x41\x9d\x2d\x6e\x92\
\x30\xf1\xa4\x9b\x1a\x38\xc0\xed\xa1\xf6\x0d\x9b\x88\x39\x67\xac\
\x55\x87\xa3\x2f\x52\xea\xa0\x04\x9d\x12\x6f\x4a\xc6\x75\x61\x55\
\x82\x42\x8d\xa8\x5e\x3f\x5b\x9d\x4d\xa0\xc6\x5a\x3f\xcf\xe4\xc5\
\xd6\x95\x07\x2d\x83\x2a\x6c\x5d\x39\xe8\xf5\xb6\xfd\xb8\xe9\x32\
\x15\xe6\x14\x88\xc9\xf0\x73\xd7\xd4\xeb\xe9\x63\xfc\x75\xb8\xd2\
\xa7\x18\xc6\x41\xb6\x8f\x49\xd9\x9b\x8c\xbb\x22\xd4\xa6\x29\x6e\
\xfd\x5f\x41\x97\x0b\x55\xbe\x69\x60\xcd\xa5\x73\x1e\x31\x57\x98\
\x5e\xd3\x44\xb0\xf5\x30\x3d\x87\x33\xe6\x36\xa3\x6c\x3a\xa6\x32\
\xc7\x85\x5d\x3f\x9b\x0c\xd9\xea\xc8\xb5\xaf\xed\xbe\xe8\x73\x98\
\x82\x27\xc8\x9c\x3d\xb1\xe5\x57\xa0\x76\x93\xe6\xa1\x72\x46\x75\
\x3b\x37\x10\x36\x11\x6f\xdd\xb6\xd2\x78\xb5\x1d\xa8\xe9\x39\xeb\
\xf5\xd4\xed\xaa\x4a\x33\xc9\x38\x57\x86\x8b\x74\xeb\xc7\xb6\x3c\
\xb6\x7e\x6a\xeb\xd7\x2a\x4c\xed\x23\x27\x57\x26\x07\x94\xfe\x7c\
\xa8\x7d\x55\xb0\xc9\x1c\x85\x29\xce\x66\x5b\xa7\x9e\xee\x09\x01\
\x55\x20\x40\x7e\x6f\x36\x0d\x73\xc7\x2a\xcc\x79\xba\x4d\xc7\xd4\
\x88\x53\xd2\x4e\x3b\x21\x8d\x93\x52\x0e\xf6\xa6\xd6\x95\x19\xe7\
\x4d\xd3\xef\xd1\xd4\x4e\xfa\xfd\xd2\x6b\x53\xc2\x4f\xf3\x9a\xe2\
\x74\x01\xd7\xeb\xa4\x1f\xdb\xe2\x5c\x8a\xc4\xa4\x58\xb8\xb2\x38\
\x61\xa7\x61\x57\x1c\x97\x56\x24\xfd\x38\xe2\x65\xb4\x03\x9d\x2a\
\x55\xc6\x9e\x7a\xd6\xe8\xcb\x96\xba\xc1\xa6\xd3\xda\xdc\x20\x98\
\x0e\x34\x39\x5d\x42\xaf\xc1\x91\x75\x95\xdf\xb4\x34\x8d\x2b\x5f\
\xbf\x1f\xd3\x80\x58\xbf\x8e\x69\xe0\x69\xfb\x99\xe4\xce\x34\xc8\
\x75\x91\x6a\x17\xe1\xe6\xf4\x82\xde\x3e\x3e\xb2\xed\x2b\xcb\xc7\
\x15\xb4\x6d\x4d\x76\x82\xda\x38\x9f\x32\x69\x3e\xd7\xf3\xa3\x72\
\x6a\x9b\x75\xd2\xed\xa0\x2e\x8b\x2a\x5e\x97\x53\xea\xec\xa2\x5b\
\xf8\x9a\xe4\x86\xbb\x67\x13\xf1\x36\x0d\x86\x6d\xff\xf4\xd8\x65\
\xa3\x6c\xb6\x12\xb0\xef\xb1\x6d\xb3\x9d\x7a\x39\x74\x06\x98\x5e\
\xc3\x15\xc7\xa5\xe9\xd7\xf3\xe1\x21\x93\x8c\x63\x41\xba\xa9\xe1\
\xcb\x4b\xa8\x7d\xd2\xb8\x7c\x9c\x21\xe7\x14\x87\xcb\x98\xeb\xf7\
\x61\x1a\xb5\xab\x3a\x28\xf2\x4d\xf3\xd0\xba\xda\xca\xe0\xce\xd3\
\xc3\x3e\x84\x9b\x12\x6d\xd3\xb1\xfa\x37\x4d\x2f\x53\x65\xa1\xfe\
\x4d\x86\x5f\xa5\xe7\x21\xe7\xdc\x75\x7d\xe2\x6c\x8a\x68\x6a\xdc\
\x5f\x1e\x38\x59\x05\x86\x89\xb7\xde\xaf\x39\xf2\x4d\xe5\x97\xca\
\x32\x1d\x24\xab\xf2\xd4\xb1\x4a\x33\xc9\x84\x2a\x4b\xaf\x2f\xcd\
\xe7\x2b\x8b\x34\x5d\x97\x51\x8e\x48\x70\xd3\xd1\x26\x99\xe3\x8c\
\xb5\x4d\xfe\x4c\xde\x6d\x5a\xb6\x2f\xd1\xb6\xfd\xf4\xe7\x6d\x4a\
\x77\x9d\x33\x45\x06\xda\x36\x34\x8e\x23\xcf\x26\xc2\x65\x8b\xd3\
\xed\x10\xe7\x50\xa2\x5e\x6f\x4a\xa6\x55\x1e\x3a\xd8\xd5\x65\x91\
\x7a\xba\x81\xe1\xed\x0a\xb9\xd9\x25\x75\x4c\x75\x07\x37\xe8\xe5\
\xda\x83\x0e\x68\x4d\xf6\xd1\x44\xdc\xb9\x7e\x4b\xff\xb9\x63\xdb\
\xc0\xd9\xe4\x74\xd2\xdb\x5f\x81\x7a\xb6\x4d\xd7\xe3\xd2\x69\x9c\
\x8b\x54\xdb\xec\xe6\x71\xc0\xb1\x20\xdd\x80\x7b\xea\xcc\x95\xe6\
\x22\xd8\xb6\x63\xce\xbb\x0d\xec\xdf\xc1\x84\xd6\x43\x57\x4a\xea\
\xba\x5c\x1c\x07\x6a\x74\xf5\x7f\x9d\x34\xe8\xf5\xb4\x95\x45\x8f\
\x6d\x1e\x35\x55\x37\x9b\xe2\xd0\xc3\x36\x85\xc2\xe5\x33\x19\x7c\
\x75\x8e\x7e\xbe\xc9\x03\x37\x8a\x52\x31\x29\x0c\x93\xe2\x38\x4e\
\x0a\xc5\x17\xe3\x6c\x0f\x9b\xac\xea\xa4\x9a\x3b\x8f\x5b\x52\xa2\
\xd2\xe8\x31\x1d\x1c\xeb\x86\x55\xcf\xc3\xc9\x8a\xae\x27\x4c\xb2\
\x68\x92\x47\xee\x5e\x4d\xc6\x9c\x4e\xc1\xeb\x6d\x61\x92\x03\x5f\
\x79\xa3\xf1\x1c\xe1\xe6\xf2\x70\x3f\x9f\x6b\x9b\x7e\xb6\xba\x2b\
\xb8\x64\x74\x0a\xb7\x1d\xe4\xd2\x6d\x61\x5b\x1e\x7d\x90\xaa\x83\
\x1b\xec\xaa\xbc\x1c\xf1\xe6\x64\xd1\xe4\xe9\xe6\x64\x94\xc2\x64\
\xcb\x38\xb9\x55\x61\x93\xcc\x71\x0e\x29\x5a\x2e\x6d\x17\xce\x26\
\xf9\x1c\x73\x8e\x29\x3d\x0f\x67\x17\x55\xba\x4d\xfe\x74\xd0\x3a\
\xda\xe2\x6c\xf2\x47\xfb\x94\x8f\x9e\x9b\x24\x1c\x1b\xd2\xad\x40\
\x85\x9e\x33\xcc\x45\x09\xb6\xe9\x1c\x60\xf8\xc5\x2b\x13\xf1\xb6\
\x75\x3e\x2a\xec\xf4\x3a\xf4\x98\xd6\x8d\x53\x1a\x9c\x22\xb0\x5d\
\x9f\x1e\x53\x65\x62\x12\x34\xda\x16\x36\xa1\xa4\xe9\x2e\x02\xa0\
\xda\x50\xfd\xdb\x94\x8c\xcd\x58\xbb\xea\xc5\x29\x20\x93\x01\x77\
\x29\xaf\x29\xf2\x63\xd4\x36\x34\x0d\x06\xf5\x7e\xc4\x0d\x80\x39\
\x12\xae\x1b\x6d\x2a\xbb\x41\x10\x78\x19\x78\x9d\x08\x50\x99\x35\
\xcd\x66\x99\x88\xb5\x6d\xd0\xac\x1b\x57\x05\x93\x0c\xe8\xf2\xe2\
\x92\x3b\x6a\xac\x4d\x84\xdb\xe6\xfd\x2e\x83\x70\xbb\x64\xd3\xa6\
\x57\xa6\x18\x06\x67\x17\x68\xbf\xe1\xf2\x9b\xc2\xbe\x79\xe8\x0c\
\x14\x1d\xec\xea\x79\xd2\x34\x1d\x4a\xa3\x72\x43\x49\x36\xf5\x74\
\xeb\xf5\xe0\xc8\xb1\xfa\xd7\xeb\x69\xb3\xa7\x7a\x1e\x9a\x9f\x93\
\x47\xce\xbe\xd0\x76\xe1\xec\xa6\x49\x56\xb9\x3e\x4d\x67\xb2\x38\
\x92\x4d\xf3\x99\xec\x23\xbd\x86\x6b\x10\xe6\xdb\x27\x4c\xf7\x7b\
\x1c\x70\xac\x48\x37\xd7\xd9\x6d\xa3\x4e\x1f\x52\xed\x4b\xca\x15\
\x38\xaf\x36\x9d\x92\x36\xfd\xab\xeb\x70\x53\x5e\x34\x8f\x6d\x24\
\xcf\x91\x65\x9a\x87\x83\x49\x89\xd0\x63\x5b\x9c\x4d\xa0\x6d\x0a\
\xc5\x46\xb0\x4d\xa4\x40\x37\xf4\xb6\x6b\xd3\x6b\x71\x61\xae\xae\
\xb6\x7b\x98\xc2\x8d\x3c\xed\xe4\x1a\x14\xfa\x96\x45\x3d\x62\xc0\
\xfe\x17\x28\xf5\x7c\x2a\x1d\x18\x96\x5d\x6e\xda\x9a\x7a\xd7\x74\
\x39\xd4\xbd\x75\xaa\xbe\x1c\x29\xe7\x88\xb5\x49\xee\xa8\xee\xe1\
\xe4\x8f\xc6\xbb\x8c\x38\x1d\xac\xea\x71\x54\xc6\x6c\x9e\x6c\x57\
\xd8\x36\x10\xe6\xee\x35\xcf\xcf\x74\x0e\x6d\x8f\x29\x78\xb8\xfa\
\x51\x1e\xcf\xa4\x8b\x84\x29\x39\xe1\xe4\x4f\xfd\x73\xb2\x46\x1d\
\x57\xd4\xab\x4d\xe3\xb8\x5f\x14\x45\xde\x5e\x6f\x00\x43\x76\xd7\
\xc7\x46\xea\xed\x68\xe3\x19\x34\xaf\xe9\x9f\xca\xa5\x2d\xce\x66\
\x3b\xb9\x78\x3d\x6c\xd3\x27\x9c\x9c\xd1\x3c\xb4\x6e\xf4\xbc\xa9\
\xa7\xfb\x18\x82\x13\x02\x5f\xaf\xb5\xcd\xd3\xed\x3a\x56\xd0\x95\
\x83\x0e\x4a\x08\xb8\x35\xdf\xba\x22\xd1\xeb\x48\x15\x8c\xde\xa1\
\x4d\xf7\xa1\xff\xd3\xf6\x31\xb5\x9b\x2b\xde\x26\x7c\x36\x45\xa2\
\x0b\xbd\x6a\x23\x3d\xde\xc7\xd8\x9a\x3c\x6f\xaa\x3c\x13\xd1\xb0\
\x29\x08\x1a\xb6\xe5\xe3\xee\x7b\x6a\xe0\xed\x28\xab\x7d\x6c\x83\
\x48\x2e\x2f\x47\xbc\x75\x03\xc6\x79\xdc\x28\x21\xa7\x46\x9c\x0e\
\x94\x4d\x32\xaa\xca\xd0\xf3\xd8\x0c\xbf\x7e\x3f\x3e\xf7\x59\xc4\
\x68\x9a\x8c\xb6\x89\x78\x9b\xbc\xdd\x26\x82\x6d\x8a\xf3\xf9\x99\
\xee\xd1\xe7\x1c\xdf\xf2\xa6\xc8\xc0\xe9\x72\xda\x2f\x6d\x44\x8b\
\x82\xf6\x57\xee\x1c\xdd\x5e\xe9\x79\x74\x3b\x47\xc9\x34\xf7\x22\
\xa5\x1e\x6f\x72\x56\xe9\xb2\x48\xeb\x66\x72\x46\x15\x19\x64\xf8\
\x0e\x88\xb9\x76\xa1\xb6\xdb\x64\x8b\x68\x98\xca\x32\x1d\x40\xe7\
\x91\x35\x57\x38\x4f\x1e\x7a\xdf\xdc\x79\xc7\x09\xc7\x8e\x74\x73\
\xc6\x50\x1d\xeb\x79\x00\x3b\x11\xe7\xf2\xd0\x6b\xd0\x3c\xba\x12\
\x00\xf6\x7b\xce\xd4\x79\x74\x94\xce\x79\xce\x4c\xf7\xc2\x29\x0f\
\x9a\x57\xaf\x5b\x11\xc5\xc2\xb5\x29\x3d\xb6\x09\x99\x4e\xae\x5d\
\x4a\xc4\x46\x02\xd4\x3f\x67\xfc\xe9\x39\x2e\xa5\xc5\xa5\x71\x75\
\x77\xe5\x9b\x1a\xf7\xf2\x91\xb7\x2d\x7d\x09\x38\x9d\x72\x06\xb0\
\x8f\x30\xfb\x2c\x2f\x51\xf2\xab\xcb\xab\xaa\x07\x27\xaf\x54\x37\
\x70\x7a\x86\xd3\x4b\x3e\x30\x19\x33\xda\xcf\xf5\xb8\xbc\xb2\xa7\
\x3e\x32\xa2\xcf\x22\xf9\x78\xb4\x5d\x84\xdb\xa7\x0e\x3e\x72\xe7\
\xca\x37\x85\x1d\x7a\xff\x57\x61\xfd\x9f\xc6\x9b\xc2\x34\xce\x64\
\x2b\x15\x74\x79\xd4\xbd\xd8\xea\x5c\xbd\x1c\xf5\xaf\xcb\x8f\x6d\
\x63\x02\x5d\x2e\x4d\xb3\x4d\xd4\x76\xda\x6c\xa8\xcb\x6e\xd2\xbe\
\xe7\xba\x77\x5f\xd9\xd4\xdb\xc4\x25\x33\x26\xcf\xb6\xc9\x46\xea\
\x75\xb1\xd9\x40\x1f\x3b\x69\xb3\x9b\x53\x4f\xf7\x31\x84\x2e\x30\
\x54\x78\x68\xa7\x30\x79\xba\x4d\x24\x9c\xe6\xa1\xe7\xe9\xd3\x62\
\x80\xff\x9a\x6e\x5a\x7f\xd3\x12\x13\x13\x09\xa7\xf7\x60\xf2\x5e\
\xe8\x6d\xe1\x53\x0f\x7a\x6c\x52\xbc\x2e\xc1\xa5\x61\xd3\x68\x9d\
\x4b\xa3\xc6\x5f\x57\x24\xb6\x6b\xf8\xa4\x99\x14\x1b\x77\x1f\x3e\
\x46\x68\x8a\xfd\x70\xb5\x93\xad\xaf\xba\xc0\x19\x3b\x0a\xdd\xe0\
\xe8\xd7\xe3\xbc\xe0\xa6\x2d\x33\x39\xcf\x37\x35\xea\x9c\x77\xdb\
\x14\xa6\xfa\xc0\x25\x93\x2e\x59\x34\xf5\x6b\xfd\x3e\x5d\xc6\xdb\
\x35\xe0\xcd\xb3\x8c\x84\x93\x1b\x57\x1e\xd3\x79\x3e\xe7\xd2\xf6\
\x98\xc2\x0e\x1f\x7d\xe6\xa3\xef\x5c\x6d\xce\xd9\x47\x05\xbd\xcf\
\xeb\x36\x92\x93\x45\x7a\x0e\x37\x30\xd6\xc9\xb7\xc9\xab\x4d\x77\
\x44\xe1\xca\xd5\xe3\x7c\xfb\x94\x8f\x7d\xa4\x61\x93\xa7\x1b\xe0\
\x65\x56\x8f\xa7\x8e\x26\x6a\x47\x39\xbb\x4a\xaf\xe1\xfa\xe7\xee\
\xc7\xf7\x9c\xe3\x2c\x8b\xc7\x92\x74\x2b\xe8\x02\x4b\x85\x3f\xef\
\xb1\x8d\x9c\xd3\x0e\x47\x97\x97\xe8\xca\xc4\x46\xa6\xe9\x88\x9e\
\x1b\x1c\xb8\xc2\xba\x20\x2b\x98\x48\x8d\xaf\xc7\x90\xa6\xfb\x08\
\xad\x89\x04\x50\x65\x42\xf3\xb8\xc8\x80\x69\x3a\xdc\x54\x26\x3d\
\xe6\xea\xe4\x32\xf2\xb4\x1d\x8e\xbb\x52\x29\x82\x3c\xed\x95\x97\
\x84\xbb\xbc\xc6\x34\x5e\x37\xd4\x7a\x1c\x25\x04\x9c\xe7\x5b\x37\
\xe6\xa6\xe9\x6c\xee\xdf\x34\x70\xa7\xc7\x3e\xf7\x6c\xea\x93\x7a\
\x9a\x4d\x36\x6c\x24\xd9\x35\xb3\xc4\x11\x6e\xce\x1b\x6e\x93\xb1\
\x22\x3f\xee\x7e\x6d\x79\xa6\xb0\xc3\xd4\xae\x79\xc2\x5c\x1c\x95\
\x45\xae\xcf\xd3\xc1\x2e\x37\x73\xa4\xc7\xe9\x5e\x6d\x2a\x93\xdc\
\x12\x32\x2a\xdf\xba\x2d\xd6\xd7\x79\xeb\xf5\xa5\xf7\x63\x22\xe5\
\x1c\x5c\x7a\x87\x6b\x0b\xce\x2e\xea\xf7\x6d\xb3\x99\xae\x9f\xcb\
\x36\x8e\x12\x56\xed\xab\xc7\xd9\xc2\xc7\x11\xc7\x96\x74\xab\x87\
\xaf\x0b\x91\x1e\xcf\xe5\xb1\x9d\x6b\x3b\x36\xa5\x73\x6b\xcf\x4c\
\x4b\x4e\xf4\xeb\x72\x84\x5b\xcf\x47\xeb\xa9\x8e\xd5\xf5\x39\x05\
\x41\xdb\xc1\x74\xbe\xe9\x3c\xfd\xd8\x66\x04\x69\x1c\x4d\x37\xc5\
\x9b\xc8\xb4\x29\x8f\x69\x0a\xce\xe7\xd8\x57\xb9\x70\x71\xc7\x55\
\x91\x8c\x03\xbe\x6d\x39\xaa\x12\xa7\x84\x5a\x37\xd4\x7a\x1e\x3a\
\x70\xd5\xe3\x39\xd2\xad\x97\xa7\x64\x89\x3b\x97\xca\x9e\xc9\x83\
\xe6\x6b\xd8\x6d\xc7\xb4\x8f\x16\x35\xd8\x79\x49\xb7\xad\xcc\x3c\
\xd7\xf7\xf9\x99\xca\x9b\x22\x1f\xf4\x36\x73\xcd\xb4\x98\xce\xe3\
\x6c\x81\x2a\xcf\xf6\x5c\x38\x79\xe4\x64\x8c\x0e\x5c\xf5\x63\x1a\
\xd6\xc9\x37\x5d\xb6\x42\xc3\x9c\xdd\xd6\xdb\x82\xb6\x8d\x6f\xff\
\x32\xd9\x46\x2e\x8e\x23\xd9\xb6\x7e\xae\xee\xc3\x15\x47\xed\x25\
\xbd\xa6\xaf\x0d\xd4\xef\xc7\x37\xbf\xe9\x9e\x8f\x13\x8e\x2d\xe9\
\x06\xfc\x3d\xdd\x3e\x5e\x6c\x97\x67\xca\x45\xbc\x75\x22\x4d\x47\
\xb5\xdc\x34\x9a\x6e\xc4\x55\x98\x8e\xde\x6d\x64\x9c\xab\x17\x6d\
\x13\x3d\xaf\x4b\x48\x38\x45\xeb\x23\xa8\x2e\x63\xa9\xda\xc3\x87\
\x04\x50\xcf\xb7\xad\x7c\xd3\xb1\x4f\xd8\x16\xe7\xd3\x56\x53\xf0\
\xc8\xd3\xc7\x38\xb8\xc8\xb7\xcb\x38\x52\x4f\x36\xf5\xa8\x71\xde\
\x2f\xd3\x6e\x43\x94\xc8\x73\x65\xe8\xb2\xc6\xc9\x9c\xef\x7d\xe9\
\x70\x19\x43\xfd\x3e\x4d\xfd\xd8\xf6\x33\x91\x6e\x5d\xf6\xa2\x28\
\x1a\x8a\xa7\x53\xdd\x3e\xb2\x34\xea\x4f\xbf\xe7\xa9\x3c\x8e\x0e\
\xae\x1d\x4d\x61\x5b\x5f\x76\x85\x75\x70\xf2\x68\x23\xdd\xdc\x4b\
\x94\x51\x14\x0d\xbe\x91\xc1\x91\x6f\xdd\x8e\x9a\x64\x92\xe3\x01\
\x26\xe7\x94\xef\xbd\xb9\xec\xa5\x3e\xfb\xcd\xd9\x4e\xd3\xf2\x12\
\x5d\x26\x55\xd8\xb6\x54\x53\x3f\x87\x3b\x76\xfd\xdb\x64\xcd\x14\
\xce\x33\x80\x9b\x44\x1c\x6b\xd2\x0d\xd8\xc9\x36\x3d\xe6\xf2\x17\
\x4d\xa7\x61\x4e\x61\xa8\x7f\x9d\x98\xfb\xec\x8c\x40\xf7\xff\xd5\
\xf3\xb9\x14\x84\x69\x74\xef\xa3\x40\x4c\xf7\x69\x12\x64\x97\x21\
\xf6\xf1\x6e\x73\x46\xdf\xa5\x24\xf2\x10\x00\x2e\xec\x8a\x9b\xa2\
\x38\x6c\xed\xe7\x4b\x3e\x6d\xe4\xda\x97\x78\x73\xc6\x9d\xdb\x45\
\xc8\x24\x4f\xfa\xf9\xdc\xd6\x64\xd4\x73\x66\x8a\xb7\xdd\xaf\x6f\
\x3c\xd7\x4f\x39\xa3\xeb\xf3\xf3\x21\xdd\x74\x20\x9c\x57\xe6\xca\
\xfc\x4d\x31\x1a\x7c\x6c\x97\x29\xec\x2a\xcf\xc7\x43\xcc\xc9\x23\
\x27\x8b\x9c\xcd\xd2\xc1\x91\x76\x9b\xac\xeb\xf1\x9c\x1d\xa7\xd7\
\x71\x11\x49\xee\x3e\x6d\x76\x93\xb3\x85\x26\x12\xce\xe5\xe5\xe2\
\x74\x67\x9e\xe9\x9a\xb6\x7a\x95\x15\x3e\xee\x72\x79\xec\x49\xb7\
\x02\xed\x20\xb6\x69\x26\x7a\x5c\x24\x5d\xff\xd7\x0d\x20\x25\xd8\
\xd4\xeb\x6d\xf2\x7e\xeb\xc7\xdc\x54\x59\x10\x0c\x6f\x9f\x44\xeb\
\xea\xd3\x26\x79\xda\xcf\x64\xf8\x6d\x82\x68\x5a\xaf\xa6\xa7\x71\
\x44\xdc\x67\xfd\x36\x17\x67\x3b\xe6\xd2\x5c\xf7\x71\xdc\x95\x49\
\x59\x70\xb5\xa3\xcf\x60\x30\x8f\x77\x98\x82\x4e\x65\xeb\xe5\x71\
\xc6\x9b\x1b\xcc\xaa\x63\x25\x73\xdc\xcb\x98\xa6\x7a\x8e\x6a\xd0\
\x4d\xb2\x47\xc3\x36\xe3\xcd\xfd\x5c\x4b\x4a\x68\x9a\x4d\x2e\x8b\
\x5c\xbf\xe8\x6f\x8a\xd1\x60\x22\x4b\xae\x30\x60\x5f\xc3\xed\x0b\
\xdb\xd2\x12\x3d\x4c\xaf\xab\xdb\x4e\x93\xdc\x02\xfb\x6d\xa9\xcd\
\xeb\x4d\xef\x4b\x1d\x9b\xf8\x03\x05\x77\xff\x26\xf9\xd4\xed\xbe\
\xaf\xdc\xa8\xf6\x52\xff\xd4\x8e\x9a\xec\x22\xad\x9b\x5e\x07\x97\
\xdd\x36\x95\x61\x0a\x4f\x3d\xdd\x53\x0c\x75\x2e\xc0\xbd\xc4\xa4\
\x68\x3a\xed\x80\x94\x78\x9b\x48\x30\x7d\xa3\xda\xf4\x72\x88\xe9\
\x5f\x5d\x8b\x4e\xd7\xd9\xda\xc0\xb7\xdd\xb8\x63\x3d\xcc\xfd\xdb\
\x8e\x4d\x8a\xc3\x46\x04\x38\xb2\x9e\xf7\xba\x5c\x1d\x5c\xca\x6d\
\x6a\xd8\xc7\x0f\x57\xdb\xba\xc8\xb5\x4d\xee\x6c\x71\x4a\x1e\x7c\
\x49\xb7\xf2\xbe\xa9\xe9\x6c\x6a\x34\xb9\xfb\x32\x95\x6f\xbb\x17\
\x1b\x7c\x0c\xa0\xa9\x7f\x9b\xa6\xa3\xe9\xbf\x4a\xd7\xe5\x8f\x8b\
\xf3\x59\xe2\x65\x8b\x2b\xeb\x37\x45\x39\xe0\xda\xd3\x15\xf6\xcd\
\x93\xa7\x0e\x2e\xd2\xed\x22\xd9\x4a\x4e\xf5\xb2\xb8\x25\x64\x7a\
\x3d\x39\x39\xcd\x7b\xdf\xa6\x74\x93\xac\xfa\x2c\x2f\xe1\x9c\x71\
\x54\x7e\x55\x1e\x3a\xb3\x45\xaf\xa9\xae\x41\x49\xb6\x8f\x4d\xa5\
\xce\x3d\x17\x51\x3f\xee\x98\x92\xee\x3e\x38\x83\xab\xe2\x46\xf5\
\x6e\xd3\xeb\xd8\xd2\x6c\x7b\x8d\x52\x43\x6e\xfa\x92\x1e\xe7\x79\
\xd3\xeb\xc7\xdd\x73\x9e\xf6\xb1\xa5\xd3\x76\x54\xe0\xd6\x91\xaa\
\x7f\x97\x11\xb6\x79\xb9\x4d\x4a\x81\x2b\xc7\x94\x46\x8f\x5d\x65\
\x98\xca\x9d\xa2\x3c\xe4\xed\xaf\x79\x07\x8c\xae\xf2\x54\xba\x0f\
\xe9\xf6\xf9\x6c\xbb\x6e\xe4\xd5\x3e\xd7\x1c\x61\x30\x11\x6b\x9f\
\xfb\x73\x19\x72\x9b\x2c\x94\x41\xba\x4d\x4b\xbc\x6c\xb2\x6d\xd3\
\x03\x26\xdd\xc0\xdd\x8f\x2b\xef\x14\xe5\x83\x7b\x1e\xa6\x3c\x1c\
\x11\x2b\x02\x65\x0b\x55\x99\x9c\x0c\xd1\x34\x4a\xb4\xf5\xbc\x3e\
\x24\x9e\xd3\x03\xf4\x7a\x14\x36\xbd\x65\x23\xa6\xfa\x31\xd7\x97\
\xe9\x60\x96\x23\xd8\x2a\x4c\xe3\xb8\xf2\xf3\x92\x6c\x7a\x3e\xad\
\xab\xab\x8c\x29\xa6\xa4\x7b\x08\x54\x41\xe4\xf1\x5e\xdb\xd2\x7d\
\xd2\xd4\x3f\xf5\x8c\xf9\xbc\xa8\xc5\xd5\x57\x3f\x57\x81\xd6\x43\
\x8f\xd7\xcf\xb3\xb5\x8d\x6f\xba\x8b\xc4\xd2\x38\xdb\x34\x9a\x8d\
\x04\xf8\x94\x6f\x53\x08\x79\xf2\x70\x61\x9f\xb6\x99\xa2\x18\x68\
\xbb\x16\xf1\x6a\xdb\xe2\x7d\xa1\x1b\x7a\x00\xfb\x5e\xcc\xe2\xa0\
\x64\x55\x5d\xdf\x64\xd0\x4d\x61\x5d\x4e\xb9\xfa\xfb\xc8\x2a\xd7\
\x47\x5d\xfd\xd9\x24\x6f\xba\x2c\xea\xff\xa6\x38\x5f\x19\xb2\xc9\
\xa2\xeb\x67\xba\xf7\xa9\x3c\x8e\x07\x26\x79\x34\xa5\xd3\xb8\x51\
\xe5\x50\x95\x47\x65\x83\x23\xc9\x26\x19\xf5\x21\xdd\x7a\x3e\x8e\
\x6c\x73\x32\x6f\x22\xe3\x1c\x3f\xd0\x6d\x35\xb5\xf7\x26\xb2\xca\
\xd9\x49\xbd\x3d\x4c\x9e\x6f\xee\x1d\x27\xee\x7c\x2e\x9d\x0b\x73\
\x24\x9d\xab\x3f\x3d\x67\x8a\xaf\x30\x25\xdd\x04\x9c\x90\x50\x81\
\xd1\xe3\xa8\x22\xe1\x14\x13\x97\xcf\x76\x7d\xdd\xbb\x9d\x67\x4d\
\x37\x5d\x37\x4a\x97\x93\x70\x75\xe7\xea\xac\x9f\x63\xba\x2f\x1a\
\x6f\x52\xb8\x26\x22\xac\x90\x77\xcd\x9a\xaf\x41\xe7\xea\x66\xcb\
\x67\x3b\xf6\xb9\xd6\x14\xe3\x01\xd7\xbe\x36\x59\x2a\xc3\xb0\xfb\
\xd4\x43\xc9\x06\xe7\x41\xa3\xf9\x75\x63\xae\xef\xc3\x6f\x33\xf0\
\x54\x67\xf8\x10\x1c\x9a\xc6\xf5\x4f\x93\xd1\xd6\xf3\xda\x96\x74\
\xd9\x48\x77\x11\x19\xf6\xcd\xe3\xfb\x9b\x62\xbc\xf0\xb1\x75\xa6\
\xfc\x65\x5e\x5f\x5f\x42\xa2\xae\xad\xfe\xb9\x01\x32\xad\x23\x1d\
\x08\x53\x59\xe3\xe2\xe8\xbd\xea\xff\xae\xb6\xd0\xf3\x51\xdb\xcb\
\xb5\x59\x1e\x1b\x46\xe5\x53\xb5\x0f\x6d\x33\x5d\xa7\x70\xcf\x91\
\xc6\x71\xf9\xb9\x63\x53\x99\x5c\xb9\x53\x4c\x49\xb7\x11\x9c\xd1\
\x2b\x1a\x67\x2a\xd7\x87\x90\x07\x41\xc0\xae\xdb\xa6\x4b\x4e\x80\
\xe1\x17\x28\x4d\x84\x1b\xc0\xbe\x17\x2a\xf5\x7c\xf4\xda\x5c\x7d\
\x4c\xf5\x34\xe5\xa7\x69\x9c\x87\xda\x65\x84\xb9\xb5\x6b\x5c\xf9\
\x26\xe5\x60\x4b\x73\x29\x34\x5b\x78\x8a\xf1\x83\x6b\x67\x9f\xd9\
\x19\x9a\x7f\xd4\xe7\x65\x7b\x27\xc2\xf4\x25\x3b\x95\xd7\xe5\x1d\
\xf3\xc9\xe3\x0b\x9d\x98\x50\x70\x4b\x3f\xf4\x63\xd3\x8f\x5b\x62\
\xa2\x93\x6d\x53\x19\x3e\x65\xfb\xe6\xcb\x53\xd6\x14\xe3\x83\x89\
\x4c\x71\xfd\xdf\xf5\x3c\xf2\xca\x25\x2d\xdb\x45\xba\xf5\x6b\x70\
\x44\x5b\xa5\xd3\xc1\xb0\xcb\x43\x4e\xeb\xe3\x72\x50\x71\xa4\xdb\
\xd4\x4e\x7a\x1e\x93\xbd\xd3\x8f\x4d\xb2\x41\xdb\xcd\x64\x0f\xb9\
\x7a\xd9\xec\xa8\xa9\x1e\x5c\xd9\xfa\x33\x9a\x22\xc3\x94\x74\x33\
\xd0\x3b\x1f\x27\x1c\x79\x89\x77\x1e\xc5\xc2\xe5\xa5\xc6\x93\x1b\
\xe1\xd3\x74\x53\xb8\x2c\x01\xe0\x84\xda\x96\xcf\x46\x56\x4d\x82\
\x9d\xe7\x05\x49\x5b\x3a\x57\x86\x4f\xba\xa9\xce\x53\xe3\x7e\xf0\
\x30\xb5\xb7\x89\xe4\xfa\x3c\x9f\xbc\xb3\x4f\x0a\xba\x3c\xd2\x99\
\x28\x8e\x8c\xd3\x78\x3a\x58\xd6\xe3\xb9\x32\x7c\xea\x67\x0b\xd3\
\x3a\x9b\x8c\xa8\xfa\xb7\xc9\x54\x10\x04\xde\x44\x20\x0f\x59\x76\
\xe5\xf1\x29\x63\x2a\x93\x07\x07\x93\x1e\x07\xf8\x99\x61\x5b\x39\
\xbe\xd7\x33\xc9\x2b\x9d\x15\xa6\xef\x3a\x71\xc4\x9c\x23\xd9\x7a\
\x58\xff\xa7\xc7\x3e\x61\x0a\xce\xf3\x6d\xbb\x77\x53\xfb\xd9\x6c\
\xa7\xcf\x79\x36\x12\xed\x4a\xd7\x9f\x81\x2b\x0f\x57\x87\x29\x32\
\x4c\x49\xb7\x01\x26\xd2\x6c\x8b\x53\xe7\xe9\x30\x11\x70\x17\x31\
\xf7\xf1\x98\xab\x7c\x14\xa6\x91\xbe\x29\x7f\x51\x70\x42\x6b\xca\
\x63\x53\x1e\x2e\xc5\xe1\x22\xd5\x45\x09\xb4\xcb\xb8\xbb\xca\x9a\
\xe2\x60\x61\x6a\xf7\x51\x88\x77\x19\xd0\x0d\x8d\x6d\xb6\x28\xcf\
\x00\xd9\x25\xaf\x3e\x06\xdb\x16\x36\xc9\xae\x4b\xd6\xe8\x3f\x17\
\x67\x1a\x2c\x8f\x42\xaa\x7d\xcb\x98\xe2\xe0\x60\xeb\x67\xdc\x92\
\x03\x9f\x32\xf2\x5e\x93\x03\xf7\xb2\xa5\x3a\xd6\xeb\xa6\xd7\xd5\
\xe5\xd5\x7e\x19\xa4\xdb\x65\xfb\x5d\x61\x9b\x8c\xd3\x6b\xf8\xa6\
\x73\xc7\xb6\x3c\x53\xec\xc7\x94\x74\x5b\x60\x22\xc5\x36\x42\xec\
\x43\x96\x6d\x79\x5c\xc4\xc2\x44\xf6\x69\x3e\x1a\xb6\xd5\xa9\x28\
\x41\xf1\xad\x3b\x27\x84\x26\x43\xaf\xa7\x99\x84\x38\x2f\x29\x30\
\x91\x83\x22\xc7\x53\x65\xf2\xf2\xe1\xfb\x0c\x5c\xb2\xe1\x3a\xd7\
\x66\x48\x4d\xe9\x34\x3e\x6f\x39\x54\x4e\x75\x59\xa7\xe7\xd9\xca\
\x34\xe5\xb3\xc9\xa2\xa9\xdf\xdb\xd2\x5c\xe7\xe4\x25\xcd\x45\xd2\
\xa6\x32\xf9\xf2\x60\xeb\x6b\x5c\x9c\x6d\x59\x85\x0f\xe8\x4b\xcd\
\x45\x91\x57\x4e\x47\x29\x5b\xc5\xd9\xc2\xa6\x34\x9f\x36\x75\xc9\
\xb3\x29\x8f\x49\xc6\x8b\xa4\x73\x79\xa6\xe0\x31\x25\xdd\x0e\xd8\
\x8c\xa0\x9e\x36\xca\xf2\x12\x5f\x2f\xf7\x28\x1d\xda\x75\x6e\xd1\
\xb2\x7d\xea\x67\x33\xf4\xae\x72\x5c\x04\x20\xef\xbf\x0f\x49\xd0\
\x8f\xa7\xc6\xfd\x70\xc1\x24\x4f\xbe\x5e\xa1\x3c\xd7\x31\x5d\x5b\
\x4f\xa7\x72\xce\xe5\xb5\xc5\x71\xf1\xa3\xdc\x87\xcd\xf8\xb9\x8c\
\xb1\x4b\x36\xf4\xb4\x3c\xb2\x45\x8f\xf3\xec\xe1\x3d\x95\xc9\xc3\
\x0f\x9f\x3e\xe7\x1b\x2e\xb3\x4e\x4a\x2e\xf5\x77\x98\x8a\x2c\xdd\
\x32\x2d\x07\xa3\xf9\xca\x42\x99\xa4\xdb\x34\x0b\x6f\x92\x4f\x97\
\x67\x9b\x3b\x5f\x8f\x2b\xd2\xc6\xc7\x0d\x53\xd2\xed\x01\x17\x81\
\xce\xb3\x86\x2d\x2f\x21\x37\x95\xef\xf2\x78\x73\xf1\xb6\x3c\xb6\
\x3a\x14\x5d\x7f\x66\x4b\xcf\x43\x0a\x5c\x64\x9a\xc6\xb9\xf2\xe7\
\x21\x08\xf4\x78\x8a\x97\x0f\xd3\xb3\x28\x73\x49\x89\xab\x9c\x32\
\xd2\x47\x31\x4e\x3e\xf2\x68\x8a\x73\xc9\xa3\x6d\xfd\xb7\x89\x08\
\xd3\xb4\x32\xf2\xfb\xa4\x4d\x71\x38\xc0\x3d\x0f\x9f\x99\x5c\x57\
\x3f\xd6\xd7\x5e\x17\x85\xc9\x3b\x4e\x65\xd0\x24\x93\x1c\xf1\xd6\
\x6d\x6f\x19\xe0\xca\xa6\xc7\xa6\x38\x1b\xe9\xe6\xfe\x4d\xe7\xb8\
\xf2\x9b\x48\xb9\xef\x52\xa2\x29\x32\x4c\x49\xb7\x27\xb8\x4e\xe6\
\xb3\xbc\x24\xaf\xb7\x3b\x0f\x19\xa7\xf5\xcb\x7b\x8e\x6b\xb0\xa0\
\x2b\x01\x5f\x23\x6f\x23\xde\x36\x65\x41\xd3\x7d\x48\xb4\x9e\x9e\
\x97\x68\x73\x71\x53\xc2\x7d\xb4\x30\xce\xe7\x92\x97\xd4\xda\xd2\
\xa9\x41\xb5\x91\x91\xa3\xb2\xa6\xdb\x26\x4f\x3e\x44\xdb\x94\x3f\
\x0f\xe9\x9e\xe2\x70\xc1\xe7\x99\xe4\x21\xdd\xbe\x65\x96\x0d\x13\
\xf9\x56\x69\x80\xbf\x9c\xe6\xb9\xa6\xeb\xd8\x14\x97\x87\x74\xe7\
\xf5\x7c\xbb\xd2\x6d\xfc\x61\x0a\x1e\x53\xd2\x9d\x03\x36\x32\xed\
\xbb\xbe\xdb\x75\x8e\xa9\x0c\x53\x9c\x69\x94\x59\x84\xb4\xdb\xce\
\xf7\x55\x8e\x65\x93\x6e\x53\xd9\x3e\x04\xc0\x94\x6e\x33\xe2\x53\
\xc2\x7d\xb4\xe0\x7a\x3e\x65\xbd\xaf\xe0\x7b\x8e\xaf\xe7\xcc\x94\
\x6e\x33\x8c\xae\x25\x28\x5c\xf9\x5c\x9a\x8f\x91\xb6\xc9\x5f\x9e\
\xdd\x4b\x6c\xe9\x5c\x7e\x5f\xe2\x3d\xc5\xe1\x44\x5e\x12\x5d\x94\
\x74\x9b\x64\x2d\x08\xec\xde\x71\x9f\xf4\xb2\x97\x47\xf8\x94\x59\
\x26\xe9\xd6\xe3\x5c\xb6\xd1\x56\xa6\x4d\x17\x4d\x09\x77\x71\x4c\
\x49\x77\x4e\x50\x23\x68\x23\xd5\xbe\x30\xad\xe9\xb6\xe5\x71\xd5\
\x2d\xef\x35\x5d\xd7\xcf\x73\xed\xbc\xc6\x9e\x4b\xf7\x25\xe0\x45\
\x48\x37\xbd\x9e\xed\x78\x8a\xc3\x0f\x57\xdf\x1d\xa5\x3c\x9b\xc1\
\xd4\x65\xdd\xc7\xa8\xfa\x4c\x71\xd3\xeb\xfb\xc4\xd3\x74\xd7\xf9\
\x3e\xb2\xe5\x92\x27\x5b\x3e\x1b\xb1\x36\x95\x91\x87\x74\x4f\x71\
\xb8\x61\x7b\x46\x65\x91\x6e\x3d\x9d\x92\x68\xd7\x39\xfa\x72\x13\
\x25\x7f\xbe\xef\x5f\xe4\x85\x6f\x7f\x1d\x85\x74\x73\x71\xa6\x30\
\x95\xa5\x32\xd6\x7c\x4f\xd7\x70\xe7\xc3\x94\x74\x17\x84\x89\x14\
\x17\xfd\xe7\xc0\x11\xe3\x22\x6b\xb9\xf3\xdc\x4f\xd1\x17\xd2\x7c\
\x15\x85\x8f\x32\xb0\x95\xe7\x22\x01\x5c\x9a\x0f\xe9\x36\xc5\x4d\
\x71\x34\x70\x58\x9f\x97\x6e\x94\xf2\x10\x6f\x9f\x72\xf3\xa4\xd9\
\x64\x88\x1e\xe7\x5d\xd3\xad\xc7\xeb\xe7\xfb\x10\x6d\x1a\x76\x91\
\xee\x29\x8e\x06\x4c\xcf\xab\x08\xe9\x76\xc9\x87\xcd\xa6\xb8\x64\
\x6f\x5c\x70\xc9\xa7\x6d\xd6\xca\x65\x83\x4c\xf2\x6d\x5b\x2e\xca\
\x85\x39\x19\x36\xcd\x9c\xdb\xec\xec\x14\xf9\x30\x25\xdd\x23\xc0\
\xd5\xd1\xb9\xfc\x26\xf8\x2c\x53\x29\xda\xc9\x7d\x3c\xe9\xae\x01\
\xc0\x41\x90\x6e\x5b\x39\x3e\xf9\x7c\xfe\xf3\x90\xf6\x29\x8e\x16\
\x7c\x9e\xdb\x28\xcb\x4d\x7c\x77\x31\xc8\x93\xcf\x16\x56\xf5\x35\
\x9d\x6f\x2b\xdb\x96\x8f\xea\x12\x7a\xec\x92\x35\x1b\x99\xa6\xff\
\x2e\x62\x4d\xd3\x6c\x3b\x9b\x4c\x71\xb4\x60\xb3\x03\xb6\x3c\x79\
\xd2\xb9\x3c\x45\xb6\x15\xe4\xe4\x75\x5c\x44\xdd\x87\x10\xe7\x39\
\x5f\x8f\xcb\x43\xba\xd5\xbf\xcb\x6e\x9a\xf2\x4f\x51\x0c\x53\xd2\
\x3d\x22\x38\xe2\x6d\xf3\x66\x9b\xe2\x55\x9a\x82\xcb\xe3\x6c\xf2\
\x78\x9b\x08\x76\x11\xe5\xe5\x9b\xc6\xa5\xbb\xc8\xb5\x29\xde\x25\
\xe8\x45\xc9\xb6\xab\xbc\xa9\x32\x99\x0c\x70\x72\x75\x90\xd7\xd5\
\xc3\x5c\x9a\x5e\x3f\x1b\xd1\xe6\xfa\xfb\x38\xd6\x74\x17\x91\x27\
\x6e\x4d\x37\xfd\x1f\x85\x78\x73\xe1\x29\x8e\x2e\x4c\xfd\x8d\x0b\
\xdb\xce\x1d\x25\x0f\x77\x8e\x0f\xa1\xa6\xf6\x7a\x54\xb8\x06\x22\
\x45\xef\xb7\x28\xe9\xe6\xce\xe7\xb8\xca\x54\x0e\xcb\xc3\x94\x74\
\x97\x00\x8e\xe4\xe6\x31\xfc\x36\x6f\xb9\x6f\x39\xbe\xca\x6b\x5c\
\x2f\x96\x1d\x14\xe9\xb6\x9d\x43\xf3\xf8\x92\xef\xa9\x52\x99\x2c\
\x8c\xd3\x08\xd3\xfc\xa6\xf3\x38\x52\xcd\xd5\x8f\xcb\x63\xaa\xbf\
\x6f\xbc\x2b\x9f\x0f\xe9\x2e\x3a\xc8\x35\x91\x67\x2e\xdd\x96\x66\
\xbb\x8f\x29\x8e\x1e\x4c\xcf\xd4\xb5\x9d\x1f\xed\x7f\x42\x88\x7d\
\x32\xa3\xca\x30\xc9\x92\xef\x3e\xdd\x36\x79\x75\x11\x6f\xce\x6e\
\xfb\xe4\xa3\x71\x2f\x9b\x74\xeb\x61\xae\xcc\xe9\xfa\xed\xd1\x31\
\x25\xdd\x25\x82\x13\x86\x32\xd6\x72\xdb\xd2\xa9\xd7\x8c\x1b\x00\
\xa8\xba\x8d\xe2\x01\x2c\x8b\x74\x9b\xd2\x46\x21\xdd\x5c\x9c\x8b\
\x18\x98\xca\x99\x62\x72\x50\xc6\x40\x73\xd4\xe5\x1d\xbe\x65\x8d\
\x73\x4d\xb7\x29\x6c\x92\x49\x9f\x35\xdd\xdc\xb1\x1e\x67\xcb\xc7\
\x2d\x21\xe1\xc2\x53\x4c\x16\x5c\xcf\x56\x27\xc8\x7a\x9c\x29\xec\
\x2b\x37\xa6\x6b\x16\x95\x3b\x6a\x7f\xf3\x9c\xeb\x8a\x2b\x8b\x74\
\x73\x75\xe5\xc2\xae\x7a\x4c\x6d\x64\xf9\x98\x92\xee\x92\x61\x23\
\xd8\x3e\xa4\x9c\x4b\xa3\xc7\xa6\xeb\xba\xea\x35\x0a\x8a\x94\x6f\
\x12\x6a\x1b\xe9\xe6\xf2\x8e\x42\xa4\x39\xc3\xce\x5d\x73\x8a\xc9\
\xc4\xb8\x9e\xb1\x2f\xb1\xd6\xe3\x4c\xc7\xa6\xb0\x82\xcb\x5b\x6e\
\x4b\x33\xd5\x33\x8f\xbc\xe9\xc7\x36\x79\x52\xff\x3e\x5b\x0a\x9a\
\xca\x9a\xca\xe4\x64\x23\xaf\x1d\x29\x42\x4a\x55\x3e\x25\x37\x79\
\xd6\x78\xab\xf3\x7c\x3d\xe2\xbe\xe4\xdb\x46\xfc\x7d\xf2\x71\x79\
\x38\x02\x6d\x92\x59\xd3\xbf\x2f\x09\x9f\xa2\x3c\x4c\x49\xf7\x18\
\xe0\x32\x88\xb6\x35\xdd\xae\x97\x19\x6d\x44\x9c\x1a\x6a\x5f\x81\
\xf6\xf1\x04\x1e\x46\xd2\xad\xa7\x17\x21\xdd\x53\x1c\x0f\x94\x31\
\xe0\xb4\x0d\x8e\x39\xb2\xed\x53\xa6\x8d\x78\xdb\xe4\xc5\xe7\x85\
\x67\x5b\xba\x4b\x2e\xf3\x0e\x72\x8b\xe4\x33\xc9\xe7\x14\xc7\x03\
\xbe\x24\x94\x12\xe6\x32\x64\x59\xf7\xa6\xd3\xf0\x41\xc2\x65\x33\
\x7d\xce\x2b\x4a\xb6\x4d\xff\x9c\x67\x7c\x8a\x72\xf1\xff\x03\x00\
\x00\xff\xff\xed\xdd\x6d\x73\x9b\x3a\x10\x06\x50\xc5\xfd\xff\x3f\
\xb9\xc9\xfd\x70\x47\xad\xb2\xd5\xea\x05\x9b\x18\x27\xe7\xcc\x74\
\x82\x01\x13\x3a\x63\xc2\xc3\x7a\x11\x42\xf7\x89\x66\x27\xeb\xaa\
\x57\x09\xcf\x5a\x48\x1e\x6d\x75\xdb\x47\x97\xaf\x5c\x45\xef\x86\
\xee\xb8\xdd\xec\xfd\xa3\x60\xc0\xcf\xb3\x12\x96\x77\x4e\x34\xa3\
\xf7\xc7\x00\xdd\xbb\x91\xb2\xb7\x8d\xd5\x93\xee\x68\xbd\xd5\x0b\
\xe0\xec\xa2\x7c\x76\xcc\xed\xde\x48\xd9\x9b\xd7\x9b\xe6\x67\x39\
\x12\x3a\x47\xe7\x99\x7a\x5c\xcd\x42\x74\x0c\xf2\xbd\x4a\xf8\x57\
\x04\xce\xec\xf8\xcb\xd6\x1d\x5d\x90\x3f\x2a\x74\xcf\xf6\x83\xfb\
\x09\xdd\x27\x8b\x07\xc3\x2c\x84\xc7\x79\x59\x35\xfb\x9e\x9e\xf0\
\xd9\x7e\x3e\x72\xf9\xec\x04\xdf\x7b\x7d\x24\x74\xf7\x7e\x97\x3f\
\x26\x44\x5f\xf5\x19\xd8\x09\xc5\x47\xc2\xff\xee\xf6\xe3\xeb\xd1\
\x3a\x3b\x3d\xdd\xbd\x65\xb3\x80\xdd\xbb\x50\xe6\xe7\xea\xfd\xbd\
\xcf\x8e\x87\x95\x56\x91\xde\x05\xed\x91\x10\xfd\xa8\xe0\x9d\x6d\
\x67\xe7\xf3\x3f\x3a\x3f\xc6\xe9\xd1\x79\xcf\x39\xf2\xf9\x84\xee\
\x2f\x92\x9d\x64\x66\xbd\xdc\x2b\x8e\xde\x28\x36\x1a\x35\x25\x33\
\x0b\xd7\xd9\xfc\x9d\xd0\x1d\x5f\xcf\xfe\x68\xf8\x43\xc2\xae\x47\
\x7f\x26\xe2\x89\x35\x86\x87\x95\x10\xdd\x7b\x7f\x29\xc7\x7b\xba\
\xb3\x75\xda\x50\x1d\xd7\x5b\xbd\xc8\x5d\x09\xde\xbd\xed\x09\xdc\
\xf4\x1c\x39\x0f\x65\x95\xed\xd5\x60\x3e\xba\xa7\x62\x36\x7f\x75\
\x1f\x8f\x2c\x9b\xad\x9f\x4d\xc7\x79\xa3\xf5\xb2\xd7\xda\x49\xce\
\x27\x74\x7f\xb1\xf6\x8f\x45\x6b\xe7\x46\xca\x51\xbf\xf6\x91\x6d\
\xb7\xef\xdf\xf9\x7f\x8c\x5e\xc7\x65\x67\x85\xee\xde\x3c\x61\x9b\
\x55\xa3\x8b\xc5\xde\x30\x61\x71\x7e\x56\x95\x8b\xeb\x8f\xa6\xb3\
\x75\x67\xfb\x38\xfa\x9d\xa3\x75\x8e\x56\xca\x56\x2f\x74\x57\x82\
\x37\xf4\x1c\xf9\x6c\x3c\xea\xf3\x34\x0b\xde\xf7\x8e\x54\x72\x8f\
\x23\xa1\xbb\x9d\xde\x39\x5f\x73\x2e\xa1\xfb\x09\xb2\x80\x9c\x05\
\xf2\xf8\xbe\xd6\xac\x27\xfb\x51\x3d\xdb\xb3\xf7\xdc\x1b\xba\x47\
\xdb\x3b\x1a\x12\x60\xc5\xec\xb3\x58\x5f\xcf\x7a\xaf\x57\xaa\x62\
\xed\x31\x3e\x0b\xec\xbb\xfb\x3c\xdb\xb7\x38\x9d\x1d\x93\xbd\x50\
\xdd\x4e\xcf\x7a\xba\x47\xa3\x97\xc0\x8a\xfa\x99\x59\xb9\xc9\xb1\
\xfd\x9c\xf5\x8e\xa7\x6c\x9c\xee\x95\xe3\x35\x6e\xeb\x59\x95\xe0\
\xa3\xa1\x3b\x9b\xd7\x66\x10\xbe\x96\xd0\xfd\x44\x31\x7c\xb7\x07\
\x46\x76\x23\xe5\xa8\x17\x7c\x35\xb0\xaf\x8e\x6c\xb2\x72\x83\xd7\
\x4a\xd0\xcd\x4e\xba\xf1\x8f\xc7\xbd\xa1\x7b\xb6\x1f\x30\xb2\xf3\
\x39\xea\x5d\x2c\xc7\xe5\xb3\xaa\x76\xb6\x6c\x34\x7f\x65\xff\x56\
\x4e\xca\xa3\xe3\x7f\xd4\xd3\xdd\x9b\x37\xfa\xe9\x78\xe4\x1e\xd9\
\xc5\x69\x6b\xd6\x4e\xb2\xf3\x19\x9c\x05\xfd\x18\x56\x7b\xdf\x4c\
\xb5\xf3\xb3\x6d\x1c\xe9\x2f\x9f\x4d\xef\xce\xe3\x39\x84\xee\x0b\
\xd8\xa9\x18\xb7\x66\x3d\xd9\x3b\x3d\xdb\x31\x94\xef\xee\xd7\x91\
\x4a\xfa\x28\x74\x67\xbf\x7f\xa5\x62\x07\xf7\x58\xfd\x3c\x8f\xc2\
\xf6\xce\x71\xdc\xab\x3a\xf5\x2e\xc2\x47\xdb\x58\xdd\xff\x95\xe3\
\x6c\x76\xac\xf5\x2e\x90\x47\xcb\xe1\x5e\x6d\xe5\xbb\x3d\xc6\xb2\
\xf0\xda\x2e\x6b\x43\x79\x0c\xd5\xbd\x90\xbd\x3b\xae\x77\x29\x8f\
\x79\x48\xce\xea\x85\xc3\xca\x79\x59\x65\xfb\xba\x84\xee\x0b\x89\
\x95\xed\x38\xdd\xae\x33\x7a\xff\xea\xb6\x8f\x2c\x1f\x6d\x7b\x77\
\xdf\x56\x43\x77\x56\x05\x77\x62\xe7\x4c\xab\x27\xb4\x6c\x9d\x51\
\xb5\x7b\xa5\x3a\x7e\x74\x5f\x66\xeb\xce\x4e\xe0\xd9\xf1\xd6\x2e\
\x53\xdd\xe6\x19\x56\x2e\x86\xaf\x3c\x64\xe0\x4e\x48\xce\xbe\x69\
\x3e\x12\xba\xb9\x0e\xa1\xfb\x82\x56\x0e\x98\x59\x35\xed\x48\xbf\
\xf8\x6e\x3f\x79\x5c\xbe\x5b\xed\xde\xa9\x64\xaf\x5e\x78\xc0\xa3\
\xb5\x9f\xc3\x95\xca\x5a\xef\xb8\xeb\x4d\x67\xc1\x7b\x67\x9f\x56\
\x96\x8d\x2e\x66\x7b\xeb\xcc\xaa\xdd\xb3\xf6\x13\x38\xdb\x6a\x11\
\xe8\x0a\x43\x06\xc6\xfd\x5a\x59\xb6\x72\xae\x1c\x6d\x53\x65\xfb\
\xba\x84\xee\x8b\x9b\x55\xa0\x67\xcb\xe2\x76\x8e\xae\x73\x6f\xe8\
\xce\x96\x67\x15\xb3\x38\xcf\x49\x9d\x2b\x98\x55\xa4\x56\xde\x1f\
\xdb\xbe\xce\xea\xe9\xce\xd6\x19\x0d\x19\x18\x97\xcf\x8e\x4b\x78\
\xa6\x2c\x60\x1f\xd9\xce\xa3\x87\x0c\x8c\xdb\xd9\x59\x76\x6f\xe8\
\xe6\xba\x84\xee\x17\xd1\x06\xcf\xd9\x8d\x90\x47\x5a\x44\x56\x7e\
\xff\xca\xf2\xd1\x95\xf7\x3d\xa1\x1b\xae\x24\xfb\x2c\xaf\x0c\x0f\
\xb8\x12\xdc\xe3\xf1\xb2\x5a\x11\xdf\xbd\xf8\xed\xed\x8b\x0b\x60\
\x5e\x51\xfb\x4d\xcc\xee\x38\xdd\xd9\xbc\x76\xfe\x59\x55\xe3\x47\
\x85\x6e\x55\xed\xd7\x20\x74\xbf\xa0\x5e\xc0\xbe\xe7\x44\xf8\x88\
\x4a\xf9\x19\xa1\x1b\x5e\xc1\xea\x49\x73\xd4\xd3\x1d\xbf\x0e\xde\
\xf9\xba\x79\x77\x7f\xb2\x63\x2d\x0b\xd6\x8e\x49\x5e\x4d\xfb\x59\
\x7e\xf6\x90\x81\xa3\xf7\xcd\xda\x43\x7a\xaf\x1d\x8f\xaf\x4d\xe8\
\x7e\x71\xf1\x04\xba\xfa\x70\x9c\xb8\xec\x51\xa1\x3b\x5b\x77\x14\
\xaa\x55\xcf\xf8\x2e\x62\x70\x1d\x9d\x6c\xb3\x6a\xdb\xce\xef\x99\
\x2d\x5b\x3d\xde\xda\xd7\xb1\xfd\x04\x5e\xd9\xce\xb9\xa5\x0d\xe9\
\xa3\x6d\xed\x8c\x1f\xbe\xbb\xce\xa3\xbf\xa5\xe6\x5a\x84\xee\x6f\
\x66\xf5\xca\xf9\xcc\xe5\xbb\xa1\x1b\xbe\xab\x78\x5c\xc4\x4a\xf6\
\xe8\x2b\xed\x52\xf2\xaf\x8c\x77\x5a\x48\xa2\x59\x4f\x37\x7c\x57\
\xbd\x8b\xcd\x23\x43\x06\xb6\xc7\xd0\xe8\x1b\xab\xdd\xfd\xc9\xe6\
\xf1\x7d\x08\xdd\x3f\x40\x76\x12\x3e\x3a\x8e\xf7\xca\xf2\x9d\xaf\
\xc3\xe1\xa7\xc8\xfa\xa5\x47\x0f\xcf\xa9\x66\x7d\xe1\xd9\xb2\xd1\
\x36\xe1\xa7\xcb\x82\xef\x4e\x70\x3e\xda\x76\xc2\xcf\x23\x74\xff\
\x60\x3b\x7d\x62\xf7\x2e\x07\x72\x2b\x17\xa9\xab\xc7\xab\x63\x11\
\xee\xe7\x38\xe2\x0c\x9a\xf7\x00\x00\xe0\x64\x42\x37\x00\x00\x9c\
\x4c\xe8\x06\x00\x80\x93\x09\xdd\x00\x00\x70\x32\xa1\x1b\x00\x00\
\x4e\x26\x74\x03\x00\xc0\xc9\x84\x6e\x00\x00\x38\xd9\xb7\x1c\xa7\
\x3b\x7b\x10\x0c\x00\x00\x3c\xc3\xcb\x87\xee\xf6\x29\x6b\xed\x93\
\x17\xb3\x27\xb9\xb5\xf3\x04\x71\x00\x00\xbe\xc2\x4b\x86\xee\x5e\
\xc0\xae\xd3\xb7\xdb\xbc\x63\xa6\x86\xed\x1a\xbc\x05\x70\x00\x00\
\xce\xf4\x52\xa1\xfb\xed\xed\xad\xdc\x6e\xb7\x4f\xa1\x3b\x06\xf0\
\x51\xe8\xfe\xf8\xf8\x28\x6f\x6f\x6f\xff\x04\xed\xf7\xf7\xf7\x4f\
\x41\x1c\x00\x00\x1e\xe9\x65\x42\x77\x0d\xdb\xb7\xdb\xad\x1b\xbc\
\x4b\xf9\xb7\x02\xde\x8a\x61\xba\x0d\xde\x35\x88\x97\xf2\x37\x80\
\x0b\xdf\x00\x00\x3c\xca\xe5\x43\x77\x5b\xdd\xce\x02\x77\x16\xc0\
\xab\x5e\xe0\xae\x3f\x3f\x3e\x3e\x3e\x55\xba\xe3\x7c\x00\x00\xb8\
\xd7\xa5\x43\x77\x0c\xda\x75\x3a\x0b\xde\xa5\xec\xb7\x97\xc4\x79\
\x6f\x6f\x6f\x9f\x42\xb8\xe0\x0d\x00\xc0\xbd\x2e\x1b\xba\x7b\x61\
\xfb\xed\xed\xad\xfc\xfa\xf5\xeb\x4f\xc8\x8e\xe1\xbb\x94\x92\xb6\
\x97\x94\x52\xba\xd5\xec\xb6\xd2\xdd\xb6\x95\xf4\xd6\x05\x00\x80\
\x23\x2e\x19\xba\xdb\x8a\x76\xaf\xca\xbd\xda\x62\xd2\xca\x02\x77\
\x5b\xdd\x2e\xe5\xff\xca\x76\xfb\xba\xce\x03\x00\x80\xa3\x2e\x17\
\xba\x63\xb8\x8e\xc1\x7b\x54\xe9\xce\x7a\xba\x4b\x99\x57\xb9\xdb\
\x9b\x29\x7b\x55\xed\xd8\xf7\x0d\x00\x00\xab\x2e\x15\xba\xdb\x30\
\x3d\x0a\xde\xbd\x9f\xbd\x9e\xee\x36\x48\x97\xd2\x1f\x9f\xbb\xed\
\xe1\x9e\x0d\x1b\xe8\xe6\x4a\x00\x00\x8e\xb8\x4c\xe8\x1e\xdd\x34\
\x39\x0b\xe0\x2b\xed\x25\xa5\xf4\x43\x77\xdb\x4e\x12\x5b\x4d\x7a\
\xef\xd7\xdf\x0d\x00\xc0\xae\x4b\x86\xee\x47\x04\xef\x28\x7b\x0a\
\x65\x1b\xb2\x47\x81\xba\xce\xbf\xdd\x6e\x5a\x4d\x00\x00\xd8\x72\
\x89\xd0\x1d\xc3\xf3\x6e\xf0\x6e\xff\xd5\xf6\x92\x5e\x4f\xf7\x68\
\x7c\xee\x1a\xbe\xdf\xdf\xdf\xff\x6c\xa3\x86\xf2\xba\xdd\xde\xc3\
\x74\x00\x00\x60\xe6\x12\xa1\xbb\x37\x34\x60\x16\xbc\xeb\x8d\x94\
\xb3\x6a\x77\x29\x7f\x83\xf7\x6a\x95\xbb\xaa\x2d\x27\x6d\x7f\x78\
\x5b\xe9\x16\xbc\x01\x00\xd8\xf1\xf4\xd0\xdd\x6b\x0d\xd9\x09\xe1\
\x59\xf0\x8e\x56\x9e\x42\xd9\x53\x03\x76\x6d\x2b\x89\x55\x6f\x00\
\x00\x98\xb9\x4c\xe8\x1e\x8d\x4e\xb2\xd2\x6a\xb2\xda\x5e\xd2\xab\
\x72\x97\x52\x3e\xb5\x95\xd4\xf5\xdb\x80\x1d\xa7\xeb\x3f\xc1\x1b\
\x00\x80\x99\xa7\x86\xee\x6c\xe4\x91\x7b\x83\x77\xac\x76\xcf\xaa\
\xdc\xed\x7a\xa3\xb0\xdd\xdb\x67\xa1\x1b\x00\x80\x99\x4b\x85\xee\
\xd9\x93\x26\x77\x46\x33\xa9\xdb\x2f\x65\x5e\xe5\xae\x6a\xb5\x3b\
\xab\x6c\xf7\xf6\x19\x00\x00\x66\x2e\xd3\x5e\xb2\x5a\xf5\xde\xa9\
\x76\xb7\xe2\xd8\xdc\x51\x6f\xa4\x92\xd1\xcd\x99\xed\x4f\xd5\x6e\
\x00\x00\x46\x2e\x55\xe9\xee\xcd\xeb\x55\xba\x57\x83\x77\x2b\x3e\
\x75\xb2\x6a\xab\xda\xed\xeb\xde\xbf\x2c\x88\x03\x00\xc0\xc8\xd3\
\x42\x77\x2f\xb8\xae\x86\xef\x95\x96\x93\xd8\xd3\x5d\x5b\x4a\xda\
\xfe\xee\x51\x55\x3b\xbb\x18\xa8\xd3\xed\x3c\x95\x6e\x00\x00\x46\
\x9e\xde\x5e\x52\xca\xbf\x01\x7c\x56\xfd\xce\x6e\xb4\xcc\xaa\xdd\
\x6d\x4b\x49\x1c\xf6\x6f\x37\x6c\xc7\xe0\x0d\x00\x00\x33\x97\xaa\
\x74\xb7\xf3\xb3\xf5\x46\x41\xbc\x17\xbc\xb3\xf1\xb4\x57\x7a\xb6\
\xb3\x8a\x76\xdc\x3f\x00\x00\x18\xb9\x54\xa5\x7b\x65\x5e\x5c\x36\
\x0a\xdf\x75\x9d\xf6\xc6\xc9\xac\xba\x1d\xb7\x1f\x7f\x67\xef\xb5\
\xc0\x0d\x00\xc0\x8a\x4b\x84\xee\xaa\x17\x62\x47\x37\x2c\x66\x55\
\xf1\x1a\xba\xab\x38\xce\xf6\xe8\xf7\x1d\xdd\x6f\x7d\xdd\x00\x00\
\x64\x6e\xf3\x55\xae\x25\x0b\xe6\x47\xdf\x1b\x97\xa9\x5e\x03\x00\
\xf0\x68\x2f\x11\xba\xdb\x2a\x72\x6f\xc8\xbf\xb8\xbc\x37\x2f\x5b\
\xb7\xb7\xce\x3d\xfb\x07\x00\x00\xd1\x65\xda\x4b\xb2\x31\xb4\xb3\
\x40\xdb\x2e\x8b\x4f\x9c\xac\x3d\xdc\xed\x8d\x94\xed\x38\xdd\xf1\
\xbd\xbd\x6d\xf7\xa6\xb3\xf5\x01\x00\x60\xe4\xa9\xa1\x3b\xab\x4a\
\x8f\xe6\xad\x84\xed\xba\x2c\x0e\x19\xd8\x0b\xde\xa3\x6d\xb7\xdb\
\x8a\xfb\xdd\x9b\x0f\x00\x00\x3d\x4f\x0b\xdd\x2b\x15\xe6\x59\xc0\
\xae\x0f\xbc\xa9\x3f\x5b\xf1\xe1\x38\x6d\xf0\x1e\x85\xef\xde\xef\
\x6a\xe7\xc5\x7d\x15\xbc\x01\x00\x98\xb9\x4c\xa5\xbb\x17\x6e\x57\
\xaa\xd2\xb1\xc2\x5d\xdf\x17\x6f\x88\xac\x41\xbb\xfd\xb9\x12\xbe\
\xb3\x7d\x6a\x97\x03\x00\xc0\xc8\x25\x2a\xdd\xab\xe1\xba\x57\xe5\
\xee\x6d\xb7\x1d\x7f\x3b\x86\xe5\x18\xb4\x57\xdb\x4e\xda\x6d\xb4\
\xfb\x2f\x78\x03\x00\x30\x73\xa9\x4a\xf7\x23\x02\x77\xfb\x50\x9c\
\xb6\xa7\xbb\xb7\x9d\x36\x6c\xc7\x4a\xf8\xce\x3f\x00\x00\x18\xb9\
\x44\xe8\x6e\xa7\x67\x41\x7b\x16\xb8\xdb\x4a\x77\xbb\xac\xfd\x1d\
\xb1\xc5\xa4\x17\xb8\xb3\xf0\x1d\xb7\x07\x00\x00\x33\x97\x08\xdd\
\x35\x4c\xaf\x04\xed\xd1\xd3\x29\x6b\xf0\xee\xad\x37\xaa\x76\xc7\
\xe0\xbd\x12\xbe\x55\xb9\x01\x00\x58\xf5\xf4\x71\xba\x77\x2a\xdb\
\x2b\x6d\x25\xb5\xd2\xdd\x5b\xa7\xfd\x7d\x59\xb5\x7b\xb7\xfd\x04\
\x00\x00\x66\x9e\x1e\xba\xdb\x2a\x77\x9d\xce\x5a\x49\xb2\x30\x1d\
\xdb\x4a\x7a\x3d\xdd\xf5\x67\x0c\xd6\x31\x60\xf7\xc2\x76\xd6\x7e\
\x02\x00\x00\x2b\x9e\x1e\xba\x4b\x29\x9f\x02\x77\x76\xb3\x64\xaf\
\xca\xdd\x0b\xdc\xb3\xf6\x92\x76\x7a\x14\xba\x57\x46\x35\x01\x00\
\x80\x15\x97\x08\xdd\xb1\x9d\x64\x25\x70\xd7\xf9\x6d\x6b\xc9\x4e\
\x7b\x49\xd6\x36\x12\x43\x77\xd6\xf3\x0d\x00\x00\xab\x2e\x11\xba\
\x4b\x29\x7f\x82\xec\xed\x76\x4b\x03\x77\x5b\x5d\xee\xf5\x71\xc7\
\xf6\x92\x28\xab\x74\x67\x55\xef\x5e\x38\x57\xe5\x06\x00\x60\xd7\
\x65\x42\x77\xd6\x2b\xdd\xf6\x65\xb7\x21\xbb\x6d\x2b\x69\xc7\xe6\
\xae\xed\x25\xf1\xbd\xf1\x67\x16\xa8\xb3\x56\x13\xbd\xdc\x00\x00\
\x1c\x75\x99\xd0\x5d\xca\xdf\x36\x93\xa8\x1d\x0a\xb0\x94\xf2\x27\
\x70\xf7\x2a\xdd\x35\x58\xf7\x7a\xba\xdb\xe9\xac\x82\x3d\xeb\xef\
\x06\x00\x80\x5d\x97\x0a\xdd\xa5\x94\xe5\x4a\x72\xd6\x56\x92\xb5\
\x97\x64\xa1\x3b\x56\xb0\x47\xa1\x1b\x00\x00\x8e\xb8\x5c\xe8\x2e\
\x25\x0f\xde\x6d\x7b\x48\xdb\x56\x12\x87\x09\x9c\xf5\x74\xd7\xe9\
\x51\xb5\xbb\xd7\x5e\x92\x6d\x17\x00\x00\x46\x2e\x19\xba\x4b\xf9\
\x37\x78\xb7\x2d\x26\xd9\x0d\x94\x75\x59\xa6\xae\x3f\x1a\x06\x30\
\x1b\x9b\x1b\x00\x00\x8e\xba\x6c\xe8\x2e\xe5\x6f\xf0\x8e\x3d\xdd\
\xa3\xb6\x92\x9d\x9e\xee\x3a\xdd\x06\xeb\xde\x83\x70\x00\x00\xe0\
\x1e\x97\x0e\xdd\xa5\x7c\xbe\xb9\xb2\x86\xe0\xd8\x56\x12\x5b\x4b\
\x66\x3d\xdd\xed\xb6\x46\xd5\x6e\x00\x00\x78\x84\xcb\x87\xee\x52\
\xfe\x0f\xc8\xbf\x7f\xff\xfe\x53\xed\xce\x2a\xdd\xa5\xdc\xd7\x5e\
\x52\xd7\x51\xdd\x06\x00\xe0\x91\x5e\x22\x74\x57\xed\x0d\x8d\xed\
\xd8\xdc\x6d\xe8\x5e\x09\xcc\xd9\x78\xdd\x00\x00\x70\x86\x97\x0a\
\xdd\x55\xad\x7c\xf7\xda\x4b\x7a\x3d\xdd\xbd\x40\xdd\x0b\xdb\x46\
\x27\x01\x00\xe0\x0c\x2f\x19\xba\xab\x5e\x68\x9e\xf5\x74\xb7\xc1\
\x1c\x00\x00\xbe\xc2\x4b\x87\xee\x28\x3e\xee\x1d\x00\x00\xae\x20\
\xbf\xeb\x10\x00\x00\x78\x08\xa1\x1b\x00\x00\x4e\x26\x74\x03\x00\
\xc0\xc9\x84\x6e\x00\x00\x38\x99\xd0\x0d\x00\x00\x27\x13\xba\x01\
\x00\xe0\x64\x42\x37\x00\x00\x9c\x4c\xe8\x06\x00\x80\x93\x09\xdd\
\x00\x00\x70\x32\xa1\x1b\x00\x00\x4e\x26\x74\x03\x00\xc0\xc9\x84\
\x6e\x00\x00\x38\x99\xd0\x0d\x00\x00\x27\x13\xba\x01\x00\xe0\x64\
\x42\x37\x00\x00\x9c\x4c\xe8\x06\x00\x80\x93\x09\xdd\x00\x00\x70\
\x32\xa1\x1b\x00\x00\x4e\xf6\x1f\xa8\xdd\xf0\x00\x03\x37\x02\x29\
\x00\x00\x00\x00\x49\x45\x4e\x44\xae\x42\x60\x82\
"

qt_resource_name = b"\
\x00\x06\
\x07\x03\x7d\xc3\
\x00\x69\
\x00\x6d\x00\x61\x00\x67\x00\x65\x00\x73\
\x00\x08\
\x0c\x58\x59\x27\
\x00\x6d\
\x00\x65\x00\x6e\x00\x75\x00\x2e\x00\x70\x00\x6e\x00\x67\
"

qt_resource_struct_v1 = b"\
\x00\x00\x00\x00\x00\x02\x00\x00\x00\x01\x00\x00\x00\x01\
\x00\x00\x00\x00\x00\x02\x00\x00\x00\x01\x00\x00\x00\x02\
\x00\x00\x00\x00\x00\x02\x00\x00\x00\x01\x00\x00\x00\x03\
\x00\x00\x00\x00\x00\x02\x00\x00\x00\x01\x00\x00\x00\x04\
\x00\x00\x00\x12\x00\x00\x00\x00\x00\x01\x00\x00\x00\x00\
"

qt_resource_struct_v2 = b"\
\x00\x00\x00\x00\x00\x02\x00\x00\x00\x01\x00\x00\x00\x01\
\x00\x00\x00\x00\x00\x00\x00\x00\
\x00\x00\x00\x00\x00\x02\x00\x00\x00\x01\x00\x00\x00\x02\
\x00\x00\x00\x00\x00\x00\x00\x00\
\x00\x00\x00\x00\x00\x02\x00\x00\x00\x01\x00\x00\x00\x03\
\x00\x00\x00\x00\x00\x00\x00\x00\
\x00\x00\x00\x00\x00\x02\x00\x00\x00\x01\x00\x00\x00\x04\
\x00\x00\x00\x00\x00\x00\x00\x00\
\x00\x00\x00\x12\x00\x00\x00\x00\x00\x01\x00\x00\x00\x00\
\x00\x00\x01\x80\xb2\x8b\x39\x2a\
"

qt_version = [int(v) for v in QtCore.qVersion().split('.')]
if qt_version < [5, 8, 0]:
    rcc_version = 1
    qt_resource_struct = qt_resource_struct_v1
else:
    rcc_version = 2
    qt_resource_struct = qt_resource_struct_v2

def qInitResources():
    QtCore.qRegisterResourceData(rcc_version, qt_resource_struct, qt_resource_name, qt_resource_data)

def qCleanupResources():
    QtCore.qUnregisterResourceData(rcc_version, qt_resource_struct, qt_resource_name, qt_resource_data)

qInitResources()
